,week,player_name,playerTeam,proj_passingAttempts,proj_passingCompletions,proj_passingYards,proj_passingTouchdowns,proj_passingInterceptions,proj_rushingAttempts,proj_rushingYards,proj_rushingTouchdowns,proj_receivingReceptions,proj_receivingYards,proj_receivingTouchdowns,proj_lostFumbles,proj_defensiveSacks,proj_defensiveInterceptions,proj_defensiveFumbles,proj_defensiveTouchdowns,proj_defensiveSafeties,proj_defensivePointsAllowed,proj_defensiveYardsAllowed,STD_FantasyPoints,TimeStamp
0,1,Jalen Hurts,PHI,27.6,19.0,218.4,1.6,0.5,8.9,40.9,0.8,0.0,0.0,0.0,0.3,0.0,0.0,0.0,0.0,0.0,0.0,0.0,23.1,2025-10-08 17:50:32
1,1,Lamar Jackson,BAL,29.2,20.0,235.9,1.8,0.4,7.9,51.3,0.2,0.0,0.0,0.0,0.3,0.0,0.0,0.0,0.0,0.0,0.0,0.0,22.4,2025-10-08 17:50:32
2,1,Jayden Daniels,WAS,30.8,21.1,227.3,1.6,0.5,8.5,48.1,0.4,0.0,0.0,0.0,0.1,0.0,0.0,0.0,0.0,0.0,0.0,0.0,21.8,2025-10-08 17:50:32
3,1,Josh Allen,BUF,32.5,20.7,240.7,1.6,0.5,7.3,33.8,0.5,0.0,0.0,0.0,0.2,0.0,0.0,0.0,0.0,0.0,0.0,0.0,21.6,2025-10-08 17:50:32
4,1,Baker Mayfield,TB,33.4,23.6,254.2,2.0,0.9,4.1,18.2,0.1,0.0,0.0,0.0,0.2,0.0,0.0,0.0,0.0,0.0,0.0,0.0,19.5,2025-10-08 17:50:32
5,1,Patrick Mahomes,KC,35.7,24.2,254.0,1.7,0.6,4.5,22.6,0.1,0.0,0.0,0.0,0.1,0.0,0.0,0.0,0.0,0.0,0.0,0.0,19.4,2025-10-08 17:50:32
6,1,Bo Nix,DEN,33.5,22.3,227.8,1.7,0.5,5.5,26.4,0.2,0.0,0.0,0.0,0.1,0.0,0.0,0.0,0.0,0.0,0.0,0.0,19.1,2025-10-08 17:50:32
7,1,Kyler Murray,ARI,32.4,21.5,234.4,1.4,0.8,5.5,35.7,0.3,0.0,0.0,0.0,0.2,0.0,0.0,0.0,0.0,0.0,0.0,0.0,18.9,2025-10-08 17:50:32
8,1,Trevor Lawrence,JAC,30.8,20.0,237.0,1.5,0.8,3.5,17.5,0.2,0.0,0.0,0.0,0.2,0.0,0.0,0.0,0.0,0.0,0.0,0.0,17.5,2025-10-08 17:50:32
9,1,Drake Maye,NE,31.0,20.6,215.8,1.5,0.8,4.4,30.2,0.2,0.0,0.0,0.0,0.3,0.0,0.0,0.0,0.0,0.0,0.0,0.0,17.2,2025-10-08 17:50:32
10,1,Brock Purdy,SF,31.4,21.0,253.1,1.4,0.8,3.4,14.7,0.2,0.0,0.0,0.0,0.2,0.0,0.0,0.0,0.0,0.0,0.0,0.0,17.2,2025-10-08 17:50:32
11,1,Dak Prescott,DAL,36.7,23.6,251.0,1.6,0.9,2.5,10.2,0.1,0.0,0.0,0.0,0.2,0.0,0.0,0.0,0.0,0.0,0.0,0.0,16.7,2025-10-08 17:50:32
12,1,Jordan Love,GB,31.3,19.8,235.5,1.6,0.8,2.5,10.7,0.1,0.0,0.0,0.0,0.1,0.0,0.0,0.0,0.0,0.0,0.0,0.0,16.5,2025-10-08 17:50:32
13,1,Justin Fields,NYJ,28.9,17.8,194.8,1.0,0.8,7.4,39.9,0.4,0.0,0.0,0.0,0.3,0.0,0.0,0.0,0.0,0.0,0.0,0.0,16.5,2025-10-08 17:50:32
14,1,Justin Herbert,LAC,31.8,20.7,231.8,1.4,0.4,3.9,16.8,0.1,0.0,0.0,0.0,0.2,0.0,0.0,0.0,0.0,0.0,0.0,0.0,16.5,2025-10-08 17:50:32
15,1,J.J. McCarthy,MIN,33.1,21.7,242.2,1.4,0.9,3.3,15.0,0.1,0.0,0.0,0.0,0.2,0.0,0.0,0.0,0.0,0.0,0.0,0.0,16.2,2025-10-08 17:50:32
16,1,Tua Tagovailoa,MIA,34.5,24.3,255.8,1.6,0.8,1.8,5.8,0.0,0.0,0.0,0.0,0.2,0.0,0.0,0.0,0.0,0.0,0.0,0.0,16.1,2025-10-08 17:50:32
17,1,Jared Goff,DET,32.9,22.6,253.4,1.6,0.8,1.7,4.0,0.0,0.0,0.0,0.0,0.2,0.0,0.0,0.0,0.0,0.0,0.0,0.0,16.0,2025-10-08 17:50:32
18,1,C.J. Stroud,HOU,34.0,21.7,250.1,1.3,0.7,3.2,14.3,0.1,0.0,0.0,0.0,0.2,0.0,0.0,0.0,0.0,0.0,0.0,0.0,16.0,2025-10-08 17:50:32
19,1,Caleb Williams,CHI,31.8,20.5,217.8,1.3,0.7,5.0,25.9,0.1,0.0,0.0,0.0,0.3,0.0,0.0,0.0,0.0,0.0,0.0,0.0,15.8,2025-10-08 17:50:32
20,1,Geno Smith,LV,34.0,22.8,247.0,1.3,0.8,3.0,12.7,0.1,0.0,0.0,0.0,0.1,0.0,0.0,0.0,0.0,0.0,0.0,0.0,15.8,2025-10-08 17:50:32
21,1,Daniel Jones,IND,30.1,18.7,204.0,1.2,0.7,5.8,27.2,0.2,0.0,0.0,0.0,0.3,0.0,0.0,0.0,0.0,0.0,0.0,0.0,15.8,2025-10-08 17:50:32
22,1,Bryce Young,CAR,31.5,20.2,216.8,1.3,0.7,3.4,18.4,0.2,0.0,0.0,0.0,0.2,0.0,0.0,0.0,0.0,0.0,0.0,0.0,15.6,2025-10-08 17:50:32
23,1,Michael Penix Jr.,ATL,32.1,20.8,234.7,1.3,0.8,3.2,11.1,0.2,0.0,0.0,0.0,0.2,0.0,0.0,0.0,0.0,0.0,0.0,0.0,15.5,2025-10-08 17:50:32
24,1,Matthew Stafford,LAR,32.4,20.5,238.5,1.5,0.6,1.8,4.2,0.0,0.0,0.0,0.0,0.1,0.0,0.0,0.0,0.0,0.0,0.0,0.0,15.4,2025-10-08 17:50:32
25,1,Russell Wilson,NYG,31.9,20.3,226.1,1.3,0.7,3.6,14.9,0.1,0.0,0.0,0.0,0.2,0.0,0.0,0.0,0.0,0.0,0.0,0.0,15.4,2025-10-08 17:50:32
26,1,Sam Darnold,SEA,32.6,21.2,229.5,1.3,1.0,3.6,12.5,0.1,0.0,0.0,0.0,0.2,0.0,0.0,0.0,0.0,0.0,0.0,0.0,14.9,2025-10-08 17:50:32
27,1,Joe Flacco,CIN,35.0,22.4,250.0,1.5,1.0,1.3,4.1,0.0,0.0,0.0,0.0,0.3,0.0,0.0,0.0,0.0,0.0,0.0,0.0,14.8,2025-10-08 17:50:32
28,1,Cam Ward,TEN,31.0,19.7,211.9,1.1,0.8,4.1,17.1,0.1,0.0,0.0,0.0,0.2,0.0,0.0,0.0,0.0,0.0,0.0,0.0,14.1,2025-10-08 17:50:32
29,1,Aaron Rodgers,PIT,33.0,21.0,222.8,1.4,0.6,1.6,5.8,0.0,0.0,0.0,0.0,0.2,0.0,0.0,0.0,0.0,0.0,0.0,0.0,14.1,2025-10-08 17:50:32
30,1,Spencer Rattler,NO,31.5,19.3,209.9,1.1,0.8,3.7,19.4,0.1,0.0,0.0,0.0,0.3,0.0,0.0,0.0,0.0,0.0,0.0,0.0,13.6,2025-10-08 17:50:32
31,1,Jalen Milroe,SEA,0.7,0.5,4.5,0.1,0.0,1.8,8.7,0.1,0.0,0.0,0.0,0.0,0.0,0.0,0.0,0.0,0.0,0.0,0.0,1.9,2025-10-08 17:50:32
32,1,Mason Rudolph,PIT,0.7,0.5,5.1,0.0,0.0,1.4,6.3,0.1,0.0,0.0,0.0,0.0,0.0,0.0,0.0,0.0,0.0,0.0,0.0,1.3,2025-10-08 17:50:32
33,1,Jaxson Dart,NYG,0.9,0.5,5.1,0.0,0.0,0.1,1.7,0.0,0.0,0.0,0.0,0.0,0.0,0.0,0.0,0.0,0.0,0.0,0.0,0.6,2025-10-08 17:50:32
34,1,Cooper Rush,BAL,0.7,0.5,6.2,0.1,0.0,0.2,1.0,0.0,0.0,0.0,0.0,0.0,0.0,0.0,0.0,0.0,0.0,0.0,0.0,0.6,2025-10-08 17:50:32
35,1,Jake Browning,CIN,0.9,0.6,7.2,0.1,0.0,0.1,0.5,0.0,0.0,0.0,0.0,0.0,0.0,0.0,0.0,0.0,0.0,0.0,0.0,0.6,2025-10-08 17:50:32
36,1,Marcus Mariota,WAS,0.8,0.6,5.9,0.1,0.0,0.2,0.9,0.0,0.0,0.0,0.0,0.0,0.0,0.0,0.0,0.0,0.0,0.0,0.0,0.6,2025-10-08 17:50:32
37,1,Nick Mullens,JAC,0.8,0.6,6.4,0.1,0.0,0.2,0.6,0.0,0.0,0.0,0.0,0.0,0.0,0.0,0.0,0.0,0.0,0.0,0.0,0.6,2025-10-08 17:50:32
38,1,Zach Wilson,MIA,0.9,0.7,6.5,0.1,0.0,0.2,0.8,0.0,0.0,0.0,0.0,0.0,0.0,0.0,0.0,0.0,0.0,0.0,0.0,0.6,2025-10-08 17:50:32
39,1,Gardner Minshew,KC,0.9,0.6,6.3,0.1,0.0,0.2,0.6,0.0,0.0,0.0,0.0,0.0,0.0,0.0,0.0,0.0,0.0,0.0,0.0,0.5,2025-10-08 17:50:32
40,1,Jacoby Brissett,ARI,0.8,0.6,6.0,0.1,0.0,0.2,0.8,0.0,0.0,0.0,0.0,0.0,0.0,0.0,0.0,0.0,0.0,0.0,0.0,0.5,2025-10-08 17:50:32
41,1,Carson Wentz,MIN,0.9,0.6,6.7,0.1,0.1,0.2,0.7,0.0,0.0,0.0,0.0,0.0,0.0,0.0,0.0,0.0,0.0,0.0,0.0,0.5,2025-10-08 17:50:32
42,1,Joshua Dobbs,NE,0.8,0.6,5.3,0.1,0.0,0.2,0.8,0.0,0.0,0.0,0.0,0.0,0.0,0.0,0.0,0.0,0.0,0.0,0.0,0.5,2025-10-08 17:50:32
43,1,Jarrett Stidham,DEN,0.9,0.5,5.6,0.1,0.0,0.2,0.6,0.0,0.0,0.0,0.0,0.0,0.0,0.0,0.0,0.0,0.0,0.0,0.0,0.5,2025-10-08 17:50:32
44,1,Mac Jones,SF,0.8,0.5,5.9,0.1,0.0,0.2,0.6,0.0,0.0,0.0,0.0,0.0,0.0,0.0,0.0,0.0,0.0,0.0,0.0,0.5,2025-10-08 17:50:32
45,1,Sam Howell,PHI,0.6,0.4,5.1,0.1,0.0,0.2,0.9,0.0,0.0,0.0,0.0,0.0,0.0,0.0,0.0,0.0,0.0,0.0,0.0,0.5,2025-10-08 17:50:32
46,1,Malik Willis,GB,0.8,0.4,5.5,0.1,0.0,0.2,0.8,0.0,0.0,0.0,0.0,0.0,0.0,0.0,0.0,0.0,0.0,0.0,0.0,0.5,2025-10-08 17:50:32
47,1,Jimmy Garoppolo,LAR,0.8,0.5,6.3,0.1,0.0,0.1,0.2,0.0,0.0,0.0,0.0,0.0,0.0,0.0,0.0,0.0,0.0,0.0,0.0,0.5,2025-10-08 17:50:32
48,1,Joe Milton III,DAL,0.9,0.6,6.0,0.1,0.0,0.1,0.5,0.0,0.0,0.0,0.0,0.0,0.0,0.0,0.0,0.0,0.0,0.0,0.0,0.5,2025-10-08 17:50:32
49,1,Andy Dalton,CAR,0.8,0.6,5.8,0.1,0.0,0.1,0.5,0.0,0.0,0.0,0.0,0.0,0.0,0.0,0.0,0.0,0.0,0.0,0.0,0.5,2025-10-08 17:50:32
50,1,Davis Mills,HOU,0.8,0.5,5.5,0.1,0.0,0.2,0.6,0.0,0.0,0.0,0.0,0.0,0.0,0.0,0.0,0.0,0.0,0.0,0.0,0.5,2025-10-08 17:50:32
51,1,Mitchell Trubisky,BUF,0.8,0.5,5.5,0.1,0.0,0.2,0.6,0.0,0.0,0.0,0.0,0.0,0.0,0.0,0.0,0.0,0.0,0.0,0.0,0.5,2025-10-08 17:50:32
52,1,Kenny Pickett,LV,0.9,0.6,5.7,0.1,0.0,0.1,0.5,0.0,0.0,0.0,0.0,0.0,0.0,0.0,0.0,0.0,0.0,0.0,0.0,0.5,2025-10-08 17:50:32
53,1,Kirk Cousins,ATL,0.8,0.6,6.2,0.1,0.0,0.2,0.3,0.0,0.0,0.0,0.0,0.0,0.0,0.0,0.0,0.0,0.0,0.0,0.0,0.5,2025-10-08 17:50:32
54,1,Tyrod Taylor,NYJ,0.8,0.5,5.0,0.1,0.0,0.1,0.5,0.0,0.0,0.0,0.0,0.0,0.0,0.0,0.0,0.0,0.0,0.0,0.0,0.5,2025-10-08 17:50:32
55,1,Tyson Bagent,CHI,0.8,0.5,4.8,0.1,0.0,0.1,0.5,0.0,0.0,0.0,0.0,0.0,0.0,0.0,0.0,0.0,0.0,0.0,0.0,0.5,2025-10-08 17:50:32
56,1,Teddy Bridgewater,TB,0.6,0.5,4.7,0.1,0.0,0.1,0.3,0.0,0.0,0.0,0.0,0.0,0.0,0.0,0.0,0.0,0.0,0.0,0.0,0.5,2025-10-08 17:50:32
57,1,Tyler Shough,NO,0.8,0.5,4.9,0.1,0.0,0.1,0.5,0.0,0.0,0.0,0.0,0.0,0.0,0.0,0.0,0.0,0.0,0.0,0.0,0.4,2025-10-08 17:50:32
58,1,Brandon Allen,TEN,0.7,0.5,4.8,0.1,0.0,0.1,0.3,0.0,0.0,0.0,0.0,0.0,0.0,0.0,0.0,0.0,0.0,0.0,0.0,0.4,2025-10-08 17:50:32
59,1,Anthony Richardson Sr.,IND,0.6,0.4,4.3,0.1,0.0,0.2,0.7,0.0,0.0,0.0,0.0,0.0,0.0,0.0,0.0,0.0,0.0,0.0,0.0,0.4,2025-10-08 17:50:32
60,1,Drew Lock,SEA,0.7,0.5,4.6,0.1,0.1,0.1,0.5,0.0,0.0,0.0,0.0,0.0,0.0,0.0,0.0,0.0,0.0,0.0,0.0,0.4,2025-10-08 17:50:32
61,1,Dillon Gabriel,CLE,0.6,0.4,3.7,0.1,0.0,0.1,0.3,0.0,0.0,0.0,0.0,0.0,0.0,0.0,0.0,0.0,0.0,0.0,0.0,0.4,2025-10-08 17:50:32
62,1,Trey Lance,LAC,0.8,0.5,5.0,0.0,0.0,0.2,0.6,0.0,0.0,0.0,0.0,0.0,0.0,0.0,0.0,0.0,0.0,0.0,0.0,0.3,2025-10-08 17:50:32
63,1,Kyle Allen,DET,0.5,0.4,4.8,0.0,0.0,0.1,0.1,0.0,0.0,0.0,0.0,0.0,0.0,0.0,0.0,0.0,0.0,0.0,0.0,0.2,2025-10-08 17:50:32
64,1,Josh Johnson,WAS,0.0,0.0,0.0,0.0,0.0,0.0,0.0,0.0,0.0,0.0,0.0,0.0,0.0,0.0,0.0,0.0,0.0,0.0,0.0,0.0,2025-10-08 17:50:32
65,1,Case Keenum,CHI,0.0,0.0,0.0,0.0,0.0,0.0,0.0,0.0,0.0,0.0,0.0,0.0,0.0,0.0,0.0,0.0,0.0,0.0,0.0,0.0,2025-10-08 17:50:32
66,1,Jameis Winston,NYG,0.0,0.0,0.0,0.0,0.0,0.0,0.0,0.0,0.0,0.0,0.0,0.0,0.0,0.0,0.0,0.0,0.0,0.0,0.0,0.0,2025-10-08 17:50:32
67,1,Trevor Siemian,TEN,0.0,0.0,0.0,0.0,0.0,0.0,0.0,0.0,0.0,0.0,0.0,0.0,0.0,0.0,0.0,0.0,0.0,0.0,0.0,0.0,2025-10-08 17:50:32
68,1,Deshaun Watson,CLE,0.0,0.0,0.0,0.0,0.0,0.0,0.0,0.0,0.0,0.0,0.0,0.0,0.0,0.0,0.0,0.0,0.0,0.0,0.0,0.0,2025-10-08 17:50:32
69,1,C.J. Beathard,DET,0.0,0.0,0.0,0.0,0.0,0.0,0.0,0.0,0.0,0.0,0.0,0.0,0.0,0.0,0.0,0.0,0.0,0.0,0.0,0.0,2025-10-08 17:50:32
70,1,Logan Woodside,PIT,0.0,0.0,0.0,0.0,0.0,0.0,0.0,0.0,0.0,0.0,0.0,0.0,0.0,0.0,0.0,0.0,0.0,0.0,0.0,0.0,2025-10-08 17:50:32
71,1,Easton Stick,ATL,0.0,0.0,0.0,0.0,0.0,0.0,0.0,0.0,0.0,0.0,0.0,0.0,0.0,0.0,0.0,0.0,0.0,0.0,0.0,0.0,2025-10-08 17:50:32
72,1,Tyler Huntley,BAL,0.0,0.0,0.0,0.0,0.0,0.0,0.0,0.0,0.0,0.0,0.0,0.0,0.0,0.0,0.0,0.0,0.0,0.0,0.0,0.0,2025-10-08 17:50:32
73,1,Shane Buechele,BUF,0.0,0.0,0.0,0.0,0.0,0.0,0.0,0.0,0.0,0.0,0.0,0.0,0.0,0.0,0.0,0.0,0.0,0.0,0.0,0.0,2025-10-08 17:50:32
74,1,Sam Ehlinger,DEN,0.0,0.0,0.0,0.0,0.0,0.0,0.0,0.0,0.0,0.0,0.0,0.0,0.0,0.0,0.0,0.0,0.0,0.0,0.0,0.0,2025-10-08 17:50:32
75,1,Sean Clifford,CIN,0.0,0.0,0.0,0.0,0.0,0.0,0.0,0.0,0.0,0.0,0.0,0.0,0.0,0.0,0.0,0.0,0.0,0.0,0.0,0.0,2025-10-08 17:50:32
76,1,Kyle McCord,PHI,0.0,0.0,0.0,0.0,0.0,0.0,0.0,0.0,0.0,0.0,0.0,0.0,0.0,0.0,0.0,0.0,0.0,0.0,0.0,0.0,2025-10-08 17:50:32
77,1,Graham Mertz,HOU,0.0,0.0,0.0,0.0,0.0,0.0,0.0,0.0,0.0,0.0,0.0,0.0,0.0,0.0,0.0,0.0,0.0,0.0,0.0,0.0,2025-10-08 17:50:32
78,1,Quinn Ewers,MIA,0.0,0.0,0.0,0.0,0.0,0.0,0.0,0.0,0.0,0.0,0.0,0.0,0.0,0.0,0.0,0.0,0.0,0.0,0.0,0.0,2025-10-08 17:50:32
79,1,Stetson Bennett IV,LAR,0.0,0.0,0.0,0.0,0.0,0.0,0.0,0.0,0.0,0.0,0.0,0.0,0.0,0.0,0.0,0.0,0.0,0.0,0.0,0.0,2025-10-08 17:50:32
80,1,Bailey Zappe,CLE,0.0,0.0,0.0,0.0,0.0,0.0,0.0,0.0,0.0,0.0,0.0,0.0,0.0,0.0,0.0,0.0,0.0,0.0,0.0,0.0,2025-10-08 17:50:32
81,1,Skylar Thompson,PIT,0.0,0.0,0.0,0.0,0.0,0.0,0.0,0.0,0.0,0.0,0.0,0.0,0.0,0.0,0.0,0.0,0.0,0.0,0.0,0.0,2025-10-08 17:50:32
82,1,Aidan O'Connell,LV,0.0,0.0,0.0,0.0,0.0,0.0,0.0,0.0,0.0,0.0,0.0,0.0,0.0,0.0,0.0,0.0,0.0,0.0,0.0,0.0,2025-10-08 17:50:32
83,1,Hendon Hooker,CAR,0.0,0.0,0.0,0.0,0.0,0.0,0.0,0.0,0.0,0.0,0.0,0.0,0.0,0.0,0.0,0.0,0.0,0.0,0.0,0.0,2025-10-08 17:50:32
84,1,Chris Oladokun,KC,0.0,0.0,0.0,0.0,0.0,0.0,0.0,0.0,0.0,0.0,0.0,0.0,0.0,0.0,0.0,0.0,0.0,0.0,0.0,0.0,2025-10-08 17:50:32
85,1,Jake Haener,NO,0.0,0.0,0.0,0.0,0.0,0.0,0.0,0.0,0.0,0.0,0.0,0.0,0.0,0.0,0.0,0.0,0.0,0.0,0.0,0.0,2025-10-08 17:50:32
86,1,Tanner McKee,PHI,0.0,0.0,0.0,0.0,0.0,0.0,0.0,0.0,0.0,0.0,0.0,0.0,0.0,0.0,0.0,0.0,0.0,0.0,0.0,0.0,2025-10-08 17:50:32
87,1,Clayton Tune,GB,0.0,0.0,0.0,0.0,0.0,0.0,0.0,0.0,0.0,0.0,0.0,0.0,0.0,0.0,0.0,0.0,0.0,0.0,0.0,0.0,2025-10-08 17:50:32
88,1,Riley Leonard,IND,0.0,0.0,0.0,0.0,0.0,0.0,0.0,0.0,0.0,0.0,0.0,0.0,0.0,0.0,0.0,0.0,0.0,0.0,0.0,0.0,2025-10-08 17:50:32
89,1,Tommy DeVito,NE,0.0,0.0,0.0,0.0,0.0,0.0,0.0,0.0,0.0,0.0,0.0,0.0,0.0,0.0,0.0,0.0,0.0,0.0,0.0,0.0,2025-10-08 17:50:32
90,1,Shedeur Sanders,CLE,0.0,0.0,0.0,0.0,0.0,0.0,0.0,0.0,0.0,0.0,0.0,0.0,0.0,0.0,0.0,0.0,0.0,0.0,0.0,0.0,2025-10-08 17:50:32
91,1,Will Howard,PIT,0.0,0.0,0.0,0.0,0.0,0.0,0.0,0.0,0.0,0.0,0.0,0.0,0.0,0.0,0.0,0.0,0.0,0.0,0.0,0.0,2025-10-08 17:50:32
92,1,Kurtis Rourke,SF,0.0,0.0,0.0,0.0,0.0,0.0,0.0,0.0,0.0,0.0,0.0,0.0,0.0,0.0,0.0,0.0,0.0,0.0,0.0,0.0,2025-10-08 17:50:32
93,1,Cam Miller,LV,0.0,0.0,0.0,0.0,0.0,0.0,0.0,0.0,0.0,0.0,0.0,0.0,0.0,0.0,0.0,0.0,0.0,0.0,0.0,0.0,2025-10-08 17:50:32
94,1,Saquon Barkley,PHI,0.0,0.0,0.0,0.0,0.0,20.4,105.7,0.8,2.4,18.5,0.1,0.1,0.0,0.0,0.0,0.0,0.0,0.0,0.0,17.8,2025-10-08 17:50:33
95,1,Bijan Robinson,ATL,0.0,0.0,0.0,0.0,0.0,18.4,83.2,0.7,3.5,26.3,0.1,0.1,0.0,0.0,0.0,0.0,0.0,0.0,0.0,15.7,2025-10-08 17:50:33
96,1,Derrick Henry,BAL,0.0,0.0,0.0,0.0,0.0,17.6,91.3,0.8,1.3,10.2,0.1,0.1,0.0,0.0,0.0,0.0,0.0,0.0,0.0,15.1,2025-10-08 17:50:33
97,1,Jonathan Taylor,IND,0.0,0.0,0.0,0.0,0.0,19.0,89.4,0.8,1.8,12.4,0.1,0.1,0.0,0.0,0.0,0.0,0.0,0.0,0.0,15.0,2025-10-08 17:50:33
98,1,Jahmyr Gibbs,DET,0.0,0.0,0.0,0.0,0.0,14.4,73.6,0.6,3.3,27.9,0.1,0.1,0.0,0.0,0.0,0.0,0.0,0.0,0.0,14.7,2025-10-08 17:50:33
99,1,Christian McCaffrey,SF,0.0,0.0,0.0,0.0,0.0,14.7,69.4,0.5,3.9,33.7,0.2,0.1,0.0,0.0,0.0,0.0,0.0,0.0,0.0,14.3,2025-10-08 17:50:33
100,1,De'Von Achane,MIA,0.0,0.0,0.0,0.0,0.0,13.6,64.9,0.5,4.2,31.3,0.2,0.1,0.0,0.0,0.0,0.0,0.0,0.0,0.0,13.7,2025-10-08 17:50:33
101,1,Kyren Williams,LAR,0.0,0.0,0.0,0.0,0.0,18.5,77.4,0.7,2.0,12.7,0.1,0.1,0.0,0.0,0.0,0.0,0.0,0.0,0.0,13.7,2025-10-08 17:50:33
102,1,Bucky Irving,TB,0.0,0.0,0.0,0.0,0.0,15.5,77.0,0.5,2.9,21.5,0.1,0.1,0.0,0.0,0.0,0.0,0.0,0.0,0.0,13.6,2025-10-08 17:50:33
103,1,Josh Jacobs,GB,0.0,0.0,0.0,0.0,0.0,17.3,72.2,0.7,2.4,19.8,0.1,0.1,0.0,0.0,0.0,0.0,0.0,0.0,0.0,13.6,2025-10-08 17:50:33
104,1,Ashton Jeanty,LV,0.0,0.0,0.0,0.0,0.0,16.0,72.1,0.5,2.6,22.2,0.1,0.1,0.0,0.0,0.0,0.0,0.0,0.0,0.0,13.1,2025-10-08 17:50:33
105,1,Chase Brown,CIN,0.0,0.0,0.0,0.0,0.0,15.8,69.7,0.5,3.3,23.9,0.1,0.1,0.0,0.0,0.0,0.0,0.0,0.0,0.0,13.0,2025-10-08 17:50:33
106,1,Chuba Hubbard,CAR,0.0,0.0,0.0,0.0,0.0,16.7,73.0,0.6,2.4,14.3,0.1,0.1,0.0,0.0,0.0,0.0,0.0,0.0,0.0,12.4,2025-10-08 17:50:33
107,1,Alvin Kamara,NO,0.0,0.0,0.0,0.0,0.0,13.8,58.6,0.3,4.1,30.6,0.1,0.1,0.0,0.0,0.0,0.0,0.0,0.0,0.0,11.7,2025-10-08 17:50:33
108,1,Kenneth Walker III,SEA,0.0,0.0,0.0,0.0,0.0,15.0,60.2,0.5,2.7,18.6,0.1,0.1,0.0,0.0,0.0,0.0,0.0,0.0,0.0,11.6,2025-10-08 17:50:33
109,1,James Cook III,BUF,0.0,0.0,0.0,0.0,0.0,13.8,60.5,0.5,2.2,17.3,0.1,0.1,0.0,0.0,0.0,0.0,0.0,0.0,0.0,11.4,2025-10-08 17:50:33
110,1,TreVeyon Henderson,NE,0.0,0.0,0.0,0.0,0.0,13.8,63.4,0.4,2.2,18.9,0.1,0.1,0.0,0.0,0.0,0.0,0.0,0.0,0.0,11.1,2025-10-08 17:50:33
111,1,Tony Pollard,TEN,0.0,0.0,0.0,0.0,0.0,16.7,67.2,0.4,2.8,18.0,0.1,0.1,0.0,0.0,0.0,0.0,0.0,0.0,0.0,10.9,2025-10-08 17:50:33
112,1,Aaron Jones Sr.,MIN,0.0,0.0,0.0,0.0,0.0,12.7,58.2,0.3,2.8,20.8,0.1,0.1,0.0,0.0,0.0,0.0,0.0,0.0,0.0,10.4,2025-10-08 17:50:33
113,1,Tyrone Tracy Jr.,NYG,0.0,0.0,0.0,0.0,0.0,13.2,59.8,0.3,2.1,17.0,0.1,0.1,0.0,0.0,0.0,0.0,0.0,0.0,0.0,10.2,2025-10-08 17:50:33
114,1,Jerome Ford,CLE,0.0,0.0,0.0,0.0,0.0,12.3,55.9,0.3,2.7,20.0,0.1,0.1,0.0,0.0,0.0,0.0,0.0,0.0,0.0,10.1,2025-10-08 17:50:33
115,1,Breece Hall,NYJ,0.0,0.0,0.0,0.0,0.0,13.4,55.3,0.3,2.8,22.9,0.1,0.1,0.0,0.0,0.0,0.0,0.0,0.0,0.0,10.1,2025-10-08 17:50:33
116,1,Jaylen Warren,PIT,0.0,0.0,0.0,0.0,0.0,12.7,56.5,0.3,3.3,22.9,0.1,0.1,0.0,0.0,0.0,0.0,0.0,0.0,0.0,9.9,2025-10-08 17:50:33
117,1,D'Andre Swift,CHI,0.0,0.0,0.0,0.0,0.0,14.0,56.3,0.4,2.3,16.4,0.1,0.1,0.0,0.0,0.0,0.0,0.0,0.0,0.0,9.8,2025-10-08 17:50:33
118,1,Isiah Pacheco,KC,0.0,0.0,0.0,0.0,0.0,13.5,58.2,0.3,2.2,15.5,0.1,0.1,0.0,0.0,0.0,0.0,0.0,0.0,0.0,9.7,2025-10-08 17:50:33
119,1,David Montgomery,DET,0.0,0.0,0.0,0.0,0.0,11.6,48.1,0.5,1.7,14.0,0.0,0.1,0.0,0.0,0.0,0.0,0.0,0.0,0.0,9.1,2025-10-08 17:50:33
120,1,RJ Harvey,DEN,0.0,0.0,0.0,0.0,0.0,11.1,49.1,0.4,2.1,16.2,0.1,0.1,0.0,0.0,0.0,0.0,0.0,0.0,0.0,9.0,2025-10-08 17:50:33
121,1,Jacory Croskey-Merritt,WAS,0.0,0.0,0.0,0.0,0.0,11.9,52.5,0.4,1.3,11.3,0.1,0.1,0.0,0.0,0.0,0.0,0.0,0.0,0.0,8.9,2025-10-08 17:50:33
122,1,Travis Etienne Jr.,JAC,0.0,0.0,0.0,0.0,0.0,11.4,48.1,0.3,2.3,19.1,0.1,0.0,0.0,0.0,0.0,0.0,0.0,0.0,0.0,8.8,2025-10-08 17:50:33
123,1,J.K. Dobbins,DEN,0.0,0.0,0.0,0.0,0.0,10.6,48.5,0.4,1.9,12.4,0.1,0.1,0.0,0.0,0.0,0.0,0.0,0.0,0.0,8.5,2025-10-08 17:50:33
124,1,Javonte Williams,DAL,0.0,0.0,0.0,0.0,0.0,12.2,47.7,0.3,2.4,13.8,0.1,0.1,0.0,0.0,0.0,0.0,0.0,0.0,0.0,8.1,2025-10-08 17:50:33
125,1,Tank Bigsby,PHI,0.0,0.0,0.0,0.0,0.0,10.3,47.0,0.4,0.7,5.7,0.0,0.1,0.0,0.0,0.0,0.0,0.0,0.0,0.0,7.6,2025-10-08 17:50:33
126,1,Nick Chubb,HOU,0.0,0.0,0.0,0.0,0.0,10.7,46.2,0.3,1.0,7.8,0.0,0.1,0.0,0.0,0.0,0.0,0.0,0.0,0.0,7.5,2025-10-08 17:50:33
127,1,Zach Charbonnet,SEA,0.0,0.0,0.0,0.0,0.0,8.3,36.7,0.3,2.2,15.9,0.1,0.0,0.0,0.0,0.0,0.0,0.0,0.0,0.0,7.5,2025-10-08 17:50:33
128,1,Rhamondre Stevenson,NE,0.0,0.0,0.0,0.0,0.0,10.3,41.6,0.3,1.5,9.9,0.1,0.1,0.0,0.0,0.0,0.0,0.0,0.0,0.0,7.4,2025-10-08 17:50:33
129,1,Dylan Sampson,CLE,0.0,0.0,0.0,0.0,0.0,8.7,41.0,0.3,1.5,12.5,0.1,0.1,0.0,0.0,0.0,0.0,0.0,0.0,0.0,7.3,2025-10-08 17:50:33
130,1,Jordan Mason,MIN,0.0,0.0,0.0,0.0,0.0,9.5,46.1,0.3,1.0,7.4,0.0,0.1,0.0,0.0,0.0,0.0,0.0,0.0,0.0,7.0,2025-10-08 17:50:33
131,1,Ollie Gordon II,MIA,0.0,0.0,0.0,0.0,0.0,8.5,36.1,0.2,1.3,9.4,0.1,0.1,0.0,0.0,0.0,0.0,0.0,0.0,0.0,6.3,2025-10-08 17:50:33
132,1,Rachaad White,TB,0.0,0.0,0.0,0.0,0.0,6.9,25.9,0.2,2.4,16.8,0.1,0.1,0.0,0.0,0.0,0.0,0.0,0.0,0.0,6.0,2025-10-08 17:50:33
133,1,Kaleb Johnson,PIT,0.0,0.0,0.0,0.0,0.0,7.7,33.5,0.2,0.8,7.2,0.0,0.1,0.0,0.0,0.0,0.0,0.0,0.0,0.0,5.6,2025-10-08 17:50:33
134,1,Justice Hill,BAL,0.0,0.0,0.0,0.0,0.0,4.6,18.7,0.1,2.1,15.8,0.1,0.0,0.0,0.0,0.0,0.0,0.0,0.0,0.0,4.7,2025-10-08 17:50:33
135,1,Tyler Allgeier,ATL,0.0,0.0,0.0,0.0,0.0,6.8,29.6,0.2,0.8,5.8,0.0,0.0,0.0,0.0,0.0,0.0,0.0,0.0,0.0,4.7,2025-10-08 17:50:33
136,1,Bhayshul Tuten,JAC,0.0,0.0,0.0,0.0,0.0,5.7,24.9,0.2,1.0,8.7,0.1,0.1,0.0,0.0,0.0,0.0,0.0,0.0,0.0,4.6,2025-10-08 17:50:33
137,1,Rico Dowdle,CAR,0.0,0.0,0.0,0.0,0.0,5.7,25.8,0.1,1.5,9.9,0.1,0.0,0.0,0.0,0.0,0.0,0.0,0.0,0.0,4.5,2025-10-08 17:50:33
138,1,Cam Skattebo,NYG,0.0,0.0,0.0,0.0,0.0,5.7,25.0,0.2,1.0,8.6,0.0,0.1,0.0,0.0,0.0,0.0,0.0,0.0,0.0,4.4,2025-10-08 17:50:33
139,1,Woody Marks,HOU,0.0,0.0,0.0,0.0,0.0,4.9,20.3,0.1,1.5,12.1,0.1,0.0,0.0,0.0,0.0,0.0,0.0,0.0,0.0,4.4,2025-10-08 17:50:33
140,1,Kareem Hunt,KC,0.0,0.0,0.0,0.0,0.0,5.8,21.7,0.2,1.1,7.4,0.1,0.0,0.0,0.0,0.0,0.0,0.0,0.0,0.0,4.4,2025-10-08 17:50:33
141,1,Ray Davis,BUF,0.0,0.0,0.0,0.0,0.0,6.8,23.9,0.2,0.7,5.7,0.1,0.0,0.0,0.0,0.0,0.0,0.0,0.0,0.0,4.3,2025-10-08 17:50:33
142,1,Kendre Miller,NO,0.0,0.0,0.0,0.0,0.0,6.3,25.0,0.2,0.7,5.6,0.0,0.0,0.0,0.0,0.0,0.0,0.0,0.0,0.0,4.2,2025-10-08 17:50:33
143,1,Dameon Pierce,HOU,0.0,0.0,0.0,0.0,0.0,6.8,27.8,0.1,0.7,5.6,0.0,0.0,0.0,0.0,0.0,0.0,0.0,0.0,0.0,4.1,2025-10-08 17:50:33
144,1,Miles Sanders,DAL,0.0,0.0,0.0,0.0,0.0,7.4,26.0,0.1,1.0,6.0,0.0,0.0,0.0,0.0,0.0,0.0,0.0,0.0,0.0,4.1,2025-10-08 17:50:33
145,1,Blake Corum,LAR,0.0,0.0,0.0,0.0,0.0,6.3,22.3,0.1,0.8,6.1,0.0,0.0,0.0,0.0,0.0,0.0,0.0,0.0,0.0,3.8,2025-10-08 17:50:33
146,1,Brian Robinson Jr.,SF,0.0,0.0,0.0,0.0,0.0,6.4,24.5,0.2,0.4,3.3,0.0,0.1,0.0,0.0,0.0,0.0,0.0,0.0,0.0,3.8,2025-10-08 17:50:33
147,1,Kyle Monangai,CHI,0.0,0.0,0.0,0.0,0.0,5.8,20.8,0.2,0.6,5.4,0.0,0.0,0.0,0.0,0.0,0.0,0.0,0.0,0.0,3.7,2025-10-08 17:50:33
148,1,Roschon Johnson,CHI,0.0,0.0,0.0,0.0,0.0,4.3,13.5,0.2,1.1,7.5,0.1,0.0,0.0,0.0,0.0,0.0,0.0,0.0,0.0,3.7,2025-10-08 17:50:33
149,1,Emanuel Wilson,GB,0.0,0.0,0.0,0.0,0.0,4.2,19.2,0.1,0.6,4.7,0.0,0.0,0.0,0.0,0.0,0.0,0.0,0.0,0.0,3.4,2025-10-08 17:50:33
150,1,Devin Singletary,NYG,0.0,0.0,0.0,0.0,0.0,4.0,19.8,0.1,0.8,4.9,0.0,0.0,0.0,0.0,0.0,0.0,0.0,0.0,0.0,3.3,2025-10-08 17:50:33
151,1,Kenneth Gainwell,PIT,0.0,0.0,0.0,0.0,0.0,4.7,17.9,0.1,0.9,6.4,0.0,0.0,0.0,0.0,0.0,0.0,0.0,0.0,0.0,3.2,2025-10-08 17:50:33
152,1,Samaje Perine,CIN,0.0,0.0,0.0,0.0,0.0,3.1,13.4,0.1,1.1,10.6,0.0,0.1,0.0,0.0,0.0,0.0,0.0,0.0,0.0,3.0,2025-10-08 17:50:33
153,1,DJ Giddens,IND,0.0,0.0,0.0,0.0,0.0,3.5,15.6,0.1,0.6,4.9,0.0,0.0,0.0,0.0,0.0,0.0,0.0,0.0,0.0,3.0,2025-10-08 17:50:33
154,1,Julius Chestnut,TEN,0.0,0.0,0.0,0.0,0.0,4.3,15.8,0.1,1.0,7.3,0.0,0.0,0.0,0.0,0.0,0.0,0.0,0.0,0.0,2.9,2025-10-08 17:50:33
155,1,Ty Johnson,BUF,0.0,0.0,0.0,0.0,0.0,2.7,11.1,0.1,0.9,9.6,0.1,0.0,0.0,0.0,0.0,0.0,0.0,0.0,0.0,2.9,2025-10-08 17:50:33
156,1,Jeremy McNichols,WAS,0.0,0.0,0.0,0.0,0.0,3.5,16.0,0.2,0.4,2.3,0.0,0.1,0.0,0.0,0.0,0.0,0.0,0.0,0.0,2.8,2025-10-08 17:50:33
157,1,Tahj Brooks,CIN,0.0,0.0,0.0,0.0,0.0,3.5,13.1,0.1,0.6,5.7,0.0,0.0,0.0,0.0,0.0,0.0,0.0,0.0,0.0,2.7,2025-10-08 17:50:33
158,1,Zamir White,LV,0.0,0.0,0.0,0.0,0.0,4.2,15.9,0.1,0.7,4.9,0.0,0.0,0.0,0.0,0.0,0.0,0.0,0.0,0.0,2.7,2025-10-08 17:50:33
159,1,Trevor Etienne,CAR,0.0,0.0,0.0,0.0,0.0,2.8,11.1,0.1,0.6,5.4,0.0,0.0,0.0,0.0,0.0,0.0,0.0,0.0,0.0,2.4,2025-10-08 17:50:33
160,1,Devin Neal,NO,0.0,0.0,0.0,0.0,0.0,3.1,13.1,0.1,0.4,3.1,0.0,0.0,0.0,0.0,0.0,0.0,0.0,0.0,0.0,2.3,2025-10-08 17:50:33
161,1,Will Shipley,PHI,0.0,0.0,0.0,0.0,0.0,2.5,12.8,0.1,0.5,4.3,0.0,0.0,0.0,0.0,0.0,0.0,0.0,0.0,0.0,2.2,2025-10-08 17:50:33
162,1,Sean Tucker,TB,0.0,0.0,0.0,0.0,0.0,2.7,13.4,0.1,0.3,2.7,0.0,0.0,0.0,0.0,0.0,0.0,0.0,0.0,0.0,2.2,2025-10-08 17:50:33
163,1,Isaac Guerendo,SF,0.0,0.0,0.0,0.0,0.0,3.2,11.9,0.1,0.4,3.4,0.0,0.0,0.0,0.0,0.0,0.0,0.0,0.0,0.0,2.1,2025-10-08 17:50:33
164,1,Chris Brooks,GB,0.0,0.0,0.0,0.0,0.0,2.4,12.2,0.1,0.5,3.3,0.0,0.0,0.0,0.0,0.0,0.0,0.0,0.0,0.0,2.0,2025-10-08 17:50:33
165,1,Tyler Badie,DEN,0.0,0.0,0.0,0.0,0.0,2.3,10.5,0.0,0.6,4.1,0.0,0.0,0.0,0.0,0.0,0.0,0.0,0.0,0.0,1.9,2025-10-08 17:50:33
166,1,Brashard Smith,KC,0.0,0.0,0.0,0.0,0.0,2.5,10.5,0.1,0.4,2.9,0.0,0.0,0.0,0.0,0.0,0.0,0.0,0.0,0.0,1.9,2025-10-08 17:50:33
167,1,Raheem Mostert,LV,0.0,0.0,0.0,0.0,0.0,2.0,8.0,0.0,1.0,7.0,0.1,0.0,0.0,0.0,0.0,0.0,0.0,0.0,0.0,1.8,2025-10-08 17:50:33
168,1,Quinshon Judkins,CLE,0.0,0.0,0.0,0.0,0.0,1.5,6.4,0.1,0.8,6.3,0.0,0.0,0.0,0.0,0.0,0.0,0.0,0.0,0.0,1.7,2025-10-08 17:50:33
169,1,Hassan Haskins,LAC,0.0,0.0,0.0,0.0,0.0,2.0,6.5,0.1,0.6,4.4,0.0,0.1,0.0,0.0,0.0,0.0,0.0,0.0,0.0,1.7,2025-10-08 17:50:33
170,1,Emari Demercado,ARI,0.0,0.0,0.0,0.0,0.0,1.5,9.3,0.1,0.5,3.7,0.0,0.0,0.0,0.0,0.0,0.0,0.0,0.0,0.0,1.7,2025-10-08 17:50:33
171,1,A.J. Dillon,PHI,0.0,0.0,0.0,0.0,0.0,2.3,8.3,0.1,0.2,1.5,0.0,0.0,0.0,0.0,0.0,0.0,0.0,0.0,0.0,1.4,2025-10-08 17:50:33
172,1,Kyle Juszczyk,SF,0.0,0.0,0.0,0.0,0.0,0.3,1.4,0.0,1.0,8.8,0.1,0.1,0.0,0.0,0.0,0.0,0.0,0.0,0.0,1.3,2025-10-08 17:50:33
173,1,Dylan Laube,LV,0.0,0.0,0.0,0.0,0.0,1.6,6.0,0.0,0.4,3.1,0.0,0.0,0.0,0.0,0.0,0.0,0.0,0.0,0.0,1.2,2025-10-08 17:50:33
174,1,Dare Ogunbowale,HOU,0.0,0.0,0.0,0.0,0.0,1.0,4.6,0.0,0.7,5.4,0.0,0.0,0.0,0.0,0.0,0.0,0.0,0.0,0.0,1.2,2025-10-08 17:50:33
175,1,Isaiah Davis,NYJ,0.0,0.0,0.0,0.0,0.0,1.7,7.0,0.1,0.2,1.5,0.0,0.0,0.0,0.0,0.0,0.0,0.0,0.0,0.0,1.2,2025-10-08 17:50:33
176,1,Kimani Vidal,LAC,0.0,0.0,0.0,0.0,0.0,1.6,5.7,0.0,0.3,2.9,0.1,0.0,0.0,0.0,0.0,0.0,0.0,0.0,0.0,1.2,2025-10-08 17:50:33
177,1,LeQuint Allen Jr.,JAC,0.0,0.0,0.0,0.0,0.0,1.0,4.9,0.1,0.2,1.7,0.0,0.0,0.0,0.0,0.0,0.0,0.0,0.0,0.0,1.0,2025-10-08 17:50:33
178,1,Ty Chandler,MIN,0.0,0.0,0.0,0.0,0.0,1.4,6.4,0.0,0.2,1.6,0.0,0.0,0.0,0.0,0.0,0.0,0.0,0.0,0.0,1.0,2025-10-08 17:50:33
179,1,Alec Ingold,MIA,0.0,0.0,0.0,0.0,0.0,0.6,1.6,0.1,0.5,3.8,0.0,0.0,0.0,0.0,0.0,0.0,0.0,0.0,0.0,0.9,2025-10-08 17:50:33
180,1,Raheim Sanders,CLE,0.0,0.0,0.0,0.0,0.0,1.7,4.5,0.1,0.1,1.1,0.0,0.0,0.0,0.0,0.0,0.0,0.0,0.0,0.0,0.9,2025-10-08 17:50:33
181,1,Craig Reynolds,DET,0.0,0.0,0.0,0.0,0.0,1.0,3.7,0.0,0.2,2.0,0.0,0.0,0.0,0.0,0.0,0.0,0.0,0.0,0.0,0.6,2025-10-08 17:50:33
182,1,George Holani,SEA,0.0,0.0,0.0,0.0,0.0,0.0,5.5,0.0,0.1,1.1,0.0,0.0,0.0,0.0,0.0,0.0,0.0,0.0,0.0,0.6,2025-10-08 17:50:33
183,1,Hunter Luepke,DAL,0.0,0.0,0.0,0.0,0.0,0.6,2.0,0.0,0.3,2.8,0.0,0.0,0.0,0.0,0.0,0.0,0.0,0.0,0.0,0.5,2025-10-08 17:50:33
184,1,Andrew Beck,NYJ,0.0,0.0,0.0,0.0,0.0,0.1,0.1,0.1,0.2,0.6,0.0,0.0,0.0,0.0,0.0,0.0,0.0,0.0,0.0,0.4,2025-10-08 17:50:33
185,1,Rasheen Ali,BAL,0.0,0.0,0.0,0.0,0.0,0.3,1.2,0.0,0.1,0.8,0.0,0.0,0.0,0.0,0.0,0.0,0.0,0.0,0.0,0.3,2025-10-08 17:50:33
186,1,Robbie Ouzts,SEA,0.0,0.0,0.0,0.0,0.0,0.0,0.0,0.0,0.1,0.9,0.0,0.0,0.0,0.0,0.0,0.0,0.0,0.0,0.0,0.2,2025-10-08 17:50:33
187,1,Scott Matlock,LAC,0.0,0.0,0.0,0.0,0.0,0.0,0.0,0.0,0.1,0.9,0.0,0.0,0.0,0.0,0.0,0.0,0.0,0.0,0.0,0.1,2025-10-08 17:50:33
188,1,Jakob Johnson,HOU,0.0,0.0,0.0,0.0,0.0,0.1,0.3,0.0,0.1,0.4,0.0,0.0,0.0,0.0,0.0,0.0,0.0,0.0,0.0,0.1,2025-10-08 17:50:33
189,1,Reggie Gilliam,BUF,0.0,0.0,0.0,0.0,0.0,0.2,0.4,0.0,0.0,0.1,0.0,0.0,0.0,0.0,0.0,0.0,0.0,0.0,0.0,0.1,2025-10-08 17:50:33
190,1,Adam Prentice,DEN,0.0,0.0,0.0,0.0,0.0,0.1,0.3,0.0,0.0,0.1,0.0,0.0,0.0,0.0,0.0,0.0,0.0,0.0,0.0,0.0,2025-10-08 17:50:33
191,1,Eric Gray,NYG,0.0,0.0,0.0,0.0,0.0,0.0,0.0,0.0,0.0,0.0,0.0,0.0,0.0,0.0,0.0,0.0,0.0,0.0,0.0,0.0,2025-10-08 17:50:33
192,1,Michael Burton,DEN,0.0,0.0,0.0,0.0,0.0,0.0,0.0,0.0,0.0,0.0,0.0,0.0,0.0,0.0,0.0,0.0,0.0,0.0,0.0,0.0,2025-10-08 17:50:33
193,1,C.J. Ham,MIN,0.0,0.0,0.0,0.0,0.0,0.0,0.0,0.0,0.0,0.0,0.0,0.0,0.0,0.0,0.0,0.0,0.0,0.0,0.0,0.0,2025-10-08 17:50:33
194,1,Joe Mixon,HOU,0.0,0.0,0.0,0.0,0.0,0.0,0.0,0.0,0.0,0.0,0.0,0.0,0.0,0.0,0.0,0.0,0.0,0.0,0.0,0.0,2025-10-08 17:50:33
195,1,Patrick Ricard,BAL,0.0,0.0,0.0,0.0,0.0,0.0,0.0,0.0,0.0,0.0,0.0,0.0,0.0,0.0,0.0,0.0,0.0,0.0,0.0,0.0,2025-10-08 17:50:33
196,1,Myles Gaskin,SEA,0.0,0.0,0.0,0.0,0.0,0.0,0.0,0.0,0.0,0.0,0.0,0.0,0.0,0.0,0.0,0.0,0.0,0.0,0.0,0.0,2025-10-08 17:50:33
197,1,Chase Edmonds,WAS,0.0,0.0,0.0,0.0,0.0,0.0,0.0,0.0,0.0,0.0,0.0,0.0,0.0,0.0,0.0,0.0,0.0,0.0,0.0,0.0,2025-10-08 17:50:33
198,1,Jeff Wilson Jr.,MIA,0.0,0.0,0.0,0.0,0.0,0.0,0.0,0.0,0.0,0.0,0.0,0.0,0.0,0.0,0.0,0.0,0.0,0.0,0.0,0.0,2025-10-08 17:50:33
199,1,Travis Homer,CHI,0.0,0.0,0.0,0.0,0.0,0.0,0.0,0.0,0.0,0.0,0.0,0.0,0.0,0.0,0.0,0.0,0.0,0.0,0.0,0.0,2025-10-08 17:50:33
200,1,D'Ernest Johnson,ARI,0.0,0.0,0.0,0.0,0.0,0.0,0.0,0.0,0.0,0.0,0.0,0.0,0.0,0.0,0.0,0.0,0.0,0.0,0.0,0.0,2025-10-08 17:50:33
201,1,Cam Akers,MIN,0.0,0.0,0.0,0.0,0.0,0.0,0.0,0.0,0.0,0.0,0.0,0.0,0.0,0.0,0.0,0.0,0.0,0.0,0.0,0.0,2025-10-08 17:50:33
202,1,Clyde Edwards-Helaire,KC,0.0,0.0,0.0,0.0,0.0,0.0,0.0,0.0,0.0,0.0,0.0,0.0,0.0,0.0,0.0,0.0,0.0,0.0,0.0,0.0,2025-10-08 17:50:33
203,1,Trey Sermon,PIT,0.0,0.0,0.0,0.0,0.0,0.0,0.0,0.0,0.0,0.0,0.0,0.0,0.0,0.0,0.0,0.0,0.0,0.0,0.0,0.0,2025-10-08 17:50:33
204,1,Salvon Ahmed,IND,0.0,0.0,0.0,0.0,0.0,0.0,0.0,0.0,0.0,0.0,0.0,0.0,0.0,0.0,0.0,0.0,0.0,0.0,0.0,0.0,2025-10-08 17:50:33
205,1,DeeJay Dallas,CAR,0.0,0.0,0.0,0.0,0.0,0.0,0.0,0.0,0.0,0.0,0.0,0.0,0.0,0.0,0.0,0.0,0.0,0.0,0.0,0.0,2025-10-08 17:50:33
206,1,JaMycal Hasty,MIA,0.0,0.0,0.0,0.0,0.0,0.0,0.0,0.0,0.0,0.0,0.0,0.0,0.0,0.0,0.0,0.0,0.0,0.0,0.0,0.0,2025-10-08 17:50:33
207,1,Jermar Jefferson,ARI,0.0,0.0,0.0,0.0,0.0,0.0,0.0,0.0,0.0,0.0,0.0,0.0,0.0,0.0,0.0,0.0,0.0,0.0,0.0,0.0,2025-10-08 17:50:33
208,1,Raheem Blackshear,PIT,0.0,0.0,0.0,0.0,0.0,0.0,0.0,0.0,0.0,0.0,0.0,0.0,0.0,0.0,0.0,0.0,0.0,0.0,0.0,0.0,2025-10-08 17:50:33
209,1,Michael Carter,ARI,0.0,0.0,0.0,0.0,0.0,0.0,0.0,0.0,0.0,0.0,0.0,0.0,0.0,0.0,0.0,0.0,0.0,0.0,0.0,0.0,2025-10-08 17:50:33
210,1,Khalil Herbert,NYJ,0.0,0.0,0.0,0.0,0.0,0.0,0.0,0.0,0.0,0.0,0.0,0.0,0.0,0.0,0.0,0.0,0.0,0.0,0.0,0.0,2025-10-08 17:50:33
211,1,Elijah Mitchell,KC,0.0,0.0,0.0,0.0,0.0,0.0,0.0,0.0,0.0,0.0,0.0,0.0,0.0,0.0,0.0,0.0,0.0,0.0,0.0,0.0,2025-10-08 17:50:33
212,1,Keilan Robinson,NYJ,0.0,0.0,0.0,0.0,0.0,0.0,0.0,0.0,0.0,0.0,0.0,0.0,0.0,0.0,0.0,0.0,0.0,0.0,0.0,0.0,2025-10-08 17:50:33
213,1,Phil Mafah,DAL,0.0,0.0,0.0,0.0,0.0,0.0,0.0,0.0,0.0,0.0,0.0,0.0,0.0,0.0,0.0,0.0,0.0,0.0,0.0,0.0,2025-10-08 17:50:33
214,1,Jashaun Corbin,NE,0.0,0.0,0.0,0.0,0.0,0.0,0.0,0.0,0.0,0.0,0.0,0.0,0.0,0.0,0.0,0.0,0.0,0.0,0.0,0.0,2025-10-08 17:50:33
215,1,Kendall Milton,CIN,0.0,0.0,0.0,0.0,0.0,0.0,0.0,0.0,0.0,0.0,0.0,0.0,0.0,0.0,0.0,0.0,0.0,0.0,0.0,0.0,2025-10-08 17:50:33
216,1,Tyler Goodson,IND,0.0,0.0,0.0,0.0,0.0,0.0,0.0,0.0,0.0,0.0,0.0,0.0,0.0,0.0,0.0,0.0,0.0,0.0,0.0,0.0,2025-10-08 17:50:33
217,1,Deuce Vaughn,DEN,0.0,0.0,0.0,0.0,0.0,0.0,0.0,0.0,0.0,0.0,0.0,0.0,0.0,0.0,0.0,0.0,0.0,0.0,0.0,0.0,2025-10-08 17:50:33
218,1,Audric Estime,PHI,0.0,0.0,0.0,0.0,0.0,0.0,0.0,0.0,0.0,0.0,0.0,0.0,0.0,0.0,0.0,0.0,0.0,0.0,0.0,0.0,2025-10-08 17:50:33
219,1,MarShawn Lloyd,GB,0.0,0.0,0.0,0.0,0.0,0.0,0.0,0.0,0.0,0.0,0.0,0.0,0.0,0.0,0.0,0.0,0.0,0.0,0.0,0.0,2025-10-08 17:50:33
220,1,Keaontay Ingram,KC,0.0,0.0,0.0,0.0,0.0,0.0,0.0,0.0,0.0,0.0,0.0,0.0,0.0,0.0,0.0,0.0,0.0,0.0,0.0,0.0,2025-10-08 17:50:33
221,1,Sincere McCormick,SF,0.0,0.0,0.0,0.0,0.0,0.0,0.0,0.0,0.0,0.0,0.0,0.0,0.0,0.0,0.0,0.0,0.0,0.0,0.0,0.0,2025-10-08 17:50:33
222,1,Kene Nwangwu,NYJ,0.0,0.0,0.0,0.0,0.0,0.0,0.0,0.0,0.0,0.0,0.0,0.0,0.0,0.0,0.0,0.0,0.0,0.0,0.0,0.0,2025-10-08 17:50:33
223,1,Avery Williams,NYJ,0.0,0.0,0.0,0.0,0.0,0.0,0.0,0.0,0.0,0.0,0.0,0.0,0.0,0.0,0.0,0.0,0.0,0.0,0.0,0.0,2025-10-08 17:50:33
224,1,Gary Brightwell,CIN,0.0,0.0,0.0,0.0,0.0,0.0,0.0,0.0,0.0,0.0,0.0,0.0,0.0,0.0,0.0,0.0,0.0,0.0,0.0,0.0,2025-10-08 17:50:33
225,1,Ronnie Rivers,LAR,0.0,0.0,0.0,0.0,0.0,0.0,0.0,0.0,0.0,0.0,0.0,0.0,0.0,0.0,0.0,0.0,0.0,0.0,0.0,0.0,2025-10-08 17:50:33
226,1,Pierre Strong Jr.,GB,0.0,0.0,0.0,0.0,0.0,0.0,0.0,0.0,0.0,0.0,0.0,0.0,0.0,0.0,0.0,0.0,0.0,0.0,0.0,0.0,2025-10-08 17:50:33
227,1,Malik Davis,DAL,0.0,0.0,0.0,0.0,0.0,0.0,0.0,0.0,0.0,0.0,0.0,0.0,0.0,0.0,0.0,0.0,0.0,0.0,0.0,0.0,2025-10-08 17:50:33
228,1,Jarquez Hunter,LAR,0.0,0.0,0.0,0.0,0.0,0.0,0.0,0.0,0.0,0.0,0.0,0.0,0.0,0.0,0.0,0.0,0.0,0.0,0.0,0.0,2025-10-08 17:50:33
229,1,Jaydon Blue,DAL,0.0,0.0,0.0,0.0,0.0,0.0,0.0,0.0,0.0,0.0,0.0,0.0,0.0,0.0,0.0,0.0,0.0,0.0,0.0,0.0,2025-10-08 17:50:33
230,1,Brittain Brown,CHI,0.0,0.0,0.0,0.0,0.0,0.0,0.0,0.0,0.0,0.0,0.0,0.0,0.0,0.0,0.0,0.0,0.0,0.0,0.0,0.0,2025-10-08 17:50:33
231,1,Zonovan Knight,ARI,0.0,0.0,0.0,0.0,0.0,0.0,0.0,0.0,0.0,0.0,0.0,0.0,0.0,0.0,0.0,0.0,0.0,0.0,0.0,0.0,2025-10-08 17:50:33
232,1,Tyjae Spears,TEN,0.0,0.0,0.0,0.0,0.0,0.0,0.0,0.0,0.0,0.0,0.0,0.0,0.0,0.0,0.0,0.0,0.0,0.0,0.0,0.0,2025-10-08 17:50:33
233,1,Keaton Mitchell,BAL,0.0,0.0,0.0,0.0,0.0,0.0,0.0,0.0,0.0,0.0,0.0,0.0,0.0,0.0,0.0,0.0,0.0,0.0,0.0,0.0,2025-10-08 17:50:33
234,1,Lew Nichols III,PIT,0.0,0.0,0.0,0.0,0.0,0.0,0.0,0.0,0.0,0.0,0.0,0.0,0.0,0.0,0.0,0.0,0.0,0.0,0.0,0.0,2025-10-08 17:50:33
235,1,Carlos Washington Jr.,ATL,0.0,0.0,0.0,0.0,0.0,0.0,0.0,0.0,0.0,0.0,0.0,0.0,0.0,0.0,0.0,0.0,0.0,0.0,0.0,0.0,2025-10-08 17:50:33
236,1,Jacob Saylors,DET,0.0,0.0,0.0,0.0,0.0,0.0,0.0,0.0,0.0,0.0,0.0,0.0,0.0,0.0,0.0,0.0,0.0,0.0,0.0,0.0,2025-10-08 17:50:33
237,1,Brady Russell,SEA,0.0,0.0,0.0,0.0,0.0,0.0,0.0,0.0,0.0,0.0,0.0,0.0,0.0,0.0,0.0,0.0,0.0,0.0,0.0,0.0,2025-10-08 17:50:33
238,1,Deneric Prince,NE,0.0,0.0,0.0,0.0,0.0,0.0,0.0,0.0,0.0,0.0,0.0,0.0,0.0,0.0,0.0,0.0,0.0,0.0,0.0,0.0,2025-10-08 17:50:33
239,1,Jordan Mims,TEN,0.0,0.0,0.0,0.0,0.0,0.0,0.0,0.0,0.0,0.0,0.0,0.0,0.0,0.0,0.0,0.0,0.0,0.0,0.0,0.0,2025-10-08 17:50:33
240,1,Owen Wright,TB,0.0,0.0,0.0,0.0,0.0,0.0,0.0,0.0,0.0,0.0,0.0,0.0,0.0,0.0,0.0,0.0,0.0,0.0,0.0,0.0,2025-10-08 17:50:33
241,1,Jaleel McLaughlin,DEN,0.0,0.0,0.0,0.0,0.0,0.0,0.0,0.0,0.0,0.0,0.0,0.0,0.0,0.0,0.0,0.0,0.0,0.0,0.0,0.0,2025-10-08 17:50:33
242,1,Frank Gore Jr.,BUF,0.0,0.0,0.0,0.0,0.0,0.0,0.0,0.0,0.0,0.0,0.0,0.0,0.0,0.0,0.0,0.0,0.0,0.0,0.0,0.0,2025-10-08 17:50:33
243,1,Jaylen Wright,MIA,0.0,0.0,0.0,0.0,0.0,0.0,0.0,0.0,0.0,0.0,0.0,0.0,0.0,0.0,0.0,0.0,0.0,0.0,0.0,0.0,2025-10-08 17:50:33
244,1,Cody Schrader,JAC,0.0,0.0,0.0,0.0,0.0,0.0,0.0,0.0,0.0,0.0,0.0,0.0,0.0,0.0,0.0,0.0,0.0,0.0,0.0,0.0,2025-10-08 17:50:33
245,1,Sione Vaki,DET,0.0,0.0,0.0,0.0,0.0,0.0,0.0,0.0,0.0,0.0,0.0,0.0,0.0,0.0,0.0,0.0,0.0,0.0,0.0,0.0,2025-10-08 17:50:33
246,1,Jawhar Jordan,HOU,0.0,0.0,0.0,0.0,0.0,0.0,0.0,0.0,0.0,0.0,0.0,0.0,0.0,0.0,0.0,0.0,0.0,0.0,0.0,0.0,2025-10-08 17:50:33
247,1,Carson Steele,KC,0.0,0.0,0.0,0.0,0.0,0.0,0.0,0.0,0.0,0.0,0.0,0.0,0.0,0.0,0.0,0.0,0.0,0.0,0.0,0.0,2025-10-08 17:50:33
248,1,Blake Watson,TEN,0.0,0.0,0.0,0.0,0.0,0.0,0.0,0.0,0.0,0.0,0.0,0.0,0.0,0.0,0.0,0.0,0.0,0.0,0.0,0.0,2025-10-08 17:50:33
249,1,Dante Miller,NYG,0.0,0.0,0.0,0.0,0.0,0.0,0.0,0.0,0.0,0.0,0.0,0.0,0.0,0.0,0.0,0.0,0.0,0.0,0.0,0.0,2025-10-08 17:50:33
250,1,Chris Collier,LV,0.0,0.0,0.0,0.0,0.0,0.0,0.0,0.0,0.0,0.0,0.0,0.0,0.0,0.0,0.0,0.0,0.0,0.0,0.0,0.0,2025-10-08 17:50:33
251,1,British Brooks,HOU,0.0,0.0,0.0,0.0,0.0,0.0,0.0,0.0,0.0,0.0,0.0,0.0,0.0,0.0,0.0,0.0,0.0,0.0,0.0,0.0,2025-10-08 17:50:33
252,1,Terrell Jennings,NE,0.0,0.0,0.0,0.0,0.0,0.0,0.0,0.0,0.0,0.0,0.0,0.0,0.0,0.0,0.0,0.0,0.0,0.0,0.0,0.0,2025-10-08 17:50:33
253,1,Jordan James,SF,0.0,0.0,0.0,0.0,0.0,0.0,0.0,0.0,0.0,0.0,0.0,0.0,0.0,0.0,0.0,0.0,0.0,0.0,0.0,0.0,2025-10-08 17:50:33
254,1,Josh Williams,TB,0.0,0.0,0.0,0.0,0.0,0.0,0.0,0.0,0.0,0.0,0.0,0.0,0.0,0.0,0.0,0.0,0.0,0.0,0.0,0.0,2025-10-08 17:50:33
255,1,Nathan Carter,ATL,0.0,0.0,0.0,0.0,0.0,0.0,0.0,0.0,0.0,0.0,0.0,0.0,0.0,0.0,0.0,0.0,0.0,0.0,0.0,0.0,2025-10-08 17:50:33
256,1,Ja'Marr Chase,CIN,0.0,0.0,0.0,0.0,0.0,0.1,0.7,0.0,7.1,96.3,0.8,0.0,0.0,0.0,0.0,0.0,0.0,0.0,0.0,14.2,2025-10-08 17:50:33
257,1,Justin Jefferson,MIN,0.0,0.0,0.0,0.0,0.0,0.0,0.0,0.0,6.5,96.5,0.6,0.0,0.0,0.0,0.0,0.0,0.0,0.0,0.0,13.0,2025-10-08 17:50:33
258,1,Nico Collins,HOU,0.0,0.0,0.0,0.0,0.0,0.0,0.1,0.0,6.0,87.6,0.5,0.0,0.0,0.0,0.0,0.0,0.0,0.0,0.0,11.8,2025-10-08 17:50:33
259,1,CeeDee Lamb,DAL,0.0,0.0,0.0,0.0,0.0,0.4,2.6,0.0,6.7,85.3,0.5,0.1,0.0,0.0,0.0,0.0,0.0,0.0,0.0,11.6,2025-10-08 17:50:33
260,1,Brian Thomas Jr.,JAC,0.0,0.0,0.0,0.0,0.0,0.1,1.2,0.0,5.5,79.7,0.6,0.0,0.0,0.0,0.0,0.0,0.0,0.0,0.0,11.6,2025-10-08 17:50:33
261,1,Mike Evans,TB,0.0,0.0,0.0,0.0,0.0,0.0,0.0,0.0,5.6,73.7,0.7,0.0,0.0,0.0,0.0,0.0,0.0,0.0,0.0,11.3,2025-10-08 17:50:33
262,1,Puka Nacua,LAR,0.0,0.0,0.0,0.0,0.0,0.5,2.5,0.0,6.1,81.7,0.4,0.0,0.0,0.0,0.0,0.0,0.0,0.0,0.0,11.0,2025-10-08 17:50:33
263,1,A.J. Brown,PHI,0.0,0.0,0.0,0.0,0.0,0.0,0.0,0.0,5.3,77.2,0.5,0.0,0.0,0.0,0.0,0.0,0.0,0.0,0.0,11.0,2025-10-08 17:50:33
264,1,Amon-Ra St. Brown,DET,0.0,0.0,0.0,0.0,0.0,0.1,0.6,0.0,6.6,75.4,0.5,0.0,0.0,0.0,0.0,0.0,0.0,0.0,0.0,10.7,2025-10-08 17:50:33
265,1,Drake London,ATL,0.0,0.0,0.0,0.0,0.0,0.0,0.1,0.0,5.9,76.6,0.5,0.0,0.0,0.0,0.0,0.0,0.0,0.0,0.0,10.4,2025-10-08 17:50:33
266,1,Ladd McConkey,LAC,0.0,0.0,0.0,0.0,0.0,0.0,0.1,0.0,5.6,75.0,0.4,0.0,0.0,0.0,0.0,0.0,0.0,0.0,0.0,10.1,2025-10-08 17:50:33
267,1,Tee Higgins,CIN,0.0,0.0,0.0,0.0,0.0,0.0,0.0,0.0,5.2,69.0,0.6,0.1,0.0,0.0,0.0,0.0,0.0,0.0,0.0,10.1,2025-10-08 17:50:33
268,1,Xavier Worthy,KC,0.0,0.0,0.0,0.0,0.0,0.7,4.2,0.1,5.2,64.1,0.5,0.0,0.0,0.0,0.0,0.0,0.0,0.0,0.0,10.1,2025-10-08 17:50:33
269,1,Terry McLaurin,WAS,0.0,0.0,0.0,0.0,0.0,0.1,0.3,0.0,5.0,66.9,0.5,0.0,0.0,0.0,0.0,0.0,0.0,0.0,0.0,10.0,2025-10-08 17:50:33
270,1,Courtland Sutton,DEN,0.0,0.0,0.0,0.0,0.0,0.0,0.0,0.0,4.9,64.6,0.5,0.1,0.0,0.0,0.0,0.0,0.0,0.0,0.0,9.4,2025-10-08 17:50:33
271,1,Davante Adams,LAR,0.0,0.0,0.0,0.0,0.0,0.0,0.0,0.0,5.0,65.9,0.5,0.0,0.0,0.0,0.0,0.0,0.0,0.0,0.0,9.4,2025-10-08 17:50:33
272,1,DK Metcalf,PIT,0.0,0.0,0.0,0.0,0.0,0.0,0.0,0.0,4.5,68.6,0.4,0.1,0.0,0.0,0.0,0.0,0.0,0.0,0.0,9.4,2025-10-08 17:50:33
273,1,Jaxon Smith-Njigba,SEA,0.0,0.0,0.0,0.0,0.0,0.2,1.1,0.0,5.6,67.5,0.4,0.0,0.0,0.0,0.0,0.0,0.0,0.0,0.0,9.2,2025-10-08 17:50:33
274,1,Zay Flowers,BAL,0.0,0.0,0.0,0.0,0.0,0.3,2.3,0.0,5.1,66.4,0.4,0.0,0.0,0.0,0.0,0.0,0.0,0.0,0.0,9.2,2025-10-08 17:50:33
275,1,Marvin Harrison Jr.,ARI,0.0,0.0,0.0,0.0,0.0,0.0,0.2,0.0,4.5,65.7,0.4,0.1,0.0,0.0,0.0,0.0,0.0,0.0,0.0,9.0,2025-10-08 17:50:33
276,1,Jerry Jeudy,CLE,0.0,0.0,0.0,0.0,0.0,0.0,0.2,0.0,5.3,73.3,0.3,0.0,0.0,0.0,0.0,0.0,0.0,0.0,0.0,9.0,2025-10-08 17:50:33
277,1,DeVonta Smith,PHI,0.0,0.0,0.0,0.0,0.0,0.0,0.1,0.0,4.8,61.7,0.5,0.0,0.0,0.0,0.0,0.0,0.0,0.0,0.0,8.8,2025-10-08 17:50:33
278,1,Emeka Egbuka,TB,0.0,0.0,0.0,0.0,0.0,0.1,0.7,0.0,4.8,60.5,0.4,0.1,0.0,0.0,0.0,0.0,0.0,0.0,0.0,8.5,2025-10-08 17:50:33
279,1,Jameson Williams,DET,0.0,0.0,0.0,0.0,0.0,0.9,4.5,0.0,3.7,58.4,0.3,0.0,0.0,0.0,0.0,0.0,0.0,0.0,0.0,8.4,2025-10-08 17:50:33
280,1,DJ Moore,CHI,0.0,0.0,0.0,0.0,0.0,0.4,2.1,0.0,5.0,60.3,0.4,0.1,0.0,0.0,0.0,0.0,0.0,0.0,0.0,8.3,2025-10-08 17:50:33
281,1,Tetairoa McMillan,CAR,0.0,0.0,0.0,0.0,0.0,0.0,0.4,0.0,4.7,63.3,0.3,0.1,0.0,0.0,0.0,0.0,0.0,0.0,0.0,8.3,2025-10-08 17:50:33
282,1,George Pickens,DAL,0.0,0.0,0.0,0.0,0.0,0.1,0.3,0.0,4.2,61.6,0.4,0.1,0.0,0.0,0.0,0.0,0.0,0.0,0.0,8.2,2025-10-08 17:50:33
283,1,Deebo Samuel Sr.,WAS,0.0,0.0,0.0,0.0,0.0,1.5,8.2,0.1,3.9,51.9,0.3,0.1,0.0,0.0,0.0,0.0,0.0,0.0,0.0,8.2,2025-10-08 17:50:33
284,1,Jaylen Waddle,MIA,0.0,0.0,0.0,0.0,0.0,0.2,0.9,0.0,4.9,63.6,0.3,0.0,0.0,0.0,0.0,0.0,0.0,0.0,0.0,8.2,2025-10-08 17:50:33
285,1,Ricky Pearsall,SF,0.0,0.0,0.0,0.0,0.0,0.3,2.3,0.0,4.6,59.3,0.3,0.0,0.0,0.0,0.0,0.0,0.0,0.0,0.0,8.1,2025-10-08 17:50:33
286,1,Garrett Wilson,NYJ,0.0,0.0,0.0,0.0,0.0,0.1,0.8,0.0,5.3,63.7,0.3,0.1,0.0,0.0,0.0,0.0,0.0,0.0,0.0,8.0,2025-10-08 17:50:33
287,1,Calvin Ridley,TEN,0.0,0.0,0.0,0.0,0.0,0.2,1.3,0.0,4.1,59.2,0.3,0.0,0.0,0.0,0.0,0.0,0.0,0.0,0.0,7.9,2025-10-08 17:50:33
288,1,Jakobi Meyers,LV,0.0,0.0,0.0,0.0,0.0,0.1,0.5,0.0,4.9,60.1,0.3,0.0,0.0,0.0,0.0,0.0,0.0,0.0,0.0,7.8,2025-10-08 17:50:33
289,1,Travis Hunter,JAC,0.0,0.0,0.0,0.0,0.0,0.3,1.5,0.0,4.2,54.4,0.4,0.1,0.0,0.0,0.0,0.0,0.0,0.0,0.0,7.7,2025-10-08 17:50:33
290,1,Jauan Jennings,SF,0.0,0.0,0.0,0.0,0.0,0.1,0.6,0.0,4.5,56.4,0.3,0.0,0.0,0.0,0.0,0.0,0.0,0.0,0.0,7.5,2025-10-08 17:50:33
291,1,Stefon Diggs,NE,0.0,0.0,0.0,0.0,0.0,0.1,0.5,0.0,4.7,54.2,0.3,0.0,0.0,0.0,0.0,0.0,0.0,0.0,0.0,7.5,2025-10-08 17:50:33
292,1,Matthew Golden,GB,0.0,0.0,0.0,0.0,0.0,0.0,0.5,0.0,4.1,55.4,0.3,0.1,0.0,0.0,0.0,0.0,0.0,0.0,0.0,7.5,2025-10-08 17:50:33
293,1,Chris Olave,NO,0.0,0.0,0.0,0.0,0.0,0.0,0.2,0.0,4.7,59.8,0.3,0.1,0.0,0.0,0.0,0.0,0.0,0.0,0.0,7.4,2025-10-08 17:50:33
294,1,Cooper Kupp,SEA,0.0,0.0,0.0,0.0,0.0,0.1,0.5,0.0,4.6,52.6,0.4,0.0,0.0,0.0,0.0,0.0,0.0,0.0,0.0,7.4,2025-10-08 17:50:33
295,1,Rome Odunze,CHI,0.0,0.0,0.0,0.0,0.0,0.1,0.4,0.0,4.0,54.3,0.3,0.1,0.0,0.0,0.0,0.0,0.0,0.0,0.0,7.2,2025-10-08 17:50:33
296,1,Michael Pittman Jr.,IND,0.0,0.0,0.0,0.0,0.0,0.0,0.1,0.0,4.9,55.1,0.3,0.1,0.0,0.0,0.0,0.0,0.0,0.0,0.0,7.2,2025-10-08 17:50:33
297,1,Rashid Shaheed,NO,0.0,0.0,0.0,0.0,0.0,0.4,2.1,0.0,3.5,52.6,0.3,0.1,0.0,0.0,0.0,0.0,0.0,0.0,0.0,7.1,2025-10-08 17:50:33
298,1,Keon Coleman,BUF,0.0,0.0,0.0,0.0,0.0,0.0,0.2,0.0,3.3,50.0,0.3,0.0,0.0,0.0,0.0,0.0,0.0,0.0,0.0,6.8,2025-10-08 17:50:33
299,1,Khalil Shakir,BUF,0.0,0.0,0.0,0.0,0.0,0.0,0.2,0.0,4.4,51.4,0.3,0.0,0.0,0.0,0.0,0.0,0.0,0.0,0.0,6.7,2025-10-08 17:50:33
300,1,Josh Downs,IND,0.0,0.0,0.0,0.0,0.0,0.0,0.2,0.0,4.2,47.5,0.3,0.0,0.0,0.0,0.0,0.0,0.0,0.0,0.0,6.4,2025-10-08 17:50:33
301,1,Rashod Bateman,BAL,0.0,0.0,0.0,0.0,0.0,0.0,0.1,0.0,3.2,45.0,0.3,0.0,0.0,0.0,0.0,0.0,0.0,0.0,0.0,6.4,2025-10-08 17:50:33
302,1,Marvin Mims Jr.,DEN,0.0,0.0,0.0,0.0,0.0,0.5,2.3,0.0,3.3,43.2,0.3,0.0,0.0,0.0,0.0,0.0,0.0,0.0,0.0,6.4,2025-10-08 17:50:33
303,1,Marquise Brown,KC,0.0,0.0,0.0,0.0,0.0,0.0,0.2,0.0,3.7,45.7,0.3,0.0,0.0,0.0,0.0,0.0,0.0,0.0,0.0,6.3,2025-10-08 17:50:33
304,1,Xavier Legette,CAR,0.0,0.0,0.0,0.0,0.0,0.4,1.7,0.0,3.3,39.6,0.3,0.0,0.0,0.0,0.0,0.0,0.0,0.0,0.0,5.7,2025-10-08 17:50:33
305,1,Keenan Allen,LAC,0.0,0.0,0.0,0.0,0.0,0.0,0.1,0.0,3.4,40.1,0.3,0.0,0.0,0.0,0.0,0.0,0.0,0.0,0.0,5.5,2025-10-08 17:50:33
306,1,Romeo Doubs,GB,0.0,0.0,0.0,0.0,0.0,0.0,0.0,0.0,3.1,39.9,0.3,0.0,0.0,0.0,0.0,0.0,0.0,0.0,0.0,5.5,2025-10-08 17:50:33
307,1,DeMario Douglas,NE,0.0,0.0,0.0,0.0,0.0,0.1,1.2,0.0,3.6,39.4,0.2,0.0,0.0,0.0,0.0,0.0,0.0,0.0,0.0,5.3,2025-10-08 17:50:33
308,1,Adam Thielen,MIN,0.0,0.0,0.0,0.0,0.0,0.0,0.1,0.0,3.4,37.8,0.3,0.0,0.0,0.0,0.0,0.0,0.0,0.0,0.0,5.3,2025-10-08 17:50:33
309,1,Wan'Dale Robinson,NYG,0.0,0.0,0.0,0.0,0.0,0.1,1.2,0.0,4.0,38.1,0.2,0.0,0.0,0.0,0.0,0.0,0.0,0.0,0.0,5.1,2025-10-08 17:50:33
310,1,Jayden Higgins,HOU,0.0,0.0,0.0,0.0,0.0,0.0,0.2,0.0,3.0,39.4,0.2,0.0,0.0,0.0,0.0,0.0,0.0,0.0,0.0,5.1,2025-10-08 17:50:33
311,1,Joshua Palmer,BUF,0.0,0.0,0.0,0.0,0.0,0.0,0.0,0.0,2.8,38.5,0.2,0.0,0.0,0.0,0.0,0.0,0.0,0.0,0.0,5.1,2025-10-08 17:50:33
312,1,Jalen Nailor,MIN,0.0,0.0,0.0,0.0,0.0,0.1,0.3,0.0,2.3,32.0,0.2,0.0,0.0,0.0,0.0,0.0,0.0,0.0,0.0,4.6,2025-10-08 17:50:33
313,1,Michael Wilson,ARI,0.0,0.0,0.0,0.0,0.0,0.1,0.5,0.0,2.6,32.9,0.2,0.0,0.0,0.0,0.0,0.0,0.0,0.0,0.0,4.6,2025-10-08 17:50:33
314,1,Calvin Austin III,PIT,0.0,0.0,0.0,0.0,0.0,0.1,0.8,0.0,2.4,32.6,0.2,0.0,0.0,0.0,0.0,0.0,0.0,0.0,0.0,4.6,2025-10-08 17:50:33
315,1,Tyler Lockett,TEN,0.0,0.0,0.0,0.0,0.0,0.0,0.0,0.0,3.0,35.0,0.2,0.0,0.0,0.0,0.0,0.0,0.0,0.0,0.0,4.6,2025-10-08 17:50:33
316,1,Alec Pierce,IND,0.0,0.0,0.0,0.0,0.0,0.0,0.0,0.0,1.9,31.6,0.2,0.0,0.0,0.0,0.0,0.0,0.0,0.0,0.0,4.5,2025-10-08 17:50:33
317,1,Ray-Ray McCloud III,ATL,0.0,0.0,0.0,0.0,0.0,0.4,3.1,0.0,3.1,33.4,0.2,0.1,0.0,0.0,0.0,0.0,0.0,0.0,0.0,4.5,2025-10-08 17:50:33
318,1,DeAndre Hopkins,BAL,0.0,0.0,0.0,0.0,0.0,0.0,0.1,0.0,2.3,28.3,0.3,0.0,0.0,0.0,0.0,0.0,0.0,0.0,0.0,4.4,2025-10-08 17:50:33
319,1,Tre Tucker,LV,0.0,0.0,0.0,0.0,0.0,0.3,1.7,0.0,2.2,29.2,0.2,0.0,0.0,0.0,0.0,0.0,0.0,0.0,0.0,4.2,2025-10-08 17:50:33
320,1,Dont'e Thornton Jr.,LV,0.0,0.0,0.0,0.0,0.0,0.0,0.1,0.0,2.6,31.2,0.2,0.0,0.0,0.0,0.0,0.0,0.0,0.0,0.0,4.1,2025-10-08 17:50:33
321,1,Nick Westbrook-Ikhine,MIA,0.0,0.0,0.0,0.0,0.0,0.0,0.1,0.0,2.0,27.2,0.2,0.0,0.0,0.0,0.0,0.0,0.0,0.0,0.0,4.1,2025-10-08 17:50:33
322,1,Quentin Johnston,LAC,0.0,0.0,0.0,0.0,0.0,0.1,0.3,0.0,2.1,27.8,0.2,0.0,0.0,0.0,0.0,0.0,0.0,0.0,0.0,4.0,2025-10-08 17:50:33
323,1,Tory Horton,SEA,0.0,0.0,0.0,0.0,0.0,0.1,0.5,0.0,2.4,28.9,0.2,0.1,0.0,0.0,0.0,0.0,0.0,0.0,0.0,3.8,2025-10-08 17:50:33
324,1,JuJu Smith-Schuster,KC,0.0,0.0,0.0,0.0,0.0,0.0,0.0,0.0,2.4,26.8,0.2,0.0,0.0,0.0,0.0,0.0,0.0,0.0,0.0,3.7,2025-10-08 17:50:33
325,1,Christian Kirk,HOU,0.0,0.0,0.0,0.0,0.0,0.0,0.0,0.0,2.0,27.5,0.2,0.0,0.0,0.0,0.0,0.0,0.0,0.0,0.0,3.7,2025-10-08 17:50:33
326,1,Josh Reynolds,NYJ,0.0,0.0,0.0,0.0,0.0,0.0,0.0,0.0,1.9,26.7,0.2,0.0,0.0,0.0,0.0,0.0,0.0,0.0,0.0,3.6,2025-10-08 17:50:33
327,1,Kayshon Boutte,NE,0.0,0.0,0.0,0.0,0.0,0.0,0.1,0.0,1.9,26.3,0.2,0.0,0.0,0.0,0.0,0.0,0.0,0.0,0.0,3.6,2025-10-08 17:50:33
328,1,Andrei Iosivas,CIN,0.0,0.0,0.0,0.0,0.0,0.0,0.0,0.0,1.8,23.0,0.2,0.0,0.0,0.0,0.0,0.0,0.0,0.0,0.0,3.6,2025-10-08 17:50:33
329,1,Dyami Brown,JAC,0.0,0.0,0.0,0.0,0.0,0.0,0.4,0.0,2.1,27.6,0.1,0.0,0.0,0.0,0.0,0.0,0.0,0.0,0.0,3.6,2025-10-08 17:50:33
330,1,Brandin Cooks,NO,0.0,0.0,0.0,0.0,0.0,0.1,0.3,0.0,2.1,24.2,0.2,0.0,0.0,0.0,0.0,0.0,0.0,0.0,0.0,3.5,2025-10-08 17:50:33
331,1,KaVontae Turpin,DAL,0.0,0.0,0.0,0.0,0.0,0.9,5.6,0.0,1.6,19.2,0.1,0.0,0.0,0.0,0.0,0.0,0.0,0.0,0.0,3.3,2025-10-08 17:50:33
332,1,Troy Franklin,DEN,0.0,0.0,0.0,0.0,0.0,0.1,0.4,0.0,1.9,22.1,0.2,0.0,0.0,0.0,0.0,0.0,0.0,0.0,0.0,3.3,2025-10-08 17:50:33
333,1,Tutu Atwell,LAR,0.0,0.0,0.0,0.0,0.0,0.2,1.1,0.0,1.9,25.7,0.1,0.0,0.0,0.0,0.0,0.0,0.0,0.0,0.0,3.3,2025-10-08 17:50:33
334,1,Jalen Tolbert,DAL,0.0,0.0,0.0,0.0,0.0,0.0,0.0,0.0,1.9,22.3,0.2,0.0,0.0,0.0,0.0,0.0,0.0,0.0,0.0,3.3,2025-10-08 17:50:33
335,1,Luther Burden III,CHI,0.0,0.0,0.0,0.0,0.0,0.2,1.4,0.0,1.8,22.2,0.1,0.0,0.0,0.0,0.0,0.0,0.0,0.0,0.0,3.2,2025-10-08 17:50:33
336,1,Noah Brown,WAS,0.0,0.0,0.0,0.0,0.0,0.0,0.0,0.0,1.9,24.1,0.1,0.0,0.0,0.0,0.0,0.0,0.0,0.0,0.0,3.2,2025-10-08 17:50:33
337,1,Tre Harris,LAC,0.0,0.0,0.0,0.0,0.0,0.1,0.4,0.0,1.8,23.1,0.1,0.0,0.0,0.0,0.0,0.0,0.0,0.0,0.0,3.0,2025-10-08 17:50:33
338,1,Elic Ayomanor,TEN,0.0,0.0,0.0,0.0,0.0,0.0,0.3,0.0,2.0,23.2,0.1,0.0,0.0,0.0,0.0,0.0,0.0,0.0,0.0,3.0,2025-10-08 17:50:33
339,1,Jamari Thrash,CLE,0.0,0.0,0.0,0.0,0.0,0.0,0.1,0.0,1.8,22.0,0.1,0.0,0.0,0.0,0.0,0.0,0.0,0.0,0.0,3.0,2025-10-08 17:50:33
340,1,Roman Wilson,PIT,0.0,0.0,0.0,0.0,0.0,0.0,0.0,0.0,1.9,22.2,0.1,0.0,0.0,0.0,0.0,0.0,0.0,0.0,0.0,3.0,2025-10-08 17:50:33
341,1,Sterling Shepard,TB,0.0,0.0,0.0,0.0,0.0,0.1,0.8,0.0,1.8,19.3,0.1,0.0,0.0,0.0,0.0,0.0,0.0,0.0,0.0,2.9,2025-10-08 17:50:33
342,1,Malik Washington,MIA,0.0,0.0,0.0,0.0,0.0,0.2,1.1,0.0,1.9,19.8,0.1,0.1,0.0,0.0,0.0,0.0,0.0,0.0,0.0,2.8,2025-10-08 17:50:33
343,1,Devaughn Vele,NO,0.0,0.0,0.0,0.0,0.0,0.0,0.1,0.0,1.9,21.3,0.1,0.0,0.0,0.0,0.0,0.0,0.0,0.0,0.0,2.8,2025-10-08 17:50:33
344,1,Greg Dortch,ARI,0.0,0.0,0.0,0.0,0.0,0.3,1.8,0.0,1.7,18.5,0.1,0.0,0.0,0.0,0.0,0.0,0.0,0.0,0.0,2.8,2025-10-08 17:50:33
345,1,Jaylin Noel,HOU,0.0,0.0,0.0,0.0,0.0,0.0,0.5,0.0,1.7,21.4,0.1,0.0,0.0,0.0,0.0,0.0,0.0,0.0,0.0,2.8,2025-10-08 17:50:33
346,1,Dontayvion Wicks,GB,0.0,0.0,0.0,0.0,0.0,0.0,0.1,0.0,1.4,18.1,0.2,0.0,0.0,0.0,0.0,0.0,0.0,0.0,0.0,2.8,2025-10-08 17:50:33
347,1,Jordan Whittington,LAR,0.0,0.0,0.0,0.0,0.0,0.1,0.8,0.0,1.7,20.1,0.1,0.0,0.0,0.0,0.0,0.0,0.0,0.0,0.0,2.7,2025-10-08 17:50:33
348,1,Kyle Williams,NE,0.0,0.0,0.0,0.0,0.0,0.1,0.8,0.0,1.6,19.2,0.1,0.0,0.0,0.0,0.0,0.0,0.0,0.0,0.0,2.7,2025-10-08 17:50:33
349,1,Pat Bryant,DEN,0.0,0.0,0.0,0.0,0.0,0.1,0.2,0.0,1.5,18.0,0.1,0.0,0.0,0.0,0.0,0.0,0.0,0.0,0.0,2.6,2025-10-08 17:50:33
350,1,Xavier Hutchinson,HOU,0.0,0.0,0.0,0.0,0.0,0.0,0.2,0.0,1.5,19.1,0.1,0.0,0.0,0.0,0.0,0.0,0.0,0.0,0.0,2.6,2025-10-08 17:50:33
351,1,David Moore,CAR,0.0,0.0,0.0,0.0,0.0,0.0,0.0,0.0,1.5,19.3,0.1,0.0,0.0,0.0,0.0,0.0,0.0,0.0,0.0,2.6,2025-10-08 17:50:33
352,1,Van Jefferson,TEN,0.0,0.0,0.0,0.0,0.0,0.0,0.0,0.0,1.5,19.2,0.1,0.0,0.0,0.0,0.0,0.0,0.0,0.0,0.0,2.5,2025-10-08 17:50:33
353,1,Hunter Renfrow,CAR,0.0,0.0,0.0,0.0,0.0,0.0,0.0,0.0,1.7,18.3,0.1,0.0,0.0,0.0,0.0,0.0,0.0,0.0,0.0,2.5,2025-10-08 17:50:33
354,1,Parker Washington,JAC,0.0,0.0,0.0,0.0,0.0,0.0,0.2,0.0,1.3,15.8,0.1,0.0,0.0,0.0,0.0,0.0,0.0,0.0,0.0,2.4,2025-10-08 17:50:33
355,1,Isaac TeSlaa,DET,0.0,0.0,0.0,0.0,0.0,0.0,0.0,0.0,1.5,17.3,0.1,0.0,0.0,0.0,0.0,0.0,0.0,0.0,0.0,2.4,2025-10-08 17:50:33
356,1,Olamide Zaccheaus,CHI,0.0,0.0,0.0,0.0,0.0,0.1,0.3,0.0,1.5,17.4,0.1,0.0,0.0,0.0,0.0,0.0,0.0,0.0,0.0,2.3,2025-10-08 17:50:33
357,1,Adonai Mitchell,IND,0.0,0.0,0.0,0.0,0.0,0.2,0.5,0.0,1.3,16.8,0.1,0.0,0.0,0.0,0.0,0.0,0.0,0.0,0.0,2.3,2025-10-08 17:50:33
358,1,Mack Hollins,NE,0.0,0.0,0.0,0.0,0.0,0.0,0.1,0.0,1.1,13.7,0.1,0.0,0.0,0.0,0.0,0.0,0.0,0.0,0.0,2.1,2025-10-08 17:50:33
359,1,Tyquan Thornton,KC,0.0,0.0,0.0,0.0,0.0,0.0,0.7,0.0,1.2,14.5,0.1,0.0,0.0,0.0,0.0,0.0,0.0,0.0,0.0,2.1,2025-10-08 17:50:33
360,1,Marquez Valdes-Scantling,SF,0.0,0.0,0.0,0.0,0.0,0.1,0.1,0.0,0.8,16.1,0.1,0.0,0.0,0.0,0.0,0.0,0.0,0.0,0.0,2.1,2025-10-08 17:50:33
361,1,Casey Washington,ATL,0.0,0.0,0.0,0.0,0.0,0.0,0.0,0.0,1.2,14.6,0.1,0.0,0.0,0.0,0.0,0.0,0.0,0.0,0.0,2.0,2025-10-08 17:50:33
362,1,Elijah Moore,BUF,0.0,0.0,0.0,0.0,0.0,0.0,0.0,0.0,1.1,12.6,0.1,0.0,0.0,0.0,0.0,0.0,0.0,0.0,0.0,1.7,2025-10-08 17:50:33
363,1,Russell Gage Jr.,SF,0.0,0.0,0.0,0.0,0.0,0.0,0.0,0.0,1.1,12.4,0.1,0.0,0.0,0.0,0.0,0.0,0.0,0.0,0.0,1.7,2025-10-08 17:50:33
364,1,Arian Smith,NYJ,0.0,0.0,0.0,0.0,0.0,0.0,0.2,0.0,1.2,13.5,0.1,0.0,0.0,0.0,0.0,0.0,0.0,0.0,0.0,1.7,2025-10-08 17:50:33
365,1,Tyler Johnson,NYJ,0.0,0.0,0.0,0.0,0.0,0.0,0.0,0.0,1.1,12.6,0.1,0.0,0.0,0.0,0.0,0.0,0.0,0.0,0.0,1.6,2025-10-08 17:50:33
366,1,Justin Watson,HOU,0.0,0.0,0.0,0.0,0.0,0.0,0.0,0.0,0.7,11.1,0.1,0.0,0.0,0.0,0.0,0.0,0.0,0.0,0.0,1.6,2025-10-08 17:50:33
367,1,KhaDarel Hodge,ATL,0.0,0.0,0.0,0.0,0.0,0.0,0.2,0.0,0.9,12.1,0.1,0.0,0.0,0.0,0.0,0.0,0.0,0.0,0.0,1.6,2025-10-08 17:50:33
368,1,Ryan Miller,TB,0.0,0.0,0.0,0.0,0.0,0.0,0.0,0.0,0.8,10.2,0.1,0.0,0.0,0.0,0.0,0.0,0.0,0.0,0.0,1.5,2025-10-08 17:50:33
369,1,Zay Jones,ARI,0.0,0.0,0.0,0.0,0.0,0.0,0.1,0.0,1.0,10.4,0.1,0.0,0.0,0.0,0.0,0.0,0.0,0.0,0.0,1.5,2025-10-08 17:50:33
370,1,Jahan Dotson,PHI,0.0,0.0,0.0,0.0,0.0,0.0,0.1,0.0,0.8,9.8,0.1,0.0,0.0,0.0,0.0,0.0,0.0,0.0,0.0,1.4,2025-10-08 17:50:33
371,1,Jamal Agnew,ATL,0.0,0.0,0.0,0.0,0.0,0.0,0.0,0.0,0.9,9.6,0.1,0.0,0.0,0.0,0.0,0.0,0.0,0.0,0.0,1.4,2025-10-08 17:50:33
372,1,Skyy Moore,SF,0.0,0.0,0.0,0.0,0.0,0.1,0.4,0.0,0.8,10.4,0.0,0.0,0.0,0.0,0.0,0.0,0.0,0.0,0.0,1.4,2025-10-08 17:50:33
373,1,Jack Bech,LV,0.0,0.0,0.0,0.0,0.0,0.0,0.1,0.0,0.9,10.2,0.1,0.0,0.0,0.0,0.0,0.0,0.0,0.0,0.0,1.3,2025-10-08 17:50:33
374,1,Xavier Gipson,PHI,0.0,0.0,0.0,0.0,0.0,0.0,0.3,0.0,0.9,11.1,0.1,0.0,0.0,0.0,0.0,0.0,0.0,0.0,0.0,1.3,2025-10-08 17:50:33
375,1,Tai Felton,MIN,0.0,0.0,0.0,0.0,0.0,0.0,0.1,0.0,0.7,8.7,0.1,0.0,0.0,0.0,0.0,0.0,0.0,0.0,0.0,1.2,2025-10-08 17:50:33
376,1,Chimere Dike,TEN,0.0,0.0,0.0,0.0,0.0,0.1,0.5,0.0,0.8,8.5,0.0,0.0,0.0,0.0,0.0,0.0,0.0,0.0,0.0,1.2,2025-10-08 17:50:33
377,1,Mitch Tinsley,CIN,0.0,0.0,0.0,0.0,0.0,0.0,0.0,0.0,0.6,7.7,0.1,0.0,0.0,0.0,0.0,0.0,0.0,0.0,0.0,1.1,2025-10-08 17:50:33
378,1,Cody White,SEA,0.0,0.0,0.0,0.0,0.0,0.0,0.0,0.0,0.7,8.4,0.0,0.0,0.0,0.0,0.0,0.0,0.0,0.0,0.0,1.1,2025-10-08 17:50:33
379,1,Malik Heath,GB,0.0,0.0,0.0,0.0,0.0,0.0,0.3,0.0,0.6,6.1,0.1,0.0,0.0,0.0,0.0,0.0,0.0,0.0,0.0,1.0,2025-10-08 17:50:33
380,1,Isaiah Bond,CLE,0.0,0.0,0.0,0.0,0.0,0.0,0.0,0.0,0.7,7.8,0.0,0.0,0.0,0.0,0.0,0.0,0.0,0.0,0.0,1.0,2025-10-08 17:50:33
381,1,Kalif Raymond,DET,0.0,0.0,0.0,0.0,0.0,0.0,0.3,0.0,0.6,7.5,0.0,0.0,0.0,0.0,0.0,0.0,0.0,0.0,0.0,1.0,2025-10-08 17:50:33
382,1,Jalin Hyatt,NYG,0.0,0.0,0.0,0.0,0.0,0.0,0.0,0.0,0.5,6.8,0.0,0.0,0.0,0.0,0.0,0.0,0.0,0.0,0.0,0.9,2025-10-08 17:50:33
383,1,Devontez Walker,BAL,0.0,0.0,0.0,0.0,0.0,0.0,0.1,0.0,0.5,5.7,0.0,0.0,0.0,0.0,0.0,0.0,0.0,0.0,0.0,0.9,2025-10-08 17:50:33
384,1,Tylan Wallace,BAL,0.0,0.0,0.0,0.0,0.0,0.0,0.1,0.0,0.5,5.7,0.0,0.0,0.0,0.0,0.0,0.0,0.0,0.0,0.0,0.8,2025-10-08 17:50:33
385,1,Luke McCaffrey,WAS,0.0,0.0,0.0,0.0,0.0,0.0,0.0,0.0,0.6,6.0,0.0,0.0,0.0,0.0,0.0,0.0,0.0,0.0,0.0,0.8,2025-10-08 17:50:33
386,1,Tez Johnson,TB,0.0,0.0,0.0,0.0,0.0,0.0,0.1,0.0,0.6,5.8,0.0,0.0,0.0,0.0,0.0,0.0,0.0,0.0,0.0,0.8,2025-10-08 17:50:33
387,1,Kendrick Bourne,SF,0.0,0.0,0.0,0.0,0.0,0.0,0.9,0.0,0.4,4.5,0.0,0.0,0.0,0.0,0.0,0.0,0.0,0.0,0.0,0.8,2025-10-08 17:50:33
388,1,Savion Williams,GB,0.0,0.0,0.0,0.0,0.0,0.3,0.9,0.0,0.4,4.8,0.0,0.0,0.0,0.0,0.0,0.0,0.0,0.0,0.0,0.8,2025-10-08 17:50:33
389,1,Mason Tipton,NO,0.0,0.0,0.0,0.0,0.0,0.0,0.0,0.0,0.5,5.5,0.0,0.0,0.0,0.0,0.0,0.0,0.0,0.0,0.0,0.8,2025-10-08 17:50:33
390,1,Brycen Tremayne,CAR,0.0,0.0,0.0,0.0,0.0,0.0,0.0,0.0,0.5,5.8,0.0,0.0,0.0,0.0,0.0,0.0,0.0,0.0,0.0,0.7,2025-10-08 17:50:33
391,1,KeAndre Lambert-Smith,LAC,0.0,0.0,0.0,0.0,0.0,0.0,0.1,0.0,0.4,4.4,0.0,0.0,0.0,0.0,0.0,0.0,0.0,0.0,0.0,0.6,2025-10-08 17:50:33
392,1,Dee Eskridge,MIA,0.0,0.0,0.0,0.0,0.0,0.0,0.0,0.0,0.4,4.1,0.0,0.0,0.0,0.0,0.0,0.0,0.0,0.0,0.0,0.6,2025-10-08 17:50:33
393,1,Charlie Jones,CIN,0.0,0.0,0.0,0.0,0.0,0.0,0.1,0.0,0.4,4.4,0.0,0.0,0.0,0.0,0.0,0.0,0.0,0.0,0.0,0.6,2025-10-08 17:50:33
394,1,DeAndre Carter,CLE,0.0,0.0,0.0,0.0,0.0,0.0,0.1,0.0,0.4,4.7,0.0,0.0,0.0,0.0,0.0,0.0,0.0,0.0,0.0,0.6,2025-10-08 17:50:33
395,1,Jaylin Lane,WAS,0.0,0.0,0.0,0.0,0.0,0.1,0.8,0.0,0.2,2.2,0.0,0.0,0.0,0.0,0.0,0.0,0.0,0.0,0.0,0.5,2025-10-08 17:50:33
396,1,Derius Davis,LAC,0.0,0.0,0.0,0.0,0.0,0.6,1.6,0.0,0.2,2.2,0.0,0.0,0.0,0.0,0.0,0.0,0.0,0.0,0.0,0.4,2025-10-08 17:50:33
397,1,Ben Skowronek,PIT,0.0,0.0,0.0,0.0,0.0,0.0,0.0,0.0,0.3,3.0,0.0,0.0,0.0,0.0,0.0,0.0,0.0,0.0,0.0,0.4,2025-10-08 17:50:33
398,1,Trent Sherfield Sr.,DEN,0.0,0.0,0.0,0.0,0.0,0.0,0.0,0.0,0.3,2.8,0.0,0.0,0.0,0.0,0.0,0.0,0.0,0.0,0.0,0.3,2025-10-08 17:50:33
399,1,Bryce Oliver,TEN,0.0,0.0,0.0,0.0,0.0,0.0,0.0,0.0,0.2,2.2,0.0,0.0,0.0,0.0,0.0,0.0,0.0,0.0,0.0,0.3,2025-10-08 17:50:33
400,1,John Metchie III,PHI,0.0,0.0,0.0,0.0,0.0,0.0,0.0,0.0,0.2,2.1,0.0,0.0,0.0,0.0,0.0,0.0,0.0,0.0,0.0,0.3,2025-10-08 17:50:33
401,1,Ashton Dulin,IND,0.0,0.0,0.0,0.0,0.0,0.0,0.3,0.0,0.2,1.7,0.0,0.0,0.0,0.0,0.0,0.0,0.0,0.0,0.0,0.2,2025-10-08 17:50:33
402,1,Anthony Gould,IND,0.0,0.0,0.0,0.0,0.0,0.0,0.1,0.0,0.2,1.8,0.0,0.0,0.0,0.0,0.0,0.0,0.0,0.0,0.0,0.2,2025-10-08 17:50:33
403,1,Tyrell Shavers,BUF,0.0,0.0,0.0,0.0,0.0,0.0,0.0,0.0,0.1,1.2,0.0,0.0,0.0,0.0,0.0,0.0,0.0,0.0,0.0,0.2,2025-10-08 17:50:33
404,1,Konata Mumpfield,LAR,0.0,0.0,0.0,0.0,0.0,0.0,0.0,0.0,0.1,1.2,0.0,0.0,0.0,0.0,0.0,0.0,0.0,0.0,0.0,0.2,2025-10-08 17:50:33
405,1,Xavier Smith,LAR,0.0,0.0,0.0,0.0,0.0,0.1,0.9,0.0,0.1,1.1,0.0,0.0,0.0,0.0,0.0,0.0,0.0,0.0,0.0,0.2,2025-10-08 17:50:33
406,1,Nikko Remigio,KC,0.0,0.0,0.0,0.0,0.0,0.0,0.0,0.0,0.1,1.7,0.0,0.0,0.0,0.0,0.0,0.0,0.0,0.0,0.0,0.2,2025-10-08 17:50:33
407,1,Scotty Miller,PIT,0.0,0.0,0.0,0.0,0.0,0.0,0.0,0.0,0.1,1.1,0.0,0.0,0.0,0.0,0.0,0.0,0.0,0.0,0.0,0.2,2025-10-08 17:50:33
408,1,Devin Duvernay,CHI,0.0,0.0,0.0,0.0,0.0,0.0,0.2,0.0,0.1,0.9,0.0,0.0,0.0,0.0,0.0,0.0,0.0,0.0,0.0,0.1,2025-10-08 17:50:33
409,1,Phillip Dorsett II,LV,0.0,0.0,0.0,0.0,0.0,0.0,0.0,0.0,0.0,0.0,0.0,0.0,0.0,0.0,0.0,0.0,0.0,0.0,0.0,0.0,2025-10-08 17:50:33
410,1,Laquon Treadwell,IND,0.0,0.0,0.0,0.0,0.0,0.0,0.0,0.0,0.0,0.0,0.0,0.0,0.0,0.0,0.0,0.0,0.0,0.0,0.0,0.0,2025-10-08 17:50:33
411,1,Chris Moore,WAS,0.0,0.0,0.0,0.0,0.0,0.0,0.0,0.0,0.0,0.0,0.0,0.0,0.0,0.0,0.0,0.0,0.0,0.0,0.0,0.0,2025-10-08 17:50:33
412,1,Demarcus Robinson,SF,0.0,0.0,0.0,0.0,0.0,0.0,0.0,0.0,0.0,0.0,0.0,0.0,0.0,0.0,0.0,0.0,0.0,0.0,0.0,0.0,2025-10-08 17:50:33
413,1,Robbie Chosen,WAS,0.0,0.0,0.0,0.0,0.0,0.0,0.0,0.0,0.0,0.0,0.0,0.0,0.0,0.0,0.0,0.0,0.0,0.0,0.0,0.0,2025-10-08 17:50:33
414,1,Chris Godwin Jr.,TB,0.0,0.0,0.0,0.0,0.0,0.0,0.0,0.0,0.0,0.0,0.0,0.0,0.0,0.0,0.0,0.0,0.0,0.0,0.0,0.0,2025-10-08 17:50:33
415,1,Curtis Samuel,BUF,0.0,0.0,0.0,0.0,0.0,0.0,0.0,0.0,0.0,0.0,0.0,0.0,0.0,0.0,0.0,0.0,0.0,0.0,0.0,0.0,2025-10-08 17:50:33
416,1,Trent Taylor,SF,0.0,0.0,0.0,0.0,0.0,0.0,0.0,0.0,0.0,0.0,0.0,0.0,0.0,0.0,0.0,0.0,0.0,0.0,0.0,0.0,2025-10-08 17:50:33
417,1,Tim Patrick,JAC,0.0,0.0,0.0,0.0,0.0,0.0,0.0,0.0,0.0,0.0,0.0,0.0,0.0,0.0,0.0,0.0,0.0,0.0,0.0,0.0,2025-10-08 17:50:33
418,1,Cedrick Wilson Jr.,MIA,0.0,0.0,0.0,0.0,0.0,0.0,0.0,0.0,0.0,0.0,0.0,0.0,0.0,0.0,0.0,0.0,0.0,0.0,0.0,0.0,2025-10-08 17:50:33
419,1,Dante Pettis,NO,0.0,0.0,0.0,0.0,0.0,0.0,0.0,0.0,0.0,0.0,0.0,0.0,0.0,0.0,0.0,0.0,0.0,0.0,0.0,0.0,2025-10-08 17:50:33
420,1,Braxton Berrios,HOU,0.0,0.0,0.0,0.0,0.0,0.0,0.0,0.0,0.0,0.0,0.0,0.0,0.0,0.0,0.0,0.0,0.0,0.0,0.0,0.0,2025-10-08 17:50:33
421,1,Allen Lazard,NYJ,0.0,0.0,0.0,0.0,0.0,0.0,0.0,0.0,0.0,0.0,0.0,0.0,0.0,0.0,0.0,0.0,0.0,0.0,0.0,0.0,2025-10-08 17:50:33
422,1,Keith Kirkwood,BAL,0.0,0.0,0.0,0.0,0.0,0.0,0.0,0.0,0.0,0.0,0.0,0.0,0.0,0.0,0.0,0.0,0.0,0.0,0.0,0.0,2025-10-08 17:50:33
423,1,David Sills V,ATL,0.0,0.0,0.0,0.0,0.0,0.0,0.0,0.0,0.0,0.0,0.0,0.0,0.0,0.0,0.0,0.0,0.0,0.0,0.0,0.0,2025-10-08 17:50:33
424,1,Lil'Jordan Humphrey,NYG,0.0,0.0,0.0,0.0,0.0,0.0,0.0,0.0,0.0,0.0,0.0,0.0,0.0,0.0,0.0,0.0,0.0,0.0,0.0,0.0,2025-10-08 17:50:33
425,1,Miles Boykin,CHI,0.0,0.0,0.0,0.0,0.0,0.0,0.0,0.0,0.0,0.0,0.0,0.0,0.0,0.0,0.0,0.0,0.0,0.0,0.0,0.0,2025-10-08 17:50:33
426,1,Alex Bachman,LV,0.0,0.0,0.0,0.0,0.0,0.0,0.0,0.0,0.0,0.0,0.0,0.0,0.0,0.0,0.0,0.0,0.0,0.0,0.0,0.0,2025-10-08 17:50:33
427,1,D.J. Montgomery,IND,0.0,0.0,0.0,0.0,0.0,0.0,0.0,0.0,0.0,0.0,0.0,0.0,0.0,0.0,0.0,0.0,0.0,0.0,0.0,0.0,2025-10-08 17:50:33
428,1,Tom Kennedy,DET,0.0,0.0,0.0,0.0,0.0,0.0,0.0,0.0,0.0,0.0,0.0,0.0,0.0,0.0,0.0,0.0,0.0,0.0,0.0,0.0,2025-10-08 17:50:33
429,1,Gunner Olszewski,NYG,0.0,0.0,0.0,0.0,0.0,0.0,0.0,0.0,0.0,0.0,0.0,0.0,0.0,0.0,0.0,0.0,0.0,0.0,0.0,0.0,2025-10-08 17:50:33
430,1,Jalen Reagor,LAC,0.0,0.0,0.0,0.0,0.0,0.0,0.0,0.0,0.0,0.0,0.0,0.0,0.0,0.0,0.0,0.0,0.0,0.0,0.0,0.0,2025-10-08 17:50:33
431,1,Brandon Aiyuk,SF,0.0,0.0,0.0,0.0,0.0,0.0,0.0,0.0,0.0,0.0,0.0,0.0,0.0,0.0,0.0,0.0,0.0,0.0,0.0,0.0,2025-10-08 17:50:33
432,1,James Proche II,TEN,0.0,0.0,0.0,0.0,0.0,0.0,0.0,0.0,0.0,0.0,0.0,0.0,0.0,0.0,0.0,0.0,0.0,0.0,0.0,0.0,2025-10-08 17:50:33
433,1,Isaiah Hodgins,PIT,0.0,0.0,0.0,0.0,0.0,0.0,0.0,0.0,0.0,0.0,0.0,0.0,0.0,0.0,0.0,0.0,0.0,0.0,0.0,0.0,2025-10-08 17:50:33
434,1,Quintez Cephus,HOU,0.0,0.0,0.0,0.0,0.0,0.0,0.0,0.0,0.0,0.0,0.0,0.0,0.0,0.0,0.0,0.0,0.0,0.0,0.0,0.0,2025-10-08 17:50:33
435,1,Gabe Davis,BUF,0.0,0.0,0.0,0.0,0.0,0.0,0.0,0.0,0.0,0.0,0.0,0.0,0.0,0.0,0.0,0.0,0.0,0.0,0.0,0.0,2025-10-08 17:50:33
436,1,Mason Kinsey,TEN,0.0,0.0,0.0,0.0,0.0,0.0,0.0,0.0,0.0,0.0,0.0,0.0,0.0,0.0,0.0,0.0,0.0,0.0,0.0,0.0,2025-10-08 17:50:33
437,1,Quez Watkins,PHI,0.0,0.0,0.0,0.0,0.0,0.0,0.0,0.0,0.0,0.0,0.0,0.0,0.0,0.0,0.0,0.0,0.0,0.0,0.0,0.0,2025-10-08 17:50:33
438,1,Darnell Mooney,ATL,0.0,0.0,0.0,0.0,0.0,0.0,0.0,0.0,0.0,0.0,0.0,0.0,0.0,0.0,0.0,0.0,0.0,0.0,0.0,0.0,2025-10-08 17:50:33
439,1,Kristian Wilkerson,BUF,0.0,0.0,0.0,0.0,0.0,0.0,0.0,0.0,0.0,0.0,0.0,0.0,0.0,0.0,0.0,0.0,0.0,0.0,0.0,0.0,2025-10-08 17:50:33
440,1,Andre Baccellia,ARI,0.0,0.0,0.0,0.0,0.0,0.0,0.0,0.0,0.0,0.0,0.0,0.0,0.0,0.0,0.0,0.0,0.0,0.0,0.0,0.0,2025-10-08 17:50:33
441,1,Dan Chisena,CAR,0.0,0.0,0.0,0.0,0.0,0.0,0.0,0.0,0.0,0.0,0.0,0.0,0.0,0.0,0.0,0.0,0.0,0.0,0.0,0.0,2025-10-08 17:50:33
442,1,Ihmir Smith-Marsette,NYG,0.0,0.0,0.0,0.0,0.0,0.0,0.0,0.0,0.0,0.0,0.0,0.0,0.0,0.0,0.0,0.0,0.0,0.0,0.0,0.0,2025-10-08 17:50:33
443,1,Seth Williams,LV,0.0,0.0,0.0,0.0,0.0,0.0,0.0,0.0,0.0,0.0,0.0,0.0,0.0,0.0,0.0,0.0,0.0,0.0,0.0,0.0,2025-10-08 17:50:33
444,1,Chris Blair,ATL,0.0,0.0,0.0,0.0,0.0,0.0,0.0,0.0,0.0,0.0,0.0,0.0,0.0,0.0,0.0,0.0,0.0,0.0,0.0,0.0,2025-10-08 17:50:33
445,1,Javon Baker,PHI,0.0,0.0,0.0,0.0,0.0,0.0,0.0,0.0,0.0,0.0,0.0,0.0,0.0,0.0,0.0,0.0,0.0,0.0,0.0,0.0,2025-10-08 17:50:33
446,1,Beaux Collins,NYG,0.0,0.0,0.0,0.0,0.0,0.0,0.0,0.0,0.0,0.0,0.0,0.0,0.0,0.0,0.0,0.0,0.0,0.0,0.0,0.0,2025-10-08 17:50:33
447,1,Jermaine Burton,CIN,0.0,0.0,0.0,0.0,0.0,0.0,0.0,0.0,0.0,0.0,0.0,0.0,0.0,0.0,0.0,0.0,0.0,0.0,0.0,0.0,2025-10-08 17:50:33
448,1,Malik Cunningham,DET,0.0,0.0,0.0,0.0,0.0,0.0,0.0,0.0,0.0,0.0,0.0,0.0,0.0,0.0,0.0,0.0,0.0,0.0,0.0,0.0,2025-10-08 17:50:33
449,1,Ronnie Bell,NO,0.0,0.0,0.0,0.0,0.0,0.0,0.0,0.0,0.0,0.0,0.0,0.0,0.0,0.0,0.0,0.0,0.0,0.0,0.0,0.0,2025-10-08 17:50:33
450,1,Cornelius Johnson,BAL,0.0,0.0,0.0,0.0,0.0,0.0,0.0,0.0,0.0,0.0,0.0,0.0,0.0,0.0,0.0,0.0,0.0,0.0,0.0,0.0,2025-10-08 17:50:33
451,1,Jonathan Mingo,DAL,0.0,0.0,0.0,0.0,0.0,0.0,0.0,0.0,0.0,0.0,0.0,0.0,0.0,0.0,0.0,0.0,0.0,0.0,0.0,0.0,2025-10-08 17:50:33
452,1,Kevin Austin Jr.,NO,0.0,0.0,0.0,0.0,0.0,0.0,0.0,0.0,0.0,0.0,0.0,0.0,0.0,0.0,0.0,0.0,0.0,0.0,0.0,0.0,2025-10-08 17:50:33
453,1,Jordan Addison,MIN,0.0,0.0,0.0,0.0,0.0,0.0,0.0,0.0,0.0,0.0,0.0,0.0,0.0,0.0,0.0,0.0,0.0,0.0,0.0,0.0,2025-10-08 17:50:33
454,1,David Bell,CLE,0.0,0.0,0.0,0.0,0.0,0.0,0.0,0.0,0.0,0.0,0.0,0.0,0.0,0.0,0.0,0.0,0.0,0.0,0.0,0.0,2025-10-08 17:50:33
455,1,Ainias Smith,CAR,0.0,0.0,0.0,0.0,0.0,0.0,0.0,0.0,0.0,0.0,0.0,0.0,0.0,0.0,0.0,0.0,0.0,0.0,0.0,0.0,2025-10-08 17:50:33
456,1,Jalen McMillan,TB,0.0,0.0,0.0,0.0,0.0,0.0,0.0,0.0,0.0,0.0,0.0,0.0,0.0,0.0,0.0,0.0,0.0,0.0,0.0,0.0,2025-10-08 17:50:33
457,1,Simi Fehoko,ARI,0.0,0.0,0.0,0.0,0.0,0.0,0.0,0.0,0.0,0.0,0.0,0.0,0.0,0.0,0.0,0.0,0.0,0.0,0.0,0.0,2025-10-08 17:50:33
458,1,Terrace Marshall Jr.,PHI,0.0,0.0,0.0,0.0,0.0,0.0,0.0,0.0,0.0,0.0,0.0,0.0,0.0,0.0,0.0,0.0,0.0,0.0,0.0,0.0,2025-10-08 17:50:33
459,1,Austin Trammell,JAC,0.0,0.0,0.0,0.0,0.0,0.0,0.0,0.0,0.0,0.0,0.0,0.0,0.0,0.0,0.0,0.0,0.0,0.0,0.0,0.0,2025-10-08 17:50:33
460,1,Brandon Smith,NYJ,0.0,0.0,0.0,0.0,0.0,0.0,0.0,0.0,0.0,0.0,0.0,0.0,0.0,0.0,0.0,0.0,0.0,0.0,0.0,0.0,2025-10-08 17:50:33
461,1,Tim Jones,JAC,0.0,0.0,0.0,0.0,0.0,0.0,0.0,0.0,0.0,0.0,0.0,0.0,0.0,0.0,0.0,0.0,0.0,0.0,0.0,0.0,2025-10-08 17:50:33
462,1,Michael Bandy,DEN,0.0,0.0,0.0,0.0,0.0,0.0,0.0,0.0,0.0,0.0,0.0,0.0,0.0,0.0,0.0,0.0,0.0,0.0,0.0,0.0,2025-10-08 17:50:33
463,1,Samori Toure,DEN,0.0,0.0,0.0,0.0,0.0,0.0,0.0,0.0,0.0,0.0,0.0,0.0,0.0,0.0,0.0,0.0,0.0,0.0,0.0,0.0,2025-10-08 17:50:33
464,1,Christian Watson,GB,0.0,0.0,0.0,0.0,0.0,0.0,0.0,0.0,0.0,0.0,0.0,0.0,0.0,0.0,0.0,0.0,0.0,0.0,0.0,0.0,2025-10-08 17:50:33
465,1,Xavier Weaver,ARI,0.0,0.0,0.0,0.0,0.0,0.0,0.0,0.0,0.0,0.0,0.0,0.0,0.0,0.0,0.0,0.0,0.0,0.0,0.0,0.0,2025-10-08 17:50:33
466,1,Tay Martin,WAS,0.0,0.0,0.0,0.0,0.0,0.0,0.0,0.0,0.0,0.0,0.0,0.0,0.0,0.0,0.0,0.0,0.0,0.0,0.0,0.0,2025-10-08 17:50:33
467,1,Deven Thompkins,ATL,0.0,0.0,0.0,0.0,0.0,0.0,0.0,0.0,0.0,0.0,0.0,0.0,0.0,0.0,0.0,0.0,0.0,0.0,0.0,0.0,2025-10-08 17:50:33
468,1,Britain Covey,PHI,0.0,0.0,0.0,0.0,0.0,0.0,0.0,0.0,0.0,0.0,0.0,0.0,0.0,0.0,0.0,0.0,0.0,0.0,0.0,0.0,2025-10-08 17:50:33
469,1,A.T. Perry,DEN,0.0,0.0,0.0,0.0,0.0,0.0,0.0,0.0,0.0,0.0,0.0,0.0,0.0,0.0,0.0,0.0,0.0,0.0,0.0,0.0,2025-10-08 17:50:33
470,1,Dareke Young,SEA,0.0,0.0,0.0,0.0,0.0,0.0,0.0,0.0,0.0,0.0,0.0,0.0,0.0,0.0,0.0,0.0,0.0,0.0,0.0,0.0,2025-10-08 17:50:33
471,1,Kaden Davis,CLE,0.0,0.0,0.0,0.0,0.0,0.0,0.0,0.0,0.0,0.0,0.0,0.0,0.0,0.0,0.0,0.0,0.0,0.0,0.0,0.0,2025-10-08 17:50:33
472,1,Kendric Pryor,CIN,0.0,0.0,0.0,0.0,0.0,0.0,0.0,0.0,0.0,0.0,0.0,0.0,0.0,0.0,0.0,0.0,0.0,0.0,0.0,0.0,2025-10-08 17:50:33
473,1,Dennis Houston,TB,0.0,0.0,0.0,0.0,0.0,0.0,0.0,0.0,0.0,0.0,0.0,0.0,0.0,0.0,0.0,0.0,0.0,0.0,0.0,0.0,2025-10-08 17:50:33
474,1,Irvin Charles,NYJ,0.0,0.0,0.0,0.0,0.0,0.0,0.0,0.0,0.0,0.0,0.0,0.0,0.0,0.0,0.0,0.0,0.0,0.0,0.0,0.0,2025-10-08 17:50:33
475,1,Maurice Alexander,CHI,0.0,0.0,0.0,0.0,0.0,0.0,0.0,0.0,0.0,0.0,0.0,0.0,0.0,0.0,0.0,0.0,0.0,0.0,0.0,0.0,2025-10-08 17:50:33
476,1,Jacob Cowing,SF,0.0,0.0,0.0,0.0,0.0,0.0,0.0,0.0,0.0,0.0,0.0,0.0,0.0,0.0,0.0,0.0,0.0,0.0,0.0,0.0,2025-10-08 17:50:33
477,1,Jake Bobo,SEA,0.0,0.0,0.0,0.0,0.0,0.0,0.0,0.0,0.0,0.0,0.0,0.0,0.0,0.0,0.0,0.0,0.0,0.0,0.0,0.0,2025-10-08 17:50:33
478,1,Bryce Ford-Wheaton,NYG,0.0,0.0,0.0,0.0,0.0,0.0,0.0,0.0,0.0,0.0,0.0,0.0,0.0,0.0,0.0,0.0,0.0,0.0,0.0,0.0,2025-10-08 17:50:33
479,1,Jalen Cropper,DAL,0.0,0.0,0.0,0.0,0.0,0.0,0.0,0.0,0.0,0.0,0.0,0.0,0.0,0.0,0.0,0.0,0.0,0.0,0.0,0.0,2025-10-08 17:50:33
480,1,Tank Dell,HOU,0.0,0.0,0.0,0.0,0.0,0.0,0.0,0.0,0.0,0.0,0.0,0.0,0.0,0.0,0.0,0.0,0.0,0.0,0.0,0.0,2025-10-08 17:50:33
481,1,Jalen Brooks,DAL,0.0,0.0,0.0,0.0,0.0,0.0,0.0,0.0,0.0,0.0,0.0,0.0,0.0,0.0,0.0,0.0,0.0,0.0,0.0,0.0,2025-10-08 17:50:33
482,1,Jared Wayne,HOU,0.0,0.0,0.0,0.0,0.0,0.0,0.0,0.0,0.0,0.0,0.0,0.0,0.0,0.0,0.0,0.0,0.0,0.0,0.0,0.0,2025-10-08 17:50:33
483,1,Shedrick Jackson,LV,0.0,0.0,0.0,0.0,0.0,0.0,0.0,0.0,0.0,0.0,0.0,0.0,0.0,0.0,0.0,0.0,0.0,0.0,0.0,0.0,2025-10-08 17:50:33
484,1,Jason Brownlee,KC,0.0,0.0,0.0,0.0,0.0,0.0,0.0,0.0,0.0,0.0,0.0,0.0,0.0,0.0,0.0,0.0,0.0,0.0,0.0,0.0,2025-10-08 17:50:33
485,1,Dylan Drummond,ATL,0.0,0.0,0.0,0.0,0.0,0.0,0.0,0.0,0.0,0.0,0.0,0.0,0.0,0.0,0.0,0.0,0.0,0.0,0.0,0.0,2025-10-08 17:50:33
486,1,Dominic Lovett,DET,0.0,0.0,0.0,0.0,0.0,0.0,0.0,0.0,0.0,0.0,0.0,0.0,0.0,0.0,0.0,0.0,0.0,0.0,0.0,0.0,2025-10-08 17:50:33
487,1,Isaiah Neyor,GB,0.0,0.0,0.0,0.0,0.0,0.0,0.0,0.0,0.0,0.0,0.0,0.0,0.0,0.0,0.0,0.0,0.0,0.0,0.0,0.0,2025-10-08 17:50:33
488,1,Malachi Corley,CLE,0.0,0.0,0.0,0.0,0.0,0.0,0.0,0.0,0.0,0.0,0.0,0.0,0.0,0.0,0.0,0.0,0.0,0.0,0.0,0.0,2025-10-08 17:50:33
489,1,Bub Means,NO,0.0,0.0,0.0,0.0,0.0,0.0,0.0,0.0,0.0,0.0,0.0,0.0,0.0,0.0,0.0,0.0,0.0,0.0,0.0,0.0,2025-10-08 17:50:33
490,1,Joshua Cephus,JAC,0.0,0.0,0.0,0.0,0.0,0.0,0.0,0.0,0.0,0.0,0.0,0.0,0.0,0.0,0.0,0.0,0.0,0.0,0.0,0.0,2025-10-08 17:50:33
491,1,Tahj Washington,MIA,0.0,0.0,0.0,0.0,0.0,0.0,0.0,0.0,0.0,0.0,0.0,0.0,0.0,0.0,0.0,0.0,0.0,0.0,0.0,0.0,2025-10-08 17:50:33
492,1,Ryan Flournoy,DAL,0.0,0.0,0.0,0.0,0.0,0.0,0.0,0.0,0.0,0.0,0.0,0.0,0.0,0.0,0.0,0.0,0.0,0.0,0.0,0.0,2025-10-08 17:50:33
493,1,Jalen Coker,CAR,0.0,0.0,0.0,0.0,0.0,0.0,0.0,0.0,0.0,0.0,0.0,0.0,0.0,0.0,0.0,0.0,0.0,0.0,0.0,0.0,2025-10-08 17:50:33
494,1,Tejhaun Palmer,ARI,0.0,0.0,0.0,0.0,0.0,0.0,0.0,0.0,0.0,0.0,0.0,0.0,0.0,0.0,0.0,0.0,0.0,0.0,0.0,0.0,2025-10-08 17:50:33
495,1,Kameron Johnson,TB,0.0,0.0,0.0,0.0,0.0,0.0,0.0,0.0,0.0,0.0,0.0,0.0,0.0,0.0,0.0,0.0,0.0,0.0,0.0,0.0,2025-10-08 17:50:33
496,1,Xavier Restrepo,TEN,0.0,0.0,0.0,0.0,0.0,0.0,0.0,0.0,0.0,0.0,0.0,0.0,0.0,0.0,0.0,0.0,0.0,0.0,0.0,0.0,2025-10-08 17:50:33
497,1,Jalen Royals,KC,0.0,0.0,0.0,0.0,0.0,0.0,0.0,0.0,0.0,0.0,0.0,0.0,0.0,0.0,0.0,0.0,0.0,0.0,0.0,0.0,2025-10-08 17:50:33
498,1,Ricky White III,SEA,0.0,0.0,0.0,0.0,0.0,0.0,0.0,0.0,0.0,0.0,0.0,0.0,0.0,0.0,0.0,0.0,0.0,0.0,0.0,0.0,2025-10-08 17:50:33
499,1,Nick Nash,ATL,0.0,0.0,0.0,0.0,0.0,0.0,0.0,0.0,0.0,0.0,0.0,0.0,0.0,0.0,0.0,0.0,0.0,0.0,0.0,0.0,2025-10-08 17:50:33
500,1,Jimmy Horn Jr.,CAR,0.0,0.0,0.0,0.0,0.0,0.0,0.0,0.0,0.0,0.0,0.0,0.0,0.0,0.0,0.0,0.0,0.0,0.0,0.0,0.0,2025-10-08 17:50:33
501,1,Efton Chism III,NE,0.0,0.0,0.0,0.0,0.0,0.0,0.0,0.0,0.0,0.0,0.0,0.0,0.0,0.0,0.0,0.0,0.0,0.0,0.0,0.0,2025-10-08 17:50:33
502,1,LaJohntay Wester,BAL,0.0,0.0,0.0,0.0,0.0,0.0,0.0,0.0,0.0,0.0,0.0,0.0,0.0,0.0,0.0,0.0,0.0,0.0,0.0,0.0,2025-10-08 17:50:33
503,1,Jordan Watkins,SF,0.0,0.0,0.0,0.0,0.0,0.0,0.0,0.0,0.0,0.0,0.0,0.0,0.0,0.0,0.0,0.0,0.0,0.0,0.0,0.0,2025-10-08 17:50:33
504,1,Junior Bergen,SF,0.0,0.0,0.0,0.0,0.0,0.0,0.0,0.0,0.0,0.0,0.0,0.0,0.0,0.0,0.0,0.0,0.0,0.0,0.0,0.0,2025-10-08 17:50:33
505,1,Gage Larvadain,CLE,0.0,0.0,0.0,0.0,0.0,0.0,0.0,0.0,0.0,0.0,0.0,0.0,0.0,0.0,0.0,0.0,0.0,0.0,0.0,0.0,2025-10-08 17:50:33
506,1,Brock Bowers,LV,0.0,0.0,0.0,0.0,0.0,0.0,0.0,0.0,6.5,69.7,0.4,0.0,0.0,0.0,0.0,0.0,0.0,0.0,0.0,9.2,2025-10-08 17:50:33
507,1,Trey McBride,ARI,0.0,0.0,0.0,0.0,0.0,0.0,0.0,0.0,6.3,66.7,0.4,0.0,0.0,0.0,0.0,0.0,0.0,0.0,0.0,8.7,2025-10-08 17:50:33
508,1,Travis Kelce,KC,0.0,0.0,0.0,0.0,0.0,0.0,0.0,0.0,5.4,52.6,0.3,0.0,0.0,0.0,0.0,0.0,0.0,0.0,0.0,7.3,2025-10-08 17:50:33
509,1,Mark Andrews,BAL,0.0,0.0,0.0,0.0,0.0,0.0,0.0,0.0,4.1,46.6,0.4,0.1,0.0,0.0,0.0,0.0,0.0,0.0,0.0,7.1,2025-10-08 17:50:33
510,1,David Njoku,CLE,0.0,0.0,0.0,0.0,0.0,0.0,0.0,0.0,4.9,49.0,0.4,0.0,0.0,0.0,0.0,0.0,0.0,0.0,0.0,7.0,2025-10-08 17:50:33
511,1,Sam LaPorta,DET,0.0,0.0,0.0,0.0,0.0,0.0,0.0,0.0,4.1,44.9,0.3,0.0,0.0,0.0,0.0,0.0,0.0,0.0,0.0,6.5,2025-10-08 17:50:33
512,1,T.J. Hockenson,MIN,0.0,0.0,0.0,0.0,0.0,0.0,0.0,0.0,4.7,50.2,0.2,0.0,0.0,0.0,0.0,0.0,0.0,0.0,0.0,6.4,2025-10-08 17:50:33
513,1,Tyler Warren,IND,0.0,0.0,0.0,0.0,0.0,0.0,0.0,0.0,3.9,41.0,0.3,0.1,0.0,0.0,0.0,0.0,0.0,0.0,0.0,5.7,2025-10-08 17:50:33
514,1,Dallas Goedert,PHI,0.0,0.0,0.0,0.0,0.0,0.0,0.0,0.0,3.6,42.1,0.2,0.0,0.0,0.0,0.0,0.0,0.0,0.0,0.0,5.6,2025-10-08 17:50:33
515,1,Tucker Kraft,GB,0.0,0.0,0.0,0.0,0.0,0.0,0.0,0.0,3.3,39.0,0.3,0.0,0.0,0.0,0.0,0.0,0.0,0.0,0.0,5.6,2025-10-08 17:50:33
516,1,Zach Ertz,WAS,0.0,0.0,0.0,0.0,0.0,0.0,0.0,0.0,3.8,34.8,0.3,0.0,0.0,0.0,0.0,0.0,0.0,0.0,0.0,5.4,2025-10-08 17:50:33
517,1,Kyle Pitts Sr.,ATL,0.0,0.0,0.0,0.0,0.0,0.0,0.0,0.0,3.2,40.8,0.2,0.0,0.0,0.0,0.0,0.0,0.0,0.0,0.0,5.4,2025-10-08 17:50:33
518,1,Evan Engram,DEN,0.0,0.0,0.0,0.0,0.0,0.0,0.0,0.0,4.4,37.9,0.3,0.1,0.0,0.0,0.0,0.0,0.0,0.0,0.0,5.3,2025-10-08 17:50:33
519,1,Hunter Henry,NE,0.0,0.0,0.0,0.0,0.0,0.0,0.0,0.0,3.3,34.5,0.3,0.0,0.0,0.0,0.0,0.0,0.0,0.0,0.0,5.0,2025-10-08 17:50:33
520,1,Jake Ferguson,DAL,0.0,0.0,0.0,0.0,0.0,0.0,0.0,0.0,4.2,37.7,0.2,0.1,0.0,0.0,0.0,0.0,0.0,0.0,0.0,4.8,2025-10-08 17:50:33
521,1,Dalton Kincaid,BUF,0.0,0.0,0.0,0.0,0.0,0.0,0.0,0.0,3.5,36.3,0.2,0.0,0.0,0.0,0.0,0.0,0.0,0.0,0.0,4.8,2025-10-08 17:50:33
522,1,Cade Otton,TB,0.0,0.0,0.0,0.0,0.0,0.0,0.0,0.0,3.5,33.9,0.2,0.1,0.0,0.0,0.0,0.0,0.0,0.0,0.0,4.7,2025-10-08 17:50:33
523,1,Dalton Schultz,HOU,0.0,0.0,0.0,0.0,0.0,0.0,0.0,0.0,3.3,34.0,0.2,0.0,0.0,0.0,0.0,0.0,0.0,0.0,0.0,4.4,2025-10-08 17:50:33
524,1,Mike Gesicki,CIN,0.0,0.0,0.0,0.0,0.0,0.0,0.0,0.0,2.9,30.5,0.2,0.0,0.0,0.0,0.0,0.0,0.0,0.0,0.0,4.4,2025-10-08 17:50:33
525,1,Chig Okonkwo,TEN,0.0,0.0,0.0,0.0,0.0,0.0,0.0,0.0,3.5,34.3,0.2,0.0,0.0,0.0,0.0,0.0,0.0,0.0,0.0,4.4,2025-10-08 17:50:33
526,1,Jonnu Smith,PIT,0.0,0.0,0.0,0.0,0.0,0.0,0.0,0.0,2.9,29.7,0.2,0.0,0.0,0.0,0.0,0.0,0.0,0.0,0.0,4.2,2025-10-08 17:50:33
527,1,Theo Johnson,NYG,0.0,0.0,0.0,0.0,0.0,0.0,0.0,0.0,2.8,30.8,0.2,0.0,0.0,0.0,0.0,0.0,0.0,0.0,0.0,4.1,2025-10-08 17:50:33
528,1,Colston Loveland,CHI,0.0,0.0,0.0,0.0,0.0,0.0,0.0,0.0,3.0,31.2,0.2,0.1,0.0,0.0,0.0,0.0,0.0,0.0,0.0,4.1,2025-10-08 17:50:33
529,1,Pat Freiermuth,PIT,0.0,0.0,0.0,0.0,0.0,0.0,0.0,0.0,3.0,28.4,0.2,0.1,0.0,0.0,0.0,0.0,0.0,0.0,0.0,4.0,2025-10-08 17:50:33
530,1,Mason Taylor,NYJ,0.0,0.0,0.0,0.0,0.0,0.0,0.0,0.0,2.8,29.8,0.2,0.0,0.0,0.0,0.0,0.0,0.0,0.0,0.0,3.9,2025-10-08 17:50:33
531,1,Juwan Johnson,NO,0.0,0.0,0.0,0.0,0.0,0.0,0.0,0.0,2.7,29.0,0.2,0.0,0.0,0.0,0.0,0.0,0.0,0.0,0.0,3.8,2025-10-08 17:50:33
532,1,Ja'Tavion Sanders,CAR,0.0,0.0,0.0,0.0,0.0,0.0,0.0,0.0,2.8,29.0,0.2,0.0,0.0,0.0,0.0,0.0,0.0,0.0,0.0,3.8,2025-10-08 17:50:33
533,1,Robbie Ouzts,SEA,0.0,0.0,0.0,0.0,0.0,0.0,0.0,0.0,2.9,27.1,0.2,0.1,0.0,0.0,0.0,0.0,0.0,0.0,0.0,3.7,2025-10-08 17:50:33
534,1,Tyler Higbee,LAR,0.0,0.0,0.0,0.0,0.0,0.0,0.0,0.0,2.7,24.9,0.2,0.0,0.0,0.0,0.0,0.0,0.0,0.0,0.0,3.6,2025-10-08 17:50:33
535,1,Will Dissly,LAC,0.0,0.0,0.0,0.0,0.0,0.0,0.0,0.0,2.5,25.0,0.1,0.0,0.0,0.0,0.0,0.0,0.0,0.0,0.0,3.3,2025-10-08 17:50:33
536,1,Tyler Conklin,LAC,0.0,0.0,0.0,0.0,0.0,0.0,0.0,0.0,2.4,23.3,0.1,0.0,0.0,0.0,0.0,0.0,0.0,0.0,0.0,3.1,2025-10-08 17:50:33
537,1,Noah Gray,KC,0.0,0.0,0.0,0.0,0.0,0.0,0.0,0.0,2.1,20.7,0.2,0.0,0.0,0.0,0.0,0.0,0.0,0.0,0.0,3.0,2025-10-08 17:50:33
538,1,AJ Barner,SEA,0.0,0.0,0.0,0.0,0.0,0.0,0.0,0.0,2.1,19.6,0.1,0.0,0.0,0.0,0.0,0.0,0.0,0.0,0.0,2.8,2025-10-08 17:50:33
539,1,Julian Hill,MIA,0.0,0.0,0.0,0.0,0.0,0.0,0.0,0.0,2.1,20.2,0.1,0.0,0.0,0.0,0.0,0.0,0.0,0.0,0.0,2.7,2025-10-08 17:50:33
540,1,Elijah Arroyo,SEA,0.0,0.0,0.0,0.0,0.0,0.0,0.0,0.0,2.0,19.4,0.1,0.0,0.0,0.0,0.0,0.0,0.0,0.0,0.0,2.6,2025-10-08 17:50:33
541,1,Cole Kmet,CHI,0.0,0.0,0.0,0.0,0.0,0.0,0.0,0.0,1.7,17.5,0.1,0.0,0.0,0.0,0.0,0.0,0.0,0.0,0.0,2.5,2025-10-08 17:50:33
542,1,Harold Fannin Jr.,CLE,0.0,0.0,0.0,0.0,0.0,0.0,0.0,0.0,1.8,18.2,0.1,0.0,0.0,0.0,0.0,0.0,0.0,0.0,0.0,2.5,2025-10-08 17:50:33
543,1,Noah Fant,CIN,0.0,0.0,0.0,0.0,0.0,0.0,0.0,0.0,1.7,17.6,0.1,0.0,0.0,0.0,0.0,0.0,0.0,0.0,0.0,2.4,2025-10-08 17:50:33
544,1,Austin Hooper,NE,0.0,0.0,0.0,0.0,0.0,0.0,0.0,0.0,1.8,17.8,0.1,0.0,0.0,0.0,0.0,0.0,0.0,0.0,0.0,2.4,2025-10-08 17:50:33
545,1,Tanner Conner,MIA,0.0,0.0,0.0,0.0,0.0,0.0,0.0,0.0,1.5,14.8,0.1,0.0,0.0,0.0,0.0,0.0,0.0,0.0,0.0,2.1,2025-10-08 17:50:33
546,1,Payne Durham,TB,0.0,0.0,0.0,0.0,0.0,0.0,0.0,0.0,1.3,12.8,0.1,0.0,0.0,0.0,0.0,0.0,0.0,0.0,0.0,1.9,2025-10-08 17:50:33
547,1,Michael Mayer,LV,0.0,0.0,0.0,0.0,0.0,0.0,0.0,0.0,1.6,14.9,0.1,0.0,0.0,0.0,0.0,0.0,0.0,0.0,0.0,1.9,2025-10-08 17:50:33
548,1,Charlie Kolar,BAL,0.0,0.0,0.0,0.0,0.0,0.0,0.0,0.0,1.1,13.4,0.1,0.0,0.0,0.0,0.0,0.0,0.0,0.0,0.0,1.9,2025-10-08 17:50:33
549,1,Dawson Knox,BUF,0.0,0.0,0.0,0.0,0.0,0.0,0.0,0.0,1.1,12.7,0.1,0.0,0.0,0.0,0.0,0.0,0.0,0.0,0.0,1.9,2025-10-08 17:50:33
550,1,Gunnar Helm,TEN,0.0,0.0,0.0,0.0,0.0,0.0,0.0,0.0,1.3,13.2,0.1,0.0,0.0,0.0,0.0,0.0,0.0,0.0,0.0,1.8,2025-10-08 17:50:33
551,1,Tommy Tremble,CAR,0.0,0.0,0.0,0.0,0.0,0.0,0.0,0.0,1.2,11.9,0.1,0.0,0.0,0.0,0.0,0.0,0.0,0.0,0.0,1.8,2025-10-08 17:50:33
552,1,Josh Oliver,MIN,0.0,0.0,0.0,0.0,0.0,0.0,0.0,0.0,1.1,11.9,0.1,0.0,0.0,0.0,0.0,0.0,0.0,0.0,0.0,1.8,2025-10-08 17:50:33
553,1,Luke Musgrave,GB,0.0,0.0,0.0,0.0,0.0,0.0,0.0,0.0,1.2,11.4,0.1,0.0,0.0,0.0,0.0,0.0,0.0,0.0,0.0,1.6,2025-10-08 17:50:33
554,1,Adam Trautman,DEN,0.0,0.0,0.0,0.0,0.0,0.0,0.0,0.0,0.8,9.7,0.1,0.0,0.0,0.0,0.0,0.0,0.0,0.0,0.0,1.5,2025-10-08 17:50:33
555,1,Cade Stover,HOU,0.0,0.0,0.0,0.0,0.0,0.0,0.0,0.0,1.0,10.2,0.1,0.0,0.0,0.0,0.0,0.0,0.0,0.0,0.0,1.4,2025-10-08 17:50:33
556,1,Grant Calcaterra,PHI,0.0,0.0,0.0,0.0,0.0,0.0,0.0,0.0,0.8,9.0,0.1,0.0,0.0,0.0,0.0,0.0,0.0,0.0,0.0,1.2,2025-10-08 17:50:33
557,1,Jeremy Ruckert,NYJ,0.0,0.0,0.0,0.0,0.0,0.0,0.0,0.0,1.0,8.7,0.1,0.0,0.0,0.0,0.0,0.0,0.0,0.0,0.0,1.2,2025-10-08 17:50:33
558,1,Johnny Mundt,JAC,0.0,0.0,0.0,0.0,0.0,0.0,0.0,0.0,0.8,7.6,0.1,0.0,0.0,0.0,0.0,0.0,0.0,0.0,0.0,1.2,2025-10-08 17:50:33
559,1,Drew Ogletree,IND,0.0,0.0,0.0,0.0,0.0,0.0,0.0,0.0,0.5,6.8,0.1,0.0,0.0,0.0,0.0,0.0,0.0,0.0,0.0,1.1,2025-10-08 17:50:33
560,1,Luke Schoonmaker,DAL,0.0,0.0,0.0,0.0,0.0,0.0,0.0,0.0,0.9,7.6,0.1,0.0,0.0,0.0,0.0,0.0,0.0,0.0,0.0,1.1,2025-10-08 17:50:33
561,1,Brock Wright,DET,0.0,0.0,0.0,0.0,0.0,0.0,0.0,0.0,0.9,7.2,0.1,0.0,0.0,0.0,0.0,0.0,0.0,0.0,0.0,1.1,2025-10-08 17:50:33
562,1,Terrance Ferguson,LAR,0.0,0.0,0.0,0.0,0.0,0.0,0.0,0.0,0.6,7.5,0.1,0.0,0.0,0.0,0.0,0.0,0.0,0.0,0.0,1.1,2025-10-08 17:50:33
563,1,Daniel Bellinger,NYG,0.0,0.0,0.0,0.0,0.0,0.0,0.0,0.0,0.8,8.1,0.0,0.0,0.0,0.0,0.0,0.0,0.0,0.0,0.0,1.1,2025-10-08 17:50:33
564,1,Blake Whiteheart,CLE,0.0,0.0,0.0,0.0,0.0,0.0,0.0,0.0,0.6,6.4,0.1,0.0,0.0,0.0,0.0,0.0,0.0,0.0,0.0,1.0,2025-10-08 17:50:33
565,1,Elijah Higgins,ARI,0.0,0.0,0.0,0.0,0.0,0.0,0.0,0.0,0.6,6.2,0.1,0.0,0.0,0.0,0.0,0.0,0.0,0.0,0.0,1.0,2025-10-08 17:50:33
566,1,Ben Sinnott,WAS,0.0,0.0,0.0,0.0,0.0,0.0,0.0,0.0,0.7,6.3,0.1,0.0,0.0,0.0,0.0,0.0,0.0,0.0,0.0,1.0,2025-10-08 17:50:33
567,1,Eric Saubert,SEA,0.0,0.0,0.0,0.0,0.0,0.0,0.0,0.0,0.6,5.7,0.1,0.0,0.0,0.0,0.0,0.0,0.0,0.0,0.0,1.0,2025-10-08 17:50:33
568,1,Connor Heyward,PIT,0.0,0.0,0.0,0.0,0.0,0.0,0.0,0.0,0.8,6.1,0.1,0.0,0.0,0.0,0.0,0.0,0.0,0.0,0.0,0.9,2025-10-08 17:50:33
569,1,Colby Parkinson,LAR,0.0,0.0,0.0,0.0,0.0,0.0,0.0,0.0,0.6,6.0,0.1,0.0,0.0,0.0,0.0,0.0,0.0,0.0,0.0,0.9,2025-10-08 17:50:33
570,1,Darnell Washington,PIT,0.0,0.0,0.0,0.0,0.0,0.0,0.0,0.0,0.7,6.7,0.0,0.0,0.0,0.0,0.0,0.0,0.0,0.0,0.0,0.9,2025-10-08 17:50:33
571,1,Moliki Matavao,NO,0.0,0.0,0.0,0.0,0.0,0.0,0.0,0.0,0.8,7.3,0.0,0.0,0.0,0.0,0.0,0.0,0.0,0.0,0.0,0.9,2025-10-08 17:50:33
572,1,Drew Sample,CIN,0.0,0.0,0.0,0.0,0.0,0.0,0.0,0.0,0.6,5.2,0.1,0.0,0.0,0.0,0.0,0.0,0.0,0.0,0.0,0.8,2025-10-08 17:50:33
573,1,Charlie Woerner,ATL,0.0,0.0,0.0,0.0,0.0,0.0,0.0,0.0,0.7,6.5,0.0,0.0,0.0,0.0,0.0,0.0,0.0,0.0,0.0,0.8,2025-10-08 17:50:33
574,1,Lucas Krull,DEN,0.0,0.0,0.0,0.0,0.0,0.0,0.0,0.0,0.5,4.3,0.1,0.0,0.0,0.0,0.0,0.0,0.0,0.0,0.0,0.8,2025-10-08 17:50:33
575,1,Hunter Long,JAC,0.0,0.0,0.0,0.0,0.0,0.0,0.0,0.0,0.6,5.8,0.0,0.0,0.0,0.0,0.0,0.0,0.0,0.0,0.0,0.8,2025-10-08 17:50:33
576,1,Jackson Hawes,BUF,0.0,0.0,0.0,0.0,0.0,0.0,0.0,0.0,0.4,3.6,0.0,0.0,0.0,0.0,0.0,0.0,0.0,0.0,0.0,0.6,2025-10-08 17:50:33
577,1,John Bates,WAS,0.0,0.0,0.0,0.0,0.0,0.0,0.0,0.0,0.5,4.3,0.0,0.0,0.0,0.0,0.0,0.0,0.0,0.0,0.0,0.6,2025-10-08 17:50:33
578,1,Tip Reiman,ARI,0.0,0.0,0.0,0.0,0.0,0.0,0.0,0.0,0.5,5.0,0.0,0.0,0.0,0.0,0.0,0.0,0.0,0.0,0.0,0.6,2025-10-08 17:50:33
579,1,Brevyn Spann-Ford,DAL,0.0,0.0,0.0,0.0,0.0,0.0,0.0,0.0,0.5,4.6,0.0,0.0,0.0,0.0,0.0,0.0,0.0,0.0,0.0,0.6,2025-10-08 17:50:33
580,1,Chris Manhertz,NYG,0.0,0.0,0.0,0.0,0.0,0.0,0.0,0.0,0.3,2.7,0.0,0.0,0.0,0.0,0.0,0.0,0.0,0.0,0.0,0.5,2025-10-08 17:50:33
581,1,Mitchell Evans,CAR,0.0,0.0,0.0,0.0,0.0,0.0,0.0,0.0,0.4,4.3,0.0,0.0,0.0,0.0,0.0,0.0,0.0,0.0,0.0,0.5,2025-10-08 17:50:33
582,1,Stone Smartt,NYJ,0.0,0.0,0.0,0.0,0.0,0.0,0.0,0.0,0.4,4.3,0.0,0.0,0.0,0.0,0.0,0.0,0.0,0.0,0.0,0.5,2025-10-08 17:50:33
583,1,Luke Farrell,SF,0.0,0.0,0.0,0.0,0.0,0.0,0.0,0.0,0.4,3.8,0.0,0.0,0.0,0.0,0.0,0.0,0.0,0.0,0.0,0.4,2025-10-08 17:50:33
584,1,Mo Alie-Cox,IND,0.0,0.0,0.0,0.0,0.0,0.0,0.0,0.0,0.3,3.0,0.0,0.0,0.0,0.0,0.0,0.0,0.0,0.0,0.0,0.4,2025-10-08 17:50:33
585,1,Teagan Quitoriano,ATL,0.0,0.0,0.0,0.0,0.0,0.0,0.0,0.0,0.4,3.9,0.0,0.0,0.0,0.0,0.0,0.0,0.0,0.0,0.0,0.4,2025-10-08 17:50:33
586,1,Travis Vokolek,ARI,0.0,0.0,0.0,0.0,0.0,0.0,0.0,0.0,0.4,3.6,0.0,0.0,0.0,0.0,0.0,0.0,0.0,0.0,0.0,0.4,2025-10-08 17:50:33
587,1,Durham Smythe,CHI,0.0,0.0,0.0,0.0,0.0,0.0,0.0,0.0,0.4,3.0,0.0,0.0,0.0,0.0,0.0,0.0,0.0,0.0,0.0,0.3,2025-10-08 17:50:33
588,1,Kylen Granson,PHI,0.0,0.0,0.0,0.0,0.0,0.0,0.0,0.0,0.2,2.9,0.0,0.0,0.0,0.0,0.0,0.0,0.0,0.0,0.0,0.3,2025-10-08 17:50:33
589,1,Ian Thomas,LV,0.0,0.0,0.0,0.0,0.0,0.0,0.0,0.0,0.3,2.6,0.0,0.0,0.0,0.0,0.0,0.0,0.0,0.0,0.0,0.3,2025-10-08 17:50:33
590,1,Feleipe Franks,ATL,0.0,0.0,0.0,0.0,0.0,0.0,0.0,0.0,0.2,2.3,0.0,0.0,0.0,0.0,0.0,0.0,0.0,0.0,0.0,0.2,2025-10-08 17:50:33
591,1,Jack Westover,NE,0.0,0.0,0.0,0.0,0.0,0.0,0.0,0.0,0.3,2.1,0.0,0.0,0.0,0.0,0.0,0.0,0.0,0.0,0.0,0.2,2025-10-08 17:50:33
592,1,Tanner Hudson,CIN,0.0,0.0,0.0,0.0,0.0,0.0,0.0,0.0,0.2,1.8,0.0,0.0,0.0,0.0,0.0,0.0,0.0,0.0,0.0,0.2,2025-10-08 17:50:33
593,1,Davis Allen,LAR,0.0,0.0,0.0,0.0,0.0,0.0,0.0,0.0,0.1,1.1,0.0,0.0,0.0,0.0,0.0,0.0,0.0,0.0,0.0,0.2,2025-10-08 17:50:33
594,1,Ko Kieft,TB,0.0,0.0,0.0,0.0,0.0,0.0,0.0,0.0,0.1,0.2,0.0,0.0,0.0,0.0,0.0,0.0,0.0,0.0,0.0,0.0,2025-10-08 17:50:33
595,1,Brady Russell,SEA,0.0,0.0,0.0,0.0,0.0,0.0,0.0,0.0,0.0,0.0,0.0,0.0,0.0,0.0,0.0,0.0,0.0,0.0,0.0,0.0,2025-10-08 17:50:33
596,1,Darren Waller,MIA,0.0,0.0,0.0,0.0,0.0,0.0,0.0,0.0,0.0,0.0,0.0,0.0,0.0,0.0,0.0,0.0,0.0,0.0,0.0,0.0,2025-10-08 17:50:33
597,1,Robert Tonyan,KC,0.0,0.0,0.0,0.0,0.0,0.0,0.0,0.0,0.0,0.0,0.0,0.0,0.0,0.0,0.0,0.0,0.0,0.0,0.0,0.0,2025-10-08 17:50:33
598,1,Taysom Hill,NO,0.0,0.0,0.0,0.0,0.0,0.0,0.0,0.0,0.0,0.0,0.0,0.0,0.0,0.0,0.0,0.0,0.0,0.0,0.0,0.0,2025-10-08 17:50:33
599,1,Ross Dwelley,DET,0.0,0.0,0.0,0.0,0.0,0.0,0.0,0.0,0.0,0.0,0.0,0.0,0.0,0.0,0.0,0.0,0.0,0.0,0.0,0.0,2025-10-08 17:50:33
600,1,Albert Okwuegbunam Jr.,LV,0.0,0.0,0.0,0.0,0.0,0.0,0.0,0.0,0.0,0.0,0.0,0.0,0.0,0.0,0.0,0.0,0.0,0.0,0.0,0.0,2025-10-08 17:50:33
601,1,Foster Moreau,NO,0.0,0.0,0.0,0.0,0.0,0.0,0.0,0.0,0.0,0.0,0.0,0.0,0.0,0.0,0.0,0.0,0.0,0.0,0.0,0.0,2025-10-08 17:50:33
602,1,Tyree Jackson,WAS,0.0,0.0,0.0,0.0,0.0,0.0,0.0,0.0,0.0,0.0,0.0,0.0,0.0,0.0,0.0,0.0,0.0,0.0,0.0,0.0,2025-10-08 17:50:33
603,1,Stephen Carlson,CHI,0.0,0.0,0.0,0.0,0.0,0.0,0.0,0.0,0.0,0.0,0.0,0.0,0.0,0.0,0.0,0.0,0.0,0.0,0.0,0.0,2025-10-08 17:50:33
604,1,Matt Sokol,PIT,0.0,0.0,0.0,0.0,0.0,0.0,0.0,0.0,0.0,0.0,0.0,0.0,0.0,0.0,0.0,0.0,0.0,0.0,0.0,0.0,2025-10-08 17:50:33
605,1,Harrison Bryant,HOU,0.0,0.0,0.0,0.0,0.0,0.0,0.0,0.0,0.0,0.0,0.0,0.0,0.0,0.0,0.0,0.0,0.0,0.0,0.0,0.0,2025-10-08 17:50:33
606,1,Josiah Deguara,ARI,0.0,0.0,0.0,0.0,0.0,0.0,0.0,0.0,0.0,0.0,0.0,0.0,0.0,0.0,0.0,0.0,0.0,0.0,0.0,0.0,2025-10-08 17:50:33
607,1,Lawrence Cager,WAS,0.0,0.0,0.0,0.0,0.0,0.0,0.0,0.0,0.0,0.0,0.0,0.0,0.0,0.0,0.0,0.0,0.0,0.0,0.0,0.0,2025-10-08 17:50:33
608,1,Sean McKeon,IND,0.0,0.0,0.0,0.0,0.0,0.0,0.0,0.0,0.0,0.0,0.0,0.0,0.0,0.0,0.0,0.0,0.0,0.0,0.0,0.0,2025-10-08 17:50:33
609,1,Kenny Yeboah,DET,0.0,0.0,0.0,0.0,0.0,0.0,0.0,0.0,0.0,0.0,0.0,0.0,0.0,0.0,0.0,0.0,0.0,0.0,0.0,0.0,2025-10-08 17:50:33
610,1,Quintin Morris,JAC,0.0,0.0,0.0,0.0,0.0,0.0,0.0,0.0,0.0,0.0,0.0,0.0,0.0,0.0,0.0,0.0,0.0,0.0,0.0,0.0,2025-10-08 17:50:33
611,1,Josh Whyle,GB,0.0,0.0,0.0,0.0,0.0,0.0,0.0,0.0,0.0,0.0,0.0,0.0,0.0,0.0,0.0,0.0,0.0,0.0,0.0,0.0,2025-10-08 17:50:33
612,1,Luke Lachey,HOU,0.0,0.0,0.0,0.0,0.0,0.0,0.0,0.0,0.0,0.0,0.0,0.0,0.0,0.0,0.0,0.0,0.0,0.0,0.0,0.0,2025-10-08 17:50:33
613,1,Thomas Fidone II,NYG,0.0,0.0,0.0,0.0,0.0,0.0,0.0,0.0,0.0,0.0,0.0,0.0,0.0,0.0,0.0,0.0,0.0,0.0,0.0,0.0,2025-10-08 17:50:33
614,1,Greg Dulcich,MIA,0.0,0.0,0.0,0.0,0.0,0.0,0.0,0.0,0.0,0.0,0.0,0.0,0.0,0.0,0.0,0.0,0.0,0.0,0.0,0.0,2025-10-08 17:50:33
615,1,James Mitchell,CAR,0.0,0.0,0.0,0.0,0.0,0.0,0.0,0.0,0.0,0.0,0.0,0.0,0.0,0.0,0.0,0.0,0.0,0.0,0.0,0.0,2025-10-08 17:50:33
616,1,Jack Stoll,NO,0.0,0.0,0.0,0.0,0.0,0.0,0.0,0.0,0.0,0.0,0.0,0.0,0.0,0.0,0.0,0.0,0.0,0.0,0.0,0.0,2025-10-08 17:50:33
617,1,Shane Zylstra,DET,0.0,0.0,0.0,0.0,0.0,0.0,0.0,0.0,0.0,0.0,0.0,0.0,0.0,0.0,0.0,0.0,0.0,0.0,0.0,0.0,2025-10-08 17:50:33
618,1,Isaiah Likely,BAL,0.0,0.0,0.0,0.0,0.0,0.0,0.0,0.0,0.0,0.0,0.0,0.0,0.0,0.0,0.0,0.0,0.0,0.0,0.0,0.0,2025-10-08 17:50:33
619,1,Will Mallory,IND,0.0,0.0,0.0,0.0,0.0,0.0,0.0,0.0,0.0,0.0,0.0,0.0,0.0,0.0,0.0,0.0,0.0,0.0,0.0,0.0,2025-10-08 17:50:33
620,1,Jelani Woods,NYJ,0.0,0.0,0.0,0.0,0.0,0.0,0.0,0.0,0.0,0.0,0.0,0.0,0.0,0.0,0.0,0.0,0.0,0.0,0.0,0.0,2025-10-08 17:50:33
621,1,Erick All Jr.,CIN,0.0,0.0,0.0,0.0,0.0,0.0,0.0,0.0,0.0,0.0,0.0,0.0,0.0,0.0,0.0,0.0,0.0,0.0,0.0,0.0,2025-10-08 17:50:33
622,1,Justin Shorter,LV,0.0,0.0,0.0,0.0,0.0,0.0,0.0,0.0,0.0,0.0,0.0,0.0,0.0,0.0,0.0,0.0,0.0,0.0,0.0,0.0,2025-10-08 17:50:33
623,1,Nikola Kalinic,CHI,0.0,0.0,0.0,0.0,0.0,0.0,0.0,0.0,0.0,0.0,0.0,0.0,0.0,0.0,0.0,0.0,0.0,0.0,0.0,0.0,2025-10-08 17:50:33
624,1,John FitzPatrick,GB,0.0,0.0,0.0,0.0,0.0,0.0,0.0,0.0,0.0,0.0,0.0,0.0,0.0,0.0,0.0,0.0,0.0,0.0,0.0,0.0,2025-10-08 17:50:33
625,1,Nick Muse,ARI,0.0,0.0,0.0,0.0,0.0,0.0,0.0,0.0,0.0,0.0,0.0,0.0,0.0,0.0,0.0,0.0,0.0,0.0,0.0,0.0,2025-10-08 17:50:33
626,1,Cameron Latu,PHI,0.0,0.0,0.0,0.0,0.0,0.0,0.0,0.0,0.0,0.0,0.0,0.0,0.0,0.0,0.0,0.0,0.0,0.0,0.0,0.0,2025-10-08 17:50:33
627,1,Jake Tonges,SF,0.0,0.0,0.0,0.0,0.0,0.0,0.0,0.0,0.0,0.0,0.0,0.0,0.0,0.0,0.0,0.0,0.0,0.0,0.0,0.0,2025-10-08 17:50:33
628,1,Tucker Fisk,LAC,0.0,0.0,0.0,0.0,0.0,0.0,0.0,0.0,0.0,0.0,0.0,0.0,0.0,0.0,0.0,0.0,0.0,0.0,0.0,0.0,2025-10-08 17:50:33
629,1,Thomas Odukoya,TEN,0.0,0.0,0.0,0.0,0.0,0.0,0.0,0.0,0.0,0.0,0.0,0.0,0.0,0.0,0.0,0.0,0.0,0.0,0.0,0.0,2025-10-08 17:50:33
630,1,Ben Sims,GB,0.0,0.0,0.0,0.0,0.0,0.0,0.0,0.0,0.0,0.0,0.0,0.0,0.0,0.0,0.0,0.0,0.0,0.0,0.0,0.0,2025-10-08 17:50:33
631,1,Brayden Willis,SF,0.0,0.0,0.0,0.0,0.0,0.0,0.0,0.0,0.0,0.0,0.0,0.0,0.0,0.0,0.0,0.0,0.0,0.0,0.0,0.0,2025-10-08 17:50:33
632,1,E.J. Jenkins,PHI,0.0,0.0,0.0,0.0,0.0,0.0,0.0,0.0,0.0,0.0,0.0,0.0,0.0,0.0,0.0,0.0,0.0,0.0,0.0,0.0,2025-10-08 17:50:33
633,1,Nate Adkins,DEN,0.0,0.0,0.0,0.0,0.0,0.0,0.0,0.0,0.0,0.0,0.0,0.0,0.0,0.0,0.0,0.0,0.0,0.0,0.0,0.0,2025-10-08 17:50:33
634,1,Princeton Fant,DAL,0.0,0.0,0.0,0.0,0.0,0.0,0.0,0.0,0.0,0.0,0.0,0.0,0.0,0.0,0.0,0.0,0.0,0.0,0.0,0.0,2025-10-08 17:50:33
635,1,John Stephens Jr.,DAL,0.0,0.0,0.0,0.0,0.0,0.0,0.0,0.0,0.0,0.0,0.0,0.0,0.0,0.0,0.0,0.0,0.0,0.0,0.0,0.0,2025-10-08 17:50:33
636,1,Oronde Gadsden II,LAC,0.0,0.0,0.0,0.0,0.0,0.0,0.0,0.0,0.0,0.0,0.0,0.0,0.0,0.0,0.0,0.0,0.0,0.0,0.0,0.0,2025-10-08 17:50:33
637,1,Gavin Bartholomew,MIN,0.0,0.0,0.0,0.0,0.0,0.0,0.0,0.0,0.0,0.0,0.0,0.0,0.0,0.0,0.0,0.0,0.0,0.0,0.0,0.0,2025-10-08 17:50:33
638,1,Jared Wiley,KC,0.0,0.0,0.0,0.0,0.0,0.0,0.0,0.0,0.0,0.0,0.0,0.0,0.0,0.0,0.0,0.0,0.0,0.0,0.0,0.0,2025-10-08 17:50:33
639,1,Cam Grandy,CIN,0.0,0.0,0.0,0.0,0.0,0.0,0.0,0.0,0.0,0.0,0.0,0.0,0.0,0.0,0.0,0.0,0.0,0.0,0.0,0.0,2025-10-08 17:50:33
640,1,Brenden Bates,HOU,0.0,0.0,0.0,0.0,0.0,0.0,0.0,0.0,0.0,0.0,0.0,0.0,0.0,0.0,0.0,0.0,0.0,0.0,0.0,0.0,2025-10-08 17:50:33
641,1,Devin Culp,TB,0.0,0.0,0.0,0.0,0.0,0.0,0.0,0.0,0.0,0.0,0.0,0.0,0.0,0.0,0.0,0.0,0.0,0.0,0.0,0.0,2025-10-08 17:50:33
642,1,Colson Yankoff,WAS,0.0,0.0,0.0,0.0,0.0,0.0,0.0,0.0,0.0,0.0,0.0,0.0,0.0,0.0,0.0,0.0,0.0,0.0,0.0,0.0,2025-10-08 17:50:33
643,1,David Martin-Robinson,TEN,0.0,0.0,0.0,0.0,0.0,0.0,0.0,0.0,0.0,0.0,0.0,0.0,0.0,0.0,0.0,0.0,0.0,0.0,0.0,0.0,2025-10-08 17:50:33
644,1,Caleb Lohner,DEN,0.0,0.0,0.0,0.0,0.0,0.0,0.0,0.0,0.0,0.0,0.0,0.0,0.0,0.0,0.0,0.0,0.0,0.0,0.0,0.0,2025-10-08 17:50:33
645,1,Chase McLaughlin,TB,0.0,0.0,0.0,0.0,0.0,0.0,0.0,0.0,0.0,0.0,0.0,0.0,0.0,0.0,0.0,0.0,0.0,0.0,0.0,9.1,2025-10-08 17:50:33
646,1,Matt Gay,WAS,0.0,0.0,0.0,0.0,0.0,0.0,0.0,0.0,0.0,0.0,0.0,0.0,0.0,0.0,0.0,0.0,0.0,0.0,0.0,8.5,2025-10-08 17:50:33
647,1,Chris Boswell,PIT,0.0,0.0,0.0,0.0,0.0,0.0,0.0,0.0,0.0,0.0,0.0,0.0,0.0,0.0,0.0,0.0,0.0,0.0,0.0,8.3,2025-10-08 17:50:33
648,1,Will Reichard,MIN,0.0,0.0,0.0,0.0,0.0,0.0,0.0,0.0,0.0,0.0,0.0,0.0,0.0,0.0,0.0,0.0,0.0,0.0,0.0,8.2,2025-10-08 17:50:33
649,1,Harrison Butker,KC,0.0,0.0,0.0,0.0,0.0,0.0,0.0,0.0,0.0,0.0,0.0,0.0,0.0,0.0,0.0,0.0,0.0,0.0,0.0,8.2,2025-10-08 17:50:33
650,1,Cam Little,JAC,0.0,0.0,0.0,0.0,0.0,0.0,0.0,0.0,0.0,0.0,0.0,0.0,0.0,0.0,0.0,0.0,0.0,0.0,0.0,8.1,2025-10-08 17:50:33
651,1,Jake Elliott,PHI,0.0,0.0,0.0,0.0,0.0,0.0,0.0,0.0,0.0,0.0,0.0,0.0,0.0,0.0,0.0,0.0,0.0,0.0,0.0,7.9,2025-10-08 17:50:33
652,1,Wil Lutz,DEN,0.0,0.0,0.0,0.0,0.0,0.0,0.0,0.0,0.0,0.0,0.0,0.0,0.0,0.0,0.0,0.0,0.0,0.0,0.0,7.8,2025-10-08 17:50:33
653,1,Chad Ryland,ARI,0.0,0.0,0.0,0.0,0.0,0.0,0.0,0.0,0.0,0.0,0.0,0.0,0.0,0.0,0.0,0.0,0.0,0.0,0.0,7.7,2025-10-08 17:50:33
654,1,Cameron Dicker,LAC,0.0,0.0,0.0,0.0,0.0,0.0,0.0,0.0,0.0,0.0,0.0,0.0,0.0,0.0,0.0,0.0,0.0,0.0,0.0,7.7,2025-10-08 17:50:33
655,1,Brandon McManus,GB,0.0,0.0,0.0,0.0,0.0,0.0,0.0,0.0,0.0,0.0,0.0,0.0,0.0,0.0,0.0,0.0,0.0,0.0,0.0,7.7,2025-10-08 17:50:33
656,1,Jake Bates,DET,0.0,0.0,0.0,0.0,0.0,0.0,0.0,0.0,0.0,0.0,0.0,0.0,0.0,0.0,0.0,0.0,0.0,0.0,0.0,7.7,2025-10-08 17:50:33
657,1,Jason Myers,SEA,0.0,0.0,0.0,0.0,0.0,0.0,0.0,0.0,0.0,0.0,0.0,0.0,0.0,0.0,0.0,0.0,0.0,0.0,0.0,7.6,2025-10-08 17:50:33
658,1,Brandon Aubrey,DAL,0.0,0.0,0.0,0.0,0.0,0.0,0.0,0.0,0.0,0.0,0.0,0.0,0.0,0.0,0.0,0.0,0.0,0.0,0.0,7.6,2025-10-08 17:50:33
659,1,Riley Patterson,MIA,0.0,0.0,0.0,0.0,0.0,0.0,0.0,0.0,0.0,0.0,0.0,0.0,0.0,0.0,0.0,0.0,0.0,0.0,0.0,7.5,2025-10-08 17:50:33
660,1,Joshua Karty,LAR,0.0,0.0,0.0,0.0,0.0,0.0,0.0,0.0,0.0,0.0,0.0,0.0,0.0,0.0,0.0,0.0,0.0,0.0,0.0,7.5,2025-10-08 17:50:33
661,1,Matt Prater,BUF,0.0,0.0,0.0,0.0,0.0,0.0,0.0,0.0,0.0,0.0,0.0,0.0,0.0,0.0,0.0,0.0,0.0,0.0,0.0,7.5,2025-10-08 17:50:33
662,1,Evan McPherson,CIN,0.0,0.0,0.0,0.0,0.0,0.0,0.0,0.0,0.0,0.0,0.0,0.0,0.0,0.0,0.0,0.0,0.0,0.0,0.0,7.4,2025-10-08 17:50:33
663,1,Daniel Carlson,LV,0.0,0.0,0.0,0.0,0.0,0.0,0.0,0.0,0.0,0.0,0.0,0.0,0.0,0.0,0.0,0.0,0.0,0.0,0.0,7.2,2025-10-08 17:50:33
664,1,Tyler Loop,BAL,0.0,0.0,0.0,0.0,0.0,0.0,0.0,0.0,0.0,0.0,0.0,0.0,0.0,0.0,0.0,0.0,0.0,0.0,0.0,7.1,2025-10-08 17:50:33
665,1,Blake Grupe,NO,0.0,0.0,0.0,0.0,0.0,0.0,0.0,0.0,0.0,0.0,0.0,0.0,0.0,0.0,0.0,0.0,0.0,0.0,0.0,7.1,2025-10-08 17:50:33
666,1,Younghoe Koo,NYG,0.0,0.0,0.0,0.0,0.0,0.0,0.0,0.0,0.0,0.0,0.0,0.0,0.0,0.0,0.0,0.0,0.0,0.0,0.0,7.1,2025-10-08 17:50:33
667,1,Cairo Santos,CHI,0.0,0.0,0.0,0.0,0.0,0.0,0.0,0.0,0.0,0.0,0.0,0.0,0.0,0.0,0.0,0.0,0.0,0.0,0.0,6.9,2025-10-08 17:50:33
668,1,Ka'imi Fairbairn,HOU,0.0,0.0,0.0,0.0,0.0,0.0,0.0,0.0,0.0,0.0,0.0,0.0,0.0,0.0,0.0,0.0,0.0,0.0,0.0,6.9,2025-10-08 17:50:33
669,1,Ryan Fitzgerald,CAR,0.0,0.0,0.0,0.0,0.0,0.0,0.0,0.0,0.0,0.0,0.0,0.0,0.0,0.0,0.0,0.0,0.0,0.0,0.0,6.8,2025-10-08 17:50:33
670,1,Nick Folk,NYJ,0.0,0.0,0.0,0.0,0.0,0.0,0.0,0.0,0.0,0.0,0.0,0.0,0.0,0.0,0.0,0.0,0.0,0.0,0.0,6.7,2025-10-08 17:50:33
671,1,Andre Szmyt,CLE,0.0,0.0,0.0,0.0,0.0,0.0,0.0,0.0,0.0,0.0,0.0,0.0,0.0,0.0,0.0,0.0,0.0,0.0,0.0,6.7,2025-10-08 17:50:33
672,1,Andy Borregales,NE,0.0,0.0,0.0,0.0,0.0,0.0,0.0,0.0,0.0,0.0,0.0,0.0,0.0,0.0,0.0,0.0,0.0,0.0,0.0,6.6,2025-10-08 17:50:33
673,1,Jake Moody,CHI,0.0,0.0,0.0,0.0,0.0,0.0,0.0,0.0,0.0,0.0,0.0,0.0,0.0,0.0,0.0,0.0,0.0,0.0,0.0,6.5,2025-10-08 17:50:33
674,1,Joey Slye,TEN,0.0,0.0,0.0,0.0,0.0,0.0,0.0,0.0,0.0,0.0,0.0,0.0,0.0,0.0,0.0,0.0,0.0,0.0,0.0,6.0,2025-10-08 17:50:33
675,1,Graham Gano,NYG,0.0,0.0,0.0,0.0,0.0,0.0,0.0,0.0,0.0,0.0,0.0,0.0,0.0,0.0,0.0,0.0,0.0,0.0,0.0,5.8,2025-10-08 17:50:33
676,1,Tyler Bass,BUF,0.0,0.0,0.0,0.0,0.0,0.0,0.0,0.0,0.0,0.0,0.0,0.0,0.0,0.0,0.0,0.0,0.0,0.0,0.0,4.5,2025-10-08 17:50:33
677,1,Parker Romo,ATL,0.0,0.0,0.0,0.0,0.0,0.0,0.0,0.0,0.0,0.0,0.0,0.0,0.0,0.0,0.0,0.0,0.0,0.0,0.0,0.0,2025-10-08 17:50:33
678,1,Jude McAtamney,NYG,0.0,0.0,0.0,0.0,0.0,0.0,0.0,0.0,0.0,0.0,0.0,0.0,0.0,0.0,0.0,0.0,0.0,0.0,0.0,0.0,2025-10-08 17:50:33
679,1,Matthew Wright,TEN,0.0,0.0,0.0,0.0,0.0,0.0,0.0,0.0,0.0,0.0,0.0,0.0,0.0,0.0,0.0,0.0,0.0,0.0,0.0,0.0,2025-10-08 17:50:33
680,1,Michael Badgley,IND,0.0,0.0,0.0,0.0,0.0,0.0,0.0,0.0,0.0,0.0,0.0,0.0,0.0,0.0,0.0,0.0,0.0,0.0,0.0,0.0,2025-10-08 17:50:33
681,1,Eddy Pineiro,SF,0.0,0.0,0.0,0.0,0.0,0.0,0.0,0.0,0.0,0.0,0.0,0.0,0.0,0.0,0.0,0.0,0.0,0.0,0.0,0.0,2025-10-08 17:50:33
682,1,Jason Sanders,MIA,0.0,0.0,0.0,0.0,0.0,0.0,0.0,0.0,0.0,0.0,0.0,0.0,0.0,0.0,0.0,0.0,0.0,0.0,0.0,0.0,2025-10-08 17:50:33
683,1,Broncos D/ST,Broncos D/ST,0.0,0.0,0.0,0.0,0.0,0.0,0.0,0.0,0.0,0.0,0.0,0.0,3.1,0.8,0.6,0.2,0.1,17.2,291.9,8.3,2025-10-08 17:50:34
684,1,Commanders D/ST,Commanders D/ST,0.0,0.0,0.0,0.0,0.0,0.0,0.0,0.0,0.0,0.0,0.0,0.0,3.4,0.7,0.6,0.2,0.0,19.8,329.4,8.0,2025-10-08 17:50:34
685,1,Rams D/ST,Rams D/ST,0.0,0.0,0.0,0.0,0.0,0.0,0.0,0.0,0.0,0.0,0.0,0.0,3.4,0.7,0.5,0.1,0.1,19.8,334.5,7.8,2025-10-08 17:50:34
686,1,Steelers D/ST,Steelers D/ST,0.0,0.0,0.0,0.0,0.0,0.0,0.0,0.0,0.0,0.0,0.0,0.0,2.7,0.7,0.7,0.2,0.0,17.1,296.0,7.6,2025-10-08 17:50:34
687,1,Bengals D/ST,Bengals D/ST,0.0,0.0,0.0,0.0,0.0,0.0,0.0,0.0,0.0,0.0,0.0,0.0,3.0,1.0,0.6,0.2,0.0,20.5,339.9,7.2,2025-10-08 17:50:34
688,1,Cardinals D/ST,Cardinals D/ST,0.0,0.0,0.0,0.0,0.0,0.0,0.0,0.0,0.0,0.0,0.0,0.0,2.6,0.8,0.5,0.2,0.0,18.7,313.2,7.2,2025-10-08 17:50:34
689,1,Eagles D/ST,Eagles D/ST,0.0,0.0,0.0,0.0,0.0,0.0,0.0,0.0,0.0,0.0,0.0,0.0,2.7,0.8,0.8,0.2,0.0,20.6,332.0,7.1,2025-10-08 17:50:34
690,1,Chicago Bears,Chicago Bears,0.0,0.0,0.0,0.0,0.0,0.0,0.0,0.0,0.0,0.0,0.0,0.0,2.9,0.9,0.7,0.2,0.0,21.7,359.4,7.0,2025-10-08 17:50:34
691,1,Vikings D/ST,Vikings D/ST,0.0,0.0,0.0,0.0,0.0,0.0,0.0,0.0,0.0,0.0,0.0,0.0,3.6,0.6,0.6,0.1,0.0,20.9,291.7,6.9,2025-10-08 17:50:34
692,1,49ers D/ST,49ers D/ST,0.0,0.0,0.0,0.0,0.0,0.0,0.0,0.0,0.0,0.0,0.0,0.0,2.9,1.0,0.5,0.2,0.0,21.8,321.3,6.8,2025-10-08 17:50:34
693,1,Giants D/ST,Giants D/ST,0.0,0.0,0.0,0.0,0.0,0.0,0.0,0.0,0.0,0.0,0.0,0.0,3.3,0.6,0.7,0.1,0.0,27.0,352.7,6.7,2025-10-08 17:50:34
694,1,Raiders D/ST,Raiders D/ST,0.0,0.0,0.0,0.0,0.0,0.0,0.0,0.0,0.0,0.0,0.0,0.0,3.0,0.8,0.6,0.1,0.0,23.7,337.0,6.6,2025-10-08 17:50:34
695,1,Browns D/ST,Browns D/ST,0.0,0.0,0.0,0.0,0.0,0.0,0.0,0.0,0.0,0.0,0.0,0.0,3.1,0.6,0.5,0.1,0.1,26.2,357.8,6.3,2025-10-08 17:50:34
696,1,Patriots D/ST,Patriots D/ST,0.0,0.0,0.0,0.0,0.0,0.0,0.0,0.0,0.0,0.0,0.0,0.0,2.7,0.8,0.5,0.2,0.0,20.1,324.5,6.2,2025-10-08 17:50:34
697,1,Jets D/ST,Jets D/ST,0.0,0.0,0.0,0.0,0.0,0.0,0.0,0.0,0.0,0.0,0.0,0.0,2.8,0.6,0.6,0.2,0.0,20.8,317.9,6.2,2025-10-08 17:50:34
698,1,Buccaneers D/ST,Buccaneers D/ST,0.0,0.0,0.0,0.0,0.0,0.0,0.0,0.0,0.0,0.0,0.0,0.0,2.3,0.8,0.6,0.2,0.1,22.3,347.4,6.2,2025-10-08 17:50:34
699,1,Packers D/ST,Packers D/ST,0.0,0.0,0.0,0.0,0.0,0.0,0.0,0.0,0.0,0.0,0.0,0.0,2.5,0.7,0.6,0.2,0.0,22.9,358.8,6.1,2025-10-08 17:50:34
700,1,Dolphins D/ST,Dolphins D/ST,0.0,0.0,0.0,0.0,0.0,0.0,0.0,0.0,0.0,0.0,0.0,0.0,2.6,0.7,0.5,0.2,0.0,23.7,319.1,6.1,2025-10-08 17:50:34
701,1,Falcons D/ST,Falcons D/ST,0.0,0.0,0.0,0.0,0.0,0.0,0.0,0.0,0.0,0.0,0.0,0.0,2.6,0.8,0.5,0.1,0.0,26.3,365.7,6.1,2025-10-08 17:50:34
702,1,Chiefs D/ST,Chiefs D/ST,0.0,0.0,0.0,0.0,0.0,0.0,0.0,0.0,0.0,0.0,0.0,0.0,2.9,0.6,0.5,0.1,0.0,21.6,320.0,5.9,2025-10-08 17:50:34
703,1,Seahawks D/ST,Seahawks D/ST,0.0,0.0,0.0,0.0,0.0,0.0,0.0,0.0,0.0,0.0,0.0,0.0,2.4,0.8,0.5,0.2,0.0,21.3,359.6,5.9,2025-10-08 17:50:34
704,1,Colts D/ST,Colts D/ST,0.0,0.0,0.0,0.0,0.0,0.0,0.0,0.0,0.0,0.0,0.0,0.0,2.4,0.7,0.6,0.2,0.0,23.0,357.3,5.8,2025-10-08 17:50:34
705,1,Cowboys D/ST,Cowboys D/ST,0.0,0.0,0.0,0.0,0.0,0.0,0.0,0.0,0.0,0.0,0.0,0.0,2.8,0.5,0.5,0.1,0.0,29.0,367.9,5.8,2025-10-08 17:50:34
706,1,Chargers D/ST,Chargers D/ST,0.0,0.0,0.0,0.0,0.0,0.0,0.0,0.0,0.0,0.0,0.0,0.0,2.4,0.7,0.5,0.2,0.0,24.4,349.9,5.8,2025-10-08 17:50:34
707,1,Texans D/ST,Texans D/ST,0.0,0.0,0.0,0.0,0.0,0.0,0.0,0.0,0.0,0.0,0.0,0.0,2.5,0.7,0.5,0.1,0.0,23.3,334.7,5.7,2025-10-08 17:50:34
708,1,Jaguars D/ST,Jaguars D/ST,0.0,0.0,0.0,0.0,0.0,0.0,0.0,0.0,0.0,0.0,0.0,0.0,2.3,0.7,0.5,0.2,0.0,21.0,320.3,5.7,2025-10-08 17:50:34
709,1,Bills D/ST,Bills D/ST,0.0,0.0,0.0,0.0,0.0,0.0,0.0,0.0,0.0,0.0,0.0,0.0,2.0,0.5,0.7,0.2,0.0,25.3,396.3,5.4,2025-10-08 17:50:34
710,1,Lions D/ST,Lions D/ST,0.0,0.0,0.0,0.0,0.0,0.0,0.0,0.0,0.0,0.0,0.0,0.0,1.7,0.7,0.6,0.2,0.0,24.8,347.4,5.3,2025-10-08 17:50:34
711,1,Saints D/ST,Saints D/ST,0.0,0.0,0.0,0.0,0.0,0.0,0.0,0.0,0.0,0.0,0.0,0.0,2.0,0.7,0.5,0.1,0.0,23.8,369.7,5.2,2025-10-08 17:50:34
712,1,Panthers D/ST,Panthers D/ST,0.0,0.0,0.0,0.0,0.0,0.0,0.0,0.0,0.0,0.0,0.0,0.0,1.9,0.7,0.5,0.1,0.0,25.2,358.4,5.1,2025-10-08 17:50:34
713,1,Ravens D/ST,Ravens D/ST,0.0,0.0,0.0,0.0,0.0,0.0,0.0,0.0,0.0,0.0,0.0,0.0,1.8,0.7,0.4,0.1,0.0,25.6,346.2,4.8,2025-10-08 17:50:34
714,1,Titans D/ST,Titans D/ST,0.0,0.0,0.0,0.0,0.0,0.0,0.0,0.0,0.0,0.0,0.0,0.0,1.9,0.6,0.5,0.1,0.0,25.5,340.4,4.8,2025-10-08 17:50:34
715,2,Lamar Jackson,BAL,25.5,16.6,224.4,2.1,0.5,8.1,55.9,0.3,0.0,0.0,0.0,0.3,0.0,0.0,0.0,0.0,0.0,0.0,0.0,23.6,2025-10-08 17:50:34
716,2,Josh Allen,BUF,31.0,20.0,232.0,1.7,0.6,7.3,33.1,0.7,0.0,0.0,0.0,0.2,0.0,0.0,0.0,0.0,0.0,0.0,0.0,22.6,2025-10-08 17:50:34
717,2,Jalen Hurts,PHI,26.8,18.0,201.6,1.3,0.6,9.5,40.6,0.8,0.0,0.0,0.0,0.2,0.0,0.0,0.0,0.0,0.0,0.0,0.0,21.0,2025-10-08 17:50:34
718,2,Jayden Daniels,WAS,32.4,21.9,227.3,1.4,0.7,8.6,45.5,0.3,0.0,0.0,0.0,0.1,0.0,0.0,0.0,0.0,0.0,0.0,0.0,20.3,2025-10-08 17:50:34
719,2,Kyler Murray,ARI,31.3,21.9,225.6,1.7,0.6,5.3,35.7,0.3,0.0,0.0,0.0,0.2,0.0,0.0,0.0,0.0,0.0,0.0,0.0,20.3,2025-10-08 17:50:34
720,2,Patrick Mahomes,KC,36.3,23.7,237.6,1.7,0.7,4.6,25.6,0.2,0.0,0.0,0.0,0.2,0.0,0.0,0.0,0.0,0.0,0.0,0.0,18.8,2025-10-08 17:50:34
721,2,Justin Fields,NYJ,29.7,18.6,202.1,1.1,0.7,8.0,46.0,0.4,0.0,0.0,0.0,0.3,0.0,0.0,0.0,0.0,0.0,0.0,0.0,18.5,2025-10-08 17:50:34
722,2,Dak Prescott,DAL,35.5,23.9,261.3,1.8,0.7,2.7,11.5,0.1,0.0,0.0,0.0,0.2,0.0,0.0,0.0,0.0,0.0,0.0,0.0,18.3,2025-10-08 17:50:34
723,2,Jordan Love,GB,30.4,19.9,242.2,1.8,0.7,2.7,10.9,0.2,0.0,0.0,0.0,0.1,0.0,0.0,0.0,0.0,0.0,0.0,0.0,18.1,2025-10-08 17:50:34
724,2,Baker Mayfield,TB,32.5,20.9,246.1,1.8,1.0,3.8,17.4,0.1,0.0,0.0,0.0,0.3,0.0,0.0,0.0,0.0,0.0,0.0,0.0,18.0,2025-10-08 17:50:34
725,2,Justin Herbert,LAC,31.2,21.2,245.1,1.6,0.5,4.1,18.7,0.1,0.0,0.0,0.0,0.2,0.0,0.0,0.0,0.0,0.0,0.0,0.0,17.9,2025-10-08 17:50:34
726,2,J.J. McCarthy,MIN,31.1,21.3,233.6,1.8,0.8,3.5,18.0,0.1,0.0,0.0,0.0,0.2,0.0,0.0,0.0,0.0,0.0,0.0,0.0,17.8,2025-10-08 17:50:34
727,2,Bo Nix,DEN,34.0,22.5,228.3,1.6,0.8,5.4,24.4,0.2,0.0,0.0,0.0,0.2,0.0,0.0,0.0,0.0,0.0,0.0,0.0,17.8,2025-10-08 17:50:34
728,2,Drake Maye,NE,32.0,21.7,220.0,1.4,0.8,4.7,32.8,0.2,0.0,0.0,0.0,0.3,0.0,0.0,0.0,0.0,0.0,0.0,0.0,17.3,2025-10-08 17:50:34
729,2,Jared Goff,DET,32.2,22.6,262.1,1.8,0.7,1.8,4.2,0.1,0.0,0.0,0.0,0.2,0.0,0.0,0.0,0.0,0.0,0.0,0.0,17.3,2025-10-08 17:50:34
730,2,Trevor Lawrence,JAC,34.6,23.0,252.8,1.4,0.8,3.5,15.1,0.2,0.0,0.0,0.0,0.2,0.0,0.0,0.0,0.0,0.0,0.0,0.0,17.2,2025-10-08 17:50:34
731,2,Daniel Jones,IND,27.6,17.3,208.7,1.2,0.7,6.8,30.3,0.4,0.0,0.0,0.0,0.3,0.0,0.0,0.0,0.0,0.0,0.0,0.0,17.2,2025-10-08 17:50:34
732,2,Caleb Williams,CHI,34.4,21.5,230.7,1.3,0.7,4.8,31.8,0.1,0.0,0.0,0.0,0.3,0.0,0.0,0.0,0.0,0.0,0.0,0.0,17.2,2025-10-08 17:50:34
733,2,Tua Tagovailoa,MIA,34.5,23.7,258.3,1.7,0.8,1.9,6.3,0.0,0.0,0.0,0.0,0.3,0.0,0.0,0.0,0.0,0.0,0.0,0.0,16.6,2025-10-08 17:50:34
734,2,Geno Smith,LV,35.7,24.0,258.0,1.4,0.8,3.2,14.0,0.1,0.0,0.0,0.0,0.2,0.0,0.0,0.0,0.0,0.0,0.0,0.0,16.5,2025-10-08 17:50:34
735,2,Russell Wilson,NYG,30.2,19.6,223.3,1.4,0.6,3.8,16.4,0.2,0.0,0.0,0.0,0.2,0.0,0.0,0.0,0.0,0.0,0.0,0.0,16.0,2025-10-08 17:50:34
736,2,Matthew Stafford,LAR,32.6,21.9,247.7,1.6,0.6,1.9,4.2,0.0,0.0,0.0,0.0,0.1,0.0,0.0,0.0,0.0,0.0,0.0,0.0,16.0,2025-10-08 17:50:34
737,2,C.J. Stroud,HOU,32.9,21.4,246.0,1.4,0.7,3.3,13.6,0.1,0.0,0.0,0.0,0.2,0.0,0.0,0.0,0.0,0.0,0.0,0.0,16.0,2025-10-08 17:50:34
738,2,Bryce Young,CAR,32.9,21.1,205.0,1.3,0.8,3.2,21.7,0.2,0.0,0.0,0.0,0.2,0.0,0.0,0.0,0.0,0.0,0.0,0.0,15.4,2025-10-08 17:50:34
739,2,Aaron Rodgers,PIT,32.4,21.3,223.4,1.6,0.6,1.6,6.4,0.0,0.0,0.0,0.0,0.2,0.0,0.0,0.0,0.0,0.0,0.0,0.0,15.2,2025-10-08 17:50:34
740,2,Sam Darnold,SEA,32.5,22.0,242.2,1.2,0.8,3.4,10.4,0.1,0.0,0.0,0.0,0.3,0.0,0.0,0.0,0.0,0.0,0.0,0.0,14.9,2025-10-08 17:50:34
741,2,Michael Penix Jr.,ATL,31.9,20.1,224.1,1.1,0.9,3.5,11.3,0.2,0.0,0.0,0.0,0.2,0.0,0.0,0.0,0.0,0.0,0.0,0.0,14.7,2025-10-08 17:50:34
742,2,Cam Ward,TEN,31.8,19.8,216.5,1.2,0.8,3.5,14.6,0.1,0.0,0.0,0.0,0.2,0.0,0.0,0.0,0.0,0.0,0.0,0.0,14.3,2025-10-08 17:50:34
743,2,Mac Jones,SF,31.1,20.9,211.9,1.4,0.9,3.1,9.9,0.1,0.0,0.0,0.0,0.3,0.0,0.0,0.0,0.0,0.0,0.0,0.0,14.1,2025-10-08 17:50:34
744,2,Joe Flacco,CIN,37.1,22.8,240.4,1.2,1.1,1.4,3.6,0.0,0.0,0.0,0.0,0.3,0.0,0.0,0.0,0.0,0.0,0.0,0.0,13.3,2025-10-08 17:50:34
745,2,Spencer Rattler,NO,33.2,19.7,199.8,1.0,0.8,3.7,21.5,0.0,0.0,0.0,0.0,0.3,0.0,0.0,0.0,0.0,0.0,0.0,0.0,13.1,2025-10-08 17:50:34
746,2,Jaxson Dart,NYG,2.8,1.8,20.3,0.1,0.1,0.4,1.9,0.0,0.0,0.0,0.0,0.0,0.0,0.0,0.0,0.0,0.0,0.0,0.0,1.4,2025-10-08 17:50:34
747,2,Cooper Rush,BAL,0.5,0.4,4.7,0.1,0.0,0.2,1.0,0.0,0.0,0.0,0.0,0.0,0.0,0.0,0.0,0.0,0.0,0.0,0.0,0.5,2025-10-08 17:50:34
748,2,Joe Milton III,DAL,0.8,0.5,5.5,0.1,0.0,0.1,0.6,0.0,0.0,0.0,0.0,0.0,0.0,0.0,0.0,0.0,0.0,0.0,0.0,0.5,2025-10-08 17:50:34
749,2,Jake Browning,CIN,0.7,0.6,5.7,0.1,0.0,0.1,0.5,0.0,0.0,0.0,0.0,0.0,0.0,0.0,0.0,0.0,0.0,0.0,0.0,0.5,2025-10-08 17:50:34
750,2,Carson Wentz,MIN,0.7,0.5,4.9,0.1,0.0,0.2,0.8,0.0,0.0,0.0,0.0,0.0,0.0,0.0,0.0,0.0,0.0,0.0,0.0,0.5,2025-10-08 17:50:34
751,2,Jacoby Brissett,ARI,0.6,0.5,4.7,0.1,0.0,0.2,0.9,0.0,0.0,0.0,0.0,0.0,0.0,0.0,0.0,0.0,0.0,0.0,0.0,0.5,2025-10-08 17:50:34
752,2,Zach Wilson,MIA,0.7,0.5,4.9,0.1,0.0,0.1,0.7,0.0,0.0,0.0,0.0,0.0,0.0,0.0,0.0,0.0,0.0,0.0,0.0,0.5,2025-10-08 17:50:34
753,2,Kenny Pickett,LV,0.8,0.5,4.9,0.1,0.0,0.1,0.6,0.0,0.0,0.0,0.0,0.0,0.0,0.0,0.0,0.0,0.0,0.0,0.0,0.5,2025-10-08 17:50:34
754,2,Malik Willis,GB,0.6,0.4,4.5,0.1,0.0,0.2,0.8,0.0,0.0,0.0,0.0,0.0,0.0,0.0,0.0,0.0,0.0,0.0,0.0,0.5,2025-10-08 17:50:34
755,2,Anthony Richardson Sr.,IND,0.6,0.4,4.5,0.1,0.0,0.2,0.7,0.0,0.0,0.0,0.0,0.0,0.0,0.0,0.0,0.0,0.0,0.0,0.0,0.5,2025-10-08 17:50:34
756,2,Mitchell Trubisky,BUF,0.7,0.4,4.6,0.1,0.0,0.2,0.7,0.0,0.0,0.0,0.0,0.0,0.0,0.0,0.0,0.0,0.0,0.0,0.0,0.4,2025-10-08 17:50:34
757,2,Nick Mullens,JAC,0.7,0.5,4.9,0.1,0.0,0.1,0.6,0.0,0.0,0.0,0.0,0.0,0.0,0.0,0.0,0.0,0.0,0.0,0.0,0.4,2025-10-08 17:50:34
758,2,Tyrod Taylor,NYJ,0.7,0.4,4.4,0.1,0.0,0.2,0.6,0.0,0.0,0.0,0.0,0.0,0.0,0.0,0.0,0.0,0.0,0.0,0.0,0.4,2025-10-08 17:50:34
759,2,Tyson Bagent,CHI,0.7,0.4,4.5,0.1,0.0,0.2,0.6,0.0,0.0,0.0,0.0,0.0,0.0,0.0,0.0,0.0,0.0,0.0,0.0,0.4,2025-10-08 17:50:34
760,2,Marcus Mariota,WAS,0.7,0.5,4.3,0.1,0.0,0.2,0.6,0.0,0.0,0.0,0.0,0.0,0.0,0.0,0.0,0.0,0.0,0.0,0.0,0.4,2025-10-08 17:50:34
761,2,Jarrett Stidham,DEN,0.7,0.5,4.4,0.1,0.0,0.2,0.6,0.0,0.0,0.0,0.0,0.0,0.0,0.0,0.0,0.0,0.0,0.0,0.0,0.4,2025-10-08 17:50:34
762,2,Mason Rudolph,PIT,0.7,0.4,4.4,0.1,0.0,0.2,0.5,0.0,0.0,0.0,0.0,0.0,0.0,0.0,0.0,0.0,0.0,0.0,0.0,0.4,2025-10-08 17:50:34
763,2,Joshua Dobbs,NE,0.7,0.5,4.2,0.1,0.0,0.1,0.6,0.0,0.0,0.0,0.0,0.0,0.0,0.0,0.0,0.0,0.0,0.0,0.0,0.4,2025-10-08 17:50:34
764,2,Tyler Shough,NO,0.8,0.5,4.6,0.1,0.0,0.1,0.4,0.0,0.0,0.0,0.0,0.0,0.0,0.0,0.0,0.0,0.0,0.0,0.0,0.4,2025-10-08 17:50:34
765,2,Gardner Minshew,KC,0.7,0.5,4.3,0.1,0.0,0.2,0.5,0.0,0.0,0.0,0.0,0.0,0.0,0.0,0.0,0.0,0.0,0.0,0.0,0.4,2025-10-08 17:50:34
766,2,Jimmy Garoppolo,LAR,0.7,0.5,4.9,0.1,0.0,0.1,0.3,0.0,0.0,0.0,0.0,0.0,0.0,0.0,0.0,0.0,0.0,0.0,0.0,0.4,2025-10-08 17:50:34
767,2,Davis Mills,HOU,0.7,0.4,4.4,0.1,0.0,0.1,0.4,0.0,0.0,0.0,0.0,0.0,0.0,0.0,0.0,0.0,0.0,0.0,0.0,0.4,2025-10-08 17:50:34
768,2,Andy Dalton,CAR,0.7,0.4,3.9,0.1,0.0,0.1,0.6,0.0,0.0,0.0,0.0,0.0,0.0,0.0,0.0,0.0,0.0,0.0,0.0,0.4,2025-10-08 17:50:34
769,2,Brandon Allen,TEN,0.6,0.4,4.1,0.1,0.0,0.1,0.5,0.0,0.0,0.0,0.0,0.0,0.0,0.0,0.0,0.0,0.0,0.0,0.0,0.4,2025-10-08 17:50:34
770,2,Adrian Martinez,SF,1.0,0.6,8.3,0.0,0.0,0.1,0.7,0.0,0.0,0.0,0.0,0.0,0.0,0.0,0.0,0.0,0.0,0.0,0.0,0.4,2025-10-08 17:50:34
771,2,Kirk Cousins,ATL,0.6,0.4,4.2,0.1,0.0,0.2,0.3,0.0,0.0,0.0,0.0,0.0,0.0,0.0,0.0,0.0,0.0,0.0,0.0,0.4,2025-10-08 17:50:34
772,2,Teddy Bridgewater,TB,0.5,0.3,3.3,0.1,0.0,0.1,0.2,0.0,0.0,0.0,0.0,0.0,0.0,0.0,0.0,0.0,0.0,0.0,0.0,0.4,2025-10-08 17:50:34
773,2,Drew Lock,SEA,0.7,0.5,4.9,0.0,0.0,0.1,0.5,0.0,0.0,0.0,0.0,0.0,0.0,0.0,0.0,0.0,0.0,0.0,0.0,0.2,2025-10-08 17:50:34
774,2,Trey Lance,LAC,0.6,0.4,4.3,0.0,0.0,0.1,0.5,0.0,0.0,0.0,0.0,0.0,0.0,0.0,0.0,0.0,0.0,0.0,0.0,0.2,2025-10-08 17:50:34
775,2,Kyle Allen,DET,0.3,0.3,4.2,0.0,0.0,0.1,0.1,0.0,0.0,0.0,0.0,0.0,0.0,0.0,0.0,0.0,0.0,0.0,0.0,0.2,2025-10-08 17:50:34
776,2,Dillon Gabriel,CLE,0.6,0.4,3.4,0.0,0.0,0.1,0.2,0.0,0.0,0.0,0.0,0.0,0.0,0.0,0.0,0.0,0.0,0.0,0.0,0.2,2025-10-08 17:50:34
777,2,Case Keenum,CHI,0.0,0.0,0.0,0.0,0.0,0.0,0.0,0.0,0.0,0.0,0.0,0.0,0.0,0.0,0.0,0.0,0.0,0.0,0.0,0.0,2025-10-08 17:50:34
778,2,Jameis Winston,NYG,0.0,0.0,0.0,0.0,0.0,0.0,0.0,0.0,0.0,0.0,0.0,0.0,0.0,0.0,0.0,0.0,0.0,0.0,0.0,0.0,2025-10-08 17:50:34
779,2,Brock Purdy,SF,0.0,0.0,0.0,0.0,0.0,0.0,0.0,0.0,0.0,0.0,0.0,0.0,0.0,0.0,0.0,0.0,0.0,0.0,0.0,0.0,2025-10-08 17:50:34
780,2,Jalen Milroe,SEA,0.0,0.0,0.0,0.0,0.0,0.0,0.0,0.0,0.0,0.0,0.0,0.0,0.0,0.0,0.0,0.0,0.0,0.0,0.0,0.0,2025-10-08 17:50:34
781,2,Sam Howell,PHI,0.0,0.0,0.0,0.0,0.0,0.0,0.0,0.0,0.0,0.0,0.0,0.0,0.0,0.0,0.0,0.0,0.0,0.0,0.0,0.0,2025-10-08 17:50:34
782,2,Aidan O'Connell,LV,0.0,0.0,0.0,0.0,0.0,0.0,0.0,0.0,0.0,0.0,0.0,0.0,0.0,0.0,0.0,0.0,0.0,0.0,0.0,0.0,2025-10-08 17:50:34
783,2,Hendon Hooker,CAR,0.0,0.0,0.0,0.0,0.0,0.0,0.0,0.0,0.0,0.0,0.0,0.0,0.0,0.0,0.0,0.0,0.0,0.0,0.0,0.0,2025-10-08 17:50:34
784,2,Tanner McKee,PHI,0.0,0.0,0.0,0.0,0.0,0.0,0.0,0.0,0.0,0.0,0.0,0.0,0.0,0.0,0.0,0.0,0.0,0.0,0.0,0.0,2025-10-08 17:50:34
785,2,Shedeur Sanders,CLE,0.0,0.0,0.0,0.0,0.0,0.0,0.0,0.0,0.0,0.0,0.0,0.0,0.0,0.0,0.0,0.0,0.0,0.0,0.0,0.0,2025-10-08 17:50:34
786,2,Derrick Henry,BAL,0.0,0.0,0.0,0.0,0.0,19.3,104.5,0.9,1.1,9.7,0.1,0.1,0.0,0.0,0.0,0.0,0.0,0.0,0.0,17.2,2025-10-08 17:50:34
787,2,Josh Jacobs,GB,0.0,0.0,0.0,0.0,0.0,18.5,86.4,0.9,2.3,19.2,0.1,0.1,0.0,0.0,0.0,0.0,0.0,0.0,0.0,16.1,2025-10-08 17:50:34
788,2,Christian McCaffrey,SF,0.0,0.0,0.0,0.0,0.0,15.5,81.5,0.5,4.1,33.9,0.2,0.1,0.0,0.0,0.0,0.0,0.0,0.0,0.0,15.7,2025-10-08 17:50:34
789,2,Saquon Barkley,PHI,0.0,0.0,0.0,0.0,0.0,18.6,94.7,0.6,2.5,18.0,0.1,0.1,0.0,0.0,0.0,0.0,0.0,0.0,0.0,15.6,2025-10-08 17:50:34
790,2,Jahmyr Gibbs,DET,0.0,0.0,0.0,0.0,0.0,12.7,73.4,0.7,3.6,28.2,0.2,0.1,0.0,0.0,0.0,0.0,0.0,0.0,0.0,15.2,2025-10-08 17:50:34
791,2,Kyren Williams,LAR,0.0,0.0,0.0,0.0,0.0,19.0,84.6,0.8,2.1,13.1,0.2,0.1,0.0,0.0,0.0,0.0,0.0,0.0,0.0,15.2,2025-10-08 17:50:34
792,2,De'Von Achane,MIA,0.0,0.0,0.0,0.0,0.0,12.0,67.4,0.5,4.2,31.2,0.4,0.1,0.0,0.0,0.0,0.0,0.0,0.0,0.0,15.0,2025-10-08 17:50:34
793,2,Chase Brown,CIN,0.0,0.0,0.0,0.0,0.0,15.5,70.1,0.6,3.5,25.0,0.2,0.1,0.0,0.0,0.0,0.0,0.0,0.0,0.0,14.2,2025-10-08 17:50:34
794,2,Bijan Robinson,ATL,0.0,0.0,0.0,0.0,0.0,15.3,68.1,0.6,3.7,29.2,0.2,0.1,0.0,0.0,0.0,0.0,0.0,0.0,0.0,14.1,2025-10-08 17:50:34
795,2,Ashton Jeanty,LV,0.0,0.0,0.0,0.0,0.0,15.7,71.8,0.6,3.0,24.1,0.1,0.1,0.0,0.0,0.0,0.0,0.0,0.0,0.0,13.7,2025-10-08 17:50:34
796,2,Jonathan Taylor,IND,0.0,0.0,0.0,0.0,0.0,18.9,82.2,0.5,2.2,15.7,0.1,0.1,0.0,0.0,0.0,0.0,0.0,0.0,0.0,13.4,2025-10-08 17:50:34
797,2,Bucky Irving,TB,0.0,0.0,0.0,0.0,0.0,15.9,73.7,0.6,2.7,20.1,0.1,0.1,0.0,0.0,0.0,0.0,0.0,0.0,0.0,13.2,2025-10-08 17:50:34
798,2,James Cook III,BUF,0.0,0.0,0.0,0.0,0.0,14.5,68.0,0.7,2.1,17.8,0.1,0.1,0.0,0.0,0.0,0.0,0.0,0.0,0.0,13.0,2025-10-08 17:50:34
799,2,Chuba Hubbard,CAR,0.0,0.0,0.0,0.0,0.0,15.7,70.6,0.6,2.9,16.8,0.1,0.1,0.0,0.0,0.0,0.0,0.0,0.0,0.0,12.7,2025-10-08 17:50:34
800,2,Tony Pollard,TEN,0.0,0.0,0.0,0.0,0.0,17.1,75.4,0.4,2.8,18.7,0.1,0.1,0.0,0.0,0.0,0.0,0.0,0.0,0.0,11.8,2025-10-08 17:50:34
801,2,Breece Hall,NYJ,0.0,0.0,0.0,0.0,0.0,14.0,64.0,0.3,3.2,27.1,0.1,0.1,0.0,0.0,0.0,0.0,0.0,0.0,0.0,11.7,2025-10-08 17:50:34
802,2,Javonte Williams,DAL,0.0,0.0,0.0,0.0,0.0,14.7,61.8,0.6,2.8,17.5,0.1,0.1,0.0,0.0,0.0,0.0,0.0,0.0,0.0,11.6,2025-10-08 17:50:34
803,2,Alvin Kamara,NO,0.0,0.0,0.0,0.0,0.0,12.7,54.8,0.4,3.9,27.3,0.1,0.1,0.0,0.0,0.0,0.0,0.0,0.0,0.0,11.0,2025-10-08 17:50:34
804,2,Tyrone Tracy Jr.,NYG,0.0,0.0,0.0,0.0,0.0,12.6,61.8,0.4,2.5,20.6,0.1,0.1,0.0,0.0,0.0,0.0,0.0,0.0,0.0,10.8,2025-10-08 17:50:34
805,2,D'Andre Swift,CHI,0.0,0.0,0.0,0.0,0.0,14.6,62.8,0.4,2.6,19.8,0.1,0.1,0.0,0.0,0.0,0.0,0.0,0.0,0.0,10.8,2025-10-08 17:50:34
806,2,David Montgomery,DET,0.0,0.0,0.0,0.0,0.0,12.7,52.4,0.6,1.8,14.8,0.0,0.1,0.0,0.0,0.0,0.0,0.0,0.0,0.0,10.6,2025-10-08 17:50:34
807,2,Jordan Mason,MIN,0.0,0.0,0.0,0.0,0.0,14.2,69.2,0.4,1.2,8.9,0.0,0.1,0.0,0.0,0.0,0.0,0.0,0.0,0.0,10.4,2025-10-08 17:50:34
808,2,Travis Etienne Jr.,JAC,0.0,0.0,0.0,0.0,0.0,11.9,56.9,0.3,2.8,21.3,0.1,0.1,0.0,0.0,0.0,0.0,0.0,0.0,0.0,9.9,2025-10-08 17:50:34
809,2,Jaylen Warren,PIT,0.0,0.0,0.0,0.0,0.0,11.6,53.3,0.3,3.3,22.9,0.1,0.1,0.0,0.0,0.0,0.0,0.0,0.0,0.0,9.6,2025-10-08 17:50:34
810,2,J.K. Dobbins,DEN,0.0,0.0,0.0,0.0,0.0,11.5,56.0,0.4,2.0,11.3,0.1,0.1,0.0,0.0,0.0,0.0,0.0,0.0,0.0,9.6,2025-10-08 17:50:34
811,2,Nick Chubb,HOU,0.0,0.0,0.0,0.0,0.0,14.2,55.2,0.5,1.1,8.3,0.1,0.1,0.0,0.0,0.0,0.0,0.0,0.0,0.0,9.4,2025-10-08 17:50:34
812,2,Aaron Jones Sr.,MIN,0.0,0.0,0.0,0.0,0.0,9.6,48.0,0.3,2.7,20.8,0.2,0.1,0.0,0.0,0.0,0.0,0.0,0.0,0.0,9.4,2025-10-08 17:50:34
813,2,TreVeyon Henderson,NE,0.0,0.0,0.0,0.0,0.0,9.7,47.7,0.3,2.4,18.8,0.1,0.1,0.0,0.0,0.0,0.0,0.0,0.0,0.0,9.0,2025-10-08 17:50:34
814,2,Zach Charbonnet,SEA,0.0,0.0,0.0,0.0,0.0,11.4,45.7,0.4,2.2,15.9,0.0,0.1,0.0,0.0,0.0,0.0,0.0,0.0,0.0,8.8,2025-10-08 17:50:34
815,2,Kenneth Walker III,SEA,0.0,0.0,0.0,0.0,0.0,10.4,42.2,0.4,2.6,17.8,0.1,0.1,0.0,0.0,0.0,0.0,0.0,0.0,0.0,8.5,2025-10-08 17:50:34
816,2,Dylan Sampson,CLE,0.0,0.0,0.0,0.0,0.0,11.7,42.3,0.3,2.5,19.9,0.1,0.1,0.0,0.0,0.0,0.0,0.0,0.0,0.0,8.4,2025-10-08 17:50:34
817,2,Rhamondre Stevenson,NE,0.0,0.0,0.0,0.0,0.0,11.0,45.5,0.4,1.5,9.8,0.1,0.1,0.0,0.0,0.0,0.0,0.0,0.0,0.0,8.1,2025-10-08 17:50:34
818,2,Jacory Croskey-Merritt,WAS,0.0,0.0,0.0,0.0,0.0,10.6,46.0,0.4,1.3,10.2,0.1,0.1,0.0,0.0,0.0,0.0,0.0,0.0,0.0,8.0,2025-10-08 17:50:34
819,2,Isiah Pacheco,KC,0.0,0.0,0.0,0.0,0.0,10.7,43.8,0.3,2.0,11.9,0.1,0.1,0.0,0.0,0.0,0.0,0.0,0.0,0.0,7.4,2025-10-08 17:50:34
820,2,RJ Harvey,DEN,0.0,0.0,0.0,0.0,0.0,8.6,38.7,0.2,1.5,12.0,0.1,0.1,0.0,0.0,0.0,0.0,0.0,0.0,0.0,6.8,2025-10-08 17:50:34
821,2,Kareem Hunt,KC,0.0,0.0,0.0,0.0,0.0,8.9,32.0,0.3,1.7,10.5,0.1,0.0,0.0,0.0,0.0,0.0,0.0,0.0,0.0,6.7,2025-10-08 17:50:34
822,2,Kenneth Gainwell,PIT,0.0,0.0,0.0,0.0,0.0,9.0,32.6,0.3,1.9,12.0,0.0,0.0,0.0,0.0,0.0,0.0,0.0,0.0,0.0,6.3,2025-10-08 17:50:34
823,2,Bhayshul Tuten,JAC,0.0,0.0,0.0,0.0,0.0,7.1,29.4,0.2,1.0,8.5,0.1,0.1,0.0,0.0,0.0,0.0,0.0,0.0,0.0,5.3,2025-10-08 17:50:34
824,2,Brian Robinson Jr.,SF,0.0,0.0,0.0,0.0,0.0,7.4,29.5,0.3,0.7,5.5,0.0,0.1,0.0,0.0,0.0,0.0,0.0,0.0,0.0,5.1,2025-10-08 17:50:34
825,2,Jerome Ford,CLE,0.0,0.0,0.0,0.0,0.0,6.0,26.8,0.1,1.4,9.2,0.1,0.0,0.0,0.0,0.0,0.0,0.0,0.0,0.0,4.8,2025-10-08 17:50:34
826,2,Ollie Gordon II,MIA,0.0,0.0,0.0,0.0,0.0,6.4,26.9,0.2,0.9,7.3,0.0,0.1,0.0,0.0,0.0,0.0,0.0,0.0,0.0,4.7,2025-10-08 17:50:34
827,2,Rachaad White,TB,0.0,0.0,0.0,0.0,0.0,6.1,22.2,0.1,1.7,12.3,0.1,0.1,0.0,0.0,0.0,0.0,0.0,0.0,0.0,4.7,2025-10-08 17:50:34
828,2,Tyler Allgeier,ATL,0.0,0.0,0.0,0.0,0.0,6.8,30.0,0.2,0.6,4.2,0.0,0.0,0.0,0.0,0.0,0.0,0.0,0.0,0.0,4.7,2025-10-08 17:50:34
829,2,Cam Skattebo,NYG,0.0,0.0,0.0,0.0,0.0,5.2,23.3,0.2,1.1,9.4,0.1,0.1,0.0,0.0,0.0,0.0,0.0,0.0,0.0,4.5,2025-10-08 17:50:34
830,2,Justice Hill,BAL,0.0,0.0,0.0,0.0,0.0,4.2,15.8,0.1,2.0,16.3,0.1,0.0,0.0,0.0,0.0,0.0,0.0,0.0,0.0,4.5,2025-10-08 17:50:34
831,2,Rico Dowdle,CAR,0.0,0.0,0.0,0.0,0.0,4.8,20.8,0.1,1.6,10.3,0.1,0.0,0.0,0.0,0.0,0.0,0.0,0.0,0.0,4.1,2025-10-08 17:50:34
832,2,Ray Davis,BUF,0.0,0.0,0.0,0.0,0.0,6.2,23.0,0.2,0.4,3.7,0.1,0.0,0.0,0.0,0.0,0.0,0.0,0.0,0.0,4.0,2025-10-08 17:50:34
833,2,Kendre Miller,NO,0.0,0.0,0.0,0.0,0.0,6.2,24.0,0.2,0.7,5.2,0.0,0.0,0.0,0.0,0.0,0.0,0.0,0.0,0.0,3.9,2025-10-08 17:50:34
834,2,Miles Sanders,DAL,0.0,0.0,0.0,0.0,0.0,5.2,21.7,0.1,1.0,6.2,0.1,0.1,0.0,0.0,0.0,0.0,0.0,0.0,0.0,3.8,2025-10-08 17:50:34
835,2,Quinshon Judkins,CLE,0.0,0.0,0.0,0.0,0.0,5.0,20.2,0.2,0.9,7.3,0.0,0.1,0.0,0.0,0.0,0.0,0.0,0.0,0.0,3.7,2025-10-08 17:50:34
836,2,Ty Johnson,BUF,0.0,0.0,0.0,0.0,0.0,3.6,16.3,0.1,0.9,9.5,0.1,0.0,0.0,0.0,0.0,0.0,0.0,0.0,0.0,3.6,2025-10-08 17:50:34
837,2,Samaje Perine,CIN,0.0,0.0,0.0,0.0,0.0,3.9,13.6,0.1,1.4,12.9,0.0,0.1,0.0,0.0,0.0,0.0,0.0,0.0,0.0,3.5,2025-10-08 17:50:34
838,2,Blake Corum,LAR,0.0,0.0,0.0,0.0,0.0,4.8,18.6,0.1,0.5,4.3,0.0,0.0,0.0,0.0,0.0,0.0,0.0,0.0,0.0,2.9,2025-10-08 17:50:34
839,2,Kaleb Johnson,PIT,0.0,0.0,0.0,0.0,0.0,4.6,16.8,0.1,0.4,3.7,0.0,0.0,0.0,0.0,0.0,0.0,0.0,0.0,0.0,2.8,2025-10-08 17:50:34
840,2,Devin Singletary,NYG,0.0,0.0,0.0,0.0,0.0,3.8,18.4,0.1,0.5,3.0,0.0,0.0,0.0,0.0,0.0,0.0,0.0,0.0,0.0,2.8,2025-10-08 17:50:34
841,2,Julius Chestnut,TEN,0.0,0.0,0.0,0.0,0.0,4.5,16.2,0.1,0.6,4.6,0.0,0.0,0.0,0.0,0.0,0.0,0.0,0.0,0.0,2.7,2025-10-08 17:50:34
842,2,Woody Marks,HOU,0.0,0.0,0.0,0.0,0.0,3.6,15.3,0.1,0.5,4.3,0.0,0.0,0.0,0.0,0.0,0.0,0.0,0.0,0.0,2.7,2025-10-08 17:50:34
843,2,DJ Giddens,IND,0.0,0.0,0.0,0.0,0.0,3.2,12.7,0.1,0.5,5.0,0.0,0.0,0.0,0.0,0.0,0.0,0.0,0.0,0.0,2.5,2025-10-08 17:50:34
844,2,Dameon Pierce,HOU,0.0,0.0,0.0,0.0,0.0,3.6,14.9,0.1,0.5,3.4,0.0,0.0,0.0,0.0,0.0,0.0,0.0,0.0,0.0,2.4,2025-10-08 17:50:34
845,2,Chris Brooks,GB,0.0,0.0,0.0,0.0,0.0,2.7,13.4,0.1,0.8,5.3,0.0,0.0,0.0,0.0,0.0,0.0,0.0,0.0,0.0,2.4,2025-10-08 17:50:34
846,2,Kyle Monangai,CHI,0.0,0.0,0.0,0.0,0.0,2.8,12.8,0.1,0.4,3.6,0.0,0.0,0.0,0.0,0.0,0.0,0.0,0.0,0.0,2.4,2025-10-08 17:50:34
847,2,Zamir White,LV,0.0,0.0,0.0,0.0,0.0,3.7,13.9,0.1,0.5,3.5,0.0,0.1,0.0,0.0,0.0,0.0,0.0,0.0,0.0,2.3,2025-10-08 17:50:34
848,2,LeQuint Allen Jr.,JAC,0.0,0.0,0.0,0.0,0.0,2.3,9.2,0.1,0.8,6.7,0.0,0.0,0.0,0.0,0.0,0.0,0.0,0.0,0.0,2.2,2025-10-08 17:50:34
849,2,A.J. Dillon,PHI,0.0,0.0,0.0,0.0,0.0,3.4,13.5,0.1,0.3,3.2,0.0,0.0,0.0,0.0,0.0,0.0,0.0,0.0,0.0,2.2,2025-10-08 17:50:34
850,2,Dare Ogunbowale,HOU,0.0,0.0,0.0,0.0,0.0,2.3,7.9,0.0,1.3,10.3,0.1,0.1,0.0,0.0,0.0,0.0,0.0,0.0,0.0,2.1,2025-10-08 17:50:34
851,2,Devin Neal,NO,0.0,0.0,0.0,0.0,0.0,2.2,9.9,0.1,0.4,2.9,0.0,0.0,0.0,0.0,0.0,0.0,0.0,0.0,0.0,1.9,2025-10-08 17:50:34
852,2,Tyler Badie,DEN,0.0,0.0,0.0,0.0,0.0,1.2,6.6,0.0,1.1,8.4,0.0,0.0,0.0,0.0,0.0,0.0,0.0,0.0,0.0,1.8,2025-10-08 17:50:34
853,2,Zavier Scott,MIN,0.0,0.0,0.0,0.0,0.0,2.1,10.3,0.1,0.2,1.6,0.0,0.0,0.0,0.0,0.0,0.0,0.0,0.0,0.0,1.8,2025-10-08 17:50:34
854,2,Isaac Guerendo,SF,0.0,0.0,0.0,0.0,0.0,2.5,9.6,0.1,0.4,4.3,0.0,0.0,0.0,0.0,0.0,0.0,0.0,0.0,0.0,1.8,2025-10-08 17:50:34
855,2,Tank Bigsby,PHI,0.0,0.0,0.0,0.0,0.0,2.4,10.0,0.1,0.2,1.3,0.0,0.0,0.0,0.0,0.0,0.0,0.0,0.0,0.0,1.7,2025-10-08 17:50:34
856,2,Kyle Juszczyk,SF,0.0,0.0,0.0,0.0,0.0,0.3,1.4,0.0,1.0,10.7,0.1,0.0,0.0,0.0,0.0,0.0,0.0,0.0,0.0,1.6,2025-10-08 17:50:34
857,2,Roschon Johnson,CHI,0.0,0.0,0.0,0.0,0.0,1.8,5.6,0.1,0.5,3.4,0.0,0.0,0.0,0.0,0.0,0.0,0.0,0.0,0.0,1.6,2025-10-08 17:50:34
858,2,Emanuel Wilson,GB,0.0,0.0,0.0,0.0,0.0,1.9,8.0,0.1,0.2,1.7,0.0,0.0,0.0,0.0,0.0,0.0,0.0,0.0,0.0,1.4,2025-10-08 17:50:34
859,2,Jeremy McNichols,WAS,0.0,0.0,0.0,0.0,0.0,2.3,7.2,0.1,0.2,1.4,0.0,0.0,0.0,0.0,0.0,0.0,0.0,0.0,0.0,1.4,2025-10-08 17:50:34
860,2,Brashard Smith,KC,0.0,0.0,0.0,0.0,0.0,1.4,6.5,0.1,0.3,2.6,0.0,0.0,0.0,0.0,0.0,0.0,0.0,0.0,0.0,1.4,2025-10-08 17:50:34
861,2,Isaiah Davis,NYJ,0.0,0.0,0.0,0.0,0.0,1.4,7.4,0.0,0.4,3.2,0.0,0.0,0.0,0.0,0.0,0.0,0.0,0.0,0.0,1.3,2025-10-08 17:50:34
862,2,Sean Tucker,TB,0.0,0.0,0.0,0.0,0.0,1.6,7.0,0.1,0.2,2.0,0.0,0.0,0.0,0.0,0.0,0.0,0.0,0.0,0.0,1.3,2025-10-08 17:50:34
863,2,Trevor Etienne,CAR,0.0,0.0,0.0,0.0,0.0,1.2,7.2,0.1,0.1,1.2,0.0,0.0,0.0,0.0,0.0,0.0,0.0,0.0,0.0,1.2,2025-10-08 17:50:34
864,2,Emari Demercado,ARI,0.0,0.0,0.0,0.0,0.0,1.0,7.8,0.0,0.3,1.6,0.0,0.0,0.0,0.0,0.0,0.0,0.0,0.0,0.0,1.2,2025-10-08 17:50:34
865,2,Alec Ingold,MIA,0.0,0.0,0.0,0.0,0.0,0.5,1.4,0.1,0.6,4.6,0.0,0.0,0.0,0.0,0.0,0.0,0.0,0.0,0.0,1.0,2025-10-08 17:50:34
866,2,Zonovan Knight,ARI,0.0,0.0,0.0,0.0,0.0,1.0,5.8,0.1,0.1,0.6,0.0,0.0,0.0,0.0,0.0,0.0,0.0,0.0,0.0,0.9,2025-10-08 17:50:34
867,2,Hunter Luepke,DAL,0.0,0.0,0.0,0.0,0.0,0.6,2.3,0.1,0.3,2.8,0.0,0.0,0.0,0.0,0.0,0.0,0.0,0.0,0.0,0.9,2025-10-08 17:50:34
868,2,Hassan Haskins,LAC,0.0,0.0,0.0,0.0,0.0,1.2,3.2,0.1,0.1,1.3,0.1,0.1,0.0,0.0,0.0,0.0,0.0,0.0,0.0,0.9,2025-10-08 17:50:34
869,2,Andrew Beck,NYJ,0.0,0.0,0.0,0.0,0.0,0.2,0.2,0.1,0.3,1.4,0.0,0.0,0.0,0.0,0.0,0.0,0.0,0.0,0.0,0.8,2025-10-08 17:50:34
870,2,Jarquez Hunter,LAR,0.0,0.0,0.0,0.0,0.0,0.9,3.7,0.0,0.1,0.5,0.0,0.0,0.0,0.0,0.0,0.0,0.0,0.0,0.0,0.7,2025-10-08 17:50:34
871,2,George Holani,SEA,0.0,0.0,0.0,0.0,0.0,0.0,5.2,0.0,0.1,1.2,0.0,0.0,0.0,0.0,0.0,0.0,0.0,0.0,0.0,0.6,2025-10-08 17:50:34
872,2,Tahj Brooks,CIN,0.0,0.0,0.0,0.0,0.0,0.6,2.7,0.0,0.1,0.6,0.0,0.0,0.0,0.0,0.0,0.0,0.0,0.0,0.0,0.6,2025-10-08 17:50:34
873,2,Dylan Laube,LV,0.0,0.0,0.0,0.0,0.0,0.8,3.2,0.1,0.1,0.8,0.0,0.1,0.0,0.0,0.0,0.0,0.0,0.0,0.0,0.6,2025-10-08 17:50:34
874,2,Jakob Johnson,HOU,0.0,0.0,0.0,0.0,0.0,0.6,1.8,0.0,0.4,3.4,0.0,0.0,0.0,0.0,0.0,0.0,0.0,0.0,0.0,0.5,2025-10-08 17:50:34
875,2,Craig Reynolds,DET,0.0,0.0,0.0,0.0,0.0,1.0,4.3,0.0,0.1,0.8,0.0,0.0,0.0,0.0,0.0,0.0,0.0,0.0,0.0,0.5,2025-10-08 17:50:34
876,2,Rasheen Ali,BAL,0.0,0.0,0.0,0.0,0.0,0.7,2.9,0.0,0.0,0.4,0.0,0.0,0.0,0.0,0.0,0.0,0.0,0.0,0.0,0.5,2025-10-08 17:50:34
877,2,Scott Matlock,LAC,0.0,0.0,0.0,0.0,0.0,0.0,0.0,0.0,0.1,0.9,0.0,0.0,0.0,0.0,0.0,0.0,0.0,0.0,0.0,0.1,2025-10-08 17:50:34
878,2,Reggie Gilliam,BUF,0.0,0.0,0.0,0.0,0.0,0.4,1.0,0.0,0.0,0.2,0.0,0.0,0.0,0.0,0.0,0.0,0.0,0.0,0.0,0.1,2025-10-08 17:50:34
879,2,Adam Prentice,DEN,0.0,0.0,0.0,0.0,0.0,0.1,0.3,0.0,0.1,0.6,0.0,0.0,0.0,0.0,0.0,0.0,0.0,0.0,0.0,0.1,2025-10-08 17:50:34
880,2,Robbie Ouzts,SEA,0.0,0.0,0.0,0.0,0.0,0.0,0.0,0.0,0.1,0.8,0.0,0.0,0.0,0.0,0.0,0.0,0.0,0.0,0.0,0.1,2025-10-08 17:50:34
881,2,Eric Gray,NYG,0.0,0.0,0.0,0.0,0.0,0.0,0.0,0.0,0.0,0.0,0.0,0.0,0.0,0.0,0.0,0.0,0.0,0.0,0.0,0.0,2025-10-08 17:50:34
882,2,Michael Burton,DEN,0.0,0.0,0.0,0.0,0.0,0.0,0.0,0.0,0.0,0.0,0.0,0.0,0.0,0.0,0.0,0.0,0.0,0.0,0.0,0.0,2025-10-08 17:50:34
883,2,Raheem Mostert,LV,0.0,0.0,0.0,0.0,0.0,0.0,0.0,0.0,0.0,0.0,0.0,0.0,0.0,0.0,0.0,0.0,0.0,0.0,0.0,0.0,2025-10-08 17:50:34
884,2,C.J. Ham,MIN,0.0,0.0,0.0,0.0,0.0,0.0,0.0,0.0,0.0,0.0,0.0,0.0,0.0,0.0,0.0,0.0,0.0,0.0,0.0,0.0,2025-10-08 17:50:34
885,2,Joe Mixon,HOU,0.0,0.0,0.0,0.0,0.0,0.0,0.0,0.0,0.0,0.0,0.0,0.0,0.0,0.0,0.0,0.0,0.0,0.0,0.0,0.0,2025-10-08 17:50:34
886,2,Patrick Ricard,BAL,0.0,0.0,0.0,0.0,0.0,0.0,0.0,0.0,0.0,0.0,0.0,0.0,0.0,0.0,0.0,0.0,0.0,0.0,0.0,0.0,2025-10-08 17:50:34
887,2,Travis Homer,CHI,0.0,0.0,0.0,0.0,0.0,0.0,0.0,0.0,0.0,0.0,0.0,0.0,0.0,0.0,0.0,0.0,0.0,0.0,0.0,0.0,2025-10-08 17:50:34
888,2,Clyde Edwards-Helaire,KC,0.0,0.0,0.0,0.0,0.0,0.0,0.0,0.0,0.0,0.0,0.0,0.0,0.0,0.0,0.0,0.0,0.0,0.0,0.0,0.0,2025-10-08 17:50:34
889,2,Ty Chandler,MIN,0.0,0.0,0.0,0.0,0.0,0.0,0.0,0.0,0.0,0.0,0.0,0.0,0.0,0.0,0.0,0.0,0.0,0.0,0.0,0.0,2025-10-08 17:50:34
890,2,DeeJay Dallas,CAR,0.0,0.0,0.0,0.0,0.0,0.0,0.0,0.0,0.0,0.0,0.0,0.0,0.0,0.0,0.0,0.0,0.0,0.0,0.0,0.0,2025-10-08 17:50:34
891,2,Raheem Blackshear,PIT,0.0,0.0,0.0,0.0,0.0,0.0,0.0,0.0,0.0,0.0,0.0,0.0,0.0,0.0,0.0,0.0,0.0,0.0,0.0,0.0,2025-10-08 17:50:34
892,2,Khalil Herbert,NYJ,0.0,0.0,0.0,0.0,0.0,0.0,0.0,0.0,0.0,0.0,0.0,0.0,0.0,0.0,0.0,0.0,0.0,0.0,0.0,0.0,2025-10-08 17:50:34
893,2,Elijah Mitchell,KC,0.0,0.0,0.0,0.0,0.0,0.0,0.0,0.0,0.0,0.0,0.0,0.0,0.0,0.0,0.0,0.0,0.0,0.0,0.0,0.0,2025-10-08 17:50:34
894,2,Keilan Robinson,NYJ,0.0,0.0,0.0,0.0,0.0,0.0,0.0,0.0,0.0,0.0,0.0,0.0,0.0,0.0,0.0,0.0,0.0,0.0,0.0,0.0,2025-10-08 17:50:34
895,2,Will Shipley,PHI,0.0,0.0,0.0,0.0,0.0,0.0,0.0,0.0,0.0,0.0,0.0,0.0,0.0,0.0,0.0,0.0,0.0,0.0,0.0,0.0,2025-10-08 17:50:34
896,2,Jashaun Corbin,NE,0.0,0.0,0.0,0.0,0.0,0.0,0.0,0.0,0.0,0.0,0.0,0.0,0.0,0.0,0.0,0.0,0.0,0.0,0.0,0.0,2025-10-08 17:50:34
897,2,Tyler Goodson,IND,0.0,0.0,0.0,0.0,0.0,0.0,0.0,0.0,0.0,0.0,0.0,0.0,0.0,0.0,0.0,0.0,0.0,0.0,0.0,0.0,2025-10-08 17:50:34
898,2,Deuce Vaughn,DEN,0.0,0.0,0.0,0.0,0.0,0.0,0.0,0.0,0.0,0.0,0.0,0.0,0.0,0.0,0.0,0.0,0.0,0.0,0.0,0.0,2025-10-08 17:50:34
899,2,Chris Rodriguez Jr.,WAS,0.0,0.0,0.0,0.0,0.0,0.0,0.0,0.0,0.0,0.0,0.0,0.0,0.0,0.0,0.0,0.0,0.0,0.0,0.0,0.0,2025-10-08 17:50:34
900,2,Audric Estime,PHI,0.0,0.0,0.0,0.0,0.0,0.0,0.0,0.0,0.0,0.0,0.0,0.0,0.0,0.0,0.0,0.0,0.0,0.0,0.0,0.0,2025-10-08 17:50:34
901,2,MarShawn Lloyd,GB,0.0,0.0,0.0,0.0,0.0,0.0,0.0,0.0,0.0,0.0,0.0,0.0,0.0,0.0,0.0,0.0,0.0,0.0,0.0,0.0,2025-10-08 17:50:34
902,2,Sincere McCormick,SF,0.0,0.0,0.0,0.0,0.0,0.0,0.0,0.0,0.0,0.0,0.0,0.0,0.0,0.0,0.0,0.0,0.0,0.0,0.0,0.0,2025-10-08 17:50:34
903,2,Kene Nwangwu,NYJ,0.0,0.0,0.0,0.0,0.0,0.0,0.0,0.0,0.0,0.0,0.0,0.0,0.0,0.0,0.0,0.0,0.0,0.0,0.0,0.0,2025-10-08 17:50:34
904,2,Avery Williams,NYJ,0.0,0.0,0.0,0.0,0.0,0.0,0.0,0.0,0.0,0.0,0.0,0.0,0.0,0.0,0.0,0.0,0.0,0.0,0.0,0.0,2025-10-08 17:50:34
905,2,Pierre Strong Jr.,GB,0.0,0.0,0.0,0.0,0.0,0.0,0.0,0.0,0.0,0.0,0.0,0.0,0.0,0.0,0.0,0.0,0.0,0.0,0.0,0.0,2025-10-08 17:50:34
906,2,Jaydon Blue,DAL,0.0,0.0,0.0,0.0,0.0,0.0,0.0,0.0,0.0,0.0,0.0,0.0,0.0,0.0,0.0,0.0,0.0,0.0,0.0,0.0,2025-10-08 17:50:34
907,2,Raheim Sanders,CLE,0.0,0.0,0.0,0.0,0.0,0.0,0.0,0.0,0.0,0.0,0.0,0.0,0.0,0.0,0.0,0.0,0.0,0.0,0.0,0.0,2025-10-08 17:50:34
908,2,Tyjae Spears,TEN,0.0,0.0,0.0,0.0,0.0,0.0,0.0,0.0,0.0,0.0,0.0,0.0,0.0,0.0,0.0,0.0,0.0,0.0,0.0,0.0,2025-10-08 17:50:34
909,2,Keaton Mitchell,BAL,0.0,0.0,0.0,0.0,0.0,0.0,0.0,0.0,0.0,0.0,0.0,0.0,0.0,0.0,0.0,0.0,0.0,0.0,0.0,0.0,2025-10-08 17:50:34
910,2,Carlos Washington Jr.,ATL,0.0,0.0,0.0,0.0,0.0,0.0,0.0,0.0,0.0,0.0,0.0,0.0,0.0,0.0,0.0,0.0,0.0,0.0,0.0,0.0,2025-10-08 17:50:34
911,2,Jacob Saylors,DET,0.0,0.0,0.0,0.0,0.0,0.0,0.0,0.0,0.0,0.0,0.0,0.0,0.0,0.0,0.0,0.0,0.0,0.0,0.0,0.0,2025-10-08 17:50:34
912,2,Jaleel McLaughlin,DEN,0.0,0.0,0.0,0.0,0.0,0.0,0.0,0.0,0.0,0.0,0.0,0.0,0.0,0.0,0.0,0.0,0.0,0.0,0.0,0.0,2025-10-08 17:50:34
913,2,Jaylen Wright,MIA,0.0,0.0,0.0,0.0,0.0,0.0,0.0,0.0,0.0,0.0,0.0,0.0,0.0,0.0,0.0,0.0,0.0,0.0,0.0,0.0,2025-10-08 17:50:34
914,2,Sione Vaki,DET,0.0,0.0,0.0,0.0,0.0,0.0,0.0,0.0,0.0,0.0,0.0,0.0,0.0,0.0,0.0,0.0,0.0,0.0,0.0,0.0,2025-10-08 17:50:34
915,2,Kimani Vidal,LAC,0.0,0.0,0.0,0.0,0.0,0.0,0.0,0.0,0.0,0.0,0.0,0.0,0.0,0.0,0.0,0.0,0.0,0.0,0.0,0.0,2025-10-08 17:50:34
916,2,Carson Steele,KC,0.0,0.0,0.0,0.0,0.0,0.0,0.0,0.0,0.0,0.0,0.0,0.0,0.0,0.0,0.0,0.0,0.0,0.0,0.0,0.0,2025-10-08 17:50:34
917,2,Terrell Jennings,NE,0.0,0.0,0.0,0.0,0.0,0.0,0.0,0.0,0.0,0.0,0.0,0.0,0.0,0.0,0.0,0.0,0.0,0.0,0.0,0.0,2025-10-08 17:50:34
918,2,Jordan James,SF,0.0,0.0,0.0,0.0,0.0,0.0,0.0,0.0,0.0,0.0,0.0,0.0,0.0,0.0,0.0,0.0,0.0,0.0,0.0,0.0,2025-10-08 17:50:34
919,2,Josh Williams,TB,0.0,0.0,0.0,0.0,0.0,0.0,0.0,0.0,0.0,0.0,0.0,0.0,0.0,0.0,0.0,0.0,0.0,0.0,0.0,0.0,2025-10-08 17:50:34
920,2,Nathan Carter,ATL,0.0,0.0,0.0,0.0,0.0,0.0,0.0,0.0,0.0,0.0,0.0,0.0,0.0,0.0,0.0,0.0,0.0,0.0,0.0,0.0,2025-10-08 17:50:34
921,2,Ja'Marr Chase,CIN,0.0,0.0,0.0,0.0,0.0,0.2,1.1,0.0,6.6,91.8,0.7,0.0,0.0,0.0,0.0,0.0,0.0,0.0,0.0,13.6,2025-10-08 17:50:34
922,2,Justin Jefferson,MIN,0.0,0.0,0.0,0.0,0.0,0.2,0.5,0.0,6.5,92.5,0.6,0.0,0.0,0.0,0.0,0.0,0.0,0.0,0.0,12.9,2025-10-08 17:50:34
923,2,CeeDee Lamb,DAL,0.0,0.0,0.0,0.0,0.0,0.6,4.0,0.0,6.9,90.5,0.5,0.1,0.0,0.0,0.0,0.0,0.0,0.0,0.0,12.4,2025-10-08 17:50:34
924,2,Puka Nacua,LAR,0.0,0.0,0.0,0.0,0.0,0.8,3.9,0.1,7.2,91.7,0.4,0.0,0.0,0.0,0.0,0.0,0.0,0.0,0.0,12.3,2025-10-08 17:50:34
925,2,Brian Thomas Jr.,JAC,0.0,0.0,0.0,0.0,0.0,0.3,1.9,0.0,5.4,80.1,0.5,0.0,0.0,0.0,0.0,0.0,0.0,0.0,0.0,11.6,2025-10-08 17:50:34
926,2,Nico Collins,HOU,0.0,0.0,0.0,0.0,0.0,0.0,0.1,0.0,5.6,80.5,0.5,0.0,0.0,0.0,0.0,0.0,0.0,0.0,0.0,11.0,2025-10-08 17:50:34
927,2,Amon-Ra St. Brown,DET,0.0,0.0,0.0,0.0,0.0,0.2,1.1,0.0,6.4,74.8,0.5,0.0,0.0,0.0,0.0,0.0,0.0,0.0,0.0,10.6,2025-10-08 17:50:34
928,2,Tee Higgins,CIN,0.0,0.0,0.0,0.0,0.0,0.0,0.0,0.0,5.0,67.6,0.6,0.1,0.0,0.0,0.0,0.0,0.0,0.0,0.0,10.2,2025-10-08 17:50:34
929,2,A.J. Brown,PHI,0.0,0.0,0.0,0.0,0.0,0.0,0.0,0.0,4.9,71.9,0.5,0.0,0.0,0.0,0.0,0.0,0.0,0.0,0.0,10.0,2025-10-08 17:50:34
930,2,Mike Evans,TB,0.0,0.0,0.0,0.0,0.0,0.0,0.0,0.0,4.7,69.0,0.5,0.0,0.0,0.0,0.0,0.0,0.0,0.0,0.0,10.0,2025-10-08 17:50:34
931,2,Davante Adams,LAR,0.0,0.0,0.0,0.0,0.0,0.0,0.0,0.0,5.2,69.5,0.5,0.0,0.0,0.0,0.0,0.0,0.0,0.0,0.0,9.9,2025-10-08 17:50:34
932,2,Jaxon Smith-Njigba,SEA,0.0,0.0,0.0,0.0,0.0,0.3,1.7,0.0,6.3,77.0,0.3,0.1,0.0,0.0,0.0,0.0,0.0,0.0,0.0,9.9,2025-10-08 17:50:34
933,2,Marvin Harrison Jr.,ARI,0.0,0.0,0.0,0.0,0.0,0.0,0.3,0.0,4.5,64.7,0.6,0.1,0.0,0.0,0.0,0.0,0.0,0.0,0.0,9.9,2025-10-08 17:50:34
934,2,DK Metcalf,PIT,0.0,0.0,0.0,0.0,0.0,0.0,0.1,0.0,4.7,71.7,0.5,0.1,0.0,0.0,0.0,0.0,0.0,0.0,0.0,9.8,2025-10-08 17:50:34
935,2,Ladd McConkey,LAC,0.0,0.0,0.0,0.0,0.0,0.0,0.2,0.0,5.4,71.6,0.4,0.0,0.0,0.0,0.0,0.0,0.0,0.0,0.0,9.4,2025-10-08 17:50:34
936,2,Zay Flowers,BAL,0.0,0.0,0.0,0.0,0.0,0.6,3.6,0.0,4.4,63.8,0.4,0.0,0.0,0.0,0.0,0.0,0.0,0.0,0.0,9.2,2025-10-08 17:50:34
937,2,Drake London,ATL,0.0,0.0,0.0,0.0,0.0,0.0,0.2,0.0,5.5,67.8,0.4,0.0,0.0,0.0,0.0,0.0,0.0,0.0,0.0,9.1,2025-10-08 17:50:34
938,2,Courtland Sutton,DEN,0.0,0.0,0.0,0.0,0.0,0.0,0.0,0.0,4.8,64.8,0.5,0.1,0.0,0.0,0.0,0.0,0.0,0.0,0.0,9.1,2025-10-08 17:50:34
939,2,DJ Moore,CHI,0.0,0.0,0.0,0.0,0.0,0.9,4.4,0.0,4.9,64.5,0.4,0.1,0.0,0.0,0.0,0.0,0.0,0.0,0.0,9.0,2025-10-08 17:50:34
940,2,Garrett Wilson,NYJ,0.0,0.0,0.0,0.0,0.0,0.2,1.3,0.0,5.6,68.2,0.4,0.1,0.0,0.0,0.0,0.0,0.0,0.0,0.0,9.0,2025-10-08 17:50:34
941,2,Terry McLaurin,WAS,0.0,0.0,0.0,0.0,0.0,0.1,0.4,0.0,4.7,63.0,0.4,0.0,0.0,0.0,0.0,0.0,0.0,0.0,0.0,8.8,2025-10-08 17:50:34
942,2,George Pickens,DAL,0.0,0.0,0.0,0.0,0.0,0.1,0.7,0.0,4.2,63.8,0.4,0.1,0.0,0.0,0.0,0.0,0.0,0.0,0.0,8.7,2025-10-08 17:50:34
943,2,Emeka Egbuka,TB,0.0,0.0,0.0,0.0,0.0,0.2,1.3,0.0,4.5,61.0,0.4,0.1,0.0,0.0,0.0,0.0,0.0,0.0,0.0,8.7,2025-10-08 17:50:34
944,2,Ricky Pearsall,SF,0.0,0.0,0.0,0.0,0.0,0.2,3.1,0.0,4.4,63.7,0.3,0.0,0.0,0.0,0.0,0.0,0.0,0.0,0.0,8.6,2025-10-08 17:50:34
945,2,Jakobi Meyers,LV,0.0,0.0,0.0,0.0,0.0,0.1,1.0,0.0,5.6,65.8,0.3,0.0,0.0,0.0,0.0,0.0,0.0,0.0,0.0,8.6,2025-10-08 17:50:34
946,2,Jameson Williams,DET,0.0,0.0,0.0,0.0,0.0,0.6,4.8,0.1,3.6,58.1,0.3,0.0,0.0,0.0,0.0,0.0,0.0,0.0,0.0,8.5,2025-10-08 17:50:34
947,2,Calvin Ridley,TEN,0.0,0.0,0.0,0.0,0.0,0.4,2.2,0.0,4.1,61.5,0.4,0.0,0.0,0.0,0.0,0.0,0.0,0.0,0.0,8.5,2025-10-08 17:50:34
948,2,Tetairoa McMillan,CAR,0.0,0.0,0.0,0.0,0.0,0.1,0.6,0.0,5.0,63.0,0.4,0.1,0.0,0.0,0.0,0.0,0.0,0.0,0.0,8.4,2025-10-08 17:50:34
949,2,Deebo Samuel Sr.,WAS,0.0,0.0,0.0,0.0,0.0,2.0,8.2,0.1,4.2,53.4,0.3,0.0,0.0,0.0,0.0,0.0,0.0,0.0,0.0,8.4,2025-10-08 17:50:34
950,2,Keon Coleman,BUF,0.0,0.0,0.0,0.0,0.0,0.1,0.3,0.0,3.5,57.1,0.4,0.0,0.0,0.0,0.0,0.0,0.0,0.0,0.0,8.3,2025-10-08 17:50:34
951,2,Jerry Jeudy,CLE,0.0,0.0,0.0,0.0,0.0,0.0,0.2,0.0,4.9,68.9,0.2,0.0,0.0,0.0,0.0,0.0,0.0,0.0,0.0,8.1,2025-10-08 17:50:34
952,2,DeVonta Smith,PHI,0.0,0.0,0.0,0.0,0.0,0.0,0.1,0.0,4.6,55.7,0.4,0.0,0.0,0.0,0.0,0.0,0.0,0.0,0.0,7.9,2025-10-08 17:50:34
953,2,Jaylen Waddle,MIA,0.0,0.0,0.0,0.0,0.0,0.2,1.1,0.0,4.4,60.6,0.2,0.0,0.0,0.0,0.0,0.0,0.0,0.0,0.0,7.6,2025-10-08 17:50:34
954,2,Rome Odunze,CHI,0.0,0.0,0.0,0.0,0.0,0.2,0.6,0.0,4.1,56.2,0.3,0.1,0.0,0.0,0.0,0.0,0.0,0.0,0.0,7.6,2025-10-08 17:50:34
955,2,Travis Hunter,JAC,0.0,0.0,0.0,0.0,0.0,0.1,0.9,0.0,4.6,57.0,0.3,0.1,0.0,0.0,0.0,0.0,0.0,0.0,0.0,7.6,2025-10-08 17:50:34
956,2,Marquise Brown,KC,0.0,0.0,0.0,0.0,0.0,0.1,0.6,0.0,4.6,53.8,0.3,0.0,0.0,0.0,0.0,0.0,0.0,0.0,0.0,7.3,2025-10-08 17:50:34
957,2,Chris Olave,NO,0.0,0.0,0.0,0.0,0.0,0.1,0.2,0.0,4.8,59.1,0.2,0.1,0.0,0.0,0.0,0.0,0.0,0.0,0.0,7.2,2025-10-08 17:50:34
958,2,Keenan Allen,LAC,0.0,0.0,0.0,0.0,0.0,0.0,0.1,0.0,4.3,50.9,0.4,0.0,0.0,0.0,0.0,0.0,0.0,0.0,0.0,7.2,2025-10-08 17:50:34
959,2,Michael Pittman Jr.,IND,0.0,0.0,0.0,0.0,0.0,0.0,0.1,0.0,5.0,56.5,0.3,0.1,0.0,0.0,0.0,0.0,0.0,0.0,0.0,7.1,2025-10-08 17:50:34
960,2,Quentin Johnston,LAC,0.0,0.0,0.0,0.0,0.0,0.1,0.3,0.0,3.3,46.5,0.4,0.0,0.0,0.0,0.0,0.0,0.0,0.0,0.0,7.1,2025-10-08 17:50:34
961,2,Rashid Shaheed,NO,0.0,0.0,0.0,0.0,0.0,0.5,2.7,0.0,3.5,49.4,0.3,0.1,0.0,0.0,0.0,0.0,0.0,0.0,0.0,6.8,2025-10-08 17:50:34
962,2,Khalil Shakir,BUF,0.0,0.0,0.0,0.0,0.0,0.1,0.3,0.0,4.3,49.2,0.3,0.0,0.0,0.0,0.0,0.0,0.0,0.0,0.0,6.4,2025-10-08 17:50:34
963,2,Stefon Diggs,NE,0.0,0.0,0.0,0.0,0.0,0.2,0.6,0.0,4.1,45.7,0.2,0.0,0.0,0.0,0.0,0.0,0.0,0.0,0.0,6.3,2025-10-08 17:50:34
964,2,Romeo Doubs,GB,0.0,0.0,0.0,0.0,0.0,0.0,0.0,0.0,3.2,44.6,0.3,0.0,0.0,0.0,0.0,0.0,0.0,0.0,0.0,6.3,2025-10-08 17:50:34
965,2,Calvin Austin III,PIT,0.0,0.0,0.0,0.0,0.0,0.1,0.5,0.0,3.2,44.0,0.3,0.1,0.0,0.0,0.0,0.0,0.0,0.0,0.0,6.2,2025-10-08 17:50:34
966,2,Matthew Golden,GB,0.0,0.0,0.0,0.0,0.0,0.1,0.8,0.0,3.1,44.0,0.3,0.0,0.0,0.0,0.0,0.0,0.0,0.0,0.0,6.1,2025-10-08 17:50:34
967,2,Rashod Bateman,BAL,0.0,0.0,0.0,0.0,0.0,0.0,0.1,0.0,2.6,39.5,0.4,0.0,0.0,0.0,0.0,0.0,0.0,0.0,0.0,6.1,2025-10-08 17:50:34
968,2,Cooper Kupp,SEA,0.0,0.0,0.0,0.0,0.0,0.1,0.5,0.0,3.7,44.6,0.2,0.0,0.0,0.0,0.0,0.0,0.0,0.0,0.0,6.0,2025-10-08 17:50:34
969,2,Darnell Mooney,ATL,0.0,0.0,0.0,0.0,0.0,0.0,0.1,0.0,3.4,46.8,0.2,0.0,0.0,0.0,0.0,0.0,0.0,0.0,0.0,5.9,2025-10-08 17:50:34
970,2,Wan'Dale Robinson,NYG,0.0,0.0,0.0,0.0,0.0,0.2,1.4,0.0,4.6,44.0,0.2,0.0,0.0,0.0,0.0,0.0,0.0,0.0,0.0,5.8,2025-10-08 17:50:34
971,2,Kayshon Boutte,NE,0.0,0.0,0.0,0.0,0.0,0.0,0.1,0.0,3.2,44.8,0.2,0.0,0.0,0.0,0.0,0.0,0.0,0.0,0.0,5.8,2025-10-08 17:50:34
972,2,Jauan Jennings,SF,0.0,0.0,0.0,0.0,0.0,0.0,0.1,0.0,3.5,43.0,0.3,0.0,0.0,0.0,0.0,0.0,0.0,0.0,0.0,5.8,2025-10-08 17:50:34
973,2,Jalen Nailor,MIN,0.0,0.0,0.0,0.0,0.0,0.2,0.2,0.0,2.5,35.4,0.3,0.0,0.0,0.0,0.0,0.0,0.0,0.0,0.0,5.5,2025-10-08 17:50:34
974,2,Marvin Mims Jr.,DEN,0.0,0.0,0.0,0.0,0.0,0.9,3.5,0.0,2.9,36.8,0.2,0.1,0.0,0.0,0.0,0.0,0.0,0.0,0.0,5.4,2025-10-08 17:50:34
975,2,Joshua Palmer,BUF,0.0,0.0,0.0,0.0,0.0,0.0,0.0,0.0,2.9,40.1,0.2,0.0,0.0,0.0,0.0,0.0,0.0,0.0,0.0,5.3,2025-10-08 17:50:34
976,2,DeMario Douglas,NE,0.0,0.0,0.0,0.0,0.0,0.3,2.1,0.0,3.5,37.1,0.2,0.0,0.0,0.0,0.0,0.0,0.0,0.0,0.0,5.3,2025-10-08 17:50:34
977,2,Josh Downs,IND,0.0,0.0,0.0,0.0,0.0,0.0,0.4,0.0,3.4,37.2,0.2,0.0,0.0,0.0,0.0,0.0,0.0,0.0,0.0,5.1,2025-10-08 17:50:34
978,2,Xavier Legette,CAR,0.0,0.0,0.0,0.0,0.0,0.4,1.8,0.0,3.3,35.3,0.2,0.0,0.0,0.0,0.0,0.0,0.0,0.0,0.0,5.1,2025-10-08 17:50:34
979,2,JuJu Smith-Schuster,KC,0.0,0.0,0.0,0.0,0.0,0.0,0.0,0.0,3.5,37.8,0.2,0.0,0.0,0.0,0.0,0.0,0.0,0.0,0.0,5.0,2025-10-08 17:50:34
980,2,Tre Tucker,LV,0.0,0.0,0.0,0.0,0.0,0.5,2.6,0.0,2.3,32.7,0.2,0.0,0.0,0.0,0.0,0.0,0.0,0.0,0.0,5.0,2025-10-08 17:50:34
981,2,Elic Ayomanor,TEN,0.0,0.0,0.0,0.0,0.0,0.1,0.4,0.0,3.2,39.1,0.2,0.0,0.0,0.0,0.0,0.0,0.0,0.0,0.0,5.0,2025-10-08 17:50:34
982,2,Alec Pierce,IND,0.0,0.0,0.0,0.0,0.0,0.0,0.0,0.0,2.0,36.2,0.2,0.0,0.0,0.0,0.0,0.0,0.0,0.0,0.0,4.9,2025-10-08 17:50:34
983,2,Michael Wilson,ARI,0.0,0.0,0.0,0.0,0.0,0.0,0.2,0.0,2.7,33.9,0.2,0.0,0.0,0.0,0.0,0.0,0.0,0.0,0.0,4.8,2025-10-08 17:50:34
984,2,Malik Washington,MIA,0.0,0.0,0.0,0.0,0.0,0.7,2.6,0.0,2.8,33.1,0.2,0.0,0.0,0.0,0.0,0.0,0.0,0.0,0.0,4.6,2025-10-08 17:50:34
985,2,Dont'e Thornton Jr.,LV,0.0,0.0,0.0,0.0,0.0,0.0,0.1,0.0,2.6,32.4,0.2,0.0,0.0,0.0,0.0,0.0,0.0,0.0,0.0,4.3,2025-10-08 17:50:34
986,2,Dyami Brown,JAC,0.0,0.0,0.0,0.0,0.0,0.3,1.5,0.0,2.5,32.9,0.1,0.0,0.0,0.0,0.0,0.0,0.0,0.0,0.0,4.2,2025-10-08 17:50:34
987,2,Tyquan Thornton,KC,0.0,0.0,0.0,0.0,0.0,0.1,0.7,0.0,2.4,31.4,0.2,0.0,0.0,0.0,0.0,0.0,0.0,0.0,0.0,4.2,2025-10-08 17:50:34
988,2,DeAndre Hopkins,BAL,0.0,0.0,0.0,0.0,0.0,0.0,0.1,0.0,1.7,25.2,0.3,0.0,0.0,0.0,0.0,0.0,0.0,0.0,0.0,4.2,2025-10-08 17:50:34
989,2,Adam Thielen,MIN,0.0,0.0,0.0,0.0,0.0,0.0,0.0,0.0,2.6,27.6,0.2,0.0,0.0,0.0,0.0,0.0,0.0,0.0,0.0,4.1,2025-10-08 17:50:34
990,2,Jayden Higgins,HOU,0.0,0.0,0.0,0.0,0.0,0.1,0.2,0.0,2.2,29.7,0.2,0.0,0.0,0.0,0.0,0.0,0.0,0.0,0.0,3.9,2025-10-08 17:50:34
991,2,KaVontae Turpin,DAL,0.0,0.0,0.0,0.0,0.0,1.2,6.6,0.0,1.7,21.3,0.2,0.0,0.0,0.0,0.0,0.0,0.0,0.0,0.0,3.8,2025-10-08 17:50:34
992,2,Troy Franklin,DEN,0.0,0.0,0.0,0.0,0.0,0.1,0.3,0.0,2.3,28.5,0.1,0.0,0.0,0.0,0.0,0.0,0.0,0.0,0.0,3.7,2025-10-08 17:50:34
993,2,Dontayvion Wicks,GB,0.0,0.0,0.0,0.0,0.0,0.0,0.1,0.0,1.8,24.7,0.2,0.0,0.0,0.0,0.0,0.0,0.0,0.0,0.0,3.7,2025-10-08 17:50:34
994,2,Ray-Ray McCloud III,ATL,0.0,0.0,0.0,0.0,0.0,0.5,3.3,0.0,2.6,28.1,0.1,0.1,0.0,0.0,0.0,0.0,0.0,0.0,0.0,3.7,2025-10-08 17:50:34
995,2,Hunter Renfrow,CAR,0.0,0.0,0.0,0.0,0.0,0.0,0.0,0.0,2.7,29.2,0.1,0.0,0.0,0.0,0.0,0.0,0.0,0.0,0.0,3.6,2025-10-08 17:50:34
996,2,Nick Westbrook-Ikhine,MIA,0.0,0.0,0.0,0.0,0.0,0.0,0.1,0.0,1.6,22.8,0.2,0.0,0.0,0.0,0.0,0.0,0.0,0.0,0.0,3.6,2025-10-08 17:50:34
997,2,Sterling Shepard,TB,0.0,0.0,0.0,0.0,0.0,0.3,1.8,0.0,2.0,23.7,0.2,0.0,0.0,0.0,0.0,0.0,0.0,0.0,0.0,3.5,2025-10-08 17:50:34
998,2,Noah Brown,WAS,0.0,0.0,0.0,0.0,0.0,0.0,0.0,0.0,2.2,27.5,0.1,0.0,0.0,0.0,0.0,0.0,0.0,0.0,0.0,3.4,2025-10-08 17:50:34
999,2,Brandin Cooks,NO,0.0,0.0,0.0,0.0,0.0,0.1,0.2,0.0,2.1,23.6,0.2,0.0,0.0,0.0,0.0,0.0,0.0,0.0,0.0,3.4,2025-10-08 17:50:34
1000,2,Jalen Tolbert,DAL,0.0,0.0,0.0,0.0,0.0,0.0,0.0,0.0,1.7,20.9,0.2,0.0,0.0,0.0,0.0,0.0,0.0,0.0,0.0,3.4,2025-10-08 17:50:34
1001,2,Tory Horton,SEA,0.0,0.0,0.0,0.0,0.0,0.1,0.4,0.0,2.1,27.6,0.1,0.0,0.0,0.0,0.0,0.0,0.0,0.0,0.0,3.3,2025-10-08 17:50:34
1002,2,Andrei Iosivas,CIN,0.0,0.0,0.0,0.0,0.0,0.0,0.0,0.0,1.6,19.5,0.2,0.0,0.0,0.0,0.0,0.0,0.0,0.0,0.0,3.3,2025-10-08 17:50:34
1003,2,Tyler Lockett,TEN,0.0,0.0,0.0,0.0,0.0,0.0,0.0,0.0,2.0,23.3,0.1,0.0,0.0,0.0,0.0,0.0,0.0,0.0,0.0,3.1,2025-10-08 17:50:34
1004,2,Olamide Zaccheaus,CHI,0.0,0.0,0.0,0.0,0.0,0.0,0.3,0.0,1.9,23.1,0.1,0.0,0.0,0.0,0.0,0.0,0.0,0.0,0.0,3.0,2025-10-08 17:50:34
1005,2,Tyler Johnson,NYJ,0.0,0.0,0.0,0.0,0.0,0.0,0.0,0.0,2.0,22.3,0.1,0.0,0.0,0.0,0.0,0.0,0.0,0.0,0.0,2.9,2025-10-08 17:50:34
1006,2,Xavier Hutchinson,HOU,0.0,0.0,0.0,0.0,0.0,0.2,0.8,0.0,1.5,20.2,0.1,0.0,0.0,0.0,0.0,0.0,0.0,0.0,0.0,2.7,2025-10-08 17:50:34
1007,2,Dareke Young,SEA,0.0,0.0,0.0,0.0,0.0,0.1,0.3,0.0,1.6,20.9,0.1,0.0,0.0,0.0,0.0,0.0,0.0,0.0,0.0,2.7,2025-10-08 17:50:34
1008,2,Tutu Atwell,LAR,0.0,0.0,0.0,0.0,0.0,0.1,0.5,0.0,1.6,20.3,0.1,0.0,0.0,0.0,0.0,0.0,0.0,0.0,0.0,2.6,2025-10-08 17:50:34
1009,2,Jahan Dotson,PHI,0.0,0.0,0.0,0.0,0.0,0.0,0.3,0.0,1.5,19.2,0.1,0.0,0.0,0.0,0.0,0.0,0.0,0.0,0.0,2.6,2025-10-08 17:50:34
1010,2,Kendrick Bourne,SF,0.0,0.0,0.0,0.0,0.0,0.1,0.2,0.0,1.5,19.1,0.1,0.0,0.0,0.0,0.0,0.0,0.0,0.0,0.0,2.6,2025-10-08 17:50:34
1011,2,Justin Watson,HOU,0.0,0.0,0.0,0.0,0.0,0.0,0.0,0.0,1.2,18.6,0.1,0.0,0.0,0.0,0.0,0.0,0.0,0.0,0.0,2.4,2025-10-08 17:50:34
1012,2,Jack Bech,LV,0.0,0.0,0.0,0.0,0.0,0.1,0.3,0.0,1.5,19.0,0.1,0.0,0.0,0.0,0.0,0.0,0.0,0.0,0.0,2.3,2025-10-08 17:50:34
1013,2,Jaylin Noel,HOU,0.0,0.0,0.0,0.0,0.0,0.1,0.5,0.0,1.4,17.2,0.1,0.0,0.0,0.0,0.0,0.0,0.0,0.0,0.0,2.2,2025-10-08 17:50:34
1014,2,Luther Burden III,CHI,0.0,0.0,0.0,0.0,0.0,0.1,0.7,0.0,1.4,16.2,0.1,0.0,0.0,0.0,0.0,0.0,0.0,0.0,0.0,2.1,2025-10-08 17:50:34
1015,2,Chimere Dike,TEN,0.0,0.0,0.0,0.0,0.0,0.5,1.7,0.0,1.2,13.4,0.1,0.0,0.0,0.0,0.0,0.0,0.0,0.0,0.0,2.0,2025-10-08 17:50:34
1016,2,Jaylin Lane,WAS,0.0,0.0,0.0,0.0,0.0,0.0,0.0,0.0,1.3,14.5,0.1,0.0,0.0,0.0,0.0,0.0,0.0,0.0,0.0,2.0,2025-10-08 17:50:34
1017,2,Marquez Valdes-Scantling,SF,0.0,0.0,0.0,0.0,0.0,0.1,0.1,0.0,0.7,13.6,0.1,0.0,0.0,0.0,0.0,0.0,0.0,0.0,0.0,2.0,2025-10-08 17:50:34
1018,2,Allen Lazard,NYJ,0.0,0.0,0.0,0.0,0.0,0.0,0.0,0.0,1.1,14.2,0.1,0.0,0.0,0.0,0.0,0.0,0.0,0.0,0.0,2.0,2025-10-08 17:50:34
1019,2,Adonai Mitchell,IND,0.0,0.0,0.0,0.0,0.0,0.2,0.7,0.0,1.1,14.8,0.1,0.0,0.0,0.0,0.0,0.0,0.0,0.0,0.0,1.9,2025-10-08 17:50:34
1020,2,Mack Hollins,NE,0.0,0.0,0.0,0.0,0.0,0.0,0.1,0.0,1.0,13.2,0.1,0.0,0.0,0.0,0.0,0.0,0.0,0.0,0.0,1.9,2025-10-08 17:50:34
1021,2,Arian Smith,NYJ,0.0,0.0,0.0,0.0,0.0,0.0,0.1,0.0,1.3,14.5,0.1,0.0,0.0,0.0,0.0,0.0,0.0,0.0,0.0,1.9,2025-10-08 17:50:34
1022,2,Kyle Williams,NE,0.0,0.0,0.0,0.0,0.0,0.1,0.7,0.0,1.2,14.1,0.1,0.0,0.0,0.0,0.0,0.0,0.0,0.0,0.0,1.8,2025-10-08 17:50:34
1023,2,Isaac TeSlaa,DET,0.0,0.0,0.0,0.0,0.0,0.0,0.0,0.0,1.1,12.5,0.1,0.0,0.0,0.0,0.0,0.0,0.0,0.0,0.0,1.7,2025-10-08 17:50:34
1024,2,Roman Wilson,PIT,0.0,0.0,0.0,0.0,0.0,0.0,0.0,0.0,1.0,11.7,0.1,0.0,0.0,0.0,0.0,0.0,0.0,0.0,0.0,1.6,2025-10-08 17:50:34
1025,2,Tre Harris,LAC,0.0,0.0,0.0,0.0,0.0,0.1,0.3,0.0,0.9,12.3,0.1,0.0,0.0,0.0,0.0,0.0,0.0,0.0,0.0,1.5,2025-10-08 17:50:34
1026,2,Devaughn Vele,NO,0.0,0.0,0.0,0.0,0.0,0.0,0.1,0.0,1.0,11.3,0.1,0.0,0.0,0.0,0.0,0.0,0.0,0.0,0.0,1.5,2025-10-08 17:50:34
1027,2,Kalif Raymond,DET,0.0,0.0,0.0,0.0,0.0,0.0,0.4,0.0,0.9,11.4,0.1,0.0,0.0,0.0,0.0,0.0,0.0,0.0,0.0,1.5,2025-10-08 17:50:34
1028,2,Jordan Whittington,LAR,0.0,0.0,0.0,0.0,0.0,0.3,1.7,0.0,0.8,9.3,0.1,0.0,0.0,0.0,0.0,0.0,0.0,0.0,0.0,1.4,2025-10-08 17:50:34
1029,2,Malik Heath,GB,0.0,0.0,0.0,0.0,0.0,0.0,0.1,0.0,0.6,6.7,0.1,0.0,0.0,0.0,0.0,0.0,0.0,0.0,0.0,1.4,2025-10-08 17:50:34
1030,2,Zay Jones,ARI,0.0,0.0,0.0,0.0,0.0,0.0,0.3,0.0,0.9,9.2,0.1,0.0,0.0,0.0,0.0,0.0,0.0,0.0,0.0,1.4,2025-10-08 17:50:34
1031,2,Russell Gage Jr.,SF,0.0,0.0,0.0,0.0,0.0,0.0,0.0,0.0,0.8,9.5,0.1,0.0,0.0,0.0,0.0,0.0,0.0,0.0,0.0,1.3,2025-10-08 17:50:34
1032,2,Pat Bryant,DEN,0.0,0.0,0.0,0.0,0.0,0.1,0.2,0.0,0.8,9.5,0.1,0.0,0.0,0.0,0.0,0.0,0.0,0.0,0.0,1.2,2025-10-08 17:50:34
1033,2,Brycen Tremayne,CAR,0.0,0.0,0.0,0.0,0.0,0.0,0.0,0.0,0.8,8.9,0.1,0.0,0.0,0.0,0.0,0.0,0.0,0.0,0.0,1.2,2025-10-08 17:50:34
1034,2,Greg Dortch,ARI,0.0,0.0,0.0,0.0,0.0,0.3,1.4,0.0,0.7,7.3,0.0,0.0,0.0,0.0,0.0,0.0,0.0,0.0,0.0,1.2,2025-10-08 17:50:34
1035,2,Isaiah Bond,CLE,0.0,0.0,0.0,0.0,0.0,0.0,0.0,0.0,0.8,9.1,0.0,0.0,0.0,0.0,0.0,0.0,0.0,0.0,0.0,1.1,2025-10-08 17:50:34
1036,2,Jamari Thrash,CLE,0.0,0.0,0.0,0.0,0.0,0.0,0.0,0.0,0.7,7.9,0.0,0.0,0.0,0.0,0.0,0.0,0.0,0.0,0.0,1.0,2025-10-08 17:50:34
1037,2,Trent Sherfield Sr.,DEN,0.0,0.0,0.0,0.0,0.0,0.0,0.0,0.0,0.6,7.5,0.0,0.0,0.0,0.0,0.0,0.0,0.0,0.0,0.0,1.0,2025-10-08 17:50:34
1038,2,Dee Eskridge,MIA,0.0,0.0,0.0,0.0,0.0,0.0,0.0,0.0,0.6,7.2,0.0,0.0,0.0,0.0,0.0,0.0,0.0,0.0,0.0,0.9,2025-10-08 17:50:34
1039,2,Parker Washington,JAC,0.0,0.0,0.0,0.0,0.0,0.0,0.3,0.0,0.6,6.4,0.0,0.0,0.0,0.0,0.0,0.0,0.0,0.0,0.0,0.9,2025-10-08 17:50:34
1040,2,Tylan Wallace,BAL,0.0,0.0,0.0,0.0,0.0,0.0,0.2,0.0,0.5,5.9,0.1,0.0,0.0,0.0,0.0,0.0,0.0,0.0,0.0,0.9,2025-10-08 17:50:34
1041,2,KeAndre Lambert-Smith,LAC,0.0,0.0,0.0,0.0,0.0,0.0,0.1,0.0,0.5,6.3,0.0,0.0,0.0,0.0,0.0,0.0,0.0,0.0,0.0,0.9,2025-10-08 17:50:34
1042,2,David Moore,CAR,0.0,0.0,0.0,0.0,0.0,0.0,0.0,0.0,0.5,6.0,0.0,0.0,0.0,0.0,0.0,0.0,0.0,0.0,0.0,0.9,2025-10-08 17:50:34
1043,2,Jake Bobo,SEA,0.0,0.0,0.0,0.0,0.0,0.0,0.0,0.0,0.5,6.0,0.0,0.0,0.0,0.0,0.0,0.0,0.0,0.0,0.0,0.8,2025-10-08 17:50:34
1044,2,Elijah Moore,BUF,0.0,0.0,0.0,0.0,0.0,0.3,0.8,0.0,0.4,4.5,0.0,0.0,0.0,0.0,0.0,0.0,0.0,0.0,0.0,0.7,2025-10-08 17:50:34
1045,2,Chris Moore,WAS,0.0,0.0,0.0,0.0,0.0,0.0,0.0,0.0,0.4,5.2,0.0,0.0,0.0,0.0,0.0,0.0,0.0,0.0,0.0,0.6,2025-10-08 17:50:34
1046,2,Tai Felton,MIN,0.0,0.0,0.0,0.0,0.0,0.0,0.1,0.0,0.3,3.8,0.0,0.0,0.0,0.0,0.0,0.0,0.0,0.0,0.0,0.5,2025-10-08 17:50:34
1047,2,Ben Skowronek,PIT,0.0,0.0,0.0,0.0,0.0,0.0,0.0,0.0,0.4,4.1,0.0,0.0,0.0,0.0,0.0,0.0,0.0,0.0,0.0,0.5,2025-10-08 17:50:34
1048,2,Derius Davis,LAC,0.0,0.0,0.0,0.0,0.0,0.8,2.3,0.0,0.2,2.2,0.0,0.0,0.0,0.0,0.0,0.0,0.0,0.0,0.0,0.5,2025-10-08 17:50:34
1049,2,Savion Williams,GB,0.0,0.0,0.0,0.0,0.0,0.0,0.2,0.0,0.3,3.2,0.0,0.0,0.0,0.0,0.0,0.0,0.0,0.0,0.0,0.5,2025-10-08 17:50:34
1050,2,Van Jefferson,TEN,0.0,0.0,0.0,0.0,0.0,0.0,0.0,0.0,0.2,3.1,0.0,0.0,0.0,0.0,0.0,0.0,0.0,0.0,0.0,0.4,2025-10-08 17:50:34
1051,2,Ryan Miller,TB,0.0,0.0,0.0,0.0,0.0,0.0,0.0,0.0,0.2,2.3,0.0,0.0,0.0,0.0,0.0,0.0,0.0,0.0,0.0,0.3,2025-10-08 17:50:34
1052,2,Tez Johnson,TB,0.0,0.0,0.0,0.0,0.0,0.0,0.0,0.0,0.2,2.3,0.0,0.0,0.0,0.0,0.0,0.0,0.0,0.0,0.0,0.3,2025-10-08 17:50:34
1053,2,Tyrell Shavers,BUF,0.0,0.0,0.0,0.0,0.0,0.0,0.0,0.0,0.2,2.2,0.0,0.0,0.0,0.0,0.0,0.0,0.0,0.0,0.0,0.3,2025-10-08 17:50:34
1054,2,Nikko Remigio,KC,0.0,0.0,0.0,0.0,0.0,0.0,0.0,0.0,0.2,2.7,0.0,0.0,0.0,0.0,0.0,0.0,0.0,0.0,0.0,0.3,2025-10-08 17:50:34
1055,2,John Metchie III,PHI,0.0,0.0,0.0,0.0,0.0,0.0,0.0,0.0,0.2,2.5,0.0,0.0,0.0,0.0,0.0,0.0,0.0,0.0,0.0,0.3,2025-10-08 17:50:34
1056,2,Charlie Jones,CIN,0.0,0.0,0.0,0.0,0.0,0.0,0.1,0.0,0.3,3.2,0.0,0.0,0.0,0.0,0.0,0.0,0.0,0.0,0.0,0.3,2025-10-08 17:50:34
1057,2,Mitch Tinsley,CIN,0.0,0.0,0.0,0.0,0.0,0.0,0.0,0.0,0.2,2.4,0.0,0.0,0.0,0.0,0.0,0.0,0.0,0.0,0.0,0.3,2025-10-08 17:50:34
1058,2,Bryce Oliver,TEN,0.0,0.0,0.0,0.0,0.0,0.0,0.0,0.0,0.2,2.3,0.0,0.0,0.0,0.0,0.0,0.0,0.0,0.0,0.0,0.3,2025-10-08 17:50:34
1059,2,Jason Brownlee,KC,0.0,0.0,0.0,0.0,0.0,0.0,0.0,0.0,0.2,1.9,0.0,0.0,0.0,0.0,0.0,0.0,0.0,0.0,0.0,0.3,2025-10-08 17:50:34
1060,2,Scotty Miller,PIT,0.0,0.0,0.0,0.0,0.0,0.0,0.0,0.0,0.2,2.2,0.0,0.0,0.0,0.0,0.0,0.0,0.0,0.0,0.0,0.3,2025-10-08 17:50:34
1061,2,Ashton Dulin,IND,0.0,0.0,0.0,0.0,0.0,0.3,1.1,0.0,0.1,1.3,0.0,0.0,0.0,0.0,0.0,0.0,0.0,0.0,0.0,0.3,2025-10-08 17:50:34
1062,2,KhaDarel Hodge,ATL,0.0,0.0,0.0,0.0,0.0,0.0,0.1,0.0,0.1,1.9,0.0,0.0,0.0,0.0,0.0,0.0,0.0,0.0,0.0,0.3,2025-10-08 17:50:34
1063,2,Devontez Walker,BAL,0.0,0.0,0.0,0.0,0.0,0.0,0.2,0.0,0.1,1.6,0.0,0.0,0.0,0.0,0.0,0.0,0.0,0.0,0.0,0.2,2025-10-08 17:50:34
1064,2,Tim Patrick,JAC,0.0,0.0,0.0,0.0,0.0,0.0,0.0,0.0,0.1,1.5,0.0,0.0,0.0,0.0,0.0,0.0,0.0,0.0,0.0,0.2,2025-10-08 17:50:34
1065,2,Luke McCaffrey,WAS,0.0,0.0,0.0,0.0,0.0,0.1,0.5,0.0,0.1,1.2,0.0,0.0,0.0,0.0,0.0,0.0,0.0,0.0,0.0,0.2,2025-10-08 17:50:34
1066,2,Jalin Hyatt,NYG,0.0,0.0,0.0,0.0,0.0,0.0,0.0,0.0,0.1,2.0,0.0,0.0,0.0,0.0,0.0,0.0,0.0,0.0,0.0,0.2,2025-10-08 17:50:34
1067,2,Konata Mumpfield,LAR,0.0,0.0,0.0,0.0,0.0,0.0,0.0,0.0,0.1,1.2,0.0,0.0,0.0,0.0,0.0,0.0,0.0,0.0,0.0,0.2,2025-10-08 17:50:34
1068,2,DeAndre Carter,CLE,0.0,0.0,0.0,0.0,0.0,0.0,0.1,0.0,0.1,1.4,0.0,0.0,0.0,0.0,0.0,0.0,0.0,0.0,0.0,0.2,2025-10-08 17:50:34
1069,2,Xavier Smith,LAR,0.0,0.0,0.0,0.0,0.0,0.0,0.2,0.0,0.2,1.8,0.0,0.0,0.0,0.0,0.0,0.0,0.0,0.0,0.0,0.1,2025-10-08 17:50:34
1070,2,Anthony Gould,IND,0.0,0.0,0.0,0.0,0.0,0.0,0.0,0.0,0.1,0.9,0.0,0.0,0.0,0.0,0.0,0.0,0.0,0.0,0.0,0.1,2025-10-08 17:50:34
1071,2,Devin Duvernay,CHI,0.0,0.0,0.0,0.0,0.0,0.0,0.2,0.0,0.0,0.5,0.0,0.0,0.0,0.0,0.0,0.0,0.0,0.0,0.0,0.0,2025-10-08 17:50:34
1072,2,Demarcus Robinson,SF,0.0,0.0,0.0,0.0,0.0,0.0,0.0,0.0,0.0,0.0,0.0,0.0,0.0,0.0,0.0,0.0,0.0,0.0,0.0,0.0,2025-10-08 17:50:34
1073,2,Chris Godwin Jr.,TB,0.0,0.0,0.0,0.0,0.0,0.0,0.0,0.0,0.0,0.0,0.0,0.0,0.0,0.0,0.0,0.0,0.0,0.0,0.0,0.0,2025-10-08 17:50:34
1074,2,Curtis Samuel,BUF,0.0,0.0,0.0,0.0,0.0,0.0,0.0,0.0,0.0,0.0,0.0,0.0,0.0,0.0,0.0,0.0,0.0,0.0,0.0,0.0,2025-10-08 17:50:34
1075,2,Josh Reynolds,NYJ,0.0,0.0,0.0,0.0,0.0,0.0,0.0,0.0,0.0,0.0,0.0,0.0,0.0,0.0,0.0,0.0,0.0,0.0,0.0,0.0,2025-10-08 17:50:34
1076,2,Jamal Agnew,ATL,0.0,0.0,0.0,0.0,0.0,0.0,0.0,0.0,0.0,0.0,0.0,0.0,0.0,0.0,0.0,0.0,0.0,0.0,0.0,0.0,2025-10-08 17:50:34
1077,2,Cedrick Wilson Jr.,MIA,0.0,0.0,0.0,0.0,0.0,0.0,0.0,0.0,0.0,0.0,0.0,0.0,0.0,0.0,0.0,0.0,0.0,0.0,0.0,0.0,2025-10-08 17:50:34
1078,2,Dante Pettis,NO,0.0,0.0,0.0,0.0,0.0,0.0,0.0,0.0,0.0,0.0,0.0,0.0,0.0,0.0,0.0,0.0,0.0,0.0,0.0,0.0,2025-10-08 17:50:34
1079,2,Christian Kirk,HOU,0.0,0.0,0.0,0.0,0.0,0.0,0.0,0.0,0.0,0.0,0.0,0.0,0.0,0.0,0.0,0.0,0.0,0.0,0.0,0.0,2025-10-08 17:50:34
1080,2,Braxton Berrios,HOU,0.0,0.0,0.0,0.0,0.0,0.0,0.0,0.0,0.0,0.0,0.0,0.0,0.0,0.0,0.0,0.0,0.0,0.0,0.0,0.0,2025-10-08 17:50:34
1081,2,Tom Kennedy,DET,0.0,0.0,0.0,0.0,0.0,0.0,0.0,0.0,0.0,0.0,0.0,0.0,0.0,0.0,0.0,0.0,0.0,0.0,0.0,0.0,2025-10-08 17:50:34
1082,2,Gunner Olszewski,NYG,0.0,0.0,0.0,0.0,0.0,0.0,0.0,0.0,0.0,0.0,0.0,0.0,0.0,0.0,0.0,0.0,0.0,0.0,0.0,0.0,2025-10-08 17:50:34
1083,2,Jalen Reagor,LAC,0.0,0.0,0.0,0.0,0.0,0.0,0.0,0.0,0.0,0.0,0.0,0.0,0.0,0.0,0.0,0.0,0.0,0.0,0.0,0.0,2025-10-08 17:50:34
1084,2,Brandon Aiyuk,SF,0.0,0.0,0.0,0.0,0.0,0.0,0.0,0.0,0.0,0.0,0.0,0.0,0.0,0.0,0.0,0.0,0.0,0.0,0.0,0.0,2025-10-08 17:50:34
1085,2,Mason Kinsey,TEN,0.0,0.0,0.0,0.0,0.0,0.0,0.0,0.0,0.0,0.0,0.0,0.0,0.0,0.0,0.0,0.0,0.0,0.0,0.0,0.0,2025-10-08 17:50:34
1086,2,Cody White,SEA,0.0,0.0,0.0,0.0,0.0,0.0,0.0,0.0,0.0,0.0,0.0,0.0,0.0,0.0,0.0,0.0,0.0,0.0,0.0,0.0,2025-10-08 17:50:34
1087,2,Ihmir Smith-Marsette,NYG,0.0,0.0,0.0,0.0,0.0,0.0,0.0,0.0,0.0,0.0,0.0,0.0,0.0,0.0,0.0,0.0,0.0,0.0,0.0,0.0,2025-10-08 17:50:34
1088,2,Javon Baker,PHI,0.0,0.0,0.0,0.0,0.0,0.0,0.0,0.0,0.0,0.0,0.0,0.0,0.0,0.0,0.0,0.0,0.0,0.0,0.0,0.0,2025-10-08 17:50:34
1089,2,Beaux Collins,NYG,0.0,0.0,0.0,0.0,0.0,0.0,0.0,0.0,0.0,0.0,0.0,0.0,0.0,0.0,0.0,0.0,0.0,0.0,0.0,0.0,2025-10-08 17:50:34
1090,2,Jermaine Burton,CIN,0.0,0.0,0.0,0.0,0.0,0.0,0.0,0.0,0.0,0.0,0.0,0.0,0.0,0.0,0.0,0.0,0.0,0.0,0.0,0.0,2025-10-08 17:50:34
1091,2,Xavier Worthy,KC,0.0,0.0,0.0,0.0,0.0,0.0,0.0,0.0,0.0,0.0,0.0,0.0,0.0,0.0,0.0,0.0,0.0,0.0,0.0,0.0,2025-10-08 17:50:34
1092,2,Jonathan Mingo,DAL,0.0,0.0,0.0,0.0,0.0,0.0,0.0,0.0,0.0,0.0,0.0,0.0,0.0,0.0,0.0,0.0,0.0,0.0,0.0,0.0,2025-10-08 17:50:34
1093,2,Kevin Austin Jr.,NO,0.0,0.0,0.0,0.0,0.0,0.0,0.0,0.0,0.0,0.0,0.0,0.0,0.0,0.0,0.0,0.0,0.0,0.0,0.0,0.0,2025-10-08 17:50:34
1094,2,Jordan Addison,MIN,0.0,0.0,0.0,0.0,0.0,0.0,0.0,0.0,0.0,0.0,0.0,0.0,0.0,0.0,0.0,0.0,0.0,0.0,0.0,0.0,2025-10-08 17:50:34
1095,2,David Bell,CLE,0.0,0.0,0.0,0.0,0.0,0.0,0.0,0.0,0.0,0.0,0.0,0.0,0.0,0.0,0.0,0.0,0.0,0.0,0.0,0.0,2025-10-08 17:50:34
1096,2,Ainias Smith,CAR,0.0,0.0,0.0,0.0,0.0,0.0,0.0,0.0,0.0,0.0,0.0,0.0,0.0,0.0,0.0,0.0,0.0,0.0,0.0,0.0,2025-10-08 17:50:34
1097,2,Jalen McMillan,TB,0.0,0.0,0.0,0.0,0.0,0.0,0.0,0.0,0.0,0.0,0.0,0.0,0.0,0.0,0.0,0.0,0.0,0.0,0.0,0.0,2025-10-08 17:50:34
1098,2,Simi Fehoko,ARI,0.0,0.0,0.0,0.0,0.0,0.0,0.0,0.0,0.0,0.0,0.0,0.0,0.0,0.0,0.0,0.0,0.0,0.0,0.0,0.0,2025-10-08 17:50:34
1099,2,Terrace Marshall Jr.,PHI,0.0,0.0,0.0,0.0,0.0,0.0,0.0,0.0,0.0,0.0,0.0,0.0,0.0,0.0,0.0,0.0,0.0,0.0,0.0,0.0,2025-10-08 17:50:34
1100,2,Austin Trammell,JAC,0.0,0.0,0.0,0.0,0.0,0.0,0.0,0.0,0.0,0.0,0.0,0.0,0.0,0.0,0.0,0.0,0.0,0.0,0.0,0.0,2025-10-08 17:50:34
1101,2,Tim Jones,JAC,0.0,0.0,0.0,0.0,0.0,0.0,0.0,0.0,0.0,0.0,0.0,0.0,0.0,0.0,0.0,0.0,0.0,0.0,0.0,0.0,2025-10-08 17:50:34
1102,2,Christian Watson,GB,0.0,0.0,0.0,0.0,0.0,0.0,0.0,0.0,0.0,0.0,0.0,0.0,0.0,0.0,0.0,0.0,0.0,0.0,0.0,0.0,2025-10-08 17:50:34
1103,2,Skyy Moore,SF,0.0,0.0,0.0,0.0,0.0,0.0,0.0,0.0,0.0,0.0,0.0,0.0,0.0,0.0,0.0,0.0,0.0,0.0,0.0,0.0,2025-10-08 17:50:34
1104,2,Xavier Weaver,ARI,0.0,0.0,0.0,0.0,0.0,0.0,0.0,0.0,0.0,0.0,0.0,0.0,0.0,0.0,0.0,0.0,0.0,0.0,0.0,0.0,2025-10-08 17:50:34
1105,2,Britain Covey,PHI,0.0,0.0,0.0,0.0,0.0,0.0,0.0,0.0,0.0,0.0,0.0,0.0,0.0,0.0,0.0,0.0,0.0,0.0,0.0,0.0,2025-10-08 17:50:34
1106,2,Jacob Cowing,SF,0.0,0.0,0.0,0.0,0.0,0.0,0.0,0.0,0.0,0.0,0.0,0.0,0.0,0.0,0.0,0.0,0.0,0.0,0.0,0.0,2025-10-08 17:50:34
1107,2,Jalen Brooks,DAL,0.0,0.0,0.0,0.0,0.0,0.0,0.0,0.0,0.0,0.0,0.0,0.0,0.0,0.0,0.0,0.0,0.0,0.0,0.0,0.0,2025-10-08 17:50:34
1108,2,Xavier Gipson,PHI,0.0,0.0,0.0,0.0,0.0,0.0,0.0,0.0,0.0,0.0,0.0,0.0,0.0,0.0,0.0,0.0,0.0,0.0,0.0,0.0,2025-10-08 17:50:34
1109,2,Malachi Corley,CLE,0.0,0.0,0.0,0.0,0.0,0.0,0.0,0.0,0.0,0.0,0.0,0.0,0.0,0.0,0.0,0.0,0.0,0.0,0.0,0.0,2025-10-08 17:50:34
1110,2,Bub Means,NO,0.0,0.0,0.0,0.0,0.0,0.0,0.0,0.0,0.0,0.0,0.0,0.0,0.0,0.0,0.0,0.0,0.0,0.0,0.0,0.0,2025-10-08 17:50:34
1111,2,Joshua Cephus,JAC,0.0,0.0,0.0,0.0,0.0,0.0,0.0,0.0,0.0,0.0,0.0,0.0,0.0,0.0,0.0,0.0,0.0,0.0,0.0,0.0,2025-10-08 17:50:34
1112,2,Isaiah Williams,NYJ,0.0,0.0,0.0,0.0,0.0,0.0,0.0,0.0,0.0,0.0,0.0,0.0,0.0,0.0,0.0,0.0,0.0,0.0,0.0,0.0,2025-10-08 17:50:34
1113,2,Ryan Flournoy,DAL,0.0,0.0,0.0,0.0,0.0,0.0,0.0,0.0,0.0,0.0,0.0,0.0,0.0,0.0,0.0,0.0,0.0,0.0,0.0,0.0,2025-10-08 17:50:34
1114,2,Jalen Coker,CAR,0.0,0.0,0.0,0.0,0.0,0.0,0.0,0.0,0.0,0.0,0.0,0.0,0.0,0.0,0.0,0.0,0.0,0.0,0.0,0.0,2025-10-08 17:50:34
1115,2,Casey Washington,ATL,0.0,0.0,0.0,0.0,0.0,0.0,0.0,0.0,0.0,0.0,0.0,0.0,0.0,0.0,0.0,0.0,0.0,0.0,0.0,0.0,2025-10-08 17:50:34
1116,2,Mason Tipton,NO,0.0,0.0,0.0,0.0,0.0,0.0,0.0,0.0,0.0,0.0,0.0,0.0,0.0,0.0,0.0,0.0,0.0,0.0,0.0,0.0,2025-10-08 17:50:34
1117,2,Kameron Johnson,TB,0.0,0.0,0.0,0.0,0.0,0.0,0.0,0.0,0.0,0.0,0.0,0.0,0.0,0.0,0.0,0.0,0.0,0.0,0.0,0.0,2025-10-08 17:50:34
1118,2,Jalen Royals,KC,0.0,0.0,0.0,0.0,0.0,0.0,0.0,0.0,0.0,0.0,0.0,0.0,0.0,0.0,0.0,0.0,0.0,0.0,0.0,0.0,2025-10-08 17:50:34
1119,2,Nick Nash,ATL,0.0,0.0,0.0,0.0,0.0,0.0,0.0,0.0,0.0,0.0,0.0,0.0,0.0,0.0,0.0,0.0,0.0,0.0,0.0,0.0,2025-10-08 17:50:34
1120,2,Jimmy Horn Jr.,CAR,0.0,0.0,0.0,0.0,0.0,0.0,0.0,0.0,0.0,0.0,0.0,0.0,0.0,0.0,0.0,0.0,0.0,0.0,0.0,0.0,2025-10-08 17:50:34
1121,2,Efton Chism III,NE,0.0,0.0,0.0,0.0,0.0,0.0,0.0,0.0,0.0,0.0,0.0,0.0,0.0,0.0,0.0,0.0,0.0,0.0,0.0,0.0,2025-10-08 17:50:34
1122,2,LaJohntay Wester,BAL,0.0,0.0,0.0,0.0,0.0,0.0,0.0,0.0,0.0,0.0,0.0,0.0,0.0,0.0,0.0,0.0,0.0,0.0,0.0,0.0,2025-10-08 17:50:34
1123,2,Jordan Watkins,SF,0.0,0.0,0.0,0.0,0.0,0.0,0.0,0.0,0.0,0.0,0.0,0.0,0.0,0.0,0.0,0.0,0.0,0.0,0.0,0.0,2025-10-08 17:50:34
1124,2,Myles Price,MIN,0.0,0.0,0.0,0.0,0.0,0.0,0.0,0.0,0.0,0.0,0.0,0.0,0.0,0.0,0.0,0.0,0.0,0.0,0.0,0.0,2025-10-08 17:50:34
1125,2,Gage Larvadain,CLE,0.0,0.0,0.0,0.0,0.0,0.0,0.0,0.0,0.0,0.0,0.0,0.0,0.0,0.0,0.0,0.0,0.0,0.0,0.0,0.0,2025-10-08 17:50:34
1126,2,Darius Cooper,PHI,0.0,0.0,0.0,0.0,0.0,0.0,0.0,0.0,0.0,0.0,0.0,0.0,0.0,0.0,0.0,0.0,0.0,0.0,0.0,0.0,2025-10-08 17:50:34
1127,2,Trey McBride,ARI,0.0,0.0,0.0,0.0,0.0,0.0,0.0,0.0,6.5,67.2,0.4,0.0,0.0,0.0,0.0,0.0,0.0,0.0,0.0,9.0,2025-10-08 17:50:34
1128,2,Brock Bowers,LV,0.0,0.0,0.0,0.0,0.0,0.0,0.0,0.0,6.3,69.5,0.3,0.0,0.0,0.0,0.0,0.0,0.0,0.0,0.0,8.9,2025-10-08 17:50:34
1129,2,Sam LaPorta,DET,0.0,0.0,0.0,0.0,0.0,0.0,0.0,0.0,4.3,47.7,0.4,0.0,0.0,0.0,0.0,0.0,0.0,0.0,0.0,7.2,2025-10-08 17:50:34
1130,2,Travis Kelce,KC,0.0,0.0,0.0,0.0,0.0,0.0,0.0,0.0,4.9,48.8,0.3,0.0,0.0,0.0,0.0,0.0,0.0,0.0,0.0,7.0,2025-10-08 17:50:34
1131,2,Mark Andrews,BAL,0.0,0.0,0.0,0.0,0.0,0.0,0.0,0.0,3.3,39.7,0.4,0.0,0.0,0.0,0.0,0.0,0.0,0.0,0.0,6.6,2025-10-08 17:50:34
1132,2,Tyler Warren,IND,0.0,0.0,0.0,0.0,0.0,0.0,0.0,0.0,4.1,45.7,0.3,0.1,0.0,0.0,0.0,0.0,0.0,0.0,0.0,6.6,2025-10-08 17:50:34
1133,2,T.J. Hockenson,MIN,0.0,0.0,0.0,0.0,0.0,0.0,0.0,0.0,4.6,47.1,0.3,0.0,0.0,0.0,0.0,0.0,0.0,0.0,0.0,6.3,2025-10-08 17:50:34
1134,2,Tucker Kraft,GB,0.0,0.0,0.0,0.0,0.0,0.0,0.0,0.0,3.4,40.5,0.3,0.0,0.0,0.0,0.0,0.0,0.0,0.0,0.0,6.1,2025-10-08 17:50:34
1135,2,David Njoku,CLE,0.0,0.0,0.0,0.0,0.0,0.0,0.0,0.0,4.3,42.5,0.3,0.0,0.0,0.0,0.0,0.0,0.0,0.0,0.0,5.9,2025-10-08 17:50:34
1136,2,Hunter Henry,NE,0.0,0.0,0.0,0.0,0.0,0.0,0.0,0.0,3.7,40.3,0.3,0.0,0.0,0.0,0.0,0.0,0.0,0.0,0.0,5.6,2025-10-08 17:50:34
1137,2,Jonnu Smith,PIT,0.0,0.0,0.0,0.0,0.0,0.0,0.0,0.0,3.5,34.6,0.3,0.0,0.0,0.0,0.0,0.0,0.0,0.0,0.0,5.2,2025-10-08 17:50:34
1138,2,Zach Ertz,WAS,0.0,0.0,0.0,0.0,0.0,0.0,0.0,0.0,3.9,33.7,0.3,0.0,0.0,0.0,0.0,0.0,0.0,0.0,0.0,5.2,2025-10-08 17:50:34
1139,2,Jake Ferguson,DAL,0.0,0.0,0.0,0.0,0.0,0.0,0.0,0.0,4.1,37.9,0.2,0.1,0.0,0.0,0.0,0.0,0.0,0.0,0.0,5.1,2025-10-08 17:50:34
1140,2,Juwan Johnson,NO,0.0,0.0,0.0,0.0,0.0,0.0,0.0,0.0,3.6,36.7,0.2,0.0,0.0,0.0,0.0,0.0,0.0,0.0,0.0,5.0,2025-10-08 17:50:34
1141,2,Evan Engram,DEN,0.0,0.0,0.0,0.0,0.0,0.0,0.0,0.0,4.3,36.9,0.2,0.1,0.0,0.0,0.0,0.0,0.0,0.0,0.0,4.8,2025-10-08 17:50:34
1142,2,Kyle Pitts Sr.,ATL,0.0,0.0,0.0,0.0,0.0,0.0,0.0,0.0,3.0,37.5,0.2,0.0,0.0,0.0,0.0,0.0,0.0,0.0,0.0,4.8,2025-10-08 17:50:34
1143,2,Dalton Schultz,HOU,0.0,0.0,0.0,0.0,0.0,0.0,0.0,0.0,3.3,34.8,0.2,0.0,0.0,0.0,0.0,0.0,0.0,0.0,0.0,4.8,2025-10-08 17:50:34
1144,2,Cade Otton,TB,0.0,0.0,0.0,0.0,0.0,0.0,0.0,0.0,3.0,32.4,0.2,0.0,0.0,0.0,0.0,0.0,0.0,0.0,0.0,4.6,2025-10-08 17:50:34
1145,2,Chig Okonkwo,TEN,0.0,0.0,0.0,0.0,0.0,0.0,0.0,0.0,3.5,35.6,0.2,0.0,0.0,0.0,0.0,0.0,0.0,0.0,0.0,4.5,2025-10-08 17:50:34
1146,2,Dalton Kincaid,BUF,0.0,0.0,0.0,0.0,0.0,0.0,0.0,0.0,3.2,32.8,0.2,0.0,0.0,0.0,0.0,0.0,0.0,0.0,0.0,4.3,2025-10-08 17:50:34
1147,2,Theo Johnson,NYG,0.0,0.0,0.0,0.0,0.0,0.0,0.0,0.0,2.7,30.6,0.2,0.0,0.0,0.0,0.0,0.0,0.0,0.0,0.0,4.1,2025-10-08 17:50:34
1148,2,Harold Fannin Jr.,CLE,0.0,0.0,0.0,0.0,0.0,0.0,0.0,0.0,3.4,32.9,0.1,0.0,0.0,0.0,0.0,0.0,0.0,0.0,0.0,4.1,2025-10-08 17:50:34
1149,2,Tyler Higbee,LAR,0.0,0.0,0.0,0.0,0.0,0.0,0.0,0.0,2.7,25.5,0.3,0.0,0.0,0.0,0.0,0.0,0.0,0.0,0.0,4.1,2025-10-08 17:50:34
1150,2,Noah Fant,CIN,0.0,0.0,0.0,0.0,0.0,0.0,0.0,0.0,2.7,28.3,0.2,0.0,0.0,0.0,0.0,0.0,0.0,0.0,0.0,4.0,2025-10-08 17:50:34
1151,2,Mason Taylor,NYJ,0.0,0.0,0.0,0.0,0.0,0.0,0.0,0.0,2.9,29.6,0.1,0.0,0.0,0.0,0.0,0.0,0.0,0.0,0.0,3.8,2025-10-08 17:50:34
1152,2,Mike Gesicki,CIN,0.0,0.0,0.0,0.0,0.0,0.0,0.0,0.0,2.5,26.2,0.2,0.0,0.0,0.0,0.0,0.0,0.0,0.0,0.0,3.7,2025-10-08 17:50:34
1153,2,Ja'Tavion Sanders,CAR,0.0,0.0,0.0,0.0,0.0,0.0,0.0,0.0,2.8,28.0,0.2,0.0,0.0,0.0,0.0,0.0,0.0,0.0,0.0,3.7,2025-10-08 17:50:34
1154,2,Colston Loveland,CHI,0.0,0.0,0.0,0.0,0.0,0.0,0.0,0.0,2.6,27.1,0.2,0.0,0.0,0.0,0.0,0.0,0.0,0.0,0.0,3.7,2025-10-08 17:50:34
1155,2,Pat Freiermuth,PIT,0.0,0.0,0.0,0.0,0.0,0.0,0.0,0.0,2.7,26.4,0.2,0.1,0.0,0.0,0.0,0.0,0.0,0.0,0.0,3.6,2025-10-08 17:50:34
1156,2,Cole Kmet,CHI,0.0,0.0,0.0,0.0,0.0,0.0,0.0,0.0,2.5,25.5,0.2,0.0,0.0,0.0,0.0,0.0,0.0,0.0,0.0,3.6,2025-10-08 17:50:34
1157,2,AJ Barner,SEA,0.0,0.0,0.0,0.0,0.0,0.0,0.0,0.0,2.5,23.4,0.2,0.0,0.0,0.0,0.0,0.0,0.0,0.0,0.0,3.4,2025-10-08 17:50:34
1158,2,Jake Tonges,SF,0.0,0.0,0.0,0.0,0.0,0.0,0.0,0.0,1.9,20.6,0.2,0.0,0.0,0.0,0.0,0.0,0.0,0.0,0.0,3.0,2025-10-08 17:50:34
1159,2,Will Dissly,LAC,0.0,0.0,0.0,0.0,0.0,0.0,0.0,0.0,2.3,22.2,0.1,0.0,0.0,0.0,0.0,0.0,0.0,0.0,0.0,2.8,2025-10-08 17:50:34
1160,2,Tyler Conklin,LAC,0.0,0.0,0.0,0.0,0.0,0.0,0.0,0.0,1.9,20.5,0.1,0.0,0.0,0.0,0.0,0.0,0.0,0.0,0.0,2.8,2025-10-08 17:50:34
1161,2,Michael Mayer,LV,0.0,0.0,0.0,0.0,0.0,0.0,0.0,0.0,2.3,21.5,0.1,0.0,0.0,0.0,0.0,0.0,0.0,0.0,0.0,2.8,2025-10-08 17:50:34
1162,2,Tanner Conner,MIA,0.0,0.0,0.0,0.0,0.0,0.0,0.0,0.0,1.8,18.3,0.1,0.0,0.0,0.0,0.0,0.0,0.0,0.0,0.0,2.7,2025-10-08 17:50:34
1163,2,Noah Gray,KC,0.0,0.0,0.0,0.0,0.0,0.0,0.0,0.0,1.9,17.8,0.1,0.0,0.0,0.0,0.0,0.0,0.0,0.0,0.0,2.7,2025-10-08 17:50:34
1164,2,Grant Calcaterra,PHI,0.0,0.0,0.0,0.0,0.0,0.0,0.0,0.0,1.7,18.2,0.1,0.0,0.0,0.0,0.0,0.0,0.0,0.0,0.0,2.4,2025-10-08 17:50:34
1165,2,Elijah Arroyo,SEA,0.0,0.0,0.0,0.0,0.0,0.0,0.0,0.0,1.6,16.3,0.1,0.0,0.0,0.0,0.0,0.0,0.0,0.0,0.0,2.2,2025-10-08 17:50:34
1166,2,Kylen Granson,PHI,0.0,0.0,0.0,0.0,0.0,0.0,0.0,0.0,1.5,16.2,0.1,0.0,0.0,0.0,0.0,0.0,0.0,0.0,0.0,2.2,2025-10-08 17:50:34
1167,2,Gunnar Helm,TEN,0.0,0.0,0.0,0.0,0.0,0.0,0.0,0.0,1.5,15.8,0.1,0.0,0.0,0.0,0.0,0.0,0.0,0.0,0.0,2.1,2025-10-08 17:50:34
1168,2,Josh Oliver,MIN,0.0,0.0,0.0,0.0,0.0,0.0,0.0,0.0,1.3,13.5,0.1,0.0,0.0,0.0,0.0,0.0,0.0,0.0,0.0,2.1,2025-10-08 17:50:34
1169,2,Robbie Ouzts,SEA,0.0,0.0,0.0,0.0,0.0,0.0,0.0,0.0,1.5,14.7,0.1,0.0,0.0,0.0,0.0,0.0,0.0,0.0,0.0,2.1,2025-10-08 17:50:34
1170,2,Julian Hill,MIA,0.0,0.0,0.0,0.0,0.0,0.0,0.0,0.0,1.5,14.3,0.1,0.0,0.0,0.0,0.0,0.0,0.0,0.0,0.0,1.9,2025-10-08 17:50:34
1171,2,Luke Farrell,SF,0.0,0.0,0.0,0.0,0.0,0.0,0.0,0.0,1.4,13.0,0.1,0.0,0.0,0.0,0.0,0.0,0.0,0.0,0.0,1.8,2025-10-08 17:50:34
1172,2,Tommy Tremble,CAR,0.0,0.0,0.0,0.0,0.0,0.0,0.0,0.0,1.3,11.7,0.1,0.0,0.0,0.0,0.0,0.0,0.0,0.0,0.0,1.8,2025-10-08 17:50:34
1173,2,Charlie Kolar,BAL,0.0,0.0,0.0,0.0,0.0,0.0,0.0,0.0,1.0,12.2,0.1,0.0,0.0,0.0,0.0,0.0,0.0,0.0,0.0,1.7,2025-10-08 17:50:34
1174,2,Dawson Knox,BUF,0.0,0.0,0.0,0.0,0.0,0.0,0.0,0.0,1.0,11.1,0.1,0.0,0.0,0.0,0.0,0.0,0.0,0.0,0.0,1.7,2025-10-08 17:50:34
1175,2,Davis Allen,LAR,0.0,0.0,0.0,0.0,0.0,0.0,0.0,0.0,1.0,10.1,0.1,0.0,0.0,0.0,0.0,0.0,0.0,0.0,0.0,1.7,2025-10-08 17:50:34
1176,2,Austin Hooper,NE,0.0,0.0,0.0,0.0,0.0,0.0,0.0,0.0,1.1,11.2,0.1,0.0,0.0,0.0,0.0,0.0,0.0,0.0,0.0,1.5,2025-10-08 17:50:34
1177,2,Brock Wright,DET,0.0,0.0,0.0,0.0,0.0,0.0,0.0,0.0,0.9,7.9,0.1,0.0,0.0,0.0,0.0,0.0,0.0,0.0,0.0,1.5,2025-10-08 17:50:34
1178,2,Elijah Higgins,ARI,0.0,0.0,0.0,0.0,0.0,0.0,0.0,0.0,1.0,9.5,0.1,0.0,0.0,0.0,0.0,0.0,0.0,0.0,0.0,1.4,2025-10-08 17:50:34
1179,2,Adam Trautman,DEN,0.0,0.0,0.0,0.0,0.0,0.0,0.0,0.0,0.9,9.2,0.1,0.0,0.0,0.0,0.0,0.0,0.0,0.0,0.0,1.4,2025-10-08 17:50:34
1180,2,Luke Musgrave,GB,0.0,0.0,0.0,0.0,0.0,0.0,0.0,0.0,0.9,9.5,0.1,0.0,0.0,0.0,0.0,0.0,0.0,0.0,0.0,1.3,2025-10-08 17:50:34
1181,2,Jeremy Ruckert,NYJ,0.0,0.0,0.0,0.0,0.0,0.0,0.0,0.0,1.2,10.0,0.1,0.0,0.0,0.0,0.0,0.0,0.0,0.0,0.0,1.3,2025-10-08 17:50:34
1182,2,Johnny Mundt,JAC,0.0,0.0,0.0,0.0,0.0,0.0,0.0,0.0,0.9,8.3,0.1,0.0,0.0,0.0,0.0,0.0,0.0,0.0,0.0,1.3,2025-10-08 17:50:34
1183,2,Luke Schoonmaker,DAL,0.0,0.0,0.0,0.0,0.0,0.0,0.0,0.0,0.9,8.2,0.1,0.0,0.0,0.0,0.0,0.0,0.0,0.0,0.0,1.2,2025-10-08 17:50:34
1184,2,Drew Ogletree,IND,0.0,0.0,0.0,0.0,0.0,0.0,0.0,0.0,0.5,7.1,0.1,0.0,0.0,0.0,0.0,0.0,0.0,0.0,0.0,1.2,2025-10-08 17:50:34
1185,2,Payne Durham,TB,0.0,0.0,0.0,0.0,0.0,0.0,0.0,0.0,0.6,6.0,0.1,0.0,0.0,0.0,0.0,0.0,0.0,0.0,0.0,1.0,2025-10-08 17:50:34
1186,2,Harrison Bryant,HOU,0.0,0.0,0.0,0.0,0.0,0.0,0.0,0.0,0.8,7.5,0.0,0.0,0.0,0.0,0.0,0.0,0.0,0.0,0.0,1.0,2025-10-08 17:50:34
1187,2,Drew Sample,CIN,0.0,0.0,0.0,0.0,0.0,0.0,0.0,0.0,0.7,5.6,0.1,0.0,0.0,0.0,0.0,0.0,0.0,0.0,0.0,1.0,2025-10-08 17:50:34
1188,2,Brevyn Spann-Ford,DAL,0.0,0.0,0.0,0.0,0.0,0.0,0.0,0.0,0.6,5.4,0.1,0.0,0.0,0.0,0.0,0.0,0.0,0.0,0.0,0.9,2025-10-08 17:50:34
1189,2,Hunter Long,JAC,0.0,0.0,0.0,0.0,0.0,0.0,0.0,0.0,0.6,5.8,0.0,0.0,0.0,0.0,0.0,0.0,0.0,0.0,0.0,0.8,2025-10-08 17:50:34
1190,2,Daniel Bellinger,NYG,0.0,0.0,0.0,0.0,0.0,0.0,0.0,0.0,0.6,6.5,0.0,0.0,0.0,0.0,0.0,0.0,0.0,0.0,0.0,0.7,2025-10-08 17:50:34
1191,2,Connor Heyward,PIT,0.0,0.0,0.0,0.0,0.0,0.0,0.0,0.0,0.5,3.9,0.1,0.0,0.0,0.0,0.0,0.0,0.0,0.0,0.0,0.7,2025-10-08 17:50:34
1192,2,Jackson Hawes,BUF,0.0,0.0,0.0,0.0,0.0,0.0,0.0,0.0,0.4,4.0,0.0,0.0,0.0,0.0,0.0,0.0,0.0,0.0,0.0,0.7,2025-10-08 17:50:34
1193,2,John Bates,WAS,0.0,0.0,0.0,0.0,0.0,0.0,0.0,0.0,0.5,4.8,0.0,0.0,0.0,0.0,0.0,0.0,0.0,0.0,0.0,0.7,2025-10-08 17:50:34
1194,2,Terrance Ferguson,LAR,0.0,0.0,0.0,0.0,0.0,0.0,0.0,0.0,0.5,5.1,0.0,0.0,0.0,0.0,0.0,0.0,0.0,0.0,0.0,0.6,2025-10-08 17:50:34
1195,2,Ben Sinnott,WAS,0.0,0.0,0.0,0.0,0.0,0.0,0.0,0.0,0.4,3.6,0.0,0.0,0.0,0.0,0.0,0.0,0.0,0.0,0.0,0.6,2025-10-08 17:50:34
1196,2,Eric Saubert,SEA,0.0,0.0,0.0,0.0,0.0,0.0,0.0,0.0,0.4,3.6,0.0,0.0,0.0,0.0,0.0,0.0,0.0,0.0,0.0,0.6,2025-10-08 17:50:34
1197,2,Travis Vokolek,ARI,0.0,0.0,0.0,0.0,0.0,0.0,0.0,0.0,0.4,3.3,0.1,0.0,0.0,0.0,0.0,0.0,0.0,0.0,0.0,0.6,2025-10-08 17:50:34
1198,2,Blake Whiteheart,CLE,0.0,0.0,0.0,0.0,0.0,0.0,0.0,0.0,0.4,3.0,0.1,0.0,0.0,0.0,0.0,0.0,0.0,0.0,0.0,0.6,2025-10-08 17:50:34
1199,2,Lucas Krull,DEN,0.0,0.0,0.0,0.0,0.0,0.0,0.0,0.0,0.6,4.9,0.0,0.0,0.0,0.0,0.0,0.0,0.0,0.0,0.0,0.6,2025-10-08 17:50:34
1200,2,Jack Stoll,NO,0.0,0.0,0.0,0.0,0.0,0.0,0.0,0.0,0.5,4.3,0.0,0.0,0.0,0.0,0.0,0.0,0.0,0.0,0.0,0.6,2025-10-08 17:50:34
1201,2,Charlie Woerner,ATL,0.0,0.0,0.0,0.0,0.0,0.0,0.0,0.0,0.5,4.4,0.0,0.0,0.0,0.0,0.0,0.0,0.0,0.0,0.0,0.5,2025-10-08 17:50:34
1202,2,Chris Manhertz,NYG,0.0,0.0,0.0,0.0,0.0,0.0,0.0,0.0,0.2,2.5,0.0,0.0,0.0,0.0,0.0,0.0,0.0,0.0,0.0,0.5,2025-10-08 17:50:34
1203,2,Darnell Washington,PIT,0.0,0.0,0.0,0.0,0.0,0.0,0.0,0.0,0.4,4.3,0.0,0.0,0.0,0.0,0.0,0.0,0.0,0.0,0.0,0.5,2025-10-08 17:50:34
1204,2,Mo Alie-Cox,IND,0.0,0.0,0.0,0.0,0.0,0.0,0.0,0.0,0.3,2.9,0.0,0.0,0.0,0.0,0.0,0.0,0.0,0.0,0.0,0.4,2025-10-08 17:50:34
1205,2,Stone Smartt,NYJ,0.0,0.0,0.0,0.0,0.0,0.0,0.0,0.0,0.3,3.8,0.0,0.0,0.0,0.0,0.0,0.0,0.0,0.0,0.0,0.4,2025-10-08 17:50:34
1206,2,Mitchell Evans,CAR,0.0,0.0,0.0,0.0,0.0,0.0,0.0,0.0,0.4,3.4,0.0,0.0,0.0,0.0,0.0,0.0,0.0,0.0,0.0,0.4,2025-10-08 17:50:34
1207,2,John FitzPatrick,GB,0.0,0.0,0.0,0.0,0.0,0.0,0.0,0.0,0.2,2.2,0.0,0.0,0.0,0.0,0.0,0.0,0.0,0.0,0.0,0.3,2025-10-08 17:50:34
1208,2,Teagan Quitoriano,ATL,0.0,0.0,0.0,0.0,0.0,0.0,0.0,0.0,0.3,3.3,0.0,0.0,0.0,0.0,0.0,0.0,0.0,0.0,0.0,0.3,2025-10-08 17:50:34
1209,2,Ian Thomas,LV,0.0,0.0,0.0,0.0,0.0,0.0,0.0,0.0,0.3,2.8,0.0,0.0,0.0,0.0,0.0,0.0,0.0,0.0,0.0,0.3,2025-10-08 17:50:34
1210,2,Durham Smythe,CHI,0.0,0.0,0.0,0.0,0.0,0.0,0.0,0.0,0.3,2.7,0.0,0.0,0.0,0.0,0.0,0.0,0.0,0.0,0.0,0.3,2025-10-08 17:50:34
1211,2,Moliki Matavao,NO,0.0,0.0,0.0,0.0,0.0,0.0,0.0,0.0,0.3,2.7,0.0,0.0,0.0,0.0,0.0,0.0,0.0,0.0,0.0,0.3,2025-10-08 17:50:34
1212,2,Jack Westover,NE,0.0,0.0,0.0,0.0,0.0,0.0,0.0,0.0,0.3,2.0,0.0,0.0,0.0,0.0,0.0,0.0,0.0,0.0,0.0,0.2,2025-10-08 17:50:34
1213,2,Tanner Hudson,CIN,0.0,0.0,0.0,0.0,0.0,0.0,0.0,0.0,0.2,1.7,0.0,0.0,0.0,0.0,0.0,0.0,0.0,0.0,0.0,0.2,2025-10-08 17:50:34
1214,2,Feleipe Franks,ATL,0.0,0.0,0.0,0.0,0.0,0.0,0.0,0.0,0.2,1.5,0.0,0.0,0.0,0.0,0.0,0.0,0.0,0.0,0.0,0.1,2025-10-08 17:50:34
1215,2,Ko Kieft,TB,0.0,0.0,0.0,0.0,0.0,0.0,0.0,0.0,0.0,0.2,0.0,0.0,0.0,0.0,0.0,0.0,0.0,0.0,0.0,0.0,2025-10-08 17:50:34
1216,2,Brady Russell,SEA,0.0,0.0,0.0,0.0,0.0,0.0,0.0,0.0,0.0,0.0,0.0,0.0,0.0,0.0,0.0,0.0,0.0,0.0,0.0,0.0,2025-10-08 17:50:34
1217,2,Darren Waller,MIA,0.0,0.0,0.0,0.0,0.0,0.0,0.0,0.0,0.0,0.0,0.0,0.0,0.0,0.0,0.0,0.0,0.0,0.0,0.0,0.0,2025-10-08 17:50:34
1218,2,Robert Tonyan,KC,0.0,0.0,0.0,0.0,0.0,0.0,0.0,0.0,0.0,0.0,0.0,0.0,0.0,0.0,0.0,0.0,0.0,0.0,0.0,0.0,2025-10-08 17:50:34
1219,2,Dallas Goedert,PHI,0.0,0.0,0.0,0.0,0.0,0.0,0.0,0.0,0.0,0.0,0.0,0.0,0.0,0.0,0.0,0.0,0.0,0.0,0.0,0.0,2025-10-08 17:50:34
1220,2,Ross Dwelley,DET,0.0,0.0,0.0,0.0,0.0,0.0,0.0,0.0,0.0,0.0,0.0,0.0,0.0,0.0,0.0,0.0,0.0,0.0,0.0,0.0,2025-10-08 17:50:34
1221,2,Foster Moreau,NO,0.0,0.0,0.0,0.0,0.0,0.0,0.0,0.0,0.0,0.0,0.0,0.0,0.0,0.0,0.0,0.0,0.0,0.0,0.0,0.0,2025-10-08 17:50:34
1222,2,Stephen Carlson,CHI,0.0,0.0,0.0,0.0,0.0,0.0,0.0,0.0,0.0,0.0,0.0,0.0,0.0,0.0,0.0,0.0,0.0,0.0,0.0,0.0,2025-10-08 17:50:34
1223,2,Colby Parkinson,LAR,0.0,0.0,0.0,0.0,0.0,0.0,0.0,0.0,0.0,0.0,0.0,0.0,0.0,0.0,0.0,0.0,0.0,0.0,0.0,0.0,2025-10-08 17:50:34
1224,2,Josh Whyle,GB,0.0,0.0,0.0,0.0,0.0,0.0,0.0,0.0,0.0,0.0,0.0,0.0,0.0,0.0,0.0,0.0,0.0,0.0,0.0,0.0,2025-10-08 17:50:34
1225,2,Shane Zylstra,DET,0.0,0.0,0.0,0.0,0.0,0.0,0.0,0.0,0.0,0.0,0.0,0.0,0.0,0.0,0.0,0.0,0.0,0.0,0.0,0.0,2025-10-08 17:50:34
1226,2,Isaiah Likely,BAL,0.0,0.0,0.0,0.0,0.0,0.0,0.0,0.0,0.0,0.0,0.0,0.0,0.0,0.0,0.0,0.0,0.0,0.0,0.0,0.0,2025-10-08 17:50:34
1227,2,Will Mallory,IND,0.0,0.0,0.0,0.0,0.0,0.0,0.0,0.0,0.0,0.0,0.0,0.0,0.0,0.0,0.0,0.0,0.0,0.0,0.0,0.0,2025-10-08 17:50:34
1228,2,Tucker Fisk,LAC,0.0,0.0,0.0,0.0,0.0,0.0,0.0,0.0,0.0,0.0,0.0,0.0,0.0,0.0,0.0,0.0,0.0,0.0,0.0,0.0,2025-10-08 17:50:34
1229,2,Cade Stover,HOU,0.0,0.0,0.0,0.0,0.0,0.0,0.0,0.0,0.0,0.0,0.0,0.0,0.0,0.0,0.0,0.0,0.0,0.0,0.0,0.0,2025-10-08 17:50:34
1230,2,Ben Sims,GB,0.0,0.0,0.0,0.0,0.0,0.0,0.0,0.0,0.0,0.0,0.0,0.0,0.0,0.0,0.0,0.0,0.0,0.0,0.0,0.0,2025-10-08 17:50:34
1231,2,Nate Adkins,DEN,0.0,0.0,0.0,0.0,0.0,0.0,0.0,0.0,0.0,0.0,0.0,0.0,0.0,0.0,0.0,0.0,0.0,0.0,0.0,0.0,2025-10-08 17:50:34
1232,2,John Stephens Jr.,DAL,0.0,0.0,0.0,0.0,0.0,0.0,0.0,0.0,0.0,0.0,0.0,0.0,0.0,0.0,0.0,0.0,0.0,0.0,0.0,0.0,2025-10-08 17:50:34
1233,2,Oronde Gadsden II,LAC,0.0,0.0,0.0,0.0,0.0,0.0,0.0,0.0,0.0,0.0,0.0,0.0,0.0,0.0,0.0,0.0,0.0,0.0,0.0,0.0,2025-10-08 17:50:34
1234,2,Gavin Bartholomew,MIN,0.0,0.0,0.0,0.0,0.0,0.0,0.0,0.0,0.0,0.0,0.0,0.0,0.0,0.0,0.0,0.0,0.0,0.0,0.0,0.0,2025-10-08 17:50:34
1235,2,Jared Wiley,KC,0.0,0.0,0.0,0.0,0.0,0.0,0.0,0.0,0.0,0.0,0.0,0.0,0.0,0.0,0.0,0.0,0.0,0.0,0.0,0.0,2025-10-08 17:50:34
1236,2,Cam Grandy,CIN,0.0,0.0,0.0,0.0,0.0,0.0,0.0,0.0,0.0,0.0,0.0,0.0,0.0,0.0,0.0,0.0,0.0,0.0,0.0,0.0,2025-10-08 17:50:34
1237,2,Tip Reiman,ARI,0.0,0.0,0.0,0.0,0.0,0.0,0.0,0.0,0.0,0.0,0.0,0.0,0.0,0.0,0.0,0.0,0.0,0.0,0.0,0.0,2025-10-08 17:50:34
1238,2,Brenden Bates,HOU,0.0,0.0,0.0,0.0,0.0,0.0,0.0,0.0,0.0,0.0,0.0,0.0,0.0,0.0,0.0,0.0,0.0,0.0,0.0,0.0,2025-10-08 17:50:34
1239,2,Devin Culp,TB,0.0,0.0,0.0,0.0,0.0,0.0,0.0,0.0,0.0,0.0,0.0,0.0,0.0,0.0,0.0,0.0,0.0,0.0,0.0,0.0,2025-10-08 17:50:34
1240,2,David Martin-Robinson,TEN,0.0,0.0,0.0,0.0,0.0,0.0,0.0,0.0,0.0,0.0,0.0,0.0,0.0,0.0,0.0,0.0,0.0,0.0,0.0,0.0,2025-10-08 17:50:34
1241,2,Brandon Aubrey,DAL,0.0,0.0,0.0,0.0,0.0,0.0,0.0,0.0,0.0,0.0,0.0,0.0,0.0,0.0,0.0,0.0,0.0,0.0,0.0,8.9,2025-10-08 17:50:35
1242,2,Evan McPherson,CIN,0.0,0.0,0.0,0.0,0.0,0.0,0.0,0.0,0.0,0.0,0.0,0.0,0.0,0.0,0.0,0.0,0.0,0.0,0.0,8.4,2025-10-08 17:50:35
1243,2,Brandon McManus,GB,0.0,0.0,0.0,0.0,0.0,0.0,0.0,0.0,0.0,0.0,0.0,0.0,0.0,0.0,0.0,0.0,0.0,0.0,0.0,8.4,2025-10-08 17:50:35
1244,2,Jake Bates,DET,0.0,0.0,0.0,0.0,0.0,0.0,0.0,0.0,0.0,0.0,0.0,0.0,0.0,0.0,0.0,0.0,0.0,0.0,0.0,8.3,2025-10-08 17:50:35
1245,2,Will Reichard,MIN,0.0,0.0,0.0,0.0,0.0,0.0,0.0,0.0,0.0,0.0,0.0,0.0,0.0,0.0,0.0,0.0,0.0,0.0,0.0,8.2,2025-10-08 17:50:35
1246,2,Tyler Loop,BAL,0.0,0.0,0.0,0.0,0.0,0.0,0.0,0.0,0.0,0.0,0.0,0.0,0.0,0.0,0.0,0.0,0.0,0.0,0.0,8.2,2025-10-08 17:50:35
1247,2,Matt Prater,BUF,0.0,0.0,0.0,0.0,0.0,0.0,0.0,0.0,0.0,0.0,0.0,0.0,0.0,0.0,0.0,0.0,0.0,0.0,0.0,8.2,2025-10-08 17:50:35
1248,2,Cameron Dicker,LAC,0.0,0.0,0.0,0.0,0.0,0.0,0.0,0.0,0.0,0.0,0.0,0.0,0.0,0.0,0.0,0.0,0.0,0.0,0.0,8.1,2025-10-08 17:50:35
1249,2,Chad Ryland,ARI,0.0,0.0,0.0,0.0,0.0,0.0,0.0,0.0,0.0,0.0,0.0,0.0,0.0,0.0,0.0,0.0,0.0,0.0,0.0,8.0,2025-10-08 17:50:35
1250,2,Riley Patterson,MIA,0.0,0.0,0.0,0.0,0.0,0.0,0.0,0.0,0.0,0.0,0.0,0.0,0.0,0.0,0.0,0.0,0.0,0.0,0.0,7.8,2025-10-08 17:50:35
1251,2,Ka'imi Fairbairn,HOU,0.0,0.0,0.0,0.0,0.0,0.0,0.0,0.0,0.0,0.0,0.0,0.0,0.0,0.0,0.0,0.0,0.0,0.0,0.0,7.7,2025-10-08 17:50:35
1252,2,Harrison Butker,KC,0.0,0.0,0.0,0.0,0.0,0.0,0.0,0.0,0.0,0.0,0.0,0.0,0.0,0.0,0.0,0.0,0.0,0.0,0.0,7.6,2025-10-08 17:50:35
1253,2,Jake Elliott,PHI,0.0,0.0,0.0,0.0,0.0,0.0,0.0,0.0,0.0,0.0,0.0,0.0,0.0,0.0,0.0,0.0,0.0,0.0,0.0,7.5,2025-10-08 17:50:35
1254,2,Chris Boswell,PIT,0.0,0.0,0.0,0.0,0.0,0.0,0.0,0.0,0.0,0.0,0.0,0.0,0.0,0.0,0.0,0.0,0.0,0.0,0.0,7.4,2025-10-08 17:50:35
1255,2,Chase McLaughlin,TB,0.0,0.0,0.0,0.0,0.0,0.0,0.0,0.0,0.0,0.0,0.0,0.0,0.0,0.0,0.0,0.0,0.0,0.0,0.0,7.4,2025-10-08 17:50:35
1256,2,Joshua Karty,LAR,0.0,0.0,0.0,0.0,0.0,0.0,0.0,0.0,0.0,0.0,0.0,0.0,0.0,0.0,0.0,0.0,0.0,0.0,0.0,7.3,2025-10-08 17:50:35
1257,2,Spencer Shrader,IND,0.0,0.0,0.0,0.0,0.0,0.0,0.0,0.0,0.0,0.0,0.0,0.0,0.0,0.0,0.0,0.0,0.0,0.0,0.0,7.3,2025-10-08 17:50:35
1258,2,Cam Little,JAC,0.0,0.0,0.0,0.0,0.0,0.0,0.0,0.0,0.0,0.0,0.0,0.0,0.0,0.0,0.0,0.0,0.0,0.0,0.0,7.3,2025-10-08 17:50:35
1259,2,Wil Lutz,DEN,0.0,0.0,0.0,0.0,0.0,0.0,0.0,0.0,0.0,0.0,0.0,0.0,0.0,0.0,0.0,0.0,0.0,0.0,0.0,7.3,2025-10-08 17:50:35
1260,2,Eddy Pineiro,SF,0.0,0.0,0.0,0.0,0.0,0.0,0.0,0.0,0.0,0.0,0.0,0.0,0.0,0.0,0.0,0.0,0.0,0.0,0.0,7.2,2025-10-08 17:50:35
1261,2,Daniel Carlson,LV,0.0,0.0,0.0,0.0,0.0,0.0,0.0,0.0,0.0,0.0,0.0,0.0,0.0,0.0,0.0,0.0,0.0,0.0,0.0,7.1,2025-10-08 17:50:35
1262,2,Matt Gay,WAS,0.0,0.0,0.0,0.0,0.0,0.0,0.0,0.0,0.0,0.0,0.0,0.0,0.0,0.0,0.0,0.0,0.0,0.0,0.0,7.0,2025-10-08 17:50:35
1263,2,Parker Romo,ATL,0.0,0.0,0.0,0.0,0.0,0.0,0.0,0.0,0.0,0.0,0.0,0.0,0.0,0.0,0.0,0.0,0.0,0.0,0.0,6.6,2025-10-08 17:50:35
1264,2,Blake Grupe,NO,0.0,0.0,0.0,0.0,0.0,0.0,0.0,0.0,0.0,0.0,0.0,0.0,0.0,0.0,0.0,0.0,0.0,0.0,0.0,6.6,2025-10-08 17:50:35
1265,2,Andy Borregales,NE,0.0,0.0,0.0,0.0,0.0,0.0,0.0,0.0,0.0,0.0,0.0,0.0,0.0,0.0,0.0,0.0,0.0,0.0,0.0,6.6,2025-10-08 17:50:35
1266,2,Cairo Santos,CHI,0.0,0.0,0.0,0.0,0.0,0.0,0.0,0.0,0.0,0.0,0.0,0.0,0.0,0.0,0.0,0.0,0.0,0.0,0.0,6.6,2025-10-08 17:50:35
1267,2,Ryan Fitzgerald,CAR,0.0,0.0,0.0,0.0,0.0,0.0,0.0,0.0,0.0,0.0,0.0,0.0,0.0,0.0,0.0,0.0,0.0,0.0,0.0,6.4,2025-10-08 17:50:35
1268,2,Graham Gano,NYG,0.0,0.0,0.0,0.0,0.0,0.0,0.0,0.0,0.0,0.0,0.0,0.0,0.0,0.0,0.0,0.0,0.0,0.0,0.0,6.4,2025-10-08 17:50:35
1269,2,Joey Slye,TEN,0.0,0.0,0.0,0.0,0.0,0.0,0.0,0.0,0.0,0.0,0.0,0.0,0.0,0.0,0.0,0.0,0.0,0.0,0.0,6.4,2025-10-08 17:50:35
1270,2,Nick Folk,NYJ,0.0,0.0,0.0,0.0,0.0,0.0,0.0,0.0,0.0,0.0,0.0,0.0,0.0,0.0,0.0,0.0,0.0,0.0,0.0,6.4,2025-10-08 17:50:35
1271,2,Jason Myers,SEA,0.0,0.0,0.0,0.0,0.0,0.0,0.0,0.0,0.0,0.0,0.0,0.0,0.0,0.0,0.0,0.0,0.0,0.0,0.0,6.3,2025-10-08 17:50:35
1272,2,Andre Szmyt,CLE,0.0,0.0,0.0,0.0,0.0,0.0,0.0,0.0,0.0,0.0,0.0,0.0,0.0,0.0,0.0,0.0,0.0,0.0,0.0,5.7,2025-10-08 17:50:35
1273,2,Jason Sanders,MIA,0.0,0.0,0.0,0.0,0.0,0.0,0.0,0.0,0.0,0.0,0.0,0.0,0.0,0.0,0.0,0.0,0.0,0.0,0.0,0.0,2025-10-08 17:50:35
1274,2,Matthew Wright,TEN,0.0,0.0,0.0,0.0,0.0,0.0,0.0,0.0,0.0,0.0,0.0,0.0,0.0,0.0,0.0,0.0,0.0,0.0,0.0,0.0,2025-10-08 17:50:35
1275,2,Jake Moody,CHI,0.0,0.0,0.0,0.0,0.0,0.0,0.0,0.0,0.0,0.0,0.0,0.0,0.0,0.0,0.0,0.0,0.0,0.0,0.0,0.0,2025-10-08 17:50:35
1276,2,Jude McAtamney,NYG,0.0,0.0,0.0,0.0,0.0,0.0,0.0,0.0,0.0,0.0,0.0,0.0,0.0,0.0,0.0,0.0,0.0,0.0,0.0,0.0,2025-10-08 17:50:35
1277,2,Ravens D/ST,Ravens D/ST,0.0,0.0,0.0,0.0,0.0,0.0,0.0,0.0,0.0,0.0,0.0,0.0,3.2,1.1,0.6,0.2,0.1,16.2,301.8,8.9,2025-10-08 17:50:35
1278,2,Rams D/ST,Rams D/ST,0.0,0.0,0.0,0.0,0.0,0.0,0.0,0.0,0.0,0.0,0.0,0.0,3.4,0.8,0.7,0.2,0.0,18.9,301.0,8.5,2025-10-08 17:50:35
1279,2,Steelers D/ST,Steelers D/ST,0.0,0.0,0.0,0.0,0.0,0.0,0.0,0.0,0.0,0.0,0.0,0.0,2.8,0.8,0.7,0.2,0.0,17.6,320.3,7.8,2025-10-08 17:50:35
1280,2,Cowboys D/ST,Cowboys D/ST,0.0,0.0,0.0,0.0,0.0,0.0,0.0,0.0,0.0,0.0,0.0,0.0,3.3,0.7,0.6,0.2,0.0,19.7,331.0,7.8,2025-10-08 17:50:35
1281,2,Bills D/ST,Bills D/ST,0.0,0.0,0.0,0.0,0.0,0.0,0.0,0.0,0.0,0.0,0.0,0.0,2.8,0.7,0.7,0.2,0.0,19.2,321.7,7.7,2025-10-08 17:50:35
1282,2,Vikings D/ST,Vikings D/ST,0.0,0.0,0.0,0.0,0.0,0.0,0.0,0.0,0.0,0.0,0.0,0.0,2.3,0.8,0.6,0.2,0.1,19.3,312.7,7.3,2025-10-08 17:50:35
1283,2,Cardinals D/ST,Cardinals D/ST,0.0,0.0,0.0,0.0,0.0,0.0,0.0,0.0,0.0,0.0,0.0,0.0,2.4,0.8,0.6,0.2,0.0,19.3,303.1,7.2,2025-10-08 17:50:35
1284,2,49ers D/ST,49ers D/ST,0.0,0.0,0.0,0.0,0.0,0.0,0.0,0.0,0.0,0.0,0.0,0.0,2.2,0.8,0.6,0.2,0.0,19.0,306.9,7.0,2025-10-08 17:50:35
1285,2,Texans D/ST,Texans D/ST,0.0,0.0,0.0,0.0,0.0,0.0,0.0,0.0,0.0,0.0,0.0,0.0,2.8,1.0,0.5,0.2,0.0,22.1,340.6,6.9,2025-10-08 17:50:35
1286,2,Chargers D/ST,Chargers D/ST,0.0,0.0,0.0,0.0,0.0,0.0,0.0,0.0,0.0,0.0,0.0,0.0,3.1,0.8,0.6,0.2,0.0,20.7,337.4,6.8,2025-10-08 17:50:35
1287,2,Broncos D/ST,Broncos D/ST,0.0,0.0,0.0,0.0,0.0,0.0,0.0,0.0,0.0,0.0,0.0,0.0,3.1,0.7,0.6,0.2,0.0,20.9,317.1,6.8,2025-10-08 17:50:35
1288,2,Packers D/ST,Packers D/ST,0.0,0.0,0.0,0.0,0.0,0.0,0.0,0.0,0.0,0.0,0.0,0.0,3.1,0.7,0.7,0.2,0.0,22.4,333.7,6.7,2025-10-08 17:50:35
1289,2,Giants D/ST,Giants D/ST,0.0,0.0,0.0,0.0,0.0,0.0,0.0,0.0,0.0,0.0,0.0,0.0,3.0,0.6,0.7,0.2,0.0,25.8,352.4,6.6,2025-10-08 17:50:35
1290,2,Buccaneers D/ST,Buccaneers D/ST,0.0,0.0,0.0,0.0,0.0,0.0,0.0,0.0,0.0,0.0,0.0,0.0,3.1,0.7,0.6,0.1,0.1,21.7,324.6,6.5,2025-10-08 17:50:35
1291,2,Falcons D/ST,Falcons D/ST,0.0,0.0,0.0,0.0,0.0,0.0,0.0,0.0,0.0,0.0,0.0,0.0,2.9,0.8,0.5,0.1,0.0,24.9,367.9,6.4,2025-10-08 17:50:35
1292,2,Lions D/ST,Lions D/ST,0.0,0.0,0.0,0.0,0.0,0.0,0.0,0.0,0.0,0.0,0.0,0.0,2.9,0.7,0.6,0.2,0.0,20.2,327.1,6.4,2025-10-08 17:50:35
1293,2,Dolphins D/ST,Dolphins D/ST,0.0,0.0,0.0,0.0,0.0,0.0,0.0,0.0,0.0,0.0,0.0,0.0,2.8,0.8,0.6,0.2,0.0,21.6,331.7,6.3,2025-10-08 17:50:35
1294,2,Eagles D/ST,Eagles D/ST,0.0,0.0,0.0,0.0,0.0,0.0,0.0,0.0,0.0,0.0,0.0,0.0,2.3,0.7,0.7,0.2,0.0,22.8,324.6,6.2,2025-10-08 17:50:35
1295,2,Chiefs D/ST,Chiefs D/ST,0.0,0.0,0.0,0.0,0.0,0.0,0.0,0.0,0.0,0.0,0.0,0.0,2.9,0.6,0.6,0.1,0.0,23.1,335.9,6.1,2025-10-08 17:50:35
1296,2,Seahawks D/ST,Seahawks D/ST,0.0,0.0,0.0,0.0,0.0,0.0,0.0,0.0,0.0,0.0,0.0,0.0,2.9,0.7,0.5,0.1,0.0,22.1,313.4,5.9,2025-10-08 17:50:35
1297,2,Chicago Bears,Chicago Bears,0.0,0.0,0.0,0.0,0.0,0.0,0.0,0.0,0.0,0.0,0.0,0.0,2.4,0.7,0.6,0.2,0.0,27.1,373.6,5.8,2025-10-08 17:50:35
1298,2,Colts D/ST,Colts D/ST,0.0,0.0,0.0,0.0,0.0,0.0,0.0,0.0,0.0,0.0,0.0,0.0,2.2,0.7,0.6,0.2,0.0,21.8,329.6,5.8,2025-10-08 17:50:35
1299,2,Saints D/ST,Saints D/ST,0.0,0.0,0.0,0.0,0.0,0.0,0.0,0.0,0.0,0.0,0.0,0.0,2.3,0.8,0.5,0.1,0.0,22.5,369.1,5.8,2025-10-08 17:50:35
1300,2,Patriots D/ST,Patriots D/ST,0.0,0.0,0.0,0.0,0.0,0.0,0.0,0.0,0.0,0.0,0.0,0.0,2.3,0.8,0.5,0.1,0.0,24.1,360.4,5.5,2025-10-08 17:50:35
1301,2,Bengals D/ST,Bengals D/ST,0.0,0.0,0.0,0.0,0.0,0.0,0.0,0.0,0.0,0.0,0.0,0.0,1.9,0.8,0.6,0.2,0.0,22.1,351.9,5.5,2025-10-08 17:50:35
1302,2,Jaguars D/ST,Jaguars D/ST,0.0,0.0,0.0,0.0,0.0,0.0,0.0,0.0,0.0,0.0,0.0,0.0,2.6,0.6,0.6,0.1,0.0,26.6,343.5,5.5,2025-10-08 17:50:35
1303,2,Raiders D/ST,Raiders D/ST,0.0,0.0,0.0,0.0,0.0,0.0,0.0,0.0,0.0,0.0,0.0,0.0,2.7,0.5,0.5,0.1,0.0,23.8,330.7,5.3,2025-10-08 17:50:35
1304,2,Titans D/ST,Titans D/ST,0.0,0.0,0.0,0.0,0.0,0.0,0.0,0.0,0.0,0.0,0.0,0.0,2.1,0.6,0.5,0.1,0.0,24.6,353.7,4.8,2025-10-08 17:50:35
1305,2,Browns D/ST,Browns D/ST,0.0,0.0,0.0,0.0,0.0,0.0,0.0,0.0,0.0,0.0,0.0,0.0,2.1,0.5,0.5,0.1,0.0,29.1,392.2,4.8,2025-10-08 17:50:35
1306,2,Commanders D/ST,Commanders D/ST,0.0,0.0,0.0,0.0,0.0,0.0,0.0,0.0,0.0,0.0,0.0,0.0,1.7,0.7,0.5,0.1,0.0,27.1,374.2,4.8,2025-10-08 17:50:35
1307,2,Panthers D/ST,Panthers D/ST,0.0,0.0,0.0,0.0,0.0,0.0,0.0,0.0,0.0,0.0,0.0,0.0,1.9,0.6,0.5,0.1,0.0,26.5,369.9,4.7,2025-10-08 17:50:35
1308,2,Jets D/ST,Jets D/ST,0.0,0.0,0.0,0.0,0.0,0.0,0.0,0.0,0.0,0.0,0.0,0.0,1.8,0.5,0.5,0.1,0.0,28.0,355.9,4.6,2025-10-08 17:50:35
1309,3,Josh Allen,BUF,31.4,20.5,238.1,1.8,0.5,7.4,37.8,0.7,0.0,0.0,0.0,0.2,0.0,0.0,0.0,0.0,0.0,0.0,0.0,23.6,2025-10-08 17:50:35
1310,3,Lamar Jackson,BAL,29.1,19.2,234.9,2.0,0.5,7.7,49.8,0.3,0.0,0.0,0.0,0.3,0.0,0.0,0.0,0.0,0.0,0.0,0.0,23.2,2025-10-08 17:50:35
1311,3,Jalen Hurts,PHI,27.8,18.8,208.2,1.2,0.5,9.0,40.3,0.8,0.0,0.0,0.0,0.3,0.0,0.0,0.0,0.0,0.0,0.0,0.0,21.1,2025-10-08 17:50:35
1312,3,Patrick Mahomes,KC,34.1,22.9,247.1,1.6,0.6,6.1,32.4,0.2,0.0,0.0,0.0,0.2,0.0,0.0,0.0,0.0,0.0,0.0,0.0,20.0,2025-10-08 17:50:35
1313,3,Justin Herbert,LAC,32.6,21.4,248.6,1.6,0.5,6.0,26.1,0.2,0.0,0.0,0.0,0.2,0.0,0.0,0.0,0.0,0.0,0.0,0.0,19.1,2025-10-08 17:50:35
1314,3,Dak Prescott,DAL,35.9,24.2,269.2,1.8,0.7,2.8,11.7,0.1,0.0,0.0,0.0,0.2,0.0,0.0,0.0,0.0,0.0,0.0,0.0,18.6,2025-10-08 17:50:35
1315,3,Caleb Williams,CHI,33.2,21.4,233.2,1.5,0.6,5.7,30.8,0.2,0.0,0.0,0.0,0.3,0.0,0.0,0.0,0.0,0.0,0.0,0.0,18.5,2025-10-08 17:50:35
1316,3,Baker Mayfield,TB,32.0,21.6,236.8,1.8,0.8,5.0,21.0,0.1,0.0,0.0,0.0,0.3,0.0,0.0,0.0,0.0,0.0,0.0,0.0,18.3,2025-10-08 17:50:35
1317,3,Kyler Murray,ARI,32.7,21.7,222.2,1.3,0.7,5.8,35.0,0.3,0.0,0.0,0.0,0.3,0.0,0.0,0.0,0.0,0.0,0.0,0.0,18.0,2025-10-08 17:50:35
1318,3,Marcus Mariota,WAS,30.5,19.9,224.8,1.3,0.7,6.0,30.9,0.2,0.0,0.0,0.0,0.3,0.0,0.0,0.0,0.0,0.0,0.0,0.0,17.6,2025-10-08 17:50:35
1319,3,Drake Maye,NE,33.5,22.3,232.7,1.4,0.7,4.9,28.8,0.2,0.0,0.0,0.0,0.3,0.0,0.0,0.0,0.0,0.0,0.0,0.0,17.4,2025-10-08 17:50:35
1320,3,Jared Goff,DET,35.1,23.9,272.6,1.7,0.7,1.8,4.2,0.0,0.0,0.0,0.0,0.2,0.0,0.0,0.0,0.0,0.0,0.0,0.0,17.3,2025-10-08 17:50:35
1321,3,Bo Nix,DEN,34.5,22.4,221.4,1.5,0.8,4.9,24.4,0.2,0.0,0.0,0.0,0.2,0.0,0.0,0.0,0.0,0.0,0.0,0.0,17.0,2025-10-08 17:50:35
1322,3,Daniel Jones,IND,31.2,20.1,213.7,1.3,0.6,5.3,26.2,0.3,0.0,0.0,0.0,0.3,0.0,0.0,0.0,0.0,0.0,0.0,0.0,17.0,2025-10-08 17:50:35
1323,3,Jordan Love,GB,30.6,19.7,235.9,1.6,0.6,2.9,12.3,0.1,0.0,0.0,0.0,0.2,0.0,0.0,0.0,0.0,0.0,0.0,0.0,16.9,2025-10-08 17:50:35
1324,3,Trevor Lawrence,JAC,33.3,21.0,236.2,1.5,0.8,3.0,14.7,0.2,0.0,0.0,0.0,0.3,0.0,0.0,0.0,0.0,0.0,0.0,0.0,16.4,2025-10-08 17:50:35
1325,3,Russell Wilson,NYG,32.6,21.0,231.0,1.3,0.6,5.1,20.0,0.1,0.0,0.0,0.0,0.2,0.0,0.0,0.0,0.0,0.0,0.0,0.0,16.3,2025-10-08 17:50:35
1326,3,C.J. Stroud,HOU,32.8,20.6,245.1,1.3,0.7,4.4,18.8,0.1,0.0,0.0,0.0,0.2,0.0,0.0,0.0,0.0,0.0,0.0,0.0,16.2,2025-10-08 17:50:35
1327,3,Geno Smith,LV,33.9,22.5,251.1,1.3,0.8,3.4,14.7,0.1,0.0,0.0,0.0,0.2,0.0,0.0,0.0,0.0,0.0,0.0,0.0,15.9,2025-10-08 17:50:35
1328,3,Michael Penix Jr.,ATL,32.0,20.3,236.0,1.3,0.6,3.5,12.2,0.2,0.0,0.0,0.0,0.3,0.0,0.0,0.0,0.0,0.0,0.0,0.0,15.9,2025-10-08 17:50:35
1329,3,Aaron Rodgers,PIT,33.1,21.3,234.1,1.6,0.6,1.5,6.2,0.0,0.0,0.0,0.0,0.2,0.0,0.0,0.0,0.0,0.0,0.0,0.0,15.8,2025-10-08 17:50:35
1330,3,Jake Browning,CIN,32.7,22.1,242.0,1.4,0.9,2.5,10.9,0.1,0.0,0.0,0.0,0.2,0.0,0.0,0.0,0.0,0.0,0.0,0.0,15.7,2025-10-08 17:50:35
1331,3,Tua Tagovailoa,MIA,35.1,24.0,259.8,1.4,0.9,1.8,6.6,0.0,0.0,0.0,0.0,0.3,0.0,0.0,0.0,0.0,0.0,0.0,0.0,15.3,2025-10-08 17:50:35
1332,3,Matthew Stafford,LAR,34.6,22.5,247.8,1.4,0.6,1.0,3.5,0.0,0.0,0.0,0.0,0.2,0.0,0.0,0.0,0.0,0.0,0.0,0.0,15.3,2025-10-08 17:50:35
1333,3,Sam Darnold,SEA,31.1,19.6,233.9,1.4,0.8,2.8,9.8,0.1,0.0,0.0,0.0,0.2,0.0,0.0,0.0,0.0,0.0,0.0,0.0,15.2,2025-10-08 17:50:35
1334,3,Tyrod Taylor,NYJ,29.3,19.5,209.1,1.1,0.7,5.6,26.8,0.2,0.0,0.0,0.0,0.4,0.0,0.0,0.0,0.0,0.0,0.0,0.0,15.2,2025-10-08 17:50:35
1335,3,Bryce Young,CAR,33.6,20.9,210.5,1.3,0.8,3.2,18.6,0.1,0.0,0.0,0.0,0.3,0.0,0.0,0.0,0.0,0.0,0.0,0.0,15.1,2025-10-08 17:50:35
1336,3,Mac Jones,SF,32.8,21.4,217.8,1.5,0.8,2.6,8.5,0.1,0.0,0.0,0.0,0.3,0.0,0.0,0.0,0.0,0.0,0.0,0.0,14.4,2025-10-08 17:50:35
1337,3,Carson Wentz,MIN,31.2,20.2,216.9,1.3,0.8,2.9,12.1,0.1,0.0,0.0,0.0,0.2,0.0,0.0,0.0,0.0,0.0,0.0,0.0,14.4,2025-10-08 17:50:35
1338,3,Cam Ward,TEN,30.7,19.2,216.9,1.2,0.7,2.8,10.5,0.1,0.0,0.0,0.0,0.3,0.0,0.0,0.0,0.0,0.0,0.0,0.0,13.9,2025-10-08 17:50:35
1339,3,Spencer Rattler,NO,32.1,19.5,206.9,1.0,0.7,3.9,20.0,0.1,0.0,0.0,0.0,0.3,0.0,0.0,0.0,0.0,0.0,0.0,0.0,13.8,2025-10-08 17:50:35
1340,3,Joe Flacco,CIN,34.9,22.5,239.3,1.2,1.0,1.9,4.5,0.0,0.0,0.0,0.0,0.3,0.0,0.0,0.0,0.0,0.0,0.0,0.0,13.5,2025-10-08 17:50:35
1341,3,Jaxson Dart,NYG,0.4,0.2,2.3,0.0,0.0,0.5,1.9,0.0,0.0,0.0,0.0,0.0,0.0,0.0,0.0,0.0,0.0,0.0,0.0,0.4,2025-10-08 17:50:35
1342,3,Tyler Shough,NO,0.0,0.0,0.0,0.0,0.0,0.0,0.0,0.0,0.0,0.0,0.0,0.0,0.0,0.0,0.0,0.0,0.0,0.0,0.0,0.0,2025-10-08 17:50:35
1343,3,Trey Lance,LAC,0.0,0.0,0.0,0.0,0.0,0.0,0.0,0.0,0.0,0.0,0.0,0.0,0.0,0.0,0.0,0.0,0.0,0.0,0.0,0.0,2025-10-08 17:50:35
1344,3,Zach Wilson,MIA,0.0,0.0,0.0,0.0,0.0,0.0,0.0,0.0,0.0,0.0,0.0,0.0,0.0,0.0,0.0,0.0,0.0,0.0,0.0,0.0,2025-10-08 17:50:35
1345,3,Kenny Pickett,LV,0.0,0.0,0.0,0.0,0.0,0.0,0.0,0.0,0.0,0.0,0.0,0.0,0.0,0.0,0.0,0.0,0.0,0.0,0.0,0.0,2025-10-08 17:50:35
1346,3,Davis Mills,HOU,0.0,0.0,0.0,0.0,0.0,0.0,0.0,0.0,0.0,0.0,0.0,0.0,0.0,0.0,0.0,0.0,0.0,0.0,0.0,0.0,2025-10-08 17:50:35
1347,3,Jalen Milroe,SEA,0.0,0.0,0.0,0.0,0.0,0.0,0.0,0.0,0.0,0.0,0.0,0.0,0.0,0.0,0.0,0.0,0.0,0.0,0.0,0.0,2025-10-08 17:50:35
1348,3,Jayden Daniels,WAS,0.0,0.0,0.0,0.0,0.0,0.0,0.0,0.0,0.0,0.0,0.0,0.0,0.0,0.0,0.0,0.0,0.0,0.0,0.0,0.0,2025-10-08 17:50:35
1349,3,J.J. McCarthy,MIN,0.0,0.0,0.0,0.0,0.0,0.0,0.0,0.0,0.0,0.0,0.0,0.0,0.0,0.0,0.0,0.0,0.0,0.0,0.0,0.0,2025-10-08 17:50:35
1350,3,Sam Howell,PHI,0.0,0.0,0.0,0.0,0.0,0.0,0.0,0.0,0.0,0.0,0.0,0.0,0.0,0.0,0.0,0.0,0.0,0.0,0.0,0.0,2025-10-08 17:50:35
1351,3,Shedeur Sanders,CLE,0.0,0.0,0.0,0.0,0.0,0.0,0.0,0.0,0.0,0.0,0.0,0.0,0.0,0.0,0.0,0.0,0.0,0.0,0.0,0.0,2025-10-08 17:50:35
1352,3,Dillon Gabriel,CLE,0.0,0.0,0.0,0.0,0.0,0.0,0.0,0.0,0.0,0.0,0.0,0.0,0.0,0.0,0.0,0.0,0.0,0.0,0.0,0.0,2025-10-08 17:50:35
1353,3,Malik Willis,GB,0.0,0.0,0.0,0.0,0.0,0.0,0.0,0.0,0.0,0.0,0.0,0.0,0.0,0.0,0.0,0.0,0.0,0.0,0.0,0.0,2025-10-08 17:50:35
1354,3,Aidan O'Connell,LV,0.0,0.0,0.0,0.0,0.0,0.0,0.0,0.0,0.0,0.0,0.0,0.0,0.0,0.0,0.0,0.0,0.0,0.0,0.0,0.0,2025-10-08 17:50:35
1355,3,Hendon Hooker,CAR,0.0,0.0,0.0,0.0,0.0,0.0,0.0,0.0,0.0,0.0,0.0,0.0,0.0,0.0,0.0,0.0,0.0,0.0,0.0,0.0,2025-10-08 17:50:35
1356,3,Anthony Richardson Sr.,IND,0.0,0.0,0.0,0.0,0.0,0.0,0.0,0.0,0.0,0.0,0.0,0.0,0.0,0.0,0.0,0.0,0.0,0.0,0.0,0.0,2025-10-08 17:50:35
1357,3,Tanner McKee,PHI,0.0,0.0,0.0,0.0,0.0,0.0,0.0,0.0,0.0,0.0,0.0,0.0,0.0,0.0,0.0,0.0,0.0,0.0,0.0,0.0,2025-10-08 17:50:35
1358,3,Tyson Bagent,CHI,0.0,0.0,0.0,0.0,0.0,0.0,0.0,0.0,0.0,0.0,0.0,0.0,0.0,0.0,0.0,0.0,0.0,0.0,0.0,0.0,2025-10-08 17:50:35
1359,3,Joe Milton III,DAL,0.0,0.0,0.0,0.0,0.0,0.0,0.0,0.0,0.0,0.0,0.0,0.0,0.0,0.0,0.0,0.0,0.0,0.0,0.0,0.0,2025-10-08 17:50:35
1360,3,Mitchell Trubisky,BUF,0.0,0.0,0.0,0.0,0.0,0.0,0.0,0.0,0.0,0.0,0.0,0.0,0.0,0.0,0.0,0.0,0.0,0.0,0.0,0.0,2025-10-08 17:50:35
1361,3,Andy Dalton,CAR,0.0,0.0,0.0,0.0,0.0,0.0,0.0,0.0,0.0,0.0,0.0,0.0,0.0,0.0,0.0,0.0,0.0,0.0,0.0,0.0,2025-10-08 17:50:35
1362,3,Kirk Cousins,ATL,0.0,0.0,0.0,0.0,0.0,0.0,0.0,0.0,0.0,0.0,0.0,0.0,0.0,0.0,0.0,0.0,0.0,0.0,0.0,0.0,2025-10-08 17:50:35
1363,3,Case Keenum,CHI,0.0,0.0,0.0,0.0,0.0,0.0,0.0,0.0,0.0,0.0,0.0,0.0,0.0,0.0,0.0,0.0,0.0,0.0,0.0,0.0,2025-10-08 17:50:35
1364,3,Teddy Bridgewater,TB,0.0,0.0,0.0,0.0,0.0,0.0,0.0,0.0,0.0,0.0,0.0,0.0,0.0,0.0,0.0,0.0,0.0,0.0,0.0,0.0,2025-10-08 17:50:35
1365,3,Jimmy Garoppolo,LAR,0.0,0.0,0.0,0.0,0.0,0.0,0.0,0.0,0.0,0.0,0.0,0.0,0.0,0.0,0.0,0.0,0.0,0.0,0.0,0.0,2025-10-08 17:50:35
1366,3,Jameis Winston,NYG,0.0,0.0,0.0,0.0,0.0,0.0,0.0,0.0,0.0,0.0,0.0,0.0,0.0,0.0,0.0,0.0,0.0,0.0,0.0,0.0,2025-10-08 17:50:35
1367,3,Jacoby Brissett,ARI,0.0,0.0,0.0,0.0,0.0,0.0,0.0,0.0,0.0,0.0,0.0,0.0,0.0,0.0,0.0,0.0,0.0,0.0,0.0,0.0,2025-10-08 17:50:35
1368,3,Brandon Allen,TEN,0.0,0.0,0.0,0.0,0.0,0.0,0.0,0.0,0.0,0.0,0.0,0.0,0.0,0.0,0.0,0.0,0.0,0.0,0.0,0.0,2025-10-08 17:50:35
1369,3,Brock Purdy,SF,0.0,0.0,0.0,0.0,0.0,0.0,0.0,0.0,0.0,0.0,0.0,0.0,0.0,0.0,0.0,0.0,0.0,0.0,0.0,0.0,2025-10-08 17:50:35
1370,3,Joshua Dobbs,NE,0.0,0.0,0.0,0.0,0.0,0.0,0.0,0.0,0.0,0.0,0.0,0.0,0.0,0.0,0.0,0.0,0.0,0.0,0.0,0.0,2025-10-08 17:50:35
1371,3,Cooper Rush,BAL,0.0,0.0,0.0,0.0,0.0,0.0,0.0,0.0,0.0,0.0,0.0,0.0,0.0,0.0,0.0,0.0,0.0,0.0,0.0,0.0,2025-10-08 17:50:35
1372,3,Nick Mullens,JAC,0.0,0.0,0.0,0.0,0.0,0.0,0.0,0.0,0.0,0.0,0.0,0.0,0.0,0.0,0.0,0.0,0.0,0.0,0.0,0.0,2025-10-08 17:50:35
1373,3,Mason Rudolph,PIT,0.0,0.0,0.0,0.0,0.0,0.0,0.0,0.0,0.0,0.0,0.0,0.0,0.0,0.0,0.0,0.0,0.0,0.0,0.0,0.0,2025-10-08 17:50:35
1374,3,Kyle Allen,DET,0.0,0.0,0.0,0.0,0.0,0.0,0.0,0.0,0.0,0.0,0.0,0.0,0.0,0.0,0.0,0.0,0.0,0.0,0.0,0.0,2025-10-08 17:50:35
1375,3,Drew Lock,SEA,0.0,0.0,0.0,0.0,0.0,0.0,0.0,0.0,0.0,0.0,0.0,0.0,0.0,0.0,0.0,0.0,0.0,0.0,0.0,0.0,2025-10-08 17:50:35
1376,3,Gardner Minshew,KC,0.0,0.0,0.0,0.0,0.0,0.0,0.0,0.0,0.0,0.0,0.0,0.0,0.0,0.0,0.0,0.0,0.0,0.0,0.0,0.0,2025-10-08 17:50:35
1377,3,Jarrett Stidham,DEN,0.0,0.0,0.0,0.0,0.0,0.0,0.0,0.0,0.0,0.0,0.0,0.0,0.0,0.0,0.0,0.0,0.0,0.0,0.0,0.0,2025-10-08 17:50:35
1378,3,Justin Fields,NYJ,0.0,0.0,0.0,0.0,0.0,0.0,0.0,0.0,0.0,0.0,0.0,0.0,0.0,0.0,0.0,0.0,0.0,0.0,0.0,0.0,2025-10-08 17:50:35
1379,3,Christian McCaffrey,SF,0.0,0.0,0.0,0.0,0.0,16.9,77.5,0.6,4.8,37.7,0.3,0.1,0.0,0.0,0.0,0.0,0.0,0.0,0.0,16.8,2025-10-08 17:50:35
1380,3,Bijan Robinson,ATL,0.0,0.0,0.0,0.0,0.0,18.2,86.9,0.7,3.8,29.8,0.2,0.1,0.0,0.0,0.0,0.0,0.0,0.0,0.0,16.7,2025-10-08 17:50:35
1381,3,Jonathan Taylor,IND,0.0,0.0,0.0,0.0,0.0,21.0,99.1,0.7,2.4,17.5,0.1,0.1,0.0,0.0,0.0,0.0,0.0,0.0,0.0,16.6,2025-10-08 17:50:35
1382,3,Saquon Barkley,PHI,0.0,0.0,0.0,0.0,0.0,19.4,95.5,0.7,2.5,18.1,0.1,0.1,0.0,0.0,0.0,0.0,0.0,0.0,0.0,16.2,2025-10-08 17:50:35
1383,3,Derrick Henry,BAL,0.0,0.0,0.0,0.0,0.0,19.0,92.7,0.8,1.0,9.0,0.0,0.1,0.0,0.0,0.0,0.0,0.0,0.0,0.0,15.2,2025-10-08 17:50:35
1384,3,James Cook III,BUF,0.0,0.0,0.0,0.0,0.0,16.6,76.0,0.7,2.3,20.5,0.1,0.1,0.0,0.0,0.0,0.0,0.0,0.0,0.0,14.7,2025-10-08 17:50:35
1385,3,De'Von Achane,MIA,0.0,0.0,0.0,0.0,0.0,12.2,60.2,0.4,5.4,42.8,0.3,0.1,0.0,0.0,0.0,0.0,0.0,0.0,0.0,14.4,2025-10-08 17:50:35
1386,3,Josh Jacobs,GB,0.0,0.0,0.0,0.0,0.0,19.7,81.1,0.7,1.9,14.4,0.1,0.1,0.0,0.0,0.0,0.0,0.0,0.0,0.0,14.3,2025-10-08 17:50:35
1387,3,Kenneth Walker III,SEA,0.0,0.0,0.0,0.0,0.0,17.5,78.7,0.7,2.7,19.4,0.1,0.1,0.0,0.0,0.0,0.0,0.0,0.0,0.0,14.3,2025-10-08 17:50:35
1388,3,Jahmyr Gibbs,DET,0.0,0.0,0.0,0.0,0.0,13.5,67.2,0.6,3.6,28.6,0.2,0.1,0.0,0.0,0.0,0.0,0.0,0.0,0.0,14.2,2025-10-08 17:50:35
1389,3,Bucky Irving,TB,0.0,0.0,0.0,0.0,0.0,16.5,77.6,0.5,3.2,23.7,0.1,0.1,0.0,0.0,0.0,0.0,0.0,0.0,0.0,14.0,2025-10-08 17:50:35
1390,3,Kyren Williams,LAR,0.0,0.0,0.0,0.0,0.0,16.8,73.5,0.7,2.0,12.5,0.1,0.1,0.0,0.0,0.0,0.0,0.0,0.0,0.0,13.0,2025-10-08 17:50:35
1391,3,Chase Brown,CIN,0.0,0.0,0.0,0.0,0.0,16.9,73.9,0.5,2.6,18.6,0.1,0.1,0.0,0.0,0.0,0.0,0.0,0.0,0.0,12.8,2025-10-08 17:50:35
1392,3,Jordan Mason,MIN,0.0,0.0,0.0,0.0,0.0,17.1,76.0,0.5,2.3,17.3,0.1,0.1,0.0,0.0,0.0,0.0,0.0,0.0,0.0,12.7,2025-10-08 17:50:35
1393,3,Javonte Williams,DAL,0.0,0.0,0.0,0.0,0.0,16.3,67.9,0.5,3.1,19.8,0.1,0.1,0.0,0.0,0.0,0.0,0.0,0.0,0.0,12.6,2025-10-08 17:50:35
1394,3,Tony Pollard,TEN,0.0,0.0,0.0,0.0,0.0,18.3,79.0,0.4,2.6,15.9,0.1,0.1,0.0,0.0,0.0,0.0,0.0,0.0,0.0,12.2,2025-10-08 17:50:35
1395,3,Ashton Jeanty,LV,0.0,0.0,0.0,0.0,0.0,16.0,68.6,0.5,2.2,16.1,0.1,0.1,0.0,0.0,0.0,0.0,0.0,0.0,0.0,12.1,2025-10-08 17:50:35
1396,3,Breece Hall,NYJ,0.0,0.0,0.0,0.0,0.0,15.2,65.2,0.4,3.3,27.7,0.1,0.1,0.0,0.0,0.0,0.0,0.0,0.0,0.0,12.0,2025-10-08 17:50:35
1397,3,Chuba Hubbard,CAR,0.0,0.0,0.0,0.0,0.0,16.2,66.7,0.4,2.8,17.8,0.1,0.1,0.0,0.0,0.0,0.0,0.0,0.0,0.0,11.6,2025-10-08 17:50:35
1398,3,D'Andre Swift,CHI,0.0,0.0,0.0,0.0,0.0,15.4,65.0,0.5,2.5,18.4,0.1,0.1,0.0,0.0,0.0,0.0,0.0,0.0,0.0,11.5,2025-10-08 17:50:35
1399,3,Jaylen Warren,PIT,0.0,0.0,0.0,0.0,0.0,14.0,62.1,0.4,3.2,23.4,0.1,0.1,0.0,0.0,0.0,0.0,0.0,0.0,0.0,11.3,2025-10-08 17:50:35
1400,3,Alvin Kamara,NO,0.0,0.0,0.0,0.0,0.0,15.7,63.8,0.3,3.2,23.0,0.1,0.1,0.0,0.0,0.0,0.0,0.0,0.0,0.0,11.2,2025-10-08 17:50:35
1401,3,Travis Etienne Jr.,JAC,0.0,0.0,0.0,0.0,0.0,15.6,62.7,0.4,2.4,18.3,0.1,0.1,0.0,0.0,0.0,0.0,0.0,0.0,0.0,10.8,2025-10-08 17:50:35
1402,3,J.K. Dobbins,DEN,0.0,0.0,0.0,0.0,0.0,13.5,64.4,0.4,1.5,9.2,0.1,0.1,0.0,0.0,0.0,0.0,0.0,0.0,0.0,10.1,2025-10-08 17:50:35
1403,3,Nick Chubb,HOU,0.0,0.0,0.0,0.0,0.0,14.1,61.1,0.4,1.1,9.6,0.0,0.1,0.0,0.0,0.0,0.0,0.0,0.0,0.0,9.8,2025-10-08 17:50:35
1404,3,Jacory Croskey-Merritt,WAS,0.0,0.0,0.0,0.0,0.0,13.4,59.7,0.4,1.2,9.4,0.0,0.1,0.0,0.0,0.0,0.0,0.0,0.0,0.0,9.6,2025-10-08 17:50:35
1405,3,Rhamondre Stevenson,NE,0.0,0.0,0.0,0.0,0.0,11.5,49.0,0.3,2.2,16.6,0.1,0.1,0.0,0.0,0.0,0.0,0.0,0.0,0.0,8.8,2025-10-08 17:50:35
1406,3,David Montgomery,DET,0.0,0.0,0.0,0.0,0.0,10.3,42.2,0.5,1.7,13.9,0.0,0.1,0.0,0.0,0.0,0.0,0.0,0.0,0.0,8.7,2025-10-08 17:50:35
1407,3,Quinshon Judkins,CLE,0.0,0.0,0.0,0.0,0.0,13.2,52.4,0.3,1.4,11.0,0.0,0.1,0.0,0.0,0.0,0.0,0.0,0.0,0.0,8.4,2025-10-08 17:50:35
1408,3,Cam Skattebo,NYG,0.0,0.0,0.0,0.0,0.0,11.0,43.0,0.3,1.9,14.7,0.1,0.1,0.0,0.0,0.0,0.0,0.0,0.0,0.0,7.9,2025-10-08 17:50:35
1409,3,Isiah Pacheco,KC,0.0,0.0,0.0,0.0,0.0,10.5,44.3,0.3,1.9,14.3,0.1,0.0,0.0,0.0,0.0,0.0,0.0,0.0,0.0,7.9,2025-10-08 17:50:35
1410,3,Kenneth Gainwell,PIT,0.0,0.0,0.0,0.0,0.0,8.2,35.1,0.3,2.6,17.5,0.1,0.1,0.0,0.0,0.0,0.0,0.0,0.0,0.0,7.4,2025-10-08 17:50:35
1411,3,TreVeyon Henderson,NE,0.0,0.0,0.0,0.0,0.0,7.4,31.1,0.2,2.8,22.3,0.1,0.0,0.0,0.0,0.0,0.0,0.0,0.0,0.0,7.3,2025-10-08 17:50:35
1412,3,Tyrone Tracy Jr.,NYG,0.0,0.0,0.0,0.0,0.0,8.8,37.6,0.2,2.2,17.2,0.1,0.1,0.0,0.0,0.0,0.0,0.0,0.0,0.0,7.2,2025-10-08 17:50:35
1413,3,Kareem Hunt,KC,0.0,0.0,0.0,0.0,0.0,8.3,33.4,0.3,1.6,11.1,0.1,0.0,0.0,0.0,0.0,0.0,0.0,0.0,0.0,6.7,2025-10-08 17:50:35
1414,3,Tyler Allgeier,ATL,0.0,0.0,0.0,0.0,0.0,9.9,43.7,0.3,0.4,3.3,0.0,0.0,0.0,0.0,0.0,0.0,0.0,0.0,0.0,6.4,2025-10-08 17:50:35
1415,3,Rachaad White,TB,0.0,0.0,0.0,0.0,0.0,6.9,28.5,0.2,1.8,12.2,0.1,0.1,0.0,0.0,0.0,0.0,0.0,0.0,0.0,5.7,2025-10-08 17:50:35
1416,3,Bhayshul Tuten,JAC,0.0,0.0,0.0,0.0,0.0,7.1,31.2,0.2,1.3,9.1,0.1,0.0,0.0,0.0,0.0,0.0,0.0,0.0,0.0,5.5,2025-10-08 17:50:35
1417,3,RJ Harvey,DEN,0.0,0.0,0.0,0.0,0.0,6.9,30.2,0.2,1.5,10.3,0.1,0.0,0.0,0.0,0.0,0.0,0.0,0.0,0.0,5.5,2025-10-08 17:50:35
1418,3,Dylan Sampson,CLE,0.0,0.0,0.0,0.0,0.0,5.3,20.5,0.1,2.2,16.5,0.1,0.0,0.0,0.0,0.0,0.0,0.0,0.0,0.0,5.0,2025-10-08 17:50:35
1419,3,Brian Robinson Jr.,SF,0.0,0.0,0.0,0.0,0.0,8.2,29.4,0.2,0.7,4.7,0.0,0.0,0.0,0.0,0.0,0.0,0.0,0.0,0.0,4.9,2025-10-08 17:50:35
1420,3,George Holani,SEA,0.0,0.0,0.0,0.0,0.0,6.3,27.2,0.2,0.8,6.1,0.0,0.0,0.0,0.0,0.0,0.0,0.0,0.0,0.0,4.5,2025-10-08 17:50:35
1421,3,Chris Rodriguez Jr.,WAS,0.0,0.0,0.0,0.0,0.0,6.7,29.0,0.2,0.2,2.0,0.0,0.0,0.0,0.0,0.0,0.0,0.0,0.0,0.0,4.4,2025-10-08 17:50:35
1422,3,Miles Sanders,DAL,0.0,0.0,0.0,0.0,0.0,5.9,26.0,0.2,0.9,5.3,0.0,0.0,0.0,0.0,0.0,0.0,0.0,0.0,0.0,4.4,2025-10-08 17:50:35
1423,3,Jeremy McNichols,WAS,0.0,0.0,0.0,0.0,0.0,3.2,19.4,0.2,1.6,11.1,0.1,0.0,0.0,0.0,0.0,0.0,0.0,0.0,0.0,4.4,2025-10-08 17:50:35
1424,3,Kyle Monangai,CHI,0.0,0.0,0.0,0.0,0.0,4.4,20.9,0.2,1.1,8.8,0.1,0.0,0.0,0.0,0.0,0.0,0.0,0.0,0.0,4.3,2025-10-08 17:50:35
1425,3,Justice Hill,BAL,0.0,0.0,0.0,0.0,0.0,3.7,15.6,0.1,1.9,15.0,0.1,0.0,0.0,0.0,0.0,0.0,0.0,0.0,0.0,4.2,2025-10-08 17:50:35
1426,3,Rico Dowdle,CAR,0.0,0.0,0.0,0.0,0.0,6.2,24.5,0.1,1.1,6.9,0.0,0.0,0.0,0.0,0.0,0.0,0.0,0.0,0.0,4.0,2025-10-08 17:50:35
1427,3,Woody Marks,HOU,0.0,0.0,0.0,0.0,0.0,4.3,18.7,0.1,1.5,12.6,0.0,0.0,0.0,0.0,0.0,0.0,0.0,0.0,0.0,4.0,2025-10-08 17:50:35
1428,3,Jerome Ford,CLE,0.0,0.0,0.0,0.0,0.0,4.6,18.2,0.1,2.1,13.2,0.1,0.0,0.0,0.0,0.0,0.0,0.0,0.0,0.0,3.9,2025-10-08 17:50:35
1429,3,Ray Davis,BUF,0.0,0.0,0.0,0.0,0.0,5.5,23.5,0.2,0.6,3.5,0.0,0.0,0.0,0.0,0.0,0.0,0.0,0.0,0.0,3.8,2025-10-08 17:50:35
1430,3,Kendre Miller,NO,0.0,0.0,0.0,0.0,0.0,6.1,24.0,0.1,0.5,3.4,0.0,0.0,0.0,0.0,0.0,0.0,0.0,0.0,0.0,3.5,2025-10-08 17:50:35
1431,3,Zamir White,LV,0.0,0.0,0.0,0.0,0.0,4.8,18.2,0.1,0.9,6.7,0.0,0.0,0.0,0.0,0.0,0.0,0.0,0.0,0.0,3.3,2025-10-08 17:50:35
1432,3,Blake Corum,LAR,0.0,0.0,0.0,0.0,0.0,5.0,19.5,0.1,0.6,4.2,0.0,0.0,0.0,0.0,0.0,0.0,0.0,0.0,0.0,3.2,2025-10-08 17:50:35
1433,3,Zavier Scott,MIN,0.0,0.0,0.0,0.0,0.0,2.5,15.5,0.1,0.9,6.7,0.0,0.0,0.0,0.0,0.0,0.0,0.0,0.0,0.0,3.2,2025-10-08 17:50:35
1434,3,Julius Chestnut,TEN,0.0,0.0,0.0,0.0,0.0,4.6,17.7,0.1,0.7,5.5,0.0,0.0,0.0,0.0,0.0,0.0,0.0,0.0,0.0,3.1,2025-10-08 17:50:35
1435,3,Cam Akers,MIN,0.0,0.0,0.0,0.0,0.0,5.0,16.3,0.1,0.5,3.3,0.0,0.0,0.0,0.0,0.0,0.0,0.0,0.0,0.0,2.7,2025-10-08 17:50:35
1436,3,Ollie Gordon II,MIA,0.0,0.0,0.0,0.0,0.0,3.2,16.4,0.1,0.5,3.5,0.0,0.0,0.0,0.0,0.0,0.0,0.0,0.0,0.0,2.7,2025-10-08 17:50:35
1437,3,Ty Johnson,BUF,0.0,0.0,0.0,0.0,0.0,2.4,11.0,0.1,0.8,7.5,0.1,0.0,0.0,0.0,0.0,0.0,0.0,0.0,0.0,2.7,2025-10-08 17:50:35
1438,3,Chris Brooks,GB,0.0,0.0,0.0,0.0,0.0,3.0,11.2,0.1,1.1,8.8,0.1,0.0,0.0,0.0,0.0,0.0,0.0,0.0,0.0,2.7,2025-10-08 17:50:35
1439,3,Samaje Perine,CIN,0.0,0.0,0.0,0.0,0.0,2.8,11.2,0.1,1.2,9.4,0.1,0.0,0.0,0.0,0.0,0.0,0.0,0.0,0.0,2.7,2025-10-08 17:50:35
1440,3,Tyler Badie,DEN,0.0,0.0,0.0,0.0,0.0,0.8,5.4,0.0,1.7,11.6,0.1,0.0,0.0,0.0,0.0,0.0,0.0,0.0,0.0,2.3,2025-10-08 17:50:35
1441,3,Jaylen Wright,MIA,0.0,0.0,0.0,0.0,0.0,2.9,15.4,0.1,0.4,3.1,0.0,0.0,0.0,0.0,0.0,0.0,0.0,0.0,0.0,2.3,2025-10-08 17:50:35
1442,3,DJ Giddens,IND,0.0,0.0,0.0,0.0,0.0,3.0,13.0,0.1,0.2,1.8,0.0,0.0,0.0,0.0,0.0,0.0,0.0,0.0,0.0,2.1,2025-10-08 17:50:35
1443,3,Isaiah Davis,NYJ,0.0,0.0,0.0,0.0,0.0,1.6,8.5,0.1,0.9,7.3,0.0,0.0,0.0,0.0,0.0,0.0,0.0,0.0,0.0,2.1,2025-10-08 17:50:35
1444,3,Dare Ogunbowale,HOU,0.0,0.0,0.0,0.0,0.0,1.7,7.8,0.1,0.7,5.5,0.0,0.0,0.0,0.0,0.0,0.0,0.0,0.0,0.0,1.8,2025-10-08 17:50:35
1445,3,A.J. Dillon,PHI,0.0,0.0,0.0,0.0,0.0,1.8,11.6,0.1,0.2,1.7,0.0,0.0,0.0,0.0,0.0,0.0,0.0,0.0,0.0,1.8,2025-10-08 17:50:35
1446,3,Devin Singletary,NYG,0.0,0.0,0.0,0.0,0.0,2.3,10.2,0.1,0.3,1.6,0.0,0.0,0.0,0.0,0.0,0.0,0.0,0.0,0.0,1.6,2025-10-08 17:50:35
1447,3,Kaleb Johnson,PIT,0.0,0.0,0.0,0.0,0.0,3.0,10.8,0.1,0.0,0.1,0.0,0.0,0.0,0.0,0.0,0.0,0.0,0.0,0.0,1.6,2025-10-08 17:50:35
1448,3,Brashard Smith,KC,0.0,0.0,0.0,0.0,0.0,1.4,7.8,0.1,0.4,2.9,0.0,0.0,0.0,0.0,0.0,0.0,0.0,0.0,0.0,1.5,2025-10-08 17:50:35
1449,3,LeQuint Allen Jr.,JAC,0.0,0.0,0.0,0.0,0.0,2.0,7.5,0.1,0.5,3.2,0.0,0.0,0.0,0.0,0.0,0.0,0.0,0.0,0.0,1.5,2025-10-08 17:50:35
1450,3,Alec Ingold,MIA,0.0,0.0,0.0,0.0,0.0,0.4,1.6,0.0,1.2,8.4,0.0,0.0,0.0,0.0,0.0,0.0,0.0,0.0,0.0,1.2,2025-10-08 17:50:35
1451,3,Tank Bigsby,PHI,0.0,0.0,0.0,0.0,0.0,1.9,5.8,0.0,0.2,1.7,0.0,0.0,0.0,0.0,0.0,0.0,0.0,0.0,0.0,1.0,2025-10-08 17:50:35
1452,3,Kyle Juszczyk,SF,0.0,0.0,0.0,0.0,0.0,0.4,1.7,0.0,0.7,5.5,0.0,0.0,0.0,0.0,0.0,0.0,0.0,0.0,0.0,1.0,2025-10-08 17:50:35
1453,3,Emanuel Wilson,GB,0.0,0.0,0.0,0.0,0.0,1.9,6.1,0.0,0.2,1.1,0.0,0.0,0.0,0.0,0.0,0.0,0.0,0.0,0.0,1.0,2025-10-08 17:50:35
1454,3,Sean Tucker,TB,0.0,0.0,0.0,0.0,0.0,0.8,4.9,0.0,0.1,1.1,0.0,0.0,0.0,0.0,0.0,0.0,0.0,0.0,0.0,0.8,2025-10-08 17:50:35
1455,3,Roschon Johnson,CHI,0.0,0.0,0.0,0.0,0.0,1.4,4.2,0.0,0.1,0.7,0.0,0.0,0.0,0.0,0.0,0.0,0.0,0.0,0.0,0.8,2025-10-08 17:50:35
1456,3,Trevor Etienne,CAR,0.0,0.0,0.0,0.0,0.0,0.9,3.5,0.0,0.3,2.2,0.0,0.0,0.0,0.0,0.0,0.0,0.0,0.0,0.0,0.8,2025-10-08 17:50:35
1457,3,Dylan Laube,LV,0.0,0.0,0.0,0.0,0.0,0.0,0.7,0.0,0.5,4.1,0.0,0.0,0.0,0.0,0.0,0.0,0.0,0.0,0.0,0.6,2025-10-08 17:50:35
1458,3,Tahj Brooks,CIN,0.0,0.0,0.0,0.0,0.0,0.7,2.8,0.0,0.1,0.6,0.0,0.0,0.0,0.0,0.0,0.0,0.0,0.0,0.0,0.5,2025-10-08 17:50:35
1459,3,Hunter Luepke,DAL,0.0,0.0,0.0,0.0,0.0,0.3,1.1,0.0,0.3,2.0,0.0,0.0,0.0,0.0,0.0,0.0,0.0,0.0,0.0,0.4,2025-10-08 17:50:35
1460,3,Tyler Goodson,IND,0.0,0.0,0.0,0.0,0.0,0.0,2.1,0.0,0.1,0.7,0.0,0.0,0.0,0.0,0.0,0.0,0.0,0.0,0.0,0.4,2025-10-08 17:50:35
1461,3,Rasheen Ali,BAL,0.0,0.0,0.0,0.0,0.0,0.3,2.0,0.0,0.0,0.0,0.0,0.0,0.0,0.0,0.0,0.0,0.0,0.0,0.0,0.3,2025-10-08 17:50:35
1462,3,Jarquez Hunter,LAR,0.0,0.0,0.0,0.0,0.0,0.0,1.2,0.0,0.0,0.1,0.0,0.0,0.0,0.0,0.0,0.0,0.0,0.0,0.0,0.2,2025-10-08 17:50:35
1463,3,Isaac Guerendo,SF,0.0,0.0,0.0,0.0,0.0,0.0,1.2,0.0,0.0,0.1,0.0,0.0,0.0,0.0,0.0,0.0,0.0,0.0,0.0,0.2,2025-10-08 17:50:35
1464,3,Craig Reynolds,DET,0.0,0.0,0.0,0.0,0.0,0.3,1.1,0.0,0.0,0.0,0.0,0.0,0.0,0.0,0.0,0.0,0.0,0.0,0.0,0.2,2025-10-08 17:50:35
1465,3,Robbie Ouzts,SEA,0.0,0.0,0.0,0.0,0.0,0.0,0.0,0.0,0.1,0.8,0.0,0.0,0.0,0.0,0.0,0.0,0.0,0.0,0.0,0.1,2025-10-08 17:50:35
1466,3,Emari Demercado,ARI,0.0,0.0,0.0,0.0,0.0,0.0,0.9,0.0,0.0,0.2,0.0,0.0,0.0,0.0,0.0,0.0,0.0,0.0,0.0,0.1,2025-10-08 17:50:35
1467,3,Eric Gray,NYG,0.0,0.0,0.0,0.0,0.0,0.0,0.0,0.0,0.0,0.0,0.0,0.0,0.0,0.0,0.0,0.0,0.0,0.0,0.0,0.0,2025-10-08 17:50:35
1468,3,Michael Burton,DEN,0.0,0.0,0.0,0.0,0.0,0.0,0.0,0.0,0.0,0.0,0.0,0.0,0.0,0.0,0.0,0.0,0.0,0.0,0.0,0.0,2025-10-08 17:50:35
1469,3,Raheem Mostert,LV,0.0,0.0,0.0,0.0,0.0,0.0,0.0,0.0,0.0,0.0,0.0,0.0,0.0,0.0,0.0,0.0,0.0,0.0,0.0,0.0,2025-10-08 17:50:35
1470,3,C.J. Ham,MIN,0.0,0.0,0.0,0.0,0.0,0.0,0.0,0.0,0.0,0.0,0.0,0.0,0.0,0.0,0.0,0.0,0.0,0.0,0.0,0.0,2025-10-08 17:50:35
1471,3,Joe Mixon,HOU,0.0,0.0,0.0,0.0,0.0,0.0,0.0,0.0,0.0,0.0,0.0,0.0,0.0,0.0,0.0,0.0,0.0,0.0,0.0,0.0,2025-10-08 17:50:35
1472,3,Aaron Jones Sr.,MIN,0.0,0.0,0.0,0.0,0.0,0.0,0.0,0.0,0.0,0.0,0.0,0.0,0.0,0.0,0.0,0.0,0.0,0.0,0.0,0.0,2025-10-08 17:50:35
1473,3,Patrick Ricard,BAL,0.0,0.0,0.0,0.0,0.0,0.0,0.0,0.0,0.0,0.0,0.0,0.0,0.0,0.0,0.0,0.0,0.0,0.0,0.0,0.0,2025-10-08 17:50:35
1474,3,Travis Homer,CHI,0.0,0.0,0.0,0.0,0.0,0.0,0.0,0.0,0.0,0.0,0.0,0.0,0.0,0.0,0.0,0.0,0.0,0.0,0.0,0.0,2025-10-08 17:50:35
1475,3,Clyde Edwards-Helaire,KC,0.0,0.0,0.0,0.0,0.0,0.0,0.0,0.0,0.0,0.0,0.0,0.0,0.0,0.0,0.0,0.0,0.0,0.0,0.0,0.0,2025-10-08 17:50:35
1476,3,Ty Chandler,MIN,0.0,0.0,0.0,0.0,0.0,0.0,0.0,0.0,0.0,0.0,0.0,0.0,0.0,0.0,0.0,0.0,0.0,0.0,0.0,0.0,2025-10-08 17:50:35
1477,3,DeeJay Dallas,CAR,0.0,0.0,0.0,0.0,0.0,0.0,0.0,0.0,0.0,0.0,0.0,0.0,0.0,0.0,0.0,0.0,0.0,0.0,0.0,0.0,2025-10-08 17:50:35
1478,3,Raheem Blackshear,PIT,0.0,0.0,0.0,0.0,0.0,0.0,0.0,0.0,0.0,0.0,0.0,0.0,0.0,0.0,0.0,0.0,0.0,0.0,0.0,0.0,2025-10-08 17:50:35
1479,3,Khalil Herbert,NYJ,0.0,0.0,0.0,0.0,0.0,0.0,0.0,0.0,0.0,0.0,0.0,0.0,0.0,0.0,0.0,0.0,0.0,0.0,0.0,0.0,2025-10-08 17:50:35
1480,3,Elijah Mitchell,KC,0.0,0.0,0.0,0.0,0.0,0.0,0.0,0.0,0.0,0.0,0.0,0.0,0.0,0.0,0.0,0.0,0.0,0.0,0.0,0.0,2025-10-08 17:50:35
1481,3,Keilan Robinson,NYJ,0.0,0.0,0.0,0.0,0.0,0.0,0.0,0.0,0.0,0.0,0.0,0.0,0.0,0.0,0.0,0.0,0.0,0.0,0.0,0.0,2025-10-08 17:50:35
1482,3,Will Shipley,PHI,0.0,0.0,0.0,0.0,0.0,0.0,0.0,0.0,0.0,0.0,0.0,0.0,0.0,0.0,0.0,0.0,0.0,0.0,0.0,0.0,2025-10-08 17:50:35
1483,3,Dameon Pierce,HOU,0.0,0.0,0.0,0.0,0.0,0.0,0.0,0.0,0.0,0.0,0.0,0.0,0.0,0.0,0.0,0.0,0.0,0.0,0.0,0.0,2025-10-08 17:50:35
1484,3,Jashaun Corbin,NE,0.0,0.0,0.0,0.0,0.0,0.0,0.0,0.0,0.0,0.0,0.0,0.0,0.0,0.0,0.0,0.0,0.0,0.0,0.0,0.0,2025-10-08 17:50:35
1485,3,Deuce Vaughn,DEN,0.0,0.0,0.0,0.0,0.0,0.0,0.0,0.0,0.0,0.0,0.0,0.0,0.0,0.0,0.0,0.0,0.0,0.0,0.0,0.0,2025-10-08 17:50:35
1486,3,Audric Estime,PHI,0.0,0.0,0.0,0.0,0.0,0.0,0.0,0.0,0.0,0.0,0.0,0.0,0.0,0.0,0.0,0.0,0.0,0.0,0.0,0.0,2025-10-08 17:50:35
1487,3,MarShawn Lloyd,GB,0.0,0.0,0.0,0.0,0.0,0.0,0.0,0.0,0.0,0.0,0.0,0.0,0.0,0.0,0.0,0.0,0.0,0.0,0.0,0.0,2025-10-08 17:50:35
1488,3,Zach Charbonnet,SEA,0.0,0.0,0.0,0.0,0.0,0.0,0.0,0.0,0.0,0.0,0.0,0.0,0.0,0.0,0.0,0.0,0.0,0.0,0.0,0.0,2025-10-08 17:50:35
1489,3,Sincere McCormick,SF,0.0,0.0,0.0,0.0,0.0,0.0,0.0,0.0,0.0,0.0,0.0,0.0,0.0,0.0,0.0,0.0,0.0,0.0,0.0,0.0,2025-10-08 17:50:35
1490,3,Kene Nwangwu,NYJ,0.0,0.0,0.0,0.0,0.0,0.0,0.0,0.0,0.0,0.0,0.0,0.0,0.0,0.0,0.0,0.0,0.0,0.0,0.0,0.0,2025-10-08 17:50:35
1491,3,Avery Williams,NYJ,0.0,0.0,0.0,0.0,0.0,0.0,0.0,0.0,0.0,0.0,0.0,0.0,0.0,0.0,0.0,0.0,0.0,0.0,0.0,0.0,2025-10-08 17:50:35
1492,3,Devin Neal,NO,0.0,0.0,0.0,0.0,0.0,0.0,0.0,0.0,0.0,0.0,0.0,0.0,0.0,0.0,0.0,0.0,0.0,0.0,0.0,0.0,2025-10-08 17:50:35
1493,3,Hassan Haskins,LAC,0.0,0.0,0.0,0.0,0.0,0.0,0.0,0.0,0.0,0.0,0.0,0.0,0.0,0.0,0.0,0.0,0.0,0.0,0.0,0.0,2025-10-08 17:50:35
1494,3,Pierre Strong Jr.,GB,0.0,0.0,0.0,0.0,0.0,0.0,0.0,0.0,0.0,0.0,0.0,0.0,0.0,0.0,0.0,0.0,0.0,0.0,0.0,0.0,2025-10-08 17:50:35
1495,3,Jaydon Blue,DAL,0.0,0.0,0.0,0.0,0.0,0.0,0.0,0.0,0.0,0.0,0.0,0.0,0.0,0.0,0.0,0.0,0.0,0.0,0.0,0.0,2025-10-08 17:50:35
1496,3,Raheim Sanders,CLE,0.0,0.0,0.0,0.0,0.0,0.0,0.0,0.0,0.0,0.0,0.0,0.0,0.0,0.0,0.0,0.0,0.0,0.0,0.0,0.0,2025-10-08 17:50:35
1497,3,Zonovan Knight,ARI,0.0,0.0,0.0,0.0,0.0,0.0,0.0,0.0,0.0,0.0,0.0,0.0,0.0,0.0,0.0,0.0,0.0,0.0,0.0,0.0,2025-10-08 17:50:35
1498,3,Tyjae Spears,TEN,0.0,0.0,0.0,0.0,0.0,0.0,0.0,0.0,0.0,0.0,0.0,0.0,0.0,0.0,0.0,0.0,0.0,0.0,0.0,0.0,2025-10-08 17:50:35
1499,3,Keaton Mitchell,BAL,0.0,0.0,0.0,0.0,0.0,0.0,0.0,0.0,0.0,0.0,0.0,0.0,0.0,0.0,0.0,0.0,0.0,0.0,0.0,0.0,2025-10-08 17:50:35
1500,3,Scott Matlock,LAC,0.0,0.0,0.0,0.0,0.0,0.0,0.0,0.0,0.0,0.0,0.0,0.0,0.0,0.0,0.0,0.0,0.0,0.0,0.0,0.0,2025-10-08 17:50:35
1501,3,Carlos Washington Jr.,ATL,0.0,0.0,0.0,0.0,0.0,0.0,0.0,0.0,0.0,0.0,0.0,0.0,0.0,0.0,0.0,0.0,0.0,0.0,0.0,0.0,2025-10-08 17:50:35
1502,3,Jacob Saylors,DET,0.0,0.0,0.0,0.0,0.0,0.0,0.0,0.0,0.0,0.0,0.0,0.0,0.0,0.0,0.0,0.0,0.0,0.0,0.0,0.0,2025-10-08 17:50:35
1503,3,Jaleel McLaughlin,DEN,0.0,0.0,0.0,0.0,0.0,0.0,0.0,0.0,0.0,0.0,0.0,0.0,0.0,0.0,0.0,0.0,0.0,0.0,0.0,0.0,2025-10-08 17:50:35
1504,3,Sione Vaki,DET,0.0,0.0,0.0,0.0,0.0,0.0,0.0,0.0,0.0,0.0,0.0,0.0,0.0,0.0,0.0,0.0,0.0,0.0,0.0,0.0,2025-10-08 17:50:35
1505,3,Kimani Vidal,LAC,0.0,0.0,0.0,0.0,0.0,0.0,0.0,0.0,0.0,0.0,0.0,0.0,0.0,0.0,0.0,0.0,0.0,0.0,0.0,0.0,2025-10-08 17:50:35
1506,3,Carson Steele,KC,0.0,0.0,0.0,0.0,0.0,0.0,0.0,0.0,0.0,0.0,0.0,0.0,0.0,0.0,0.0,0.0,0.0,0.0,0.0,0.0,2025-10-08 17:50:35
1507,3,Terrell Jennings,NE,0.0,0.0,0.0,0.0,0.0,0.0,0.0,0.0,0.0,0.0,0.0,0.0,0.0,0.0,0.0,0.0,0.0,0.0,0.0,0.0,2025-10-08 17:50:35
1508,3,Jordan James,SF,0.0,0.0,0.0,0.0,0.0,0.0,0.0,0.0,0.0,0.0,0.0,0.0,0.0,0.0,0.0,0.0,0.0,0.0,0.0,0.0,2025-10-08 17:50:35
1509,3,Josh Williams,TB,0.0,0.0,0.0,0.0,0.0,0.0,0.0,0.0,0.0,0.0,0.0,0.0,0.0,0.0,0.0,0.0,0.0,0.0,0.0,0.0,2025-10-08 17:50:35
1510,3,Nathan Carter,ATL,0.0,0.0,0.0,0.0,0.0,0.0,0.0,0.0,0.0,0.0,0.0,0.0,0.0,0.0,0.0,0.0,0.0,0.0,0.0,0.0,2025-10-08 17:50:35
1511,3,CeeDee Lamb,DAL,0.0,0.0,0.0,0.0,0.0,0.1,1.5,0.0,7.0,91.3,0.6,0.0,0.0,0.0,0.0,0.0,0.0,0.0,0.0,12.6,2025-10-08 17:50:35
1512,3,Amon-Ra St. Brown,DET,0.0,0.0,0.0,0.0,0.0,0.1,1.0,0.0,7.0,83.6,0.6,0.0,0.0,0.0,0.0,0.0,0.0,0.0,0.0,11.8,2025-10-08 17:50:35
1513,3,Puka Nacua,LAR,0.0,0.0,0.0,0.0,0.0,0.7,4.7,0.0,6.8,86.8,0.4,0.0,0.0,0.0,0.0,0.0,0.0,0.0,0.0,11.7,2025-10-08 17:50:35
1514,3,Ja'Marr Chase,CIN,0.0,0.0,0.0,0.0,0.0,0.1,0.5,0.0,6.2,83.9,0.5,0.0,0.0,0.0,0.0,0.0,0.0,0.0,0.0,11.6,2025-10-08 17:50:35
1515,3,Justin Jefferson,MIN,0.0,0.0,0.0,0.0,0.0,0.0,0.7,0.0,5.8,79.8,0.6,0.0,0.0,0.0,0.0,0.0,0.0,0.0,0.0,11.4,2025-10-08 17:50:35
1516,3,Zay Flowers,BAL,0.0,0.0,0.0,0.0,0.0,0.4,3.4,0.0,5.5,76.5,0.5,0.0,0.0,0.0,0.0,0.0,0.0,0.0,0.0,11.1,2025-10-08 17:50:35
1517,3,Nico Collins,HOU,0.0,0.0,0.0,0.0,0.0,0.0,0.2,0.0,5.5,80.9,0.5,0.0,0.0,0.0,0.0,0.0,0.0,0.0,0.0,10.8,2025-10-08 17:50:35
1518,3,Jaxon Smith-Njigba,SEA,0.0,0.0,0.0,0.0,0.0,0.1,0.4,0.0,6.4,81.6,0.4,0.0,0.0,0.0,0.0,0.0,0.0,0.0,0.0,10.7,2025-10-08 17:50:35
1519,3,Mike Evans,TB,0.0,0.0,0.0,0.0,0.0,0.0,0.0,0.0,5.1,69.9,0.6,0.0,0.0,0.0,0.0,0.0,0.0,0.0,0.0,10.5,2025-10-08 17:50:35
1520,3,Davante Adams,LAR,0.0,0.0,0.0,0.0,0.0,0.0,0.0,0.0,5.5,73.1,0.5,0.0,0.0,0.0,0.0,0.0,0.0,0.0,0.0,10.4,2025-10-08 17:50:35
1521,3,DK Metcalf,PIT,0.0,0.0,0.0,0.0,0.0,0.0,0.1,0.0,4.6,68.9,0.5,0.0,0.0,0.0,0.0,0.0,0.0,0.0,0.0,10.0,2025-10-08 17:50:35
1522,3,Brian Thomas Jr.,JAC,0.0,0.0,0.0,0.0,0.0,0.1,1.1,0.0,5.0,72.8,0.4,0.0,0.0,0.0,0.0,0.0,0.0,0.0,0.0,10.0,2025-10-08 17:50:35
1523,3,A.J. Brown,PHI,0.0,0.0,0.0,0.0,0.0,0.0,0.0,0.0,4.9,70.6,0.4,0.0,0.0,0.0,0.0,0.0,0.0,0.0,0.0,9.6,2025-10-08 17:50:35
1524,3,Drake London,ATL,0.0,0.0,0.0,0.0,0.0,0.0,0.1,0.0,5.5,70.9,0.4,0.0,0.0,0.0,0.0,0.0,0.0,0.0,0.0,9.6,2025-10-08 17:50:35
1525,3,Ladd McConkey,LAC,0.0,0.0,0.0,0.0,0.0,0.0,0.1,0.0,5.4,71.2,0.4,0.0,0.0,0.0,0.0,0.0,0.0,0.0,0.0,9.5,2025-10-08 17:50:35
1526,3,Rome Odunze,CHI,0.0,0.0,0.0,0.0,0.0,0.0,0.0,0.0,5.2,67.6,0.5,0.1,0.0,0.0,0.0,0.0,0.0,0.0,0.0,9.5,2025-10-08 17:50:35
1527,3,Deebo Samuel Sr.,WAS,0.0,0.0,0.0,0.0,0.0,1.0,7.2,0.1,4.7,61.3,0.3,0.0,0.0,0.0,0.0,0.0,0.0,0.0,0.0,9.2,2025-10-08 17:50:35
1528,3,Garrett Wilson,NYJ,0.0,0.0,0.0,0.0,0.0,0.1,0.6,0.0,5.9,71.2,0.3,0.1,0.0,0.0,0.0,0.0,0.0,0.0,0.0,9.1,2025-10-08 17:50:35
1529,3,Ricky Pearsall,SF,0.0,0.0,0.0,0.0,0.0,0.2,1.3,0.0,5.2,64.5,0.4,0.0,0.0,0.0,0.0,0.0,0.0,0.0,0.0,8.9,2025-10-08 17:50:35
1530,3,Terry McLaurin,WAS,0.0,0.0,0.0,0.0,0.0,0.0,0.2,0.0,4.9,64.4,0.4,0.0,0.0,0.0,0.0,0.0,0.0,0.0,0.0,8.8,2025-10-08 17:50:35
1531,3,Jakobi Meyers,LV,0.0,0.0,0.0,0.0,0.0,0.1,0.3,0.0,5.6,67.2,0.3,0.0,0.0,0.0,0.0,0.0,0.0,0.0,0.0,8.7,2025-10-08 17:50:35
1532,3,Courtland Sutton,DEN,0.0,0.0,0.0,0.0,0.0,0.0,0.0,0.0,5.0,61.6,0.4,0.0,0.0,0.0,0.0,0.0,0.0,0.0,0.0,8.7,2025-10-08 17:50:35
1533,3,Tetairoa McMillan,CAR,0.0,0.0,0.0,0.0,0.0,0.0,0.3,0.0,5.4,66.4,0.3,0.0,0.0,0.0,0.0,0.0,0.0,0.0,0.0,8.7,2025-10-08 17:50:35
1534,3,Jameson Williams,DET,0.0,0.0,0.0,0.0,0.0,0.9,3.6,0.0,3.7,61.6,0.3,0.0,0.0,0.0,0.0,0.0,0.0,0.0,0.0,8.6,2025-10-08 17:50:35
1535,3,George Pickens,DAL,0.0,0.0,0.0,0.0,0.0,0.0,0.2,0.0,3.9,61.0,0.4,0.0,0.0,0.0,0.0,0.0,0.0,0.0,0.0,8.5,2025-10-08 17:50:35
1536,3,Marvin Harrison Jr.,ARI,0.0,0.0,0.0,0.0,0.0,0.0,0.2,0.0,4.6,61.5,0.4,0.0,0.0,0.0,0.0,0.0,0.0,0.0,0.0,8.5,2025-10-08 17:50:35
1537,3,Emeka Egbuka,TB,0.0,0.0,0.0,0.0,0.0,0.3,1.2,0.0,4.4,56.2,0.5,0.0,0.0,0.0,0.0,0.0,0.0,0.0,0.0,8.4,2025-10-08 17:50:35
1538,3,DJ Moore,CHI,0.0,0.0,0.0,0.0,0.0,0.5,3.4,0.0,4.7,58.3,0.4,0.0,0.0,0.0,0.0,0.0,0.0,0.0,0.0,8.4,2025-10-08 17:50:35
1539,3,Keon Coleman,BUF,0.0,0.0,0.0,0.0,0.0,0.0,0.1,0.0,4.0,58.2,0.4,0.0,0.0,0.0,0.0,0.0,0.0,0.0,0.0,8.3,2025-10-08 17:50:35
1540,3,Calvin Ridley,TEN,0.0,0.0,0.0,0.0,0.0,0.1,0.4,0.0,4.4,61.7,0.3,0.0,0.0,0.0,0.0,0.0,0.0,0.0,0.0,8.2,2025-10-08 17:50:35
1541,3,Tee Higgins,CIN,0.0,0.0,0.0,0.0,0.0,0.0,0.0,0.0,4.5,59.7,0.4,0.0,0.0,0.0,0.0,0.0,0.0,0.0,0.0,8.2,2025-10-08 17:50:35
1542,3,Chris Olave,NO,0.0,0.0,0.0,0.0,0.0,0.0,0.0,0.0,5.3,63.7,0.3,0.0,0.0,0.0,0.0,0.0,0.0,0.0,0.0,7.9,2025-10-08 17:50:35
1543,3,Marquise Brown,KC,0.0,0.0,0.0,0.0,0.0,0.1,0.4,0.0,4.7,57.0,0.4,0.0,0.0,0.0,0.0,0.0,0.0,0.0,0.0,7.9,2025-10-08 17:50:35
1544,3,Keenan Allen,LAC,0.0,0.0,0.0,0.0,0.0,0.0,0.0,0.0,5.0,56.4,0.4,0.1,0.0,0.0,0.0,0.0,0.0,0.0,0.0,7.8,2025-10-08 17:50:35
1545,3,DeVonta Smith,PHI,0.0,0.0,0.0,0.0,0.0,0.0,0.1,0.0,4.7,57.3,0.3,0.0,0.0,0.0,0.0,0.0,0.0,0.0,0.0,7.8,2025-10-08 17:50:35
1546,3,Jaylen Waddle,MIA,0.0,0.0,0.0,0.0,0.0,0.1,0.8,0.0,4.4,59.3,0.3,0.0,0.0,0.0,0.0,0.0,0.0,0.0,0.0,7.7,2025-10-08 17:50:35
1547,3,Quentin Johnston,LAC,0.0,0.0,0.0,0.0,0.0,0.1,0.4,0.0,3.8,53.2,0.4,0.0,0.0,0.0,0.0,0.0,0.0,0.0,0.0,7.5,2025-10-08 17:50:35
1548,3,Jerry Jeudy,CLE,0.0,0.0,0.0,0.0,0.0,0.0,0.3,0.0,4.5,61.1,0.2,0.0,0.0,0.0,0.0,0.0,0.0,0.0,0.0,7.5,2025-10-08 17:50:35
1549,3,Darnell Mooney,ATL,0.0,0.0,0.0,0.0,0.0,0.0,0.1,0.0,3.9,54.4,0.3,0.0,0.0,0.0,0.0,0.0,0.0,0.0,0.0,7.3,2025-10-08 17:50:35
1550,3,Michael Pittman Jr.,IND,0.0,0.0,0.0,0.0,0.0,0.0,0.0,0.0,5.0,53.3,0.3,0.0,0.0,0.0,0.0,0.0,0.0,0.0,0.0,6.9,2025-10-08 17:50:35
1551,3,Cooper Kupp,SEA,0.0,0.0,0.0,0.0,0.0,0.0,0.0,0.0,3.9,49.9,0.3,0.0,0.0,0.0,0.0,0.0,0.0,0.0,0.0,6.9,2025-10-08 17:50:35
1552,3,Khalil Shakir,BUF,0.0,0.0,0.0,0.0,0.0,0.0,0.2,0.0,4.2,49.4,0.3,0.0,0.0,0.0,0.0,0.0,0.0,0.0,0.0,6.9,2025-10-08 17:50:35
1553,3,Romeo Doubs,GB,0.0,0.0,0.0,0.0,0.0,0.0,0.0,0.0,3.5,47.8,0.3,0.0,0.0,0.0,0.0,0.0,0.0,0.0,0.0,6.7,2025-10-08 17:50:35
1554,3,Wan'Dale Robinson,NYG,0.0,0.0,0.0,0.0,0.0,0.0,0.5,0.0,5.0,50.2,0.3,0.0,0.0,0.0,0.0,0.0,0.0,0.0,0.0,6.7,2025-10-08 17:50:35
1555,3,Rashid Shaheed,NO,0.0,0.0,0.0,0.0,0.0,0.3,1.2,0.0,3.7,49.7,0.3,0.1,0.0,0.0,0.0,0.0,0.0,0.0,0.0,6.6,2025-10-08 17:50:35
1556,3,Christian Kirk,HOU,0.0,0.0,0.0,0.0,0.0,0.0,0.1,0.0,3.7,50.1,0.2,0.0,0.0,0.0,0.0,0.0,0.0,0.0,0.0,6.4,2025-10-08 17:50:35
1557,3,Stefon Diggs,NE,0.0,0.0,0.0,0.0,0.0,0.0,0.3,0.0,4.1,48.3,0.3,0.0,0.0,0.0,0.0,0.0,0.0,0.0,0.0,6.4,2025-10-08 17:50:35
1558,3,Troy Franklin,DEN,0.0,0.0,0.0,0.0,0.0,0.2,1.7,0.0,3.9,44.4,0.3,0.0,0.0,0.0,0.0,0.0,0.0,0.0,0.0,6.3,2025-10-08 17:50:35
1559,3,Rashod Bateman,BAL,0.0,0.0,0.0,0.0,0.0,0.0,0.0,0.0,2.9,42.7,0.3,0.0,0.0,0.0,0.0,0.0,0.0,0.0,0.0,6.2,2025-10-08 17:50:35
1560,3,Matthew Golden,GB,0.0,0.0,0.0,0.0,0.0,0.3,2.4,0.0,3.2,41.7,0.3,0.0,0.0,0.0,0.0,0.0,0.0,0.0,0.0,6.2,2025-10-08 17:50:35
1561,3,Travis Hunter,JAC,0.0,0.0,0.0,0.0,0.0,0.0,0.0,0.0,3.8,45.3,0.3,0.0,0.0,0.0,0.0,0.0,0.0,0.0,0.0,6.2,2025-10-08 17:50:35
1562,3,Elic Ayomanor,TEN,0.0,0.0,0.0,0.0,0.0,0.0,0.2,0.0,3.8,45.2,0.3,0.0,0.0,0.0,0.0,0.0,0.0,0.0,0.0,6.1,2025-10-08 17:50:35
1563,3,Calvin Austin III,PIT,0.0,0.0,0.0,0.0,0.0,0.0,0.2,0.0,3.0,42.2,0.3,0.0,0.0,0.0,0.0,0.0,0.0,0.0,0.0,5.9,2025-10-08 17:50:35
1564,3,Dyami Brown,JAC,0.0,0.0,0.0,0.0,0.0,0.5,3.9,0.0,3.0,38.9,0.2,0.0,0.0,0.0,0.0,0.0,0.0,0.0,0.0,5.7,2025-10-08 17:50:35
1565,3,Kayshon Boutte,NE,0.0,0.0,0.0,0.0,0.0,0.0,0.1,0.0,3.2,43.3,0.2,0.0,0.0,0.0,0.0,0.0,0.0,0.0,0.0,5.7,2025-10-08 17:50:35
1566,3,Joshua Palmer,BUF,0.0,0.0,0.0,0.0,0.0,0.0,0.0,0.0,3.0,40.6,0.3,0.0,0.0,0.0,0.0,0.0,0.0,0.0,0.0,5.7,2025-10-08 17:50:35
1567,3,Dontayvion Wicks,GB,0.0,0.0,0.0,0.0,0.0,0.0,0.1,0.0,2.7,39.2,0.3,0.0,0.0,0.0,0.0,0.0,0.0,0.0,0.0,5.6,2025-10-08 17:50:35
1568,3,Jalen Nailor,MIN,0.0,0.0,0.0,0.0,0.0,0.1,0.3,0.0,3.1,38.7,0.3,0.0,0.0,0.0,0.0,0.0,0.0,0.0,0.0,5.5,2025-10-08 17:50:35
1569,3,Josh Downs,IND,0.0,0.0,0.0,0.0,0.0,0.0,0.0,0.0,3.7,37.8,0.2,0.0,0.0,0.0,0.0,0.0,0.0,0.0,0.0,5.2,2025-10-08 17:50:35
1570,3,Hunter Renfrow,CAR,0.0,0.0,0.0,0.0,0.0,0.0,0.0,0.0,3.9,38.0,0.2,0.0,0.0,0.0,0.0,0.0,0.0,0.0,0.0,5.1,2025-10-08 17:50:35
1571,3,Tyquan Thornton,KC,0.0,0.0,0.0,0.0,0.0,0.0,0.0,0.0,2.6,35.0,0.3,0.0,0.0,0.0,0.0,0.0,0.0,0.0,0.0,5.0,2025-10-08 17:50:35
1572,3,Sterling Shepard,TB,0.0,0.0,0.0,0.0,0.0,0.3,1.3,0.0,2.8,31.9,0.3,0.0,0.0,0.0,0.0,0.0,0.0,0.0,0.0,4.9,2025-10-08 17:50:35
1573,3,Kendrick Bourne,SF,0.0,0.0,0.0,0.0,0.0,0.0,0.0,0.0,3.0,33.4,0.2,0.0,0.0,0.0,0.0,0.0,0.0,0.0,0.0,4.7,2025-10-08 17:50:35
1574,3,Adam Thielen,MIN,0.0,0.0,0.0,0.0,0.0,0.0,0.0,0.0,2.9,30.6,0.3,0.0,0.0,0.0,0.0,0.0,0.0,0.0,0.0,4.6,2025-10-08 17:50:35
1575,3,Malik Washington,MIA,0.0,0.0,0.0,0.0,0.0,0.6,6.1,0.0,2.6,29.1,0.1,0.0,0.0,0.0,0.0,0.0,0.0,0.0,0.0,4.6,2025-10-08 17:50:35
1576,3,Marvin Mims Jr.,DEN,0.0,0.0,0.0,0.0,0.0,0.3,1.4,0.0,2.6,32.1,0.2,0.0,0.0,0.0,0.0,0.0,0.0,0.0,0.0,4.5,2025-10-08 17:50:35
1577,3,Olamide Zaccheaus,CHI,0.0,0.0,0.0,0.0,0.0,0.1,1.1,0.0,2.6,31.5,0.2,0.0,0.0,0.0,0.0,0.0,0.0,0.0,0.0,4.5,2025-10-08 17:50:35
1578,3,Tre Tucker,LV,0.0,0.0,0.0,0.0,0.0,0.4,1.6,0.0,2.2,30.9,0.2,0.0,0.0,0.0,0.0,0.0,0.0,0.0,0.0,4.2,2025-10-08 17:50:35
1579,3,Michael Wilson,ARI,0.0,0.0,0.0,0.0,0.0,0.0,0.1,0.0,2.5,30.3,0.2,0.0,0.0,0.0,0.0,0.0,0.0,0.0,0.0,4.1,2025-10-08 17:50:35
1580,3,JuJu Smith-Schuster,KC,0.0,0.0,0.0,0.0,0.0,0.0,0.0,0.0,2.8,30.5,0.2,0.0,0.0,0.0,0.0,0.0,0.0,0.0,0.0,4.1,2025-10-08 17:50:35
1581,3,Alec Pierce,IND,0.0,0.0,0.0,0.0,0.0,0.0,0.0,0.0,2.0,29.7,0.2,0.0,0.0,0.0,0.0,0.0,0.0,0.0,0.0,4.0,2025-10-08 17:50:35
1582,3,Dont'e Thornton Jr.,LV,0.0,0.0,0.0,0.0,0.0,0.0,0.0,0.0,2.3,30.1,0.2,0.0,0.0,0.0,0.0,0.0,0.0,0.0,0.0,4.0,2025-10-08 17:50:35
1583,3,KaVontae Turpin,DAL,0.0,0.0,0.0,0.0,0.0,1.0,8.1,0.1,1.6,20.2,0.2,0.0,0.0,0.0,0.0,0.0,0.0,0.0,0.0,4.0,2025-10-08 17:50:35
1584,3,Jaylin Lane,WAS,0.0,0.0,0.0,0.0,0.0,0.0,0.0,0.0,2.5,29.3,0.2,0.0,0.0,0.0,0.0,0.0,0.0,0.0,0.0,3.9,2025-10-08 17:50:35
1585,3,DeAndre Hopkins,BAL,0.0,0.0,0.0,0.0,0.0,0.0,0.0,0.0,1.9,24.6,0.2,0.0,0.0,0.0,0.0,0.0,0.0,0.0,0.0,3.8,2025-10-08 17:50:35
1586,3,DeMario Douglas,NE,0.0,0.0,0.0,0.0,0.0,0.3,1.8,0.0,2.4,26.8,0.1,0.0,0.0,0.0,0.0,0.0,0.0,0.0,0.0,3.7,2025-10-08 17:50:35
1587,3,Tyler Johnson,NYJ,0.0,0.0,0.0,0.0,0.0,0.0,0.1,0.0,2.3,26.9,0.1,0.0,0.0,0.0,0.0,0.0,0.0,0.0,0.0,3.5,2025-10-08 17:50:35
1588,3,Nick Westbrook-Ikhine,MIA,0.0,0.0,0.0,0.0,0.0,0.0,0.0,0.0,1.8,23.7,0.2,0.0,0.0,0.0,0.0,0.0,0.0,0.0,0.0,3.4,2025-10-08 17:50:35
1589,3,Marquez Valdes-Scantling,SF,0.0,0.0,0.0,0.0,0.0,0.0,0.0,0.0,1.5,24.0,0.2,0.0,0.0,0.0,0.0,0.0,0.0,0.0,0.0,3.4,2025-10-08 17:50:35
1590,3,Ray-Ray McCloud III,ATL,0.0,0.0,0.0,0.0,0.0,0.1,1.9,0.0,2.0,23.1,0.1,0.1,0.0,0.0,0.0,0.0,0.0,0.0,0.0,3.2,2025-10-08 17:50:35
1591,3,Tory Horton,SEA,0.0,0.0,0.0,0.0,0.0,0.0,0.0,0.0,1.7,22.6,0.1,0.0,0.0,0.0,0.0,0.0,0.0,0.0,0.0,3.1,2025-10-08 17:50:35
1592,3,Jayden Higgins,HOU,0.0,0.0,0.0,0.0,0.0,0.1,0.3,0.0,1.8,22.2,0.1,0.0,0.0,0.0,0.0,0.0,0.0,0.0,0.0,3.0,2025-10-08 17:50:35
1593,3,Jalen Tolbert,DAL,0.0,0.0,0.0,0.0,0.0,0.0,0.0,0.0,1.6,20.0,0.2,0.0,0.0,0.0,0.0,0.0,0.0,0.0,0.0,2.9,2025-10-08 17:50:35
1594,3,David Moore,CAR,0.0,0.0,0.0,0.0,0.0,0.0,0.0,0.0,1.8,20.3,0.2,0.0,0.0,0.0,0.0,0.0,0.0,0.0,0.0,2.9,2025-10-08 17:50:35
1595,3,Brandin Cooks,NO,0.0,0.0,0.0,0.0,0.0,0.0,0.0,0.0,1.9,21.2,0.1,0.0,0.0,0.0,0.0,0.0,0.0,0.0,0.0,2.9,2025-10-08 17:50:35
1596,3,Andrei Iosivas,CIN,0.0,0.0,0.0,0.0,0.0,0.0,0.0,0.0,1.5,18.7,0.1,0.0,0.0,0.0,0.0,0.0,0.0,0.0,0.0,2.6,2025-10-08 17:50:35
1597,3,Arian Smith,NYJ,0.0,0.0,0.0,0.0,0.0,0.3,1.3,0.0,1.6,18.5,0.1,0.0,0.0,0.0,0.0,0.0,0.0,0.0,0.0,2.6,2025-10-08 17:50:35
1598,3,Tyler Lockett,TEN,0.0,0.0,0.0,0.0,0.0,0.0,0.0,0.0,1.7,19.2,0.1,0.0,0.0,0.0,0.0,0.0,0.0,0.0,0.0,2.6,2025-10-08 17:50:35
1599,3,Xavier Hutchinson,HOU,0.0,0.0,0.0,0.0,0.0,0.2,0.7,0.0,1.5,18.3,0.1,0.0,0.0,0.0,0.0,0.0,0.0,0.0,0.0,2.5,2025-10-08 17:50:35
1600,3,Mack Hollins,NE,0.0,0.0,0.0,0.0,0.0,0.0,0.1,0.0,1.4,17.3,0.1,0.0,0.0,0.0,0.0,0.0,0.0,0.0,0.0,2.5,2025-10-08 17:50:35
1601,3,Chimere Dike,TEN,0.0,0.0,0.0,0.0,0.0,0.9,3.5,0.0,1.2,13.9,0.1,0.0,0.0,0.0,0.0,0.0,0.0,0.0,0.0,2.3,2025-10-08 17:50:35
1602,3,Jahan Dotson,PHI,0.0,0.0,0.0,0.0,0.0,0.0,0.1,0.0,1.3,15.8,0.1,0.0,0.0,0.0,0.0,0.0,0.0,0.0,0.0,2.2,2025-10-08 17:50:35
1603,3,Brycen Tremayne,CAR,0.0,0.0,0.0,0.0,0.0,0.0,0.0,0.0,1.4,15.8,0.1,0.0,0.0,0.0,0.0,0.0,0.0,0.0,0.0,2.1,2025-10-08 17:50:35
1604,3,Luke McCaffrey,WAS,0.0,0.0,0.0,0.0,0.0,0.1,0.3,0.0,1.4,15.4,0.1,0.0,0.0,0.0,0.0,0.0,0.0,0.0,0.0,2.1,2025-10-08 17:50:35
1605,3,Ryan Miller,TB,0.0,0.0,0.0,0.0,0.0,0.0,0.0,0.0,1.2,13.8,0.1,0.0,0.0,0.0,0.0,0.0,0.0,0.0,0.0,2.1,2025-10-08 17:50:35
1606,3,Adonai Mitchell,IND,0.0,0.0,0.0,0.0,0.0,0.2,0.6,0.0,1.1,13.8,0.1,0.0,0.0,0.0,0.0,0.0,0.0,0.0,0.0,2.0,2025-10-08 17:50:35
1607,3,Parker Washington,JAC,0.0,0.0,0.0,0.0,0.0,0.0,0.0,0.0,1.2,14.2,0.1,0.0,0.0,0.0,0.0,0.0,0.0,0.0,0.0,2.0,2025-10-08 17:50:35
1608,3,Kalif Raymond,DET,0.0,0.0,0.0,0.0,0.0,0.1,0.8,0.0,1.1,14.6,0.1,0.0,0.0,0.0,0.0,0.0,0.0,0.0,0.0,2.0,2025-10-08 17:50:35
1609,3,Tylan Wallace,BAL,0.0,0.0,0.0,0.0,0.0,0.0,0.1,0.0,0.9,12.6,0.1,0.0,0.0,0.0,0.0,0.0,0.0,0.0,0.0,1.9,2025-10-08 17:50:35
1610,3,Jordan Whittington,LAR,0.0,0.0,0.0,0.0,0.0,0.2,1.9,0.0,1.1,12.7,0.1,0.0,0.0,0.0,0.0,0.0,0.0,0.0,0.0,1.8,2025-10-08 17:50:35
1611,3,Tutu Atwell,LAR,0.0,0.0,0.0,0.0,0.0,0.0,0.0,0.0,1.2,14.7,0.1,0.0,0.0,0.0,0.0,0.0,0.0,0.0,0.0,1.8,2025-10-08 17:50:35
1612,3,Roman Wilson,PIT,0.0,0.0,0.0,0.0,0.0,0.0,0.0,0.0,1.1,12.5,0.1,0.0,0.0,0.0,0.0,0.0,0.0,0.0,0.0,1.8,2025-10-08 17:50:35
1613,3,Pat Bryant,DEN,0.0,0.0,0.0,0.0,0.0,0.0,0.0,0.0,1.2,12.9,0.1,0.0,0.0,0.0,0.0,0.0,0.0,0.0,0.0,1.8,2025-10-08 17:50:35
1614,3,Isaac TeSlaa,DET,0.0,0.0,0.0,0.0,0.0,0.0,0.0,0.0,1.0,12.5,0.1,0.0,0.0,0.0,0.0,0.0,0.0,0.0,0.0,1.8,2025-10-08 17:50:35
1615,3,Tre Harris,LAC,0.0,0.0,0.0,0.0,0.0,0.0,0.1,0.0,1.1,12.8,0.1,0.0,0.0,0.0,0.0,0.0,0.0,0.0,0.0,1.8,2025-10-08 17:50:35
1616,3,Allen Lazard,NYJ,0.0,0.0,0.0,0.0,0.0,0.0,0.0,0.0,1.0,13.1,0.1,0.0,0.0,0.0,0.0,0.0,0.0,0.0,0.0,1.8,2025-10-08 17:50:35
1617,3,Skyy Moore,SF,0.0,0.0,0.0,0.0,0.0,0.0,0.0,0.0,1.1,12.7,0.1,0.0,0.0,0.0,0.0,0.0,0.0,0.0,0.0,1.8,2025-10-08 17:50:35
1618,3,Elijah Moore,BUF,0.0,0.0,0.0,0.0,0.0,0.5,2.6,0.0,0.8,8.5,0.1,0.0,0.0,0.0,0.0,0.0,0.0,0.0,0.0,1.7,2025-10-08 17:50:35
1619,3,Devontez Walker,BAL,0.0,0.0,0.0,0.0,0.0,0.0,0.1,0.0,0.8,10.5,0.1,0.0,0.0,0.0,0.0,0.0,0.0,0.0,0.0,1.6,2025-10-08 17:50:35
1620,3,Luther Burden III,CHI,0.0,0.0,0.0,0.0,0.0,0.0,0.4,0.0,0.9,10.5,0.1,0.0,0.0,0.0,0.0,0.0,0.0,0.0,0.0,1.6,2025-10-08 17:50:35
1621,3,Jalen Royals,KC,0.0,0.0,0.0,0.0,0.0,0.0,0.1,0.0,0.9,10.2,0.1,0.0,0.0,0.0,0.0,0.0,0.0,0.0,0.0,1.5,2025-10-08 17:50:35
1622,3,Jaylin Noel,HOU,0.0,0.0,0.0,0.0,0.0,0.1,0.5,0.0,0.8,9.8,0.1,0.0,0.0,0.0,0.0,0.0,0.0,0.0,0.0,1.4,2025-10-08 17:50:35
1623,3,Jason Brownlee,KC,0.0,0.0,0.0,0.0,0.0,0.0,0.0,0.0,0.8,9.8,0.1,0.0,0.0,0.0,0.0,0.0,0.0,0.0,0.0,1.4,2025-10-08 17:50:35
1624,3,Savion Williams,GB,0.0,0.0,0.0,0.0,0.0,0.4,3.4,0.0,0.5,5.9,0.0,0.0,0.0,0.0,0.0,0.0,0.0,0.0,0.0,1.3,2025-10-08 17:50:35
1625,3,Zay Jones,ARI,0.0,0.0,0.0,0.0,0.0,0.0,0.2,0.0,0.9,8.9,0.1,0.0,0.0,0.0,0.0,0.0,0.0,0.0,0.0,1.2,2025-10-08 17:50:35
1626,3,Malik Heath,GB,0.0,0.0,0.0,0.0,0.0,0.0,0.0,0.0,0.7,8.7,0.1,0.0,0.0,0.0,0.0,0.0,0.0,0.0,0.0,1.2,2025-10-08 17:50:35
1627,3,Greg Dortch,ARI,0.0,0.0,0.0,0.0,0.0,0.1,0.8,0.0,0.9,8.4,0.0,0.0,0.0,0.0,0.0,0.0,0.0,0.0,0.0,1.2,2025-10-08 17:50:35
1628,3,Dee Eskridge,MIA,0.0,0.0,0.0,0.0,0.0,0.0,0.1,0.0,0.8,9.2,0.0,0.0,0.0,0.0,0.0,0.0,0.0,0.0,0.0,1.2,2025-10-08 17:50:35
1629,3,Isaiah Bond,CLE,0.0,0.0,0.0,0.0,0.0,0.1,0.4,0.0,0.8,8.2,0.0,0.0,0.0,0.0,0.0,0.0,0.0,0.0,0.0,1.2,2025-10-08 17:50:35
1630,3,Jared Wayne,HOU,0.0,0.0,0.0,0.0,0.0,0.0,0.0,0.0,0.8,8.3,0.1,0.0,0.0,0.0,0.0,0.0,0.0,0.0,0.0,1.1,2025-10-08 17:50:35
1631,3,Mason Tipton,NO,0.0,0.0,0.0,0.0,0.0,0.0,0.0,0.0,0.8,8.5,0.0,0.0,0.0,0.0,0.0,0.0,0.0,0.0,0.0,1.1,2025-10-08 17:50:35
1632,3,Jack Bech,LV,0.0,0.0,0.0,0.0,0.0,0.0,0.0,0.0,0.6,7.6,0.0,0.0,0.0,0.0,0.0,0.0,0.0,0.0,0.0,1.0,2025-10-08 17:50:35
1633,3,Derius Davis,LAC,0.0,0.0,0.0,0.0,0.0,0.7,2.1,0.0,0.8,7.4,0.0,0.2,0.0,0.0,0.0,0.0,0.0,0.0,0.0,1.0,2025-10-08 17:50:35
1634,3,Jake Bobo,SEA,0.0,0.0,0.0,0.0,0.0,0.0,0.0,0.0,0.5,6.6,0.0,0.0,0.0,0.0,0.0,0.0,0.0,0.0,0.0,0.9,2025-10-08 17:50:35
1635,3,Trent Sherfield Sr.,DEN,0.0,0.0,0.0,0.0,0.0,0.0,0.0,0.0,0.6,6.3,0.0,0.0,0.0,0.0,0.0,0.0,0.0,0.0,0.0,0.9,2025-10-08 17:50:35
1636,3,Jamari Thrash,CLE,0.0,0.0,0.0,0.0,0.0,0.0,0.0,0.0,0.6,6.4,0.0,0.0,0.0,0.0,0.0,0.0,0.0,0.0,0.0,0.8,2025-10-08 17:50:35
1637,3,Nikko Remigio,KC,0.0,0.0,0.0,0.0,0.0,0.0,0.0,0.0,0.5,5.8,0.0,0.0,0.0,0.0,0.0,0.0,0.0,0.0,0.0,0.8,2025-10-08 17:50:35
1638,3,KhaDarel Hodge,ATL,0.0,0.0,0.0,0.0,0.0,0.0,0.2,0.0,0.4,5.8,0.0,0.0,0.0,0.0,0.0,0.0,0.0,0.0,0.0,0.8,2025-10-08 17:50:35
1639,3,Van Jefferson,TEN,0.0,0.0,0.0,0.0,0.0,0.0,0.0,0.0,0.5,5.6,0.0,0.0,0.0,0.0,0.0,0.0,0.0,0.0,0.0,0.7,2025-10-08 17:50:35
1640,3,Konata Mumpfield,LAR,0.0,0.0,0.0,0.0,0.0,0.0,0.0,0.0,0.5,5.3,0.0,0.0,0.0,0.0,0.0,0.0,0.0,0.0,0.0,0.7,2025-10-08 17:50:35
1641,3,Tez Johnson,TB,0.0,0.0,0.0,0.0,0.0,0.0,0.1,0.0,0.4,4.4,0.0,0.0,0.0,0.0,0.0,0.0,0.0,0.0,0.0,0.7,2025-10-08 17:50:35
1642,3,Mitch Tinsley,CIN,0.0,0.0,0.0,0.0,0.0,0.0,0.0,0.0,0.4,4.6,0.0,0.0,0.0,0.0,0.0,0.0,0.0,0.0,0.0,0.6,2025-10-08 17:50:35
1643,3,Kyle Williams,NE,0.0,0.0,0.0,0.0,0.0,0.0,0.1,0.0,0.4,4.2,0.0,0.0,0.0,0.0,0.0,0.0,0.0,0.0,0.0,0.6,2025-10-08 17:50:35
1644,3,Scotty Miller,PIT,0.0,0.0,0.0,0.0,0.0,0.0,0.0,0.0,0.2,2.5,0.0,0.0,0.0,0.0,0.0,0.0,0.0,0.0,0.0,0.4,2025-10-08 17:50:35
1645,3,Ashton Dulin,IND,0.0,0.0,0.0,0.0,0.0,0.3,1.3,0.0,0.1,1.7,0.0,0.0,0.0,0.0,0.0,0.0,0.0,0.0,0.0,0.4,2025-10-08 17:50:35
1646,3,Tyrell Shavers,BUF,0.0,0.0,0.0,0.0,0.0,0.0,0.0,0.0,0.2,2.2,0.0,0.0,0.0,0.0,0.0,0.0,0.0,0.0,0.0,0.3,2025-10-08 17:50:35
1647,3,Ben Skowronek,PIT,0.0,0.0,0.0,0.0,0.0,0.0,0.0,0.0,0.2,2.3,0.0,0.0,0.0,0.0,0.0,0.0,0.0,0.0,0.0,0.3,2025-10-08 17:50:35
1648,3,Tim Patrick,JAC,0.0,0.0,0.0,0.0,0.0,0.0,0.0,0.0,0.2,1.9,0.0,0.0,0.0,0.0,0.0,0.0,0.0,0.0,0.0,0.2,2025-10-08 17:50:35
1649,3,John Metchie III,PHI,0.0,0.0,0.0,0.0,0.0,0.0,0.0,0.0,0.2,2.1,0.0,0.0,0.0,0.0,0.0,0.0,0.0,0.0,0.0,0.2,2025-10-08 17:50:35
1650,3,Tai Felton,MIN,0.0,0.0,0.0,0.0,0.0,0.0,0.1,0.0,0.1,1.3,0.0,0.0,0.0,0.0,0.0,0.0,0.0,0.0,0.0,0.2,2025-10-08 17:50:35
1651,3,DeAndre Carter,CLE,0.0,0.0,0.0,0.0,0.0,0.0,0.1,0.0,0.1,1.3,0.0,0.0,0.0,0.0,0.0,0.0,0.0,0.0,0.0,0.2,2025-10-08 17:50:35
1652,3,Dareke Young,SEA,0.0,0.0,0.0,0.0,0.0,0.0,0.0,0.0,0.1,1.1,0.0,0.0,0.0,0.0,0.0,0.0,0.0,0.0,0.0,0.2,2025-10-08 17:50:35
1653,3,Anthony Gould,IND,0.0,0.0,0.0,0.0,0.0,0.0,0.0,0.0,0.1,0.9,0.0,0.0,0.0,0.0,0.0,0.0,0.0,0.0,0.0,0.1,2025-10-08 17:50:35
1654,3,Devin Duvernay,CHI,0.0,0.0,0.0,0.0,0.0,0.0,0.2,0.0,0.0,0.5,0.0,0.0,0.0,0.0,0.0,0.0,0.0,0.0,0.0,0.0,2025-10-08 17:50:35
1655,3,Xavier Smith,LAR,0.0,0.0,0.0,0.0,0.0,0.0,0.0,0.0,0.2,1.9,0.0,0.1,0.0,0.0,0.0,0.0,0.0,0.0,0.0,0.0,2025-10-08 17:50:35
1656,3,Demarcus Robinson,SF,0.0,0.0,0.0,0.0,0.0,0.0,0.0,0.0,0.0,0.0,0.0,0.0,0.0,0.0,0.0,0.0,0.0,0.0,0.0,0.0,2025-10-08 17:50:35
1657,3,Chris Godwin Jr.,TB,0.0,0.0,0.0,0.0,0.0,0.0,0.0,0.0,0.0,0.0,0.0,0.0,0.0,0.0,0.0,0.0,0.0,0.0,0.0,0.0,2025-10-08 17:50:35
1658,3,Curtis Samuel,BUF,0.0,0.0,0.0,0.0,0.0,0.0,0.0,0.0,0.0,0.0,0.0,0.0,0.0,0.0,0.0,0.0,0.0,0.0,0.0,0.0,2025-10-08 17:50:35
1659,3,Josh Reynolds,NYJ,0.0,0.0,0.0,0.0,0.0,0.0,0.0,0.0,0.0,0.0,0.0,0.0,0.0,0.0,0.0,0.0,0.0,0.0,0.0,0.0,2025-10-08 17:50:35
1660,3,Noah Brown,WAS,0.0,0.0,0.0,0.0,0.0,0.0,0.0,0.0,0.0,0.0,0.0,0.0,0.0,0.0,0.0,0.0,0.0,0.0,0.0,0.0,2025-10-08 17:50:35
1661,3,Jamal Agnew,ATL,0.0,0.0,0.0,0.0,0.0,0.0,0.0,0.0,0.0,0.0,0.0,0.0,0.0,0.0,0.0,0.0,0.0,0.0,0.0,0.0,2025-10-08 17:50:35
1662,3,Cedrick Wilson Jr.,MIA,0.0,0.0,0.0,0.0,0.0,0.0,0.0,0.0,0.0,0.0,0.0,0.0,0.0,0.0,0.0,0.0,0.0,0.0,0.0,0.0,2025-10-08 17:50:35
1663,3,Dante Pettis,NO,0.0,0.0,0.0,0.0,0.0,0.0,0.0,0.0,0.0,0.0,0.0,0.0,0.0,0.0,0.0,0.0,0.0,0.0,0.0,0.0,2025-10-08 17:50:35
1664,3,Braxton Berrios,HOU,0.0,0.0,0.0,0.0,0.0,0.0,0.0,0.0,0.0,0.0,0.0,0.0,0.0,0.0,0.0,0.0,0.0,0.0,0.0,0.0,2025-10-08 17:50:35
1665,3,Justin Watson,HOU,0.0,0.0,0.0,0.0,0.0,0.0,0.0,0.0,0.0,0.0,0.0,0.0,0.0,0.0,0.0,0.0,0.0,0.0,0.0,0.0,2025-10-08 17:50:35
1666,3,Tom Kennedy,DET,0.0,0.0,0.0,0.0,0.0,0.0,0.0,0.0,0.0,0.0,0.0,0.0,0.0,0.0,0.0,0.0,0.0,0.0,0.0,0.0,2025-10-08 17:50:35
1667,3,Gunner Olszewski,NYG,0.0,0.0,0.0,0.0,0.0,0.0,0.0,0.0,0.0,0.0,0.0,0.0,0.0,0.0,0.0,0.0,0.0,0.0,0.0,0.0,2025-10-08 17:50:35
1668,3,Jalen Reagor,LAC,0.0,0.0,0.0,0.0,0.0,0.0,0.0,0.0,0.0,0.0,0.0,0.0,0.0,0.0,0.0,0.0,0.0,0.0,0.0,0.0,2025-10-08 17:50:35
1669,3,Brandon Aiyuk,SF,0.0,0.0,0.0,0.0,0.0,0.0,0.0,0.0,0.0,0.0,0.0,0.0,0.0,0.0,0.0,0.0,0.0,0.0,0.0,0.0,2025-10-08 17:50:35
1670,3,Jauan Jennings,SF,0.0,0.0,0.0,0.0,0.0,0.0,0.0,0.0,0.0,0.0,0.0,0.0,0.0,0.0,0.0,0.0,0.0,0.0,0.0,0.0,2025-10-08 17:50:35
1671,3,Mason Kinsey,TEN,0.0,0.0,0.0,0.0,0.0,0.0,0.0,0.0,0.0,0.0,0.0,0.0,0.0,0.0,0.0,0.0,0.0,0.0,0.0,0.0,2025-10-08 17:50:35
1672,3,Cody White,SEA,0.0,0.0,0.0,0.0,0.0,0.0,0.0,0.0,0.0,0.0,0.0,0.0,0.0,0.0,0.0,0.0,0.0,0.0,0.0,0.0,2025-10-08 17:50:35
1673,3,Ihmir Smith-Marsette,NYG,0.0,0.0,0.0,0.0,0.0,0.0,0.0,0.0,0.0,0.0,0.0,0.0,0.0,0.0,0.0,0.0,0.0,0.0,0.0,0.0,2025-10-08 17:50:35
1674,3,Javon Baker,PHI,0.0,0.0,0.0,0.0,0.0,0.0,0.0,0.0,0.0,0.0,0.0,0.0,0.0,0.0,0.0,0.0,0.0,0.0,0.0,0.0,2025-10-08 17:50:35
1675,3,Beaux Collins,NYG,0.0,0.0,0.0,0.0,0.0,0.0,0.0,0.0,0.0,0.0,0.0,0.0,0.0,0.0,0.0,0.0,0.0,0.0,0.0,0.0,2025-10-08 17:50:35
1676,3,Jermaine Burton,CIN,0.0,0.0,0.0,0.0,0.0,0.0,0.0,0.0,0.0,0.0,0.0,0.0,0.0,0.0,0.0,0.0,0.0,0.0,0.0,0.0,2025-10-08 17:50:35
1677,3,Xavier Worthy,KC,0.0,0.0,0.0,0.0,0.0,0.0,0.0,0.0,0.0,0.0,0.0,0.0,0.0,0.0,0.0,0.0,0.0,0.0,0.0,0.0,2025-10-08 17:50:35
1678,3,Jonathan Mingo,DAL,0.0,0.0,0.0,0.0,0.0,0.0,0.0,0.0,0.0,0.0,0.0,0.0,0.0,0.0,0.0,0.0,0.0,0.0,0.0,0.0,2025-10-08 17:50:35
1679,3,Kevin Austin Jr.,NO,0.0,0.0,0.0,0.0,0.0,0.0,0.0,0.0,0.0,0.0,0.0,0.0,0.0,0.0,0.0,0.0,0.0,0.0,0.0,0.0,2025-10-08 17:50:35
1680,3,Jordan Addison,MIN,0.0,0.0,0.0,0.0,0.0,0.0,0.0,0.0,0.0,0.0,0.0,0.0,0.0,0.0,0.0,0.0,0.0,0.0,0.0,0.0,2025-10-08 17:50:35
1681,3,David Bell,CLE,0.0,0.0,0.0,0.0,0.0,0.0,0.0,0.0,0.0,0.0,0.0,0.0,0.0,0.0,0.0,0.0,0.0,0.0,0.0,0.0,2025-10-08 17:50:35
1682,3,Ainias Smith,CAR,0.0,0.0,0.0,0.0,0.0,0.0,0.0,0.0,0.0,0.0,0.0,0.0,0.0,0.0,0.0,0.0,0.0,0.0,0.0,0.0,2025-10-08 17:50:35
1683,3,Jalen McMillan,TB,0.0,0.0,0.0,0.0,0.0,0.0,0.0,0.0,0.0,0.0,0.0,0.0,0.0,0.0,0.0,0.0,0.0,0.0,0.0,0.0,2025-10-08 17:50:35
1684,3,Simi Fehoko,ARI,0.0,0.0,0.0,0.0,0.0,0.0,0.0,0.0,0.0,0.0,0.0,0.0,0.0,0.0,0.0,0.0,0.0,0.0,0.0,0.0,2025-10-08 17:50:35
1685,3,Terrace Marshall Jr.,PHI,0.0,0.0,0.0,0.0,0.0,0.0,0.0,0.0,0.0,0.0,0.0,0.0,0.0,0.0,0.0,0.0,0.0,0.0,0.0,0.0,2025-10-08 17:50:35
1686,3,Austin Trammell,JAC,0.0,0.0,0.0,0.0,0.0,0.0,0.0,0.0,0.0,0.0,0.0,0.0,0.0,0.0,0.0,0.0,0.0,0.0,0.0,0.0,2025-10-08 17:50:35
1687,3,Tim Jones,JAC,0.0,0.0,0.0,0.0,0.0,0.0,0.0,0.0,0.0,0.0,0.0,0.0,0.0,0.0,0.0,0.0,0.0,0.0,0.0,0.0,2025-10-08 17:50:35
1688,3,Christian Watson,GB,0.0,0.0,0.0,0.0,0.0,0.0,0.0,0.0,0.0,0.0,0.0,0.0,0.0,0.0,0.0,0.0,0.0,0.0,0.0,0.0,2025-10-08 17:50:35
1689,3,Xavier Weaver,ARI,0.0,0.0,0.0,0.0,0.0,0.0,0.0,0.0,0.0,0.0,0.0,0.0,0.0,0.0,0.0,0.0,0.0,0.0,0.0,0.0,2025-10-08 17:50:35
1690,3,Britain Covey,PHI,0.0,0.0,0.0,0.0,0.0,0.0,0.0,0.0,0.0,0.0,0.0,0.0,0.0,0.0,0.0,0.0,0.0,0.0,0.0,0.0,2025-10-08 17:50:35
1691,3,KeAndre Lambert-Smith,LAC,0.0,0.0,0.0,0.0,0.0,0.0,0.0,0.0,0.0,0.0,0.0,0.0,0.0,0.0,0.0,0.0,0.0,0.0,0.0,0.0,2025-10-08 17:50:35
1692,3,Jalin Hyatt,NYG,0.0,0.0,0.0,0.0,0.0,0.0,0.0,0.0,0.0,0.0,0.0,0.0,0.0,0.0,0.0,0.0,0.0,0.0,0.0,0.0,2025-10-08 17:50:35
1693,3,Jacob Cowing,SF,0.0,0.0,0.0,0.0,0.0,0.0,0.0,0.0,0.0,0.0,0.0,0.0,0.0,0.0,0.0,0.0,0.0,0.0,0.0,0.0,2025-10-08 17:50:35
1694,3,Charlie Jones,CIN,0.0,0.0,0.0,0.0,0.0,0.0,0.0,0.0,0.0,0.0,0.0,0.0,0.0,0.0,0.0,0.0,0.0,0.0,0.0,0.0,2025-10-08 17:50:35
1695,3,Jalen Brooks,DAL,0.0,0.0,0.0,0.0,0.0,0.0,0.0,0.0,0.0,0.0,0.0,0.0,0.0,0.0,0.0,0.0,0.0,0.0,0.0,0.0,2025-10-08 17:50:35
1696,3,Xavier Gipson,PHI,0.0,0.0,0.0,0.0,0.0,0.0,0.0,0.0,0.0,0.0,0.0,0.0,0.0,0.0,0.0,0.0,0.0,0.0,0.0,0.0,2025-10-08 17:50:35
1697,3,Malachi Corley,CLE,0.0,0.0,0.0,0.0,0.0,0.0,0.0,0.0,0.0,0.0,0.0,0.0,0.0,0.0,0.0,0.0,0.0,0.0,0.0,0.0,2025-10-08 17:50:35
1698,3,Xavier Legette,CAR,0.0,0.0,0.0,0.0,0.0,0.0,0.0,0.0,0.0,0.0,0.0,0.0,0.0,0.0,0.0,0.0,0.0,0.0,0.0,0.0,2025-10-08 17:50:35
1699,3,Bub Means,NO,0.0,0.0,0.0,0.0,0.0,0.0,0.0,0.0,0.0,0.0,0.0,0.0,0.0,0.0,0.0,0.0,0.0,0.0,0.0,0.0,2025-10-08 17:50:35
1700,3,Joshua Cephus,JAC,0.0,0.0,0.0,0.0,0.0,0.0,0.0,0.0,0.0,0.0,0.0,0.0,0.0,0.0,0.0,0.0,0.0,0.0,0.0,0.0,2025-10-08 17:50:35
1701,3,Isaiah Williams,NYJ,0.0,0.0,0.0,0.0,0.0,0.0,0.0,0.0,0.0,0.0,0.0,0.0,0.0,0.0,0.0,0.0,0.0,0.0,0.0,0.0,2025-10-08 17:50:35
1702,3,Ryan Flournoy,DAL,0.0,0.0,0.0,0.0,0.0,0.0,0.0,0.0,0.0,0.0,0.0,0.0,0.0,0.0,0.0,0.0,0.0,0.0,0.0,0.0,2025-10-08 17:50:35
1703,3,Jalen Coker,CAR,0.0,0.0,0.0,0.0,0.0,0.0,0.0,0.0,0.0,0.0,0.0,0.0,0.0,0.0,0.0,0.0,0.0,0.0,0.0,0.0,2025-10-08 17:50:35
1704,3,Devaughn Vele,NO,0.0,0.0,0.0,0.0,0.0,0.0,0.0,0.0,0.0,0.0,0.0,0.0,0.0,0.0,0.0,0.0,0.0,0.0,0.0,0.0,2025-10-08 17:50:35
1705,3,Casey Washington,ATL,0.0,0.0,0.0,0.0,0.0,0.0,0.0,0.0,0.0,0.0,0.0,0.0,0.0,0.0,0.0,0.0,0.0,0.0,0.0,0.0,2025-10-08 17:50:35
1706,3,Bryce Oliver,TEN,0.0,0.0,0.0,0.0,0.0,0.0,0.0,0.0,0.0,0.0,0.0,0.0,0.0,0.0,0.0,0.0,0.0,0.0,0.0,0.0,2025-10-08 17:50:35
1707,3,Kameron Johnson,TB,0.0,0.0,0.0,0.0,0.0,0.0,0.0,0.0,0.0,0.0,0.0,0.0,0.0,0.0,0.0,0.0,0.0,0.0,0.0,0.0,2025-10-08 17:50:35
1708,3,Nick Nash,ATL,0.0,0.0,0.0,0.0,0.0,0.0,0.0,0.0,0.0,0.0,0.0,0.0,0.0,0.0,0.0,0.0,0.0,0.0,0.0,0.0,2025-10-08 17:50:35
1709,3,Jimmy Horn Jr.,CAR,0.0,0.0,0.0,0.0,0.0,0.0,0.0,0.0,0.0,0.0,0.0,0.0,0.0,0.0,0.0,0.0,0.0,0.0,0.0,0.0,2025-10-08 17:50:35
1710,3,Efton Chism III,NE,0.0,0.0,0.0,0.0,0.0,0.0,0.0,0.0,0.0,0.0,0.0,0.0,0.0,0.0,0.0,0.0,0.0,0.0,0.0,0.0,2025-10-08 17:50:35
1711,3,LaJohntay Wester,BAL,0.0,0.0,0.0,0.0,0.0,0.0,0.0,0.0,0.0,0.0,0.0,0.0,0.0,0.0,0.0,0.0,0.0,0.0,0.0,0.0,2025-10-08 17:50:35
1712,3,Jordan Watkins,SF,0.0,0.0,0.0,0.0,0.0,0.0,0.0,0.0,0.0,0.0,0.0,0.0,0.0,0.0,0.0,0.0,0.0,0.0,0.0,0.0,2025-10-08 17:50:35
1713,3,Myles Price,MIN,0.0,0.0,0.0,0.0,0.0,0.0,0.0,0.0,0.0,0.0,0.0,0.0,0.0,0.0,0.0,0.0,0.0,0.0,0.0,0.0,2025-10-08 17:50:35
1714,3,Gage Larvadain,CLE,0.0,0.0,0.0,0.0,0.0,0.0,0.0,0.0,0.0,0.0,0.0,0.0,0.0,0.0,0.0,0.0,0.0,0.0,0.0,0.0,2025-10-08 17:50:35
1715,3,Darius Cooper,PHI,0.0,0.0,0.0,0.0,0.0,0.0,0.0,0.0,0.0,0.0,0.0,0.0,0.0,0.0,0.0,0.0,0.0,0.0,0.0,0.0,2025-10-08 17:50:35
1716,3,Brock Bowers,LV,0.0,0.0,0.0,0.0,0.0,0.0,0.0,0.0,6.3,67.4,0.3,0.0,0.0,0.0,0.0,0.0,0.0,0.0,0.0,8.9,2025-10-08 17:50:36
1717,3,Trey McBride,ARI,0.0,0.0,0.0,0.0,0.0,0.0,0.0,0.0,6.9,67.3,0.3,0.0,0.0,0.0,0.0,0.0,0.0,0.0,0.0,8.7,2025-10-08 17:50:36
1718,3,Sam LaPorta,DET,0.0,0.0,0.0,0.0,0.0,0.0,0.0,0.0,4.6,52.2,0.4,0.0,0.0,0.0,0.0,0.0,0.0,0.0,0.0,7.3,2025-10-08 17:50:36
1719,3,Travis Kelce,KC,0.0,0.0,0.0,0.0,0.0,0.0,0.0,0.0,4.9,51.9,0.4,0.0,0.0,0.0,0.0,0.0,0.0,0.0,0.0,7.3,2025-10-08 17:50:36
1720,3,Tucker Kraft,GB,0.0,0.0,0.0,0.0,0.0,0.0,0.0,0.0,3.9,50.1,0.3,0.0,0.0,0.0,0.0,0.0,0.0,0.0,0.0,7.0,2025-10-08 17:50:36
1721,3,Tyler Warren,IND,0.0,0.0,0.0,0.0,0.0,0.0,0.0,0.0,4.7,50.8,0.3,0.1,0.0,0.0,0.0,0.0,0.0,0.0,0.0,6.8,2025-10-08 17:50:36
1722,3,Mark Andrews,BAL,0.0,0.0,0.0,0.0,0.0,0.0,0.0,0.0,3.5,39.9,0.4,0.0,0.0,0.0,0.0,0.0,0.0,0.0,0.0,6.3,2025-10-08 17:50:36
1723,3,Juwan Johnson,NO,0.0,0.0,0.0,0.0,0.0,0.0,0.0,0.0,4.7,47.5,0.3,0.0,0.0,0.0,0.0,0.0,0.0,0.0,0.0,6.2,2025-10-08 17:50:36
1724,3,Jake Ferguson,DAL,0.0,0.0,0.0,0.0,0.0,0.0,0.0,0.0,5.0,46.6,0.3,0.0,0.0,0.0,0.0,0.0,0.0,0.0,0.0,6.1,2025-10-08 17:50:36
1725,3,Kyle Pitts Sr.,ATL,0.0,0.0,0.0,0.0,0.0,0.0,0.0,0.0,3.7,44.8,0.2,0.0,0.0,0.0,0.0,0.0,0.0,0.0,0.0,5.9,2025-10-08 17:50:36
1726,3,Zach Ertz,WAS,0.0,0.0,0.0,0.0,0.0,0.0,0.0,0.0,4.2,39.0,0.3,0.0,0.0,0.0,0.0,0.0,0.0,0.0,0.0,5.8,2025-10-08 17:50:36
1727,3,T.J. Hockenson,MIN,0.0,0.0,0.0,0.0,0.0,0.0,0.0,0.0,4.4,42.9,0.2,0.0,0.0,0.0,0.0,0.0,0.0,0.0,0.0,5.6,2025-10-08 17:50:36
1728,3,David Njoku,CLE,0.0,0.0,0.0,0.0,0.0,0.0,0.0,0.0,4.2,41.7,0.2,0.0,0.0,0.0,0.0,0.0,0.0,0.0,0.0,5.6,2025-10-08 17:50:36
1729,3,Hunter Henry,NE,0.0,0.0,0.0,0.0,0.0,0.0,0.0,0.0,3.6,39.7,0.3,0.0,0.0,0.0,0.0,0.0,0.0,0.0,0.0,5.5,2025-10-08 17:50:36
1730,3,Jonnu Smith,PIT,0.0,0.0,0.0,0.0,0.0,0.0,0.0,0.0,3.5,36.3,0.3,0.0,0.0,0.0,0.0,0.0,0.0,0.0,0.0,5.3,2025-10-08 17:50:36
1731,3,Dalton Kincaid,BUF,0.0,0.0,0.0,0.0,0.0,0.0,0.0,0.0,3.5,35.9,0.3,0.0,0.0,0.0,0.0,0.0,0.0,0.0,0.0,5.1,2025-10-08 17:50:36
1732,3,Harold Fannin Jr.,CLE,0.0,0.0,0.0,0.0,0.0,0.0,0.0,0.0,4.2,39.0,0.2,0.0,0.0,0.0,0.0,0.0,0.0,0.0,0.0,5.0,2025-10-08 17:50:36
1733,3,Chig Okonkwo,TEN,0.0,0.0,0.0,0.0,0.0,0.0,0.0,0.0,4.0,39.8,0.2,0.0,0.0,0.0,0.0,0.0,0.0,0.0,0.0,5.0,2025-10-08 17:50:36
1734,3,Dallas Goedert,PHI,0.0,0.0,0.0,0.0,0.0,0.0,0.0,0.0,3.5,38.3,0.2,0.0,0.0,0.0,0.0,0.0,0.0,0.0,0.0,4.9,2025-10-08 17:50:36
1735,3,Ja'Tavion Sanders,CAR,0.0,0.0,0.0,0.0,0.0,0.0,0.0,0.0,3.6,34.5,0.2,0.0,0.0,0.0,0.0,0.0,0.0,0.0,0.0,4.7,2025-10-08 17:50:36
1736,3,Dalton Schultz,HOU,0.0,0.0,0.0,0.0,0.0,0.0,0.0,0.0,3.3,34.4,0.2,0.0,0.0,0.0,0.0,0.0,0.0,0.0,0.0,4.5,2025-10-08 17:50:36
1737,3,Pat Freiermuth,PIT,0.0,0.0,0.0,0.0,0.0,0.0,0.0,0.0,3.2,31.3,0.2,0.0,0.0,0.0,0.0,0.0,0.0,0.0,0.0,4.4,2025-10-08 17:50:36
1738,3,Cade Otton,TB,0.0,0.0,0.0,0.0,0.0,0.0,0.0,0.0,2.9,29.0,0.2,0.0,0.0,0.0,0.0,0.0,0.0,0.0,0.0,4.3,2025-10-08 17:50:36
1739,3,Jake Tonges,SF,0.0,0.0,0.0,0.0,0.0,0.0,0.0,0.0,2.9,26.7,0.2,0.0,0.0,0.0,0.0,0.0,0.0,0.0,0.0,3.9,2025-10-08 17:50:36
1740,3,Theo Johnson,NYG,0.0,0.0,0.0,0.0,0.0,0.0,0.0,0.0,2.5,26.3,0.1,0.0,0.0,0.0,0.0,0.0,0.0,0.0,0.0,3.4,2025-10-08 17:50:36
1741,3,Mike Gesicki,CIN,0.0,0.0,0.0,0.0,0.0,0.0,0.0,0.0,2.5,24.8,0.2,0.0,0.0,0.0,0.0,0.0,0.0,0.0,0.0,3.4,2025-10-08 17:50:36
1742,3,Cole Kmet,CHI,0.0,0.0,0.0,0.0,0.0,0.0,0.0,0.0,2.4,25.3,0.2,0.0,0.0,0.0,0.0,0.0,0.0,0.0,0.0,3.4,2025-10-08 17:50:36
1743,3,AJ Barner,SEA,0.0,0.0,0.0,0.0,0.0,0.0,0.0,0.0,2.4,23.4,0.1,0.0,0.0,0.0,0.0,0.0,0.0,0.0,0.0,3.3,2025-10-08 17:50:36
1744,3,Mason Taylor,NYJ,0.0,0.0,0.0,0.0,0.0,0.0,0.0,0.0,2.4,23.7,0.2,0.0,0.0,0.0,0.0,0.0,0.0,0.0,0.0,3.3,2025-10-08 17:50:36
1745,3,Tyler Higbee,LAR,0.0,0.0,0.0,0.0,0.0,0.0,0.0,0.0,2.7,24.2,0.1,0.0,0.0,0.0,0.0,0.0,0.0,0.0,0.0,3.3,2025-10-08 17:50:36
1746,3,Noah Fant,CIN,0.0,0.0,0.0,0.0,0.0,0.0,0.0,0.0,2.7,25.0,0.1,0.0,0.0,0.0,0.0,0.0,0.0,0.0,0.0,3.0,2025-10-08 17:50:36
1747,3,Adam Trautman,DEN,0.0,0.0,0.0,0.0,0.0,0.0,0.0,0.0,2.2,19.5,0.1,0.0,0.0,0.0,0.0,0.0,0.0,0.0,0.0,2.8,2025-10-08 17:50:36
1748,3,Tyler Conklin,LAC,0.0,0.0,0.0,0.0,0.0,0.0,0.0,0.0,2.1,20.9,0.1,0.0,0.0,0.0,0.0,0.0,0.0,0.0,0.0,2.8,2025-10-08 17:50:36
1749,3,Noah Gray,KC,0.0,0.0,0.0,0.0,0.0,0.0,0.0,0.0,2.0,19.8,0.1,0.0,0.0,0.0,0.0,0.0,0.0,0.0,0.0,2.7,2025-10-08 17:50:36
1750,3,Michael Mayer,LV,0.0,0.0,0.0,0.0,0.0,0.0,0.0,0.0,1.8,18.7,0.1,0.0,0.0,0.0,0.0,0.0,0.0,0.0,0.0,2.6,2025-10-08 17:50:36
1751,3,Colston Loveland,CHI,0.0,0.0,0.0,0.0,0.0,0.0,0.0,0.0,1.7,18.0,0.1,0.0,0.0,0.0,0.0,0.0,0.0,0.0,0.0,2.5,2025-10-08 17:50:36
1752,3,Dawson Knox,BUF,0.0,0.0,0.0,0.0,0.0,0.0,0.0,0.0,1.4,15.1,0.1,0.0,0.0,0.0,0.0,0.0,0.0,0.0,0.0,2.4,2025-10-08 17:50:36
1753,3,Tanner Conner,MIA,0.0,0.0,0.0,0.0,0.0,0.0,0.0,0.0,1.9,18.4,0.1,0.0,0.0,0.0,0.0,0.0,0.0,0.0,0.0,2.3,2025-10-08 17:50:36
1754,3,Elijah Arroyo,SEA,0.0,0.0,0.0,0.0,0.0,0.0,0.0,0.0,1.5,15.3,0.1,0.0,0.0,0.0,0.0,0.0,0.0,0.0,0.0,2.1,2025-10-08 17:50:36
1755,3,Luke Musgrave,GB,0.0,0.0,0.0,0.0,0.0,0.0,0.0,0.0,1.2,14.3,0.1,0.0,0.0,0.0,0.0,0.0,0.0,0.0,0.0,2.0,2025-10-08 17:50:36
1756,3,Luke Farrell,SF,0.0,0.0,0.0,0.0,0.0,0.0,0.0,0.0,1.5,13.1,0.1,0.0,0.0,0.0,0.0,0.0,0.0,0.0,0.0,1.9,2025-10-08 17:50:36
1757,3,Charlie Kolar,BAL,0.0,0.0,0.0,0.0,0.0,0.0,0.0,0.0,1.1,12.1,0.1,0.0,0.0,0.0,0.0,0.0,0.0,0.0,0.0,1.8,2025-10-08 17:50:36
1758,3,Gunnar Helm,TEN,0.0,0.0,0.0,0.0,0.0,0.0,0.0,0.0,1.4,13.8,0.1,0.0,0.0,0.0,0.0,0.0,0.0,0.0,0.0,1.8,2025-10-08 17:50:36
1759,3,Austin Hooper,NE,0.0,0.0,0.0,0.0,0.0,0.0,0.0,0.0,1.4,12.7,0.1,0.0,0.0,0.0,0.0,0.0,0.0,0.0,0.0,1.7,2025-10-08 17:50:36
1760,3,Lucas Krull,DEN,0.0,0.0,0.0,0.0,0.0,0.0,0.0,0.0,1.3,11.6,0.1,0.0,0.0,0.0,0.0,0.0,0.0,0.0,0.0,1.6,2025-10-08 17:50:36
1761,3,Tommy Tremble,CAR,0.0,0.0,0.0,0.0,0.0,0.0,0.0,0.0,1.1,10.1,0.1,0.0,0.0,0.0,0.0,0.0,0.0,0.0,0.0,1.5,2025-10-08 17:50:36
1762,3,Jeremy Ruckert,NYJ,0.0,0.0,0.0,0.0,0.0,0.0,0.0,0.0,1.2,10.8,0.1,0.0,0.0,0.0,0.0,0.0,0.0,0.0,0.0,1.4,2025-10-08 17:50:36
1763,3,Julian Hill,MIA,0.0,0.0,0.0,0.0,0.0,0.0,0.0,0.0,1.1,10.9,0.0,0.0,0.0,0.0,0.0,0.0,0.0,0.0,0.0,1.4,2025-10-08 17:50:36
1764,3,Davis Allen,LAR,0.0,0.0,0.0,0.0,0.0,0.0,0.0,0.0,1.0,9.1,0.1,0.0,0.0,0.0,0.0,0.0,0.0,0.0,0.0,1.3,2025-10-08 17:50:36
1765,3,Brock Wright,DET,0.0,0.0,0.0,0.0,0.0,0.0,0.0,0.0,0.9,8.8,0.1,0.0,0.0,0.0,0.0,0.0,0.0,0.0,0.0,1.3,2025-10-08 17:50:36
1766,3,Tip Reiman,ARI,0.0,0.0,0.0,0.0,0.0,0.0,0.0,0.0,1.0,9.4,0.1,0.0,0.0,0.0,0.0,0.0,0.0,0.0,0.0,1.3,2025-10-08 17:50:36
1767,3,Josh Oliver,MIN,0.0,0.0,0.0,0.0,0.0,0.0,0.0,0.0,0.9,8.3,0.1,0.0,0.0,0.0,0.0,0.0,0.0,0.0,0.0,1.2,2025-10-08 17:50:36
1768,3,Elijah Higgins,ARI,0.0,0.0,0.0,0.0,0.0,0.0,0.0,0.0,1.0,9.1,0.1,0.0,0.0,0.0,0.0,0.0,0.0,0.0,0.0,1.2,2025-10-08 17:50:36
1769,3,Colby Parkinson,LAR,0.0,0.0,0.0,0.0,0.0,0.0,0.0,0.0,0.9,8.2,0.1,0.0,0.0,0.0,0.0,0.0,0.0,0.0,0.0,1.1,2025-10-08 17:50:36
1770,3,Oronde Gadsden II,LAC,0.0,0.0,0.0,0.0,0.0,0.0,0.0,0.0,0.8,7.9,0.1,0.0,0.0,0.0,0.0,0.0,0.0,0.0,0.0,1.1,2025-10-08 17:50:36
1771,3,Darnell Washington,PIT,0.0,0.0,0.0,0.0,0.0,0.0,0.0,0.0,0.7,7.2,0.0,0.0,0.0,0.0,0.0,0.0,0.0,0.0,0.0,1.0,2025-10-08 17:50:36
1772,3,Luke Schoonmaker,DAL,0.0,0.0,0.0,0.0,0.0,0.0,0.0,0.0,0.7,7.3,0.0,0.0,0.0,0.0,0.0,0.0,0.0,0.0,0.0,1.0,2025-10-08 17:50:36
1773,3,Mo Alie-Cox,IND,0.0,0.0,0.0,0.0,0.0,0.0,0.0,0.0,0.7,6.5,0.1,0.0,0.0,0.0,0.0,0.0,0.0,0.0,0.0,1.0,2025-10-08 17:50:36
1774,3,Nate Adkins,DEN,0.0,0.0,0.0,0.0,0.0,0.0,0.0,0.0,0.8,6.6,0.1,0.0,0.0,0.0,0.0,0.0,0.0,0.0,0.0,1.0,2025-10-08 17:50:36
1775,3,Harrison Bryant,HOU,0.0,0.0,0.0,0.0,0.0,0.0,0.0,0.0,0.6,6.2,0.0,0.0,0.0,0.0,0.0,0.0,0.0,0.0,0.0,0.9,2025-10-08 17:50:36
1776,3,Drew Sample,CIN,0.0,0.0,0.0,0.0,0.0,0.0,0.0,0.0,0.8,6.7,0.0,0.0,0.0,0.0,0.0,0.0,0.0,0.0,0.0,0.9,2025-10-08 17:50:36
1777,3,Eric Saubert,SEA,0.0,0.0,0.0,0.0,0.0,0.0,0.0,0.0,0.6,6.0,0.0,0.0,0.0,0.0,0.0,0.0,0.0,0.0,0.0,0.8,2025-10-08 17:50:36
1778,3,Ian Thomas,LV,0.0,0.0,0.0,0.0,0.0,0.0,0.0,0.0,0.5,4.8,0.0,0.0,0.0,0.0,0.0,0.0,0.0,0.0,0.0,0.7,2025-10-08 17:50:36
1779,3,Daniel Bellinger,NYG,0.0,0.0,0.0,0.0,0.0,0.0,0.0,0.0,0.5,5.0,0.0,0.0,0.0,0.0,0.0,0.0,0.0,0.0,0.0,0.6,2025-10-08 17:50:36
1780,3,Ben Sinnott,WAS,0.0,0.0,0.0,0.0,0.0,0.0,0.0,0.0,0.5,4.5,0.0,0.0,0.0,0.0,0.0,0.0,0.0,0.0,0.0,0.6,2025-10-08 17:50:36
1781,3,Jackson Hawes,BUF,0.0,0.0,0.0,0.0,0.0,0.0,0.0,0.0,0.4,4.2,0.0,0.0,0.0,0.0,0.0,0.0,0.0,0.0,0.0,0.6,2025-10-08 17:50:36
1782,3,Grant Calcaterra,PHI,0.0,0.0,0.0,0.0,0.0,0.0,0.0,0.0,0.4,4.7,0.0,0.0,0.0,0.0,0.0,0.0,0.0,0.0,0.0,0.6,2025-10-08 17:50:36
1783,3,Tucker Fisk,LAC,0.0,0.0,0.0,0.0,0.0,0.0,0.0,0.0,0.5,4.1,0.0,0.0,0.0,0.0,0.0,0.0,0.0,0.0,0.0,0.6,2025-10-08 17:50:36
1784,3,Payne Durham,TB,0.0,0.0,0.0,0.0,0.0,0.0,0.0,0.0,0.4,3.6,0.0,0.0,0.0,0.0,0.0,0.0,0.0,0.0,0.0,0.6,2025-10-08 17:50:36
1785,3,Brevyn Spann-Ford,DAL,0.0,0.0,0.0,0.0,0.0,0.0,0.0,0.0,0.4,4.5,0.0,0.0,0.0,0.0,0.0,0.0,0.0,0.0,0.0,0.6,2025-10-08 17:50:36
1786,3,Johnny Mundt,JAC,0.0,0.0,0.0,0.0,0.0,0.0,0.0,0.0,0.4,3.6,0.0,0.0,0.0,0.0,0.0,0.0,0.0,0.0,0.0,0.5,2025-10-08 17:50:36
1787,3,Chris Manhertz,NYG,0.0,0.0,0.0,0.0,0.0,0.0,0.0,0.0,0.4,3.9,0.0,0.0,0.0,0.0,0.0,0.0,0.0,0.0,0.0,0.5,2025-10-08 17:50:36
1788,3,Kylen Granson,PHI,0.0,0.0,0.0,0.0,0.0,0.0,0.0,0.0,0.3,3.5,0.0,0.0,0.0,0.0,0.0,0.0,0.0,0.0,0.0,0.5,2025-10-08 17:50:36
1789,3,Charlie Woerner,ATL,0.0,0.0,0.0,0.0,0.0,0.0,0.0,0.0,0.4,3.5,0.0,0.0,0.0,0.0,0.0,0.0,0.0,0.0,0.0,0.4,2025-10-08 17:50:36
1790,3,Mitchell Evans,CAR,0.0,0.0,0.0,0.0,0.0,0.0,0.0,0.0,0.2,2.3,0.0,0.0,0.0,0.0,0.0,0.0,0.0,0.0,0.0,0.3,2025-10-08 17:50:36
1791,3,Hunter Long,JAC,0.0,0.0,0.0,0.0,0.0,0.0,0.0,0.0,0.3,2.7,0.0,0.0,0.0,0.0,0.0,0.0,0.0,0.0,0.0,0.3,2025-10-08 17:50:36
1792,3,John FitzPatrick,GB,0.0,0.0,0.0,0.0,0.0,0.0,0.0,0.0,0.2,2.0,0.0,0.0,0.0,0.0,0.0,0.0,0.0,0.0,0.0,0.3,2025-10-08 17:50:36
1793,3,Brayden Willis,SF,0.0,0.0,0.0,0.0,0.0,0.0,0.0,0.0,0.2,2.0,0.0,0.0,0.0,0.0,0.0,0.0,0.0,0.0,0.0,0.3,2025-10-08 17:50:36
1794,3,Stone Smartt,NYJ,0.0,0.0,0.0,0.0,0.0,0.0,0.0,0.0,0.2,2.4,0.0,0.0,0.0,0.0,0.0,0.0,0.0,0.0,0.0,0.3,2025-10-08 17:50:36
1795,3,Drew Ogletree,IND,0.0,0.0,0.0,0.0,0.0,0.0,0.0,0.0,0.2,2.1,0.0,0.0,0.0,0.0,0.0,0.0,0.0,0.0,0.0,0.3,2025-10-08 17:50:36
1796,3,Jack Stoll,NO,0.0,0.0,0.0,0.0,0.0,0.0,0.0,0.0,0.2,2.0,0.0,0.0,0.0,0.0,0.0,0.0,0.0,0.0,0.0,0.3,2025-10-08 17:50:36
1797,3,Connor Heyward,PIT,0.0,0.0,0.0,0.0,0.0,0.0,0.0,0.0,0.1,1.2,0.0,0.0,0.0,0.0,0.0,0.0,0.0,0.0,0.0,0.1,2025-10-08 17:50:36
1798,3,Durham Smythe,CHI,0.0,0.0,0.0,0.0,0.0,0.0,0.0,0.0,0.1,1.4,0.0,0.0,0.0,0.0,0.0,0.0,0.0,0.0,0.0,0.1,2025-10-08 17:50:36
1799,3,Darren Waller,MIA,0.0,0.0,0.0,0.0,0.0,0.0,0.0,0.0,0.0,0.0,0.0,0.0,0.0,0.0,0.0,0.0,0.0,0.0,0.0,0.0,2025-10-08 17:50:36
1800,3,Evan Engram,DEN,0.0,0.0,0.0,0.0,0.0,0.0,0.0,0.0,0.0,0.0,0.0,0.0,0.0,0.0,0.0,0.0,0.0,0.0,0.0,0.0,2025-10-08 17:50:36
1801,3,Robert Tonyan,KC,0.0,0.0,0.0,0.0,0.0,0.0,0.0,0.0,0.0,0.0,0.0,0.0,0.0,0.0,0.0,0.0,0.0,0.0,0.0,0.0,2025-10-08 17:50:36
1802,3,Tanner Hudson,CIN,0.0,0.0,0.0,0.0,0.0,0.0,0.0,0.0,0.0,0.0,0.0,0.0,0.0,0.0,0.0,0.0,0.0,0.0,0.0,0.0,2025-10-08 17:50:36
1803,3,Ross Dwelley,DET,0.0,0.0,0.0,0.0,0.0,0.0,0.0,0.0,0.0,0.0,0.0,0.0,0.0,0.0,0.0,0.0,0.0,0.0,0.0,0.0,2025-10-08 17:50:36
1804,3,Will Dissly,LAC,0.0,0.0,0.0,0.0,0.0,0.0,0.0,0.0,0.0,0.0,0.0,0.0,0.0,0.0,0.0,0.0,0.0,0.0,0.0,0.0,2025-10-08 17:50:36
1805,3,Foster Moreau,NO,0.0,0.0,0.0,0.0,0.0,0.0,0.0,0.0,0.0,0.0,0.0,0.0,0.0,0.0,0.0,0.0,0.0,0.0,0.0,0.0,2025-10-08 17:50:36
1806,3,Stephen Carlson,CHI,0.0,0.0,0.0,0.0,0.0,0.0,0.0,0.0,0.0,0.0,0.0,0.0,0.0,0.0,0.0,0.0,0.0,0.0,0.0,0.0,2025-10-08 17:50:36
1807,3,Feleipe Franks,ATL,0.0,0.0,0.0,0.0,0.0,0.0,0.0,0.0,0.0,0.0,0.0,0.0,0.0,0.0,0.0,0.0,0.0,0.0,0.0,0.0,2025-10-08 17:50:36
1808,3,John Bates,WAS,0.0,0.0,0.0,0.0,0.0,0.0,0.0,0.0,0.0,0.0,0.0,0.0,0.0,0.0,0.0,0.0,0.0,0.0,0.0,0.0,2025-10-08 17:50:36
1809,3,Josh Whyle,GB,0.0,0.0,0.0,0.0,0.0,0.0,0.0,0.0,0.0,0.0,0.0,0.0,0.0,0.0,0.0,0.0,0.0,0.0,0.0,0.0,2025-10-08 17:50:36
1810,3,Terrance Ferguson,LAR,0.0,0.0,0.0,0.0,0.0,0.0,0.0,0.0,0.0,0.0,0.0,0.0,0.0,0.0,0.0,0.0,0.0,0.0,0.0,0.0,2025-10-08 17:50:36
1811,3,Moliki Matavao,NO,0.0,0.0,0.0,0.0,0.0,0.0,0.0,0.0,0.0,0.0,0.0,0.0,0.0,0.0,0.0,0.0,0.0,0.0,0.0,0.0,2025-10-08 17:50:36
1812,3,Shane Zylstra,DET,0.0,0.0,0.0,0.0,0.0,0.0,0.0,0.0,0.0,0.0,0.0,0.0,0.0,0.0,0.0,0.0,0.0,0.0,0.0,0.0,2025-10-08 17:50:36
1813,3,Isaiah Likely,BAL,0.0,0.0,0.0,0.0,0.0,0.0,0.0,0.0,0.0,0.0,0.0,0.0,0.0,0.0,0.0,0.0,0.0,0.0,0.0,0.0,2025-10-08 17:50:36
1814,3,Will Mallory,IND,0.0,0.0,0.0,0.0,0.0,0.0,0.0,0.0,0.0,0.0,0.0,0.0,0.0,0.0,0.0,0.0,0.0,0.0,0.0,0.0,2025-10-08 17:50:36
1815,3,Teagan Quitoriano,ATL,0.0,0.0,0.0,0.0,0.0,0.0,0.0,0.0,0.0,0.0,0.0,0.0,0.0,0.0,0.0,0.0,0.0,0.0,0.0,0.0,2025-10-08 17:50:36
1816,3,Ko Kieft,TB,0.0,0.0,0.0,0.0,0.0,0.0,0.0,0.0,0.0,0.0,0.0,0.0,0.0,0.0,0.0,0.0,0.0,0.0,0.0,0.0,2025-10-08 17:50:36
1817,3,Cade Stover,HOU,0.0,0.0,0.0,0.0,0.0,0.0,0.0,0.0,0.0,0.0,0.0,0.0,0.0,0.0,0.0,0.0,0.0,0.0,0.0,0.0,2025-10-08 17:50:36
1818,3,Ben Sims,GB,0.0,0.0,0.0,0.0,0.0,0.0,0.0,0.0,0.0,0.0,0.0,0.0,0.0,0.0,0.0,0.0,0.0,0.0,0.0,0.0,2025-10-08 17:50:36
1819,3,Blake Whiteheart,CLE,0.0,0.0,0.0,0.0,0.0,0.0,0.0,0.0,0.0,0.0,0.0,0.0,0.0,0.0,0.0,0.0,0.0,0.0,0.0,0.0,2025-10-08 17:50:36
1820,3,Travis Vokolek,ARI,0.0,0.0,0.0,0.0,0.0,0.0,0.0,0.0,0.0,0.0,0.0,0.0,0.0,0.0,0.0,0.0,0.0,0.0,0.0,0.0,2025-10-08 17:50:36
1821,3,John Stephens Jr.,DAL,0.0,0.0,0.0,0.0,0.0,0.0,0.0,0.0,0.0,0.0,0.0,0.0,0.0,0.0,0.0,0.0,0.0,0.0,0.0,0.0,2025-10-08 17:50:36
1822,3,Gavin Bartholomew,MIN,0.0,0.0,0.0,0.0,0.0,0.0,0.0,0.0,0.0,0.0,0.0,0.0,0.0,0.0,0.0,0.0,0.0,0.0,0.0,0.0,2025-10-08 17:50:36
1823,3,Jared Wiley,KC,0.0,0.0,0.0,0.0,0.0,0.0,0.0,0.0,0.0,0.0,0.0,0.0,0.0,0.0,0.0,0.0,0.0,0.0,0.0,0.0,2025-10-08 17:50:36
1824,3,Cam Grandy,CIN,0.0,0.0,0.0,0.0,0.0,0.0,0.0,0.0,0.0,0.0,0.0,0.0,0.0,0.0,0.0,0.0,0.0,0.0,0.0,0.0,2025-10-08 17:50:36
1825,3,Jack Westover,NE,0.0,0.0,0.0,0.0,0.0,0.0,0.0,0.0,0.0,0.0,0.0,0.0,0.0,0.0,0.0,0.0,0.0,0.0,0.0,0.0,2025-10-08 17:50:36
1826,3,Brenden Bates,HOU,0.0,0.0,0.0,0.0,0.0,0.0,0.0,0.0,0.0,0.0,0.0,0.0,0.0,0.0,0.0,0.0,0.0,0.0,0.0,0.0,2025-10-08 17:50:36
1827,3,Devin Culp,TB,0.0,0.0,0.0,0.0,0.0,0.0,0.0,0.0,0.0,0.0,0.0,0.0,0.0,0.0,0.0,0.0,0.0,0.0,0.0,0.0,2025-10-08 17:50:36
1828,3,David Martin-Robinson,TEN,0.0,0.0,0.0,0.0,0.0,0.0,0.0,0.0,0.0,0.0,0.0,0.0,0.0,0.0,0.0,0.0,0.0,0.0,0.0,0.0,2025-10-08 17:50:36
1829,3,Chase McLaughlin,TB,0.0,0.0,0.0,0.0,0.0,0.0,0.0,0.0,0.0,0.0,0.0,0.0,0.0,0.0,0.0,0.0,0.0,0.0,0.0,8.4,2025-10-08 17:50:36
1830,3,Matt Prater,BUF,0.0,0.0,0.0,0.0,0.0,0.0,0.0,0.0,0.0,0.0,0.0,0.0,0.0,0.0,0.0,0.0,0.0,0.0,0.0,8.4,2025-10-08 17:50:36
1831,3,Brandon Aubrey,DAL,0.0,0.0,0.0,0.0,0.0,0.0,0.0,0.0,0.0,0.0,0.0,0.0,0.0,0.0,0.0,0.0,0.0,0.0,0.0,8.4,2025-10-08 17:50:36
1832,3,Brandon McManus,GB,0.0,0.0,0.0,0.0,0.0,0.0,0.0,0.0,0.0,0.0,0.0,0.0,0.0,0.0,0.0,0.0,0.0,0.0,0.0,8.2,2025-10-08 17:50:36
1833,3,Jake Bates,DET,0.0,0.0,0.0,0.0,0.0,0.0,0.0,0.0,0.0,0.0,0.0,0.0,0.0,0.0,0.0,0.0,0.0,0.0,0.0,8.1,2025-10-08 17:50:36
1834,3,Cameron Dicker,LAC,0.0,0.0,0.0,0.0,0.0,0.0,0.0,0.0,0.0,0.0,0.0,0.0,0.0,0.0,0.0,0.0,0.0,0.0,0.0,8.1,2025-10-08 17:50:36
1835,3,Tyler Loop,BAL,0.0,0.0,0.0,0.0,0.0,0.0,0.0,0.0,0.0,0.0,0.0,0.0,0.0,0.0,0.0,0.0,0.0,0.0,0.0,8.0,2025-10-08 17:50:36
1836,3,Chris Boswell,PIT,0.0,0.0,0.0,0.0,0.0,0.0,0.0,0.0,0.0,0.0,0.0,0.0,0.0,0.0,0.0,0.0,0.0,0.0,0.0,7.9,2025-10-08 17:50:36
1837,3,Jason Myers,SEA,0.0,0.0,0.0,0.0,0.0,0.0,0.0,0.0,0.0,0.0,0.0,0.0,0.0,0.0,0.0,0.0,0.0,0.0,0.0,7.9,2025-10-08 17:50:36
1838,3,Parker Romo,ATL,0.0,0.0,0.0,0.0,0.0,0.0,0.0,0.0,0.0,0.0,0.0,0.0,0.0,0.0,0.0,0.0,0.0,0.0,0.0,7.9,2025-10-08 17:50:36
1839,3,Eddy Pineiro,SF,0.0,0.0,0.0,0.0,0.0,0.0,0.0,0.0,0.0,0.0,0.0,0.0,0.0,0.0,0.0,0.0,0.0,0.0,0.0,7.8,2025-10-08 17:50:36
1840,3,Cairo Santos,CHI,0.0,0.0,0.0,0.0,0.0,0.0,0.0,0.0,0.0,0.0,0.0,0.0,0.0,0.0,0.0,0.0,0.0,0.0,0.0,7.8,2025-10-08 17:50:36
1841,3,Jake Elliott,PHI,0.0,0.0,0.0,0.0,0.0,0.0,0.0,0.0,0.0,0.0,0.0,0.0,0.0,0.0,0.0,0.0,0.0,0.0,0.0,7.8,2025-10-08 17:50:36
1842,3,Harrison Butker,KC,0.0,0.0,0.0,0.0,0.0,0.0,0.0,0.0,0.0,0.0,0.0,0.0,0.0,0.0,0.0,0.0,0.0,0.0,0.0,7.6,2025-10-08 17:50:36
1843,3,Matt Gay,WAS,0.0,0.0,0.0,0.0,0.0,0.0,0.0,0.0,0.0,0.0,0.0,0.0,0.0,0.0,0.0,0.0,0.0,0.0,0.0,7.6,2025-10-08 17:50:36
1844,3,Will Reichard,MIN,0.0,0.0,0.0,0.0,0.0,0.0,0.0,0.0,0.0,0.0,0.0,0.0,0.0,0.0,0.0,0.0,0.0,0.0,0.0,7.5,2025-10-08 17:50:36
1845,3,Cam Little,JAC,0.0,0.0,0.0,0.0,0.0,0.0,0.0,0.0,0.0,0.0,0.0,0.0,0.0,0.0,0.0,0.0,0.0,0.0,0.0,7.4,2025-10-08 17:50:36
1846,3,Wil Lutz,DEN,0.0,0.0,0.0,0.0,0.0,0.0,0.0,0.0,0.0,0.0,0.0,0.0,0.0,0.0,0.0,0.0,0.0,0.0,0.0,7.3,2025-10-08 17:50:36
1847,3,Ka'imi Fairbairn,HOU,0.0,0.0,0.0,0.0,0.0,0.0,0.0,0.0,0.0,0.0,0.0,0.0,0.0,0.0,0.0,0.0,0.0,0.0,0.0,7.3,2025-10-08 17:50:36
1848,3,Joshua Karty,LAR,0.0,0.0,0.0,0.0,0.0,0.0,0.0,0.0,0.0,0.0,0.0,0.0,0.0,0.0,0.0,0.0,0.0,0.0,0.0,7.2,2025-10-08 17:50:36
1849,3,Chad Ryland,ARI,0.0,0.0,0.0,0.0,0.0,0.0,0.0,0.0,0.0,0.0,0.0,0.0,0.0,0.0,0.0,0.0,0.0,0.0,0.0,7.2,2025-10-08 17:50:36
1850,3,Daniel Carlson,LV,0.0,0.0,0.0,0.0,0.0,0.0,0.0,0.0,0.0,0.0,0.0,0.0,0.0,0.0,0.0,0.0,0.0,0.0,0.0,7.1,2025-10-08 17:50:36
1851,3,Nick Folk,NYJ,0.0,0.0,0.0,0.0,0.0,0.0,0.0,0.0,0.0,0.0,0.0,0.0,0.0,0.0,0.0,0.0,0.0,0.0,0.0,7.0,2025-10-08 17:50:36
1852,3,Andy Borregales,NE,0.0,0.0,0.0,0.0,0.0,0.0,0.0,0.0,0.0,0.0,0.0,0.0,0.0,0.0,0.0,0.0,0.0,0.0,0.0,6.9,2025-10-08 17:50:36
1853,3,Evan McPherson,CIN,0.0,0.0,0.0,0.0,0.0,0.0,0.0,0.0,0.0,0.0,0.0,0.0,0.0,0.0,0.0,0.0,0.0,0.0,0.0,6.9,2025-10-08 17:50:36
1854,3,Joey Slye,TEN,0.0,0.0,0.0,0.0,0.0,0.0,0.0,0.0,0.0,0.0,0.0,0.0,0.0,0.0,0.0,0.0,0.0,0.0,0.0,6.9,2025-10-08 17:50:36
1855,3,Ryan Fitzgerald,CAR,0.0,0.0,0.0,0.0,0.0,0.0,0.0,0.0,0.0,0.0,0.0,0.0,0.0,0.0,0.0,0.0,0.0,0.0,0.0,6.7,2025-10-08 17:50:36
1856,3,Graham Gano,NYG,0.0,0.0,0.0,0.0,0.0,0.0,0.0,0.0,0.0,0.0,0.0,0.0,0.0,0.0,0.0,0.0,0.0,0.0,0.0,6.7,2025-10-08 17:50:36
1857,3,Blake Grupe,NO,0.0,0.0,0.0,0.0,0.0,0.0,0.0,0.0,0.0,0.0,0.0,0.0,0.0,0.0,0.0,0.0,0.0,0.0,0.0,6.6,2025-10-08 17:50:36
1858,3,Riley Patterson,MIA,0.0,0.0,0.0,0.0,0.0,0.0,0.0,0.0,0.0,0.0,0.0,0.0,0.0,0.0,0.0,0.0,0.0,0.0,0.0,6.6,2025-10-08 17:50:36
1859,3,Andre Szmyt,CLE,0.0,0.0,0.0,0.0,0.0,0.0,0.0,0.0,0.0,0.0,0.0,0.0,0.0,0.0,0.0,0.0,0.0,0.0,0.0,5.8,2025-10-08 17:50:36
1860,3,Younghoe Koo,NYG,0.0,0.0,0.0,0.0,0.0,0.0,0.0,0.0,0.0,0.0,0.0,0.0,0.0,0.0,0.0,0.0,0.0,0.0,0.0,0.0,2025-10-08 17:50:36
1861,3,Jason Sanders,MIA,0.0,0.0,0.0,0.0,0.0,0.0,0.0,0.0,0.0,0.0,0.0,0.0,0.0,0.0,0.0,0.0,0.0,0.0,0.0,0.0,2025-10-08 17:50:36
1862,3,Matthew Wright,TEN,0.0,0.0,0.0,0.0,0.0,0.0,0.0,0.0,0.0,0.0,0.0,0.0,0.0,0.0,0.0,0.0,0.0,0.0,0.0,0.0,2025-10-08 17:50:36
1863,3,Tyler Bass,BUF,0.0,0.0,0.0,0.0,0.0,0.0,0.0,0.0,0.0,0.0,0.0,0.0,0.0,0.0,0.0,0.0,0.0,0.0,0.0,0.0,2025-10-08 17:50:36
1864,3,Jake Moody,CHI,0.0,0.0,0.0,0.0,0.0,0.0,0.0,0.0,0.0,0.0,0.0,0.0,0.0,0.0,0.0,0.0,0.0,0.0,0.0,0.0,2025-10-08 17:50:36
1865,3,Jude McAtamney,NYG,0.0,0.0,0.0,0.0,0.0,0.0,0.0,0.0,0.0,0.0,0.0,0.0,0.0,0.0,0.0,0.0,0.0,0.0,0.0,0.0,2025-10-08 17:50:36
1866,3,Vikings D/ST,Vikings D/ST,0.0,0.0,0.0,0.0,0.0,0.0,0.0,0.0,0.0,0.0,0.0,0.0,3.3,0.9,0.5,0.2,0.0,19.5,340.1,8.0,2025-10-08 17:50:36
1867,3,Packers D/ST,Packers D/ST,0.0,0.0,0.0,0.0,0.0,0.0,0.0,0.0,0.0,0.0,0.0,0.0,2.7,0.9,0.5,0.2,0.0,16.8,318.0,7.6,2025-10-08 17:50:36
1868,3,Chiefs D/ST,Chiefs D/ST,0.0,0.0,0.0,0.0,0.0,0.0,0.0,0.0,0.0,0.0,0.0,0.0,3.1,0.7,0.6,0.2,0.0,19.6,334.5,7.5,2025-10-08 17:50:36
1869,3,Bills D/ST,Bills D/ST,0.0,0.0,0.0,0.0,0.0,0.0,0.0,0.0,0.0,0.0,0.0,0.0,2.6,0.8,0.6,0.2,0.0,19.0,365.5,7.5,2025-10-08 17:50:36
1870,3,Commanders D/ST,Commanders D/ST,0.0,0.0,0.0,0.0,0.0,0.0,0.0,0.0,0.0,0.0,0.0,0.0,2.9,0.9,0.5,0.1,0.0,19.9,344.9,7.5,2025-10-08 17:50:36
1871,3,Buccaneers D/ST,Buccaneers D/ST,0.0,0.0,0.0,0.0,0.0,0.0,0.0,0.0,0.0,0.0,0.0,0.0,2.8,0.7,0.6,0.2,0.0,19.8,322.5,7.3,2025-10-08 17:50:36
1872,3,Colts D/ST,Colts D/ST,0.0,0.0,0.0,0.0,0.0,0.0,0.0,0.0,0.0,0.0,0.0,0.0,2.8,0.7,0.5,0.2,0.0,19.9,324.0,7.2,2025-10-08 17:50:36
1873,3,Falcons D/ST,Falcons D/ST,0.0,0.0,0.0,0.0,0.0,0.0,0.0,0.0,0.0,0.0,0.0,0.0,2.6,0.8,0.6,0.1,0.0,19.6,305.2,7.1,2025-10-08 17:50:36
1874,3,Seahawks D/ST,Seahawks D/ST,0.0,0.0,0.0,0.0,0.0,0.0,0.0,0.0,0.0,0.0,0.0,0.0,2.5,0.8,0.5,0.2,0.0,17.5,309.7,7.0,2025-10-08 17:50:36
1875,3,Steelers D/ST,Steelers D/ST,0.0,0.0,0.0,0.0,0.0,0.0,0.0,0.0,0.0,0.0,0.0,0.0,2.9,0.7,0.6,0.2,0.0,21.8,334.4,6.6,2025-10-08 17:50:36
1876,3,Jaguars D/ST,Jaguars D/ST,0.0,0.0,0.0,0.0,0.0,0.0,0.0,0.0,0.0,0.0,0.0,0.0,3.1,0.7,0.5,0.1,0.0,20.5,338.0,6.3,2025-10-08 17:50:36
1877,3,Bengals D/ST,Bengals D/ST,0.0,0.0,0.0,0.0,0.0,0.0,0.0,0.0,0.0,0.0,0.0,0.0,2.9,0.8,0.5,0.1,0.0,21.8,313.7,6.3,2025-10-08 17:50:36
1878,3,Cowboys D/ST,Cowboys D/ST,0.0,0.0,0.0,0.0,0.0,0.0,0.0,0.0,0.0,0.0,0.0,0.0,3.2,0.6,0.5,0.1,0.0,25.1,340.7,6.1,2025-10-08 17:50:36
1879,3,Raiders D/ST,Raiders D/ST,0.0,0.0,0.0,0.0,0.0,0.0,0.0,0.0,0.0,0.0,0.0,0.0,2.8,0.8,0.5,0.1,0.0,22.8,350.0,5.9,2025-10-08 17:50:36
1880,3,Eagles D/ST,Eagles D/ST,0.0,0.0,0.0,0.0,0.0,0.0,0.0,0.0,0.0,0.0,0.0,0.0,2.4,0.8,0.5,0.2,0.0,21.9,348.5,5.9,2025-10-08 17:50:36
1881,3,Patriots D/ST,Patriots D/ST,0.0,0.0,0.0,0.0,0.0,0.0,0.0,0.0,0.0,0.0,0.0,0.0,2.6,0.7,0.5,0.1,0.0,22.4,336.5,5.8,2025-10-08 17:50:36
1882,3,Broncos D/ST,Broncos D/ST,0.0,0.0,0.0,0.0,0.0,0.0,0.0,0.0,0.0,0.0,0.0,0.0,2.9,0.5,0.5,0.1,0.0,23.2,336.8,5.7,2025-10-08 17:50:36
1883,3,49ers D/ST,49ers D/ST,0.0,0.0,0.0,0.0,0.0,0.0,0.0,0.0,0.0,0.0,0.0,0.0,2.4,0.7,0.6,0.1,0.0,21.8,335.1,5.7,2025-10-08 17:50:36
1884,3,Rams D/ST,Rams D/ST,0.0,0.0,0.0,0.0,0.0,0.0,0.0,0.0,0.0,0.0,0.0,0.0,2.8,0.6,0.5,0.1,0.0,24.4,338.1,5.7,2025-10-08 17:50:36
1885,3,Cardinals D/ST,Cardinals D/ST,0.0,0.0,0.0,0.0,0.0,0.0,0.0,0.0,0.0,0.0,0.0,0.0,2.3,0.8,0.4,0.1,0.0,23.4,317.7,5.6,2025-10-08 17:50:36
1886,3,Texans D/ST,Texans D/ST,0.0,0.0,0.0,0.0,0.0,0.0,0.0,0.0,0.0,0.0,0.0,0.0,2.1,0.8,0.5,0.2,0.0,21.8,339.5,5.5,2025-10-08 17:50:36
1887,3,Saints D/ST,Saints D/ST,0.0,0.0,0.0,0.0,0.0,0.0,0.0,0.0,0.0,0.0,0.0,0.0,2.5,0.7,0.4,0.1,0.0,23.0,339.7,5.5,2025-10-08 17:50:36
1888,3,Giants D/ST,Giants D/ST,0.0,0.0,0.0,0.0,0.0,0.0,0.0,0.0,0.0,0.0,0.0,0.0,2.4,0.7,0.5,0.1,0.0,24.4,350.9,5.4,2025-10-08 17:50:36
1889,3,Chicago Bears,Chicago Bears,0.0,0.0,0.0,0.0,0.0,0.0,0.0,0.0,0.0,0.0,0.0,0.0,2.2,0.7,0.5,0.1,0.0,25.3,372.5,5.4,2025-10-08 17:50:36
1890,3,Jets D/ST,Jets D/ST,0.0,0.0,0.0,0.0,0.0,0.0,0.0,0.0,0.0,0.0,0.0,0.0,2.4,0.7,0.5,0.1,0.0,25.7,355.2,5.4,2025-10-08 17:50:36
1891,3,Ravens D/ST,Ravens D/ST,0.0,0.0,0.0,0.0,0.0,0.0,0.0,0.0,0.0,0.0,0.0,0.0,2.1,0.7,0.4,0.2,0.0,24.4,387.8,5.3,2025-10-08 17:50:36
1892,3,Chargers D/ST,Chargers D/ST,0.0,0.0,0.0,0.0,0.0,0.0,0.0,0.0,0.0,0.0,0.0,0.0,1.8,0.8,0.4,0.1,0.0,21.6,332.9,5.2,2025-10-08 17:50:36
1893,3,Titans D/ST,Titans D/ST,0.0,0.0,0.0,0.0,0.0,0.0,0.0,0.0,0.0,0.0,0.0,0.0,2.3,0.6,0.5,0.1,0.0,23.3,332.9,5.1,2025-10-08 17:50:36
1894,3,Lions D/ST,Lions D/ST,0.0,0.0,0.0,0.0,0.0,0.0,0.0,0.0,0.0,0.0,0.0,0.0,2.1,0.6,0.4,0.1,0.0,26.5,388.6,4.9,2025-10-08 17:50:36
1895,3,Browns D/ST,Browns D/ST,0.0,0.0,0.0,0.0,0.0,0.0,0.0,0.0,0.0,0.0,0.0,0.0,1.8,0.6,0.5,0.1,0.0,24.2,343.7,4.7,2025-10-08 17:50:36
1896,3,Panthers D/ST,Panthers D/ST,0.0,0.0,0.0,0.0,0.0,0.0,0.0,0.0,0.0,0.0,0.0,0.0,1.8,0.7,0.4,0.1,0.0,23.3,364.7,4.7,2025-10-08 17:50:36
1897,3,Dolphins D/ST,Dolphins D/ST,0.0,0.0,0.0,0.0,0.0,0.0,0.0,0.0,0.0,0.0,0.0,0.0,2.0,0.6,0.4,0.1,0.0,30.5,373.1,4.7,2025-10-08 17:50:36
1898,4,Josh Allen,BUF,31.1,20.1,241.9,1.8,0.5,7.1,36.2,0.6,0.0,0.0,0.0,0.2,0.0,0.0,0.0,0.0,0.0,0.0,0.0,23.6,2025-10-08 17:50:36
1899,4,Lamar Jackson,BAL,28.8,19.3,234.8,1.9,0.4,7.9,49.5,0.3,0.0,0.0,0.0,0.2,0.0,0.0,0.0,0.0,0.0,0.0,0.0,22.7,2025-10-08 17:50:36
1900,4,Jalen Hurts,PHI,27.0,18.3,201.0,1.2,0.4,9.2,37.0,0.8,0.0,0.0,0.0,0.2,0.0,0.0,0.0,0.0,0.0,0.0,0.0,20.6,2025-10-08 17:50:36
1901,4,Justin Herbert,LAC,32.1,21.4,253.3,1.7,0.5,5.3,22.8,0.2,0.0,0.0,0.0,0.2,0.0,0.0,0.0,0.0,0.0,0.0,0.0,19.3,2025-10-08 17:50:36
1902,4,Patrick Mahomes,KC,36.0,23.6,243.9,1.5,0.6,5.2,27.0,0.2,0.0,0.0,0.0,0.2,0.0,0.0,0.0,0.0,0.0,0.0,0.0,19.1,2025-10-08 17:50:36
1903,4,Drake Maye,NE,32.9,22.3,227.2,1.6,0.7,6.0,35.9,0.2,0.0,0.0,0.0,0.3,0.0,0.0,0.0,0.0,0.0,0.0,0.0,19.1,2025-10-08 17:50:36
1904,4,Bo Nix,DEN,33.0,21.8,216.1,1.8,0.7,5.7,26.7,0.2,0.0,0.0,0.0,0.2,0.0,0.0,0.0,0.0,0.0,0.0,0.0,18.6,2025-10-08 17:50:36
1905,4,Brock Purdy,SF,31.6,21.2,263.6,1.6,0.8,3.5,14.8,0.2,0.0,0.0,0.0,0.2,0.0,0.0,0.0,0.0,0.0,0.0,0.0,18.5,2025-10-08 17:50:36
1906,4,Caleb Williams,CHI,33.0,21.3,226.7,1.6,0.6,5.5,30.9,0.2,0.0,0.0,0.0,0.2,0.0,0.0,0.0,0.0,0.0,0.0,0.0,18.4,2025-10-08 17:50:36
1907,4,Jordan Love,GB,30.3,20.0,251.6,1.8,0.7,2.9,12.8,0.1,0.0,0.0,0.0,0.1,0.0,0.0,0.0,0.0,0.0,0.0,0.0,18.3,2025-10-08 17:50:36
1908,4,Justin Fields,NYJ,28.6,18.3,197.0,1.2,0.7,8.2,44.5,0.4,0.0,0.0,0.0,0.2,0.0,0.0,0.0,0.0,0.0,0.0,0.0,18.3,2025-10-08 17:50:36
1909,4,Daniel Jones,IND,31.5,20.2,228.2,1.3,0.6,5.8,26.3,0.4,0.0,0.0,0.0,0.3,0.0,0.0,0.0,0.0,0.0,0.0,0.0,17.8,2025-10-08 17:50:36
1910,4,Baker Mayfield,TB,32.6,21.7,231.4,1.7,0.8,4.9,22.7,0.1,0.0,0.0,0.0,0.2,0.0,0.0,0.0,0.0,0.0,0.0,0.0,17.8,2025-10-08 17:50:36
1911,4,Jared Goff,DET,30.9,21.5,250.0,1.9,0.6,1.9,4.3,0.0,0.0,0.0,0.0,0.2,0.0,0.0,0.0,0.0,0.0,0.0,0.0,17.3,2025-10-08 17:50:36
1912,4,Kyler Murray,ARI,31.5,21.4,210.3,1.3,0.6,5.7,33.4,0.2,0.0,0.0,0.0,0.2,0.0,0.0,0.0,0.0,0.0,0.0,0.0,17.2,2025-10-08 17:50:36
1913,4,Geno Smith,LV,33.6,22.8,256.7,1.5,0.8,3.1,13.8,0.1,0.0,0.0,0.0,0.2,0.0,0.0,0.0,0.0,0.0,0.0,0.0,17.0,2025-10-08 17:50:36
1914,4,C.J. Stroud,HOU,31.7,20.5,227.6,1.4,0.7,4.4,19.8,0.1,0.0,0.0,0.0,0.2,0.0,0.0,0.0,0.0,0.0,0.0,0.0,16.3,2025-10-08 17:50:36
1915,4,Matthew Stafford,LAR,32.7,21.8,249.0,1.6,0.6,1.3,3.5,0.0,0.0,0.0,0.0,0.2,0.0,0.0,0.0,0.0,0.0,0.0,0.0,16.1,2025-10-08 17:50:36
1916,4,Trevor Lawrence,JAC,33.8,20.9,227.1,1.4,0.8,2.8,13.2,0.2,0.0,0.0,0.0,0.2,0.0,0.0,0.0,0.0,0.0,0.0,0.0,15.5,2025-10-08 17:50:36
1917,4,Dak Prescott,DAL,35.8,24.0,238.9,1.4,0.8,2.1,8.5,0.1,0.0,0.0,0.0,0.2,0.0,0.0,0.0,0.0,0.0,0.0,0.0,15.3,2025-10-08 17:50:36
1918,4,Michael Penix Jr.,ATL,31.9,19.4,231.1,1.2,0.7,3.5,12.7,0.1,0.0,0.0,0.0,0.2,0.0,0.0,0.0,0.0,0.0,0.0,0.0,15.1,2025-10-08 17:50:36
1919,4,Jaxson Dart,NYG,32.6,20.1,211.9,1.1,0.8,4.4,22.4,0.2,0.0,0.0,0.0,0.2,0.0,0.0,0.0,0.0,0.0,0.0,0.0,15.0,2025-10-08 17:50:36
1920,4,Tua Tagovailoa,MIA,33.0,22.9,235.2,1.6,0.9,1.7,5.6,0.0,0.0,0.0,0.0,0.3,0.0,0.0,0.0,0.0,0.0,0.0,0.0,15.0,2025-10-08 17:50:36
1921,4,Carson Wentz,MIN,31.5,20.5,223.3,1.4,0.8,3.1,11.3,0.1,0.0,0.0,0.0,0.2,0.0,0.0,0.0,0.0,0.0,0.0,0.0,14.9,2025-10-08 17:50:36
1922,4,Sam Darnold,SEA,31.6,20.9,232.0,1.4,0.8,2.5,8.7,0.1,0.0,0.0,0.0,0.2,0.0,0.0,0.0,0.0,0.0,0.0,0.0,14.8,2025-10-08 17:50:36
1923,4,Bryce Young,CAR,32.0,20.0,205.5,1.3,0.8,3.0,16.9,0.2,0.0,0.0,0.0,0.2,0.0,0.0,0.0,0.0,0.0,0.0,0.0,14.7,2025-10-08 17:50:36
1924,4,Jake Browning,CIN,32.0,21.7,231.0,1.3,1.0,1.9,8.7,0.1,0.0,0.0,0.0,0.1,0.0,0.0,0.0,0.0,0.0,0.0,0.0,14.6,2025-10-08 17:50:36
1925,4,Marcus Mariota,WAS,23.3,15.4,179.2,1.1,0.5,4.5,23.8,0.2,0.0,0.0,0.0,0.2,0.0,0.0,0.0,0.0,0.0,0.0,0.0,14.3,2025-10-08 17:50:36
1926,4,Spencer Rattler,NO,33.9,21.0,203.2,1.1,0.7,3.4,19.4,0.1,0.0,0.0,0.0,0.3,0.0,0.0,0.0,0.0,0.0,0.0,0.0,13.6,2025-10-08 17:50:36
1927,4,Aaron Rodgers,PIT,30.2,19.2,200.2,1.3,0.6,1.7,6.7,0.0,0.0,0.0,0.0,0.1,0.0,0.0,0.0,0.0,0.0,0.0,0.0,13.2,2025-10-08 17:50:36
1928,4,Cam Ward,TEN,31.6,18.6,202.5,1.1,0.7,3.0,12.0,0.1,0.0,0.0,0.0,0.3,0.0,0.0,0.0,0.0,0.0,0.0,0.0,12.8,2025-10-08 17:50:36
1929,4,Joe Flacco,CIN,33.4,21.1,228.8,1.2,1.0,0.8,3.0,0.0,0.0,0.0,0.0,0.3,0.0,0.0,0.0,0.0,0.0,0.0,0.0,12.8,2025-10-08 17:50:36
1930,4,Dillon Gabriel,CLE,3.7,2.2,22.8,0.1,0.1,0.4,1.4,0.0,0.0,0.0,0.0,0.0,0.0,0.0,0.0,0.0,0.0,0.0,0.0,1.3,2025-10-08 17:50:36
1931,4,Jalen Milroe,SEA,0.4,0.3,2.9,0.0,0.0,1.1,4.9,0.1,0.0,0.0,0.0,0.0,0.0,0.0,0.0,0.0,0.0,0.0,0.0,0.9,2025-10-08 17:50:36
1932,4,Mac Jones,SF,0.7,0.4,5.3,0.1,0.0,0.2,0.6,0.0,0.0,0.0,0.0,0.0,0.0,0.0,0.0,0.0,0.0,0.0,0.0,0.5,2025-10-08 17:50:36
1933,4,Anthony Richardson Sr.,IND,0.6,0.4,4.9,0.1,0.0,0.2,0.7,0.0,0.0,0.0,0.0,0.0,0.0,0.0,0.0,0.0,0.0,0.0,0.0,0.5,2025-10-08 17:50:36
1934,4,Malik Willis,GB,0.6,0.4,4.9,0.1,0.0,0.2,0.7,0.0,0.0,0.0,0.0,0.0,0.0,0.0,0.0,0.0,0.0,0.0,0.0,0.5,2025-10-08 17:50:36
1935,4,Zach Wilson,MIA,0.7,0.5,4.7,0.1,0.0,0.2,0.7,0.0,0.0,0.0,0.0,0.0,0.0,0.0,0.0,0.0,0.0,0.0,0.0,0.5,2025-10-08 17:50:36
1936,4,Tyson Bagent,CHI,0.7,0.5,4.7,0.1,0.0,0.2,0.7,0.0,0.0,0.0,0.0,0.0,0.0,0.0,0.0,0.0,0.0,0.0,0.0,0.5,2025-10-08 17:50:36
1937,4,Joshua Dobbs,NE,0.7,0.5,4.6,0.1,0.0,0.2,0.7,0.0,0.0,0.0,0.0,0.0,0.0,0.0,0.0,0.0,0.0,0.0,0.0,0.4,2025-10-08 17:50:36
1938,4,Mitchell Trubisky,BUF,0.7,0.4,5.0,0.1,0.0,0.2,0.5,0.0,0.0,0.0,0.0,0.0,0.0,0.0,0.0,0.0,0.0,0.0,0.0,0.4,2025-10-08 17:50:36
1939,4,Tyler Shough,NO,0.9,0.5,5.0,0.1,0.0,0.1,0.5,0.0,0.0,0.0,0.0,0.0,0.0,0.0,0.0,0.0,0.0,0.0,0.0,0.4,2025-10-08 17:50:36
1940,4,Kenny Pickett,LV,0.7,0.5,4.8,0.1,0.0,0.1,0.5,0.0,0.0,0.0,0.0,0.0,0.0,0.0,0.0,0.0,0.0,0.0,0.0,0.4,2025-10-08 17:50:36
1941,4,Jarrett Stidham,DEN,0.7,0.5,4.5,0.1,0.0,0.2,0.6,0.0,0.0,0.0,0.0,0.0,0.0,0.0,0.0,0.0,0.0,0.0,0.0,0.4,2025-10-08 17:50:36
1942,4,Jacoby Brissett,ARI,0.7,0.5,4.2,0.1,0.0,0.2,0.7,0.0,0.0,0.0,0.0,0.0,0.0,0.0,0.0,0.0,0.0,0.0,0.0,0.4,2025-10-08 17:50:36
1943,4,Drew Lock,SEA,0.7,0.5,4.7,0.1,0.0,0.1,0.5,0.0,0.0,0.0,0.0,0.0,0.0,0.0,0.0,0.0,0.0,0.0,0.0,0.4,2025-10-08 17:50:36
1944,4,Joe Milton III,DAL,0.8,0.5,4.6,0.1,0.0,0.2,0.5,0.0,0.0,0.0,0.0,0.0,0.0,0.0,0.0,0.0,0.0,0.0,0.0,0.4,2025-10-08 17:50:36
1945,4,Cooper Rush,BAL,0.6,0.4,4.6,0.1,0.0,0.2,0.5,0.0,0.0,0.0,0.0,0.0,0.0,0.0,0.0,0.0,0.0,0.0,0.0,0.4,2025-10-08 17:50:36
1946,4,Jimmy Garoppolo,LAR,0.6,0.5,5.0,0.1,0.0,0.1,0.3,0.0,0.0,0.0,0.0,0.0,0.0,0.0,0.0,0.0,0.0,0.0,0.0,0.4,2025-10-08 17:50:36
1947,4,Nick Mullens,JAC,0.7,0.5,4.3,0.1,0.0,0.1,0.6,0.0,0.0,0.0,0.0,0.0,0.0,0.0,0.0,0.0,0.0,0.0,0.0,0.4,2025-10-08 17:50:36
1948,4,Davis Mills,HOU,0.7,0.4,4.4,0.1,0.0,0.1,0.5,0.0,0.0,0.0,0.0,0.0,0.0,0.0,0.0,0.0,0.0,0.0,0.0,0.4,2025-10-08 17:50:36
1949,4,Kirk Cousins,ATL,0.7,0.4,4.7,0.1,0.0,0.2,0.4,0.0,0.0,0.0,0.0,0.0,0.0,0.0,0.0,0.0,0.0,0.0,0.0,0.4,2025-10-08 17:50:36
1950,4,Tyrod Taylor,NYJ,0.6,0.4,4.1,0.1,0.0,0.1,0.5,0.0,0.0,0.0,0.0,0.0,0.0,0.0,0.0,0.0,0.0,0.0,0.0,0.4,2025-10-08 17:50:36
1951,4,Andy Dalton,CAR,0.7,0.4,4.2,0.1,0.0,0.1,0.5,0.0,0.0,0.0,0.0,0.0,0.0,0.0,0.0,0.0,0.0,0.0,0.0,0.4,2025-10-08 17:50:36
1952,4,Mason Rudolph,PIT,0.6,0.4,3.6,0.1,0.0,0.1,0.4,0.0,0.0,0.0,0.0,0.0,0.0,0.0,0.0,0.0,0.0,0.0,0.0,0.4,2025-10-08 17:50:36
1953,4,Tanner McKee,PHI,0.5,0.4,3.6,0.1,0.0,0.2,0.3,0.0,0.0,0.0,0.0,0.0,0.0,0.0,0.0,0.0,0.0,0.0,0.0,0.4,2025-10-08 17:50:36
1954,4,Kyle Allen,DET,0.3,0.3,4.1,0.1,0.0,0.1,0.1,0.0,0.0,0.0,0.0,0.0,0.0,0.0,0.0,0.0,0.0,0.0,0.0,0.4,2025-10-08 17:50:36
1955,4,Gardner Minshew,KC,0.7,0.5,4.8,0.1,0.0,0.2,0.5,0.0,0.0,0.0,0.0,0.1,0.0,0.0,0.0,0.0,0.0,0.0,0.0,0.3,2025-10-08 17:50:36
1956,4,Josh Johnson,WAS,1.1,0.7,6.2,0.0,0.0,0.3,0.5,0.0,0.0,0.0,0.0,0.0,0.0,0.0,0.0,0.0,0.0,0.0,0.0,0.3,2025-10-08 17:50:36
1957,4,Trey Lance,LAC,0.6,0.4,4.6,0.0,0.0,0.2,0.6,0.0,0.0,0.0,0.0,0.0,0.0,0.0,0.0,0.0,0.0,0.0,0.0,0.2,2025-10-08 17:50:36
1958,4,Russell Wilson,NYG,0.7,0.4,4.2,0.0,0.0,0.1,0.6,0.0,0.0,0.0,0.0,0.0,0.0,0.0,0.0,0.0,0.0,0.0,0.0,0.2,2025-10-08 17:50:36
1959,4,Brandon Allen,TEN,0.6,0.4,3.8,0.0,0.0,0.1,0.4,0.0,0.0,0.0,0.0,0.0,0.0,0.0,0.0,0.0,0.0,0.0,0.0,0.2,2025-10-08 17:50:36
1960,4,Teddy Bridgewater,TB,0.5,0.4,2.9,0.0,0.0,0.1,0.3,0.0,0.0,0.0,0.0,0.0,0.0,0.0,0.0,0.0,0.0,0.0,0.0,0.1,2025-10-08 17:50:36
1961,4,Case Keenum,CHI,0.0,0.0,0.0,0.0,0.0,0.0,0.0,0.0,0.0,0.0,0.0,0.0,0.0,0.0,0.0,0.0,0.0,0.0,0.0,0.0,2025-10-08 17:50:36
1962,4,Jameis Winston,NYG,0.0,0.0,0.0,0.0,0.0,0.0,0.0,0.0,0.0,0.0,0.0,0.0,0.0,0.0,0.0,0.0,0.0,0.0,0.0,0.0,2025-10-08 17:50:36
1963,4,Jayden Daniels,WAS,0.0,0.0,0.0,0.0,0.0,0.0,0.0,0.0,0.0,0.0,0.0,0.0,0.0,0.0,0.0,0.0,0.0,0.0,0.0,0.0,2025-10-08 17:50:36
1964,4,J.J. McCarthy,MIN,0.0,0.0,0.0,0.0,0.0,0.0,0.0,0.0,0.0,0.0,0.0,0.0,0.0,0.0,0.0,0.0,0.0,0.0,0.0,0.0,2025-10-08 17:50:36
1965,4,Sam Howell,PHI,0.0,0.0,0.0,0.0,0.0,0.0,0.0,0.0,0.0,0.0,0.0,0.0,0.0,0.0,0.0,0.0,0.0,0.0,0.0,0.0,2025-10-08 17:50:36
1966,4,Aidan O'Connell,LV,0.0,0.0,0.0,0.0,0.0,0.0,0.0,0.0,0.0,0.0,0.0,0.0,0.0,0.0,0.0,0.0,0.0,0.0,0.0,0.0,2025-10-08 17:50:36
1967,4,Hendon Hooker,CAR,0.0,0.0,0.0,0.0,0.0,0.0,0.0,0.0,0.0,0.0,0.0,0.0,0.0,0.0,0.0,0.0,0.0,0.0,0.0,0.0,2025-10-08 17:50:36
1968,4,Shedeur Sanders,CLE,0.0,0.0,0.0,0.0,0.0,0.0,0.0,0.0,0.0,0.0,0.0,0.0,0.0,0.0,0.0,0.0,0.0,0.0,0.0,0.0,2025-10-08 17:50:36
1969,4,Christian McCaffrey,SF,0.0,0.0,0.0,0.0,0.0,17.6,77.7,0.6,5.5,50.1,0.3,0.1,0.0,0.0,0.0,0.0,0.0,0.0,0.0,17.8,2025-10-08 17:50:36
1970,4,Jonathan Taylor,IND,0.0,0.0,0.0,0.0,0.0,19.6,91.7,0.7,2.5,19.4,0.1,0.1,0.0,0.0,0.0,0.0,0.0,0.0,0.0,16.1,2025-10-08 17:50:36
1971,4,Bijan Robinson,ATL,0.0,0.0,0.0,0.0,0.0,17.2,82.0,0.6,3.6,30.5,0.2,0.1,0.0,0.0,0.0,0.0,0.0,0.0,0.0,15.7,2025-10-08 17:50:36
1972,4,James Cook III,BUF,0.0,0.0,0.0,0.0,0.0,17.2,82.4,0.8,2.3,19.4,0.1,0.1,0.0,0.0,0.0,0.0,0.0,0.0,0.0,15.6,2025-10-08 17:50:36
1973,4,Josh Jacobs,GB,0.0,0.0,0.0,0.0,0.0,19.1,80.4,0.8,2.5,21.6,0.1,0.1,0.0,0.0,0.0,0.0,0.0,0.0,0.0,15.5,2025-10-08 17:50:36
1974,4,Jahmyr Gibbs,DET,0.0,0.0,0.0,0.0,0.0,14.6,71.7,0.7,3.5,27.9,0.2,0.1,0.0,0.0,0.0,0.0,0.0,0.0,0.0,15.2,2025-10-08 17:50:36
1975,4,Saquon Barkley,PHI,0.0,0.0,0.0,0.0,0.0,18.2,87.4,0.7,2.4,16.9,0.1,0.1,0.0,0.0,0.0,0.0,0.0,0.0,0.0,14.8,2025-10-08 17:50:36
1976,4,Derrick Henry,BAL,0.0,0.0,0.0,0.0,0.0,17.5,88.9,0.7,1.0,9.4,0.1,0.1,0.0,0.0,0.0,0.0,0.0,0.0,0.0,14.3,2025-10-08 17:50:36
1977,4,De'Von Achane,MIA,0.0,0.0,0.0,0.0,0.0,12.8,61.6,0.4,5.0,36.7,0.3,0.1,0.0,0.0,0.0,0.0,0.0,0.0,0.0,14.1,2025-10-08 17:50:36
1978,4,Kyren Williams,LAR,0.0,0.0,0.0,0.0,0.0,18.0,76.7,0.7,2.1,13.7,0.1,0.1,0.0,0.0,0.0,0.0,0.0,0.0,0.0,14.0,2025-10-08 17:50:36
1979,4,Bucky Irving,TB,0.0,0.0,0.0,0.0,0.0,16.3,75.1,0.5,3.4,25.1,0.1,0.1,0.0,0.0,0.0,0.0,0.0,0.0,0.0,13.5,2025-10-08 17:50:36
1980,4,Jordan Mason,MIN,0.0,0.0,0.0,0.0,0.0,17.6,82.4,0.5,1.7,11.9,0.0,0.1,0.0,0.0,0.0,0.0,0.0,0.0,0.0,12.7,2025-10-08 17:50:36
1981,4,J.K. Dobbins,DEN,0.0,0.0,0.0,0.0,0.0,15.3,72.5,0.7,1.8,10.2,0.1,0.1,0.0,0.0,0.0,0.0,0.0,0.0,0.0,12.4,2025-10-08 17:50:36
1982,4,Ashton Jeanty,LV,0.0,0.0,0.0,0.0,0.0,16.2,71.2,0.5,2.1,14.6,0.1,0.1,0.0,0.0,0.0,0.0,0.0,0.0,0.0,12.1,2025-10-08 17:50:36
1983,4,Cam Skattebo,NYG,0.0,0.0,0.0,0.0,0.0,14.1,62.8,0.5,3.0,22.7,0.1,0.1,0.0,0.0,0.0,0.0,0.0,0.0,0.0,11.7,2025-10-08 17:50:36
1984,4,Breece Hall,NYJ,0.0,0.0,0.0,0.0,0.0,14.4,61.7,0.3,3.0,26.0,0.1,0.1,0.0,0.0,0.0,0.0,0.0,0.0,0.0,11.3,2025-10-08 17:50:36
1985,4,Quinshon Judkins,CLE,0.0,0.0,0.0,0.0,0.0,16.1,70.6,0.5,1.7,13.0,0.0,0.1,0.0,0.0,0.0,0.0,0.0,0.0,0.0,11.3,2025-10-08 17:50:36
1986,4,Tony Pollard,TEN,0.0,0.0,0.0,0.0,0.0,18.0,74.0,0.4,2.1,14.2,0.0,0.1,0.0,0.0,0.0,0.0,0.0,0.0,0.0,11.2,2025-10-08 17:50:36
1987,4,D'Andre Swift,CHI,0.0,0.0,0.0,0.0,0.0,14.9,63.5,0.4,2.7,19.6,0.1,0.1,0.0,0.0,0.0,0.0,0.0,0.0,0.0,10.9,2025-10-08 17:50:36
1988,4,Chuba Hubbard,CAR,0.0,0.0,0.0,0.0,0.0,14.8,61.9,0.4,2.6,15.8,0.1,0.1,0.0,0.0,0.0,0.0,0.0,0.0,0.0,10.6,2025-10-08 17:50:36
1989,4,Javonte Williams,DAL,0.0,0.0,0.0,0.0,0.0,14.9,59.0,0.5,3.0,16.6,0.1,0.1,0.0,0.0,0.0,0.0,0.0,0.0,0.0,10.6,2025-10-08 17:50:36
1990,4,Chase Brown,CIN,0.0,0.0,0.0,0.0,0.0,14.4,56.6,0.4,2.9,19.7,0.1,0.1,0.0,0.0,0.0,0.0,0.0,0.0,0.0,10.5,2025-10-08 17:50:36
1991,4,Alvin Kamara,NO,0.0,0.0,0.0,0.0,0.0,14.8,61.9,0.3,3.2,20.0,0.1,0.1,0.0,0.0,0.0,0.0,0.0,0.0,0.0,10.5,2025-10-08 17:50:36
1992,4,Kenneth Walker III,SEA,0.0,0.0,0.0,0.0,0.0,12.6,53.9,0.5,2.2,16.3,0.1,0.1,0.0,0.0,0.0,0.0,0.0,0.0,0.0,10.4,2025-10-08 17:50:36
1993,4,Nick Chubb,HOU,0.0,0.0,0.0,0.0,0.0,13.8,59.7,0.5,1.4,10.7,0.1,0.1,0.0,0.0,0.0,0.0,0.0,0.0,0.0,10.2,2025-10-08 17:50:36
1994,4,Travis Etienne Jr.,JAC,0.0,0.0,0.0,0.0,0.0,14.6,61.7,0.3,2.1,15.6,0.1,0.1,0.0,0.0,0.0,0.0,0.0,0.0,0.0,10.1,2025-10-08 17:50:36
1995,4,David Montgomery,DET,0.0,0.0,0.0,0.0,0.0,11.8,48.9,0.6,1.7,13.3,0.0,0.1,0.0,0.0,0.0,0.0,0.0,0.0,0.0,9.7,2025-10-08 17:50:36
1996,4,Kenneth Gainwell,PIT,0.0,0.0,0.0,0.0,0.0,11.8,45.9,0.4,2.8,17.3,0.1,0.1,0.0,0.0,0.0,0.0,0.0,0.0,0.0,8.8,2025-10-08 17:50:36
1997,4,TreVeyon Henderson,NE,0.0,0.0,0.0,0.0,0.0,9.1,43.0,0.3,2.4,19.1,0.1,0.1,0.0,0.0,0.0,0.0,0.0,0.0,0.0,8.5,2025-10-08 17:50:36
1998,4,Rhamondre Stevenson,NE,0.0,0.0,0.0,0.0,0.0,9.6,42.9,0.3,2.1,16.3,0.1,0.1,0.0,0.0,0.0,0.0,0.0,0.0,0.0,8.0,2025-10-08 17:50:36
1999,4,Zach Charbonnet,SEA,0.0,0.0,0.0,0.0,0.0,10.1,41.4,0.3,1.3,8.6,0.0,0.0,0.0,0.0,0.0,0.0,0.0,0.0,0.0,7.1,2025-10-08 17:50:36
2000,4,Jacory Croskey-Merritt,WAS,0.0,0.0,0.0,0.0,0.0,9.3,39.0,0.3,1.4,10.5,0.1,0.1,0.0,0.0,0.0,0.0,0.0,0.0,0.0,7.0,2025-10-08 17:50:36
2001,4,Kareem Hunt,KC,0.0,0.0,0.0,0.0,0.0,8.7,31.5,0.3,1.4,9.8,0.0,0.0,0.0,0.0,0.0,0.0,0.0,0.0,0.0,6.4,2025-10-08 17:50:36
2002,4,Isiah Pacheco,KC,0.0,0.0,0.0,0.0,0.0,9.4,36.9,0.2,1.7,11.5,0.0,0.0,0.0,0.0,0.0,0.0,0.0,0.0,0.0,6.4,2025-10-08 17:50:36
2003,4,Bhayshul Tuten,JAC,0.0,0.0,0.0,0.0,0.0,7.4,30.5,0.2,1.2,9.6,0.1,0.1,0.0,0.0,0.0,0.0,0.0,0.0,0.0,5.6,2025-10-08 17:50:36
2004,4,Chris Rodriguez Jr.,WAS,0.0,0.0,0.0,0.0,0.0,7.9,33.2,0.3,0.8,6.0,0.0,0.0,0.0,0.0,0.0,0.0,0.0,0.0,0.0,5.6,2025-10-08 17:50:36
2005,4,Tyler Allgeier,ATL,0.0,0.0,0.0,0.0,0.0,7.7,34.9,0.2,0.6,4.8,0.0,0.0,0.0,0.0,0.0,0.0,0.0,0.0,0.0,5.4,2025-10-08 17:50:36
2006,4,Rico Dowdle,CAR,0.0,0.0,0.0,0.0,0.0,7.3,30.0,0.2,1.4,9.4,0.1,0.0,0.0,0.0,0.0,0.0,0.0,0.0,0.0,5.3,2025-10-08 17:50:36
2007,4,Woody Marks,HOU,0.0,0.0,0.0,0.0,0.0,6.3,27.4,0.2,1.5,12.3,0.1,0.1,0.0,0.0,0.0,0.0,0.0,0.0,0.0,5.3,2025-10-08 17:50:36
2008,4,RJ Harvey,DEN,0.0,0.0,0.0,0.0,0.0,5.9,25.4,0.2,1.7,12.6,0.1,0.1,0.0,0.0,0.0,0.0,0.0,0.0,0.0,5.1,2025-10-08 17:50:36
2009,4,Devin Singletary,NYG,0.0,0.0,0.0,0.0,0.0,6.6,30.7,0.2,1.5,9.2,0.0,0.0,0.0,0.0,0.0,0.0,0.0,0.0,0.0,5.1,2025-10-08 17:50:36
2010,4,Ollie Gordon II,MIA,0.0,0.0,0.0,0.0,0.0,7.1,28.8,0.3,0.7,5.0,0.0,0.1,0.0,0.0,0.0,0.0,0.0,0.0,0.0,5.0,2025-10-08 17:50:36
2011,4,Kaleb Johnson,PIT,0.0,0.0,0.0,0.0,0.0,8.2,30.7,0.2,0.9,6.9,0.0,0.1,0.0,0.0,0.0,0.0,0.0,0.0,0.0,5.0,2025-10-08 17:50:36
2012,4,Rachaad White,TB,0.0,0.0,0.0,0.0,0.0,5.9,24.3,0.2,1.6,11.1,0.1,0.1,0.0,0.0,0.0,0.0,0.0,0.0,0.0,4.9,2025-10-08 17:50:36
2013,4,Kyle Monangai,CHI,0.0,0.0,0.0,0.0,0.0,6.4,26.1,0.2,0.9,7.1,0.1,0.1,0.0,0.0,0.0,0.0,0.0,0.0,0.0,4.7,2025-10-08 17:50:36
2014,4,Trey Sermon,PIT,0.0,0.0,0.0,0.0,0.0,5.7,23.7,0.1,1.7,11.4,0.1,0.0,0.0,0.0,0.0,0.0,0.0,0.0,0.0,4.6,2025-10-08 17:50:36
2015,4,Jeremy McNichols,WAS,0.0,0.0,0.0,0.0,0.0,4.4,23.2,0.2,0.9,6.1,0.0,0.1,0.0,0.0,0.0,0.0,0.0,0.0,0.0,4.4,2025-10-08 17:50:36
2016,4,Miles Sanders,DAL,0.0,0.0,0.0,0.0,0.0,6.6,25.6,0.2,1.2,6.1,0.0,0.1,0.0,0.0,0.0,0.0,0.0,0.0,0.0,4.2,2025-10-08 17:50:36
2017,4,Zavier Scott,MIN,0.0,0.0,0.0,0.0,0.0,5.5,23.4,0.1,0.8,7.0,0.0,0.1,0.0,0.0,0.0,0.0,0.0,0.0,0.0,4.0,2025-10-08 17:50:36
2018,4,Blake Corum,LAR,0.0,0.0,0.0,0.0,0.0,6.3,26.6,0.2,0.3,2.1,0.0,0.0,0.0,0.0,0.0,0.0,0.0,0.0,0.0,3.9,2025-10-08 17:50:36
2019,4,Brian Robinson Jr.,SF,0.0,0.0,0.0,0.0,0.0,5.6,22.2,0.2,0.6,5.5,0.0,0.1,0.0,0.0,0.0,0.0,0.0,0.0,0.0,3.9,2025-10-08 17:50:36
2020,4,Kendre Miller,NO,0.0,0.0,0.0,0.0,0.0,5.9,24.3,0.1,0.8,4.8,0.0,0.0,0.0,0.0,0.0,0.0,0.0,0.0,0.0,3.8,2025-10-08 17:50:36
2021,4,Emari Demercado,ARI,0.0,0.0,0.0,0.0,0.0,3.9,19.7,0.1,1.4,9.1,0.0,0.0,0.0,0.0,0.0,0.0,0.0,0.0,0.0,3.7,2025-10-08 17:50:36
2022,4,Justice Hill,BAL,0.0,0.0,0.0,0.0,0.0,3.2,12.4,0.1,1.7,13.8,0.1,0.0,0.0,0.0,0.0,0.0,0.0,0.0,0.0,3.6,2025-10-08 17:50:36
2023,4,Hassan Haskins,LAC,0.0,0.0,0.0,0.0,0.0,5.0,18.7,0.2,0.6,4.9,0.1,0.1,0.0,0.0,0.0,0.0,0.0,0.0,0.0,3.6,2025-10-08 17:50:36
2024,4,Jerome Ford,CLE,0.0,0.0,0.0,0.0,0.0,2.9,12.6,0.1,2.1,13.5,0.1,0.0,0.0,0.0,0.0,0.0,0.0,0.0,0.0,3.4,2025-10-08 17:50:36
2025,4,Ray Davis,BUF,0.0,0.0,0.0,0.0,0.0,4.3,19.0,0.1,0.4,4.1,0.0,0.0,0.0,0.0,0.0,0.0,0.0,0.0,0.0,3.2,2025-10-08 17:50:36
2026,4,Ty Johnson,BUF,0.0,0.0,0.0,0.0,0.0,3.4,15.6,0.1,0.8,7.9,0.1,0.0,0.0,0.0,0.0,0.0,0.0,0.0,0.0,3.2,2025-10-08 17:50:36
2027,4,Dylan Sampson,CLE,0.0,0.0,0.0,0.0,0.0,3.1,12.6,0.1,0.8,6.3,0.0,0.0,0.0,0.0,0.0,0.0,0.0,0.0,0.0,2.5,2025-10-08 17:50:36
2028,4,Samaje Perine,CIN,0.0,0.0,0.0,0.0,0.0,3.1,13.4,0.1,0.9,7.4,0.0,0.1,0.0,0.0,0.0,0.0,0.0,0.0,0.0,2.5,2025-10-08 17:50:36
2029,4,Julius Chestnut,TEN,0.0,0.0,0.0,0.0,0.0,3.4,15.5,0.1,0.3,2.2,0.0,0.0,0.0,0.0,0.0,0.0,0.0,0.0,0.0,2.3,2025-10-08 17:50:36
2030,4,Emanuel Wilson,GB,0.0,0.0,0.0,0.0,0.0,3.0,12.8,0.1,0.3,2.5,0.0,0.0,0.0,0.0,0.0,0.0,0.0,0.0,0.0,2.2,2025-10-08 17:50:36
2031,4,Kyle Juszczyk,SF,0.0,0.0,0.0,0.0,0.0,0.3,1.2,0.1,1.0,9.6,0.1,0.0,0.0,0.0,0.0,0.0,0.0,0.0,0.0,2.1,2025-10-08 17:50:36
2032,4,Will Shipley,PHI,0.0,0.0,0.0,0.0,0.0,3.0,12.3,0.1,0.3,2.1,0.0,0.0,0.0,0.0,0.0,0.0,0.0,0.0,0.0,2.0,2025-10-08 17:50:36
2033,4,Raheem Mostert,LV,0.0,0.0,0.0,0.0,0.0,2.2,9.0,0.1,0.5,3.7,0.0,0.0,0.0,0.0,0.0,0.0,0.0,0.0,0.0,1.9,2025-10-08 17:50:36
2034,4,Chris Brooks,GB,0.0,0.0,0.0,0.0,0.0,1.5,7.5,0.0,0.8,5.9,0.0,0.0,0.0,0.0,0.0,0.0,0.0,0.0,0.0,1.8,2025-10-08 17:50:36
2035,4,LeQuint Allen Jr.,JAC,0.0,0.0,0.0,0.0,0.0,1.3,6.6,0.1,0.7,5.0,0.0,0.0,0.0,0.0,0.0,0.0,0.0,0.0,0.0,1.7,2025-10-08 17:50:36
2036,4,Cam Akers,MIN,0.0,0.0,0.0,0.0,0.0,1.7,8.0,0.1,0.3,1.6,0.1,0.0,0.0,0.0,0.0,0.0,0.0,0.0,0.0,1.6,2025-10-08 17:50:36
2037,4,Brashard Smith,KC,0.0,0.0,0.0,0.0,0.0,1.5,7.0,0.1,0.3,2.8,0.0,0.0,0.0,0.0,0.0,0.0,0.0,0.0,0.0,1.5,2025-10-08 17:50:36
2038,4,Isaiah Davis,NYJ,0.0,0.0,0.0,0.0,0.0,1.2,6.8,0.1,0.4,3.5,0.0,0.0,0.0,0.0,0.0,0.0,0.0,0.0,0.0,1.5,2025-10-08 17:50:36
2039,4,DJ Giddens,IND,0.0,0.0,0.0,0.0,0.0,2.0,8.2,0.1,0.2,1.8,0.0,0.0,0.0,0.0,0.0,0.0,0.0,0.0,0.0,1.4,2025-10-08 17:50:36
2040,4,Tyler Badie,DEN,0.0,0.0,0.0,0.0,0.0,1.6,6.0,0.0,0.8,5.9,0.0,0.1,0.0,0.0,0.0,0.0,0.0,0.0,0.0,1.4,2025-10-08 17:50:36
2041,4,George Holani,SEA,0.0,0.0,0.0,0.0,0.0,2.3,8.1,0.0,0.5,4.2,0.0,0.1,0.0,0.0,0.0,0.0,0.0,0.0,0.0,1.4,2025-10-08 17:50:36
2042,4,Tahj Brooks,CIN,0.0,0.0,0.0,0.0,0.0,1.4,8.7,0.0,0.2,1.3,0.0,0.0,0.0,0.0,0.0,0.0,0.0,0.0,0.0,1.3,2025-10-08 17:50:36
2043,4,Dylan Laube,LV,0.0,0.0,0.0,0.0,0.0,1.3,4.6,0.0,0.5,4.0,0.0,0.0,0.0,0.0,0.0,0.0,0.0,0.0,0.0,1.1,2025-10-08 17:50:36
2044,4,Zonovan Knight,ARI,0.0,0.0,0.0,0.0,0.0,1.8,6.5,0.0,0.2,1.1,0.0,0.0,0.0,0.0,0.0,0.0,0.0,0.0,0.0,1.1,2025-10-08 17:50:36
2045,4,Alec Ingold,MIA,0.0,0.0,0.0,0.0,0.0,0.4,0.9,0.1,0.7,5.4,0.0,0.0,0.0,0.0,0.0,0.0,0.0,0.0,0.0,1.0,2025-10-08 17:50:36
2046,4,Jaylen Wright,MIA,0.0,0.0,0.0,0.0,0.0,2.8,8.8,0.0,0.1,0.8,0.0,0.0,0.0,0.0,0.0,0.0,0.0,0.0,0.0,1.0,2025-10-08 17:50:36
2047,4,Sean Tucker,TB,0.0,0.0,0.0,0.0,0.0,1.2,6.0,0.1,0.1,0.4,0.0,0.0,0.0,0.0,0.0,0.0,0.0,0.0,0.0,0.9,2025-10-08 17:50:36
2048,4,Trevor Etienne,CAR,0.0,0.0,0.0,0.0,0.0,1.1,4.8,0.1,0.2,1.8,0.0,0.0,0.0,0.0,0.0,0.0,0.0,0.0,0.0,0.9,2025-10-08 17:50:36
2049,4,A.J. Dillon,PHI,0.0,0.0,0.0,0.0,0.0,1.4,6.2,0.0,0.1,1.1,0.0,0.0,0.0,0.0,0.0,0.0,0.0,0.0,0.0,0.9,2025-10-08 17:50:36
2050,4,Roschon Johnson,CHI,0.0,0.0,0.0,0.0,0.0,1.0,3.0,0.1,0.1,0.7,0.0,0.0,0.0,0.0,0.0,0.0,0.0,0.0,0.0,0.8,2025-10-08 17:50:36
2051,4,Dare Ogunbowale,HOU,0.0,0.0,0.0,0.0,0.0,1.1,4.0,0.0,0.4,2.9,0.0,0.0,0.0,0.0,0.0,0.0,0.0,0.0,0.0,0.8,2025-10-08 17:50:36
2052,4,Andrew Beck,NYJ,0.0,0.0,0.0,0.0,0.0,0.2,0.1,0.1,0.2,1.0,0.0,0.0,0.0,0.0,0.0,0.0,0.0,0.0,0.0,0.7,2025-10-08 17:50:36
2053,4,Isaac Guerendo,SF,0.0,0.0,0.0,0.0,0.0,1.0,3.6,0.0,0.1,1.1,0.0,0.0,0.0,0.0,0.0,0.0,0.0,0.0,0.0,0.7,2025-10-08 17:50:36
2054,4,Jarquez Hunter,LAR,0.0,0.0,0.0,0.0,0.0,0.9,3.8,0.0,0.1,0.6,0.0,0.0,0.0,0.0,0.0,0.0,0.0,0.0,0.0,0.7,2025-10-08 17:50:36
2055,4,Tyler Goodson,IND,0.0,0.0,0.0,0.0,0.0,1.1,4.5,0.0,0.2,1.1,0.0,0.0,0.0,0.0,0.0,0.0,0.0,0.0,0.0,0.7,2025-10-08 17:50:36
2056,4,Tank Bigsby,PHI,0.0,0.0,0.0,0.0,0.0,1.2,4.0,0.0,0.0,0.3,0.0,0.0,0.0,0.0,0.0,0.0,0.0,0.0,0.0,0.6,2025-10-08 17:50:36
2057,4,Elijah Mitchell,KC,0.0,0.0,0.0,0.0,0.0,0.9,2.6,0.1,0.1,0.1,0.0,0.0,0.0,0.0,0.0,0.0,0.0,0.0,0.0,0.6,2025-10-08 17:50:36
2058,4,Rasheen Ali,BAL,0.0,0.0,0.0,0.0,0.0,1.0,4.9,0.0,0.1,0.4,0.0,0.0,0.0,0.0,0.0,0.0,0.0,0.0,0.0,0.5,2025-10-08 17:50:36
2059,4,Craig Reynolds,DET,0.0,0.0,0.0,0.0,0.0,1.1,3.9,0.0,0.1,0.5,0.0,0.0,0.0,0.0,0.0,0.0,0.0,0.0,0.0,0.5,2025-10-08 17:50:36
2060,4,Hunter Luepke,DAL,0.0,0.0,0.0,0.0,0.0,0.5,1.4,0.0,0.3,1.8,0.0,0.0,0.0,0.0,0.0,0.0,0.0,0.0,0.0,0.4,2025-10-08 17:50:36
2061,4,Adam Prentice,DEN,0.0,0.0,0.0,0.0,0.0,0.1,0.4,0.0,0.1,0.6,0.0,0.0,0.0,0.0,0.0,0.0,0.0,0.0,0.0,0.1,2025-10-08 17:50:36
2062,4,Reggie Gilliam,BUF,0.0,0.0,0.0,0.0,0.0,0.3,0.8,0.0,0.0,0.1,0.0,0.0,0.0,0.0,0.0,0.0,0.0,0.0,0.0,0.1,2025-10-08 17:50:36
2063,4,Eric Gray,NYG,0.0,0.0,0.0,0.0,0.0,0.0,0.0,0.0,0.0,0.0,0.0,0.0,0.0,0.0,0.0,0.0,0.0,0.0,0.0,0.0,2025-10-08 17:50:36
2064,4,Michael Burton,DEN,0.0,0.0,0.0,0.0,0.0,0.0,0.0,0.0,0.0,0.0,0.0,0.0,0.0,0.0,0.0,0.0,0.0,0.0,0.0,0.0,2025-10-08 17:50:36
2065,4,C.J. Ham,MIN,0.0,0.0,0.0,0.0,0.0,0.0,0.0,0.0,0.0,0.0,0.0,0.0,0.0,0.0,0.0,0.0,0.0,0.0,0.0,0.0,2025-10-08 17:50:36
2066,4,Joe Mixon,HOU,0.0,0.0,0.0,0.0,0.0,0.0,0.0,0.0,0.0,0.0,0.0,0.0,0.0,0.0,0.0,0.0,0.0,0.0,0.0,0.0,2025-10-08 17:50:36
2067,4,Aaron Jones Sr.,MIN,0.0,0.0,0.0,0.0,0.0,0.0,0.0,0.0,0.0,0.0,0.0,0.0,0.0,0.0,0.0,0.0,0.0,0.0,0.0,0.0,2025-10-08 17:50:36
2068,4,Patrick Ricard,BAL,0.0,0.0,0.0,0.0,0.0,0.0,0.0,0.0,0.0,0.0,0.0,0.0,0.0,0.0,0.0,0.0,0.0,0.0,0.0,0.0,2025-10-08 17:50:36
2069,4,Travis Homer,CHI,0.0,0.0,0.0,0.0,0.0,0.0,0.0,0.0,0.0,0.0,0.0,0.0,0.0,0.0,0.0,0.0,0.0,0.0,0.0,0.0,2025-10-08 17:50:36
2070,4,Clyde Edwards-Helaire,KC,0.0,0.0,0.0,0.0,0.0,0.0,0.0,0.0,0.0,0.0,0.0,0.0,0.0,0.0,0.0,0.0,0.0,0.0,0.0,0.0,2025-10-08 17:50:36
2071,4,Ty Chandler,MIN,0.0,0.0,0.0,0.0,0.0,0.0,0.0,0.0,0.0,0.0,0.0,0.0,0.0,0.0,0.0,0.0,0.0,0.0,0.0,0.0,2025-10-08 17:50:36
2072,4,DeeJay Dallas,CAR,0.0,0.0,0.0,0.0,0.0,0.0,0.0,0.0,0.0,0.0,0.0,0.0,0.0,0.0,0.0,0.0,0.0,0.0,0.0,0.0,2025-10-08 17:50:36
2073,4,Zamir White,LV,0.0,0.0,0.0,0.0,0.0,0.0,0.0,0.0,0.0,0.0,0.0,0.0,0.0,0.0,0.0,0.0,0.0,0.0,0.0,0.0,2025-10-08 17:50:36
2074,4,Raheem Blackshear,PIT,0.0,0.0,0.0,0.0,0.0,0.0,0.0,0.0,0.0,0.0,0.0,0.0,0.0,0.0,0.0,0.0,0.0,0.0,0.0,0.0,2025-10-08 17:50:36
2075,4,Khalil Herbert,NYJ,0.0,0.0,0.0,0.0,0.0,0.0,0.0,0.0,0.0,0.0,0.0,0.0,0.0,0.0,0.0,0.0,0.0,0.0,0.0,0.0,2025-10-08 17:50:36
2076,4,Keilan Robinson,NYJ,0.0,0.0,0.0,0.0,0.0,0.0,0.0,0.0,0.0,0.0,0.0,0.0,0.0,0.0,0.0,0.0,0.0,0.0,0.0,0.0,2025-10-08 17:50:36
2077,4,Dameon Pierce,HOU,0.0,0.0,0.0,0.0,0.0,0.0,0.0,0.0,0.0,0.0,0.0,0.0,0.0,0.0,0.0,0.0,0.0,0.0,0.0,0.0,2025-10-08 17:50:36
2078,4,Jashaun Corbin,NE,0.0,0.0,0.0,0.0,0.0,0.0,0.0,0.0,0.0,0.0,0.0,0.0,0.0,0.0,0.0,0.0,0.0,0.0,0.0,0.0,2025-10-08 17:50:36
2079,4,Tyrone Tracy Jr.,NYG,0.0,0.0,0.0,0.0,0.0,0.0,0.0,0.0,0.0,0.0,0.0,0.0,0.0,0.0,0.0,0.0,0.0,0.0,0.0,0.0,2025-10-08 17:50:36
2080,4,Deuce Vaughn,DEN,0.0,0.0,0.0,0.0,0.0,0.0,0.0,0.0,0.0,0.0,0.0,0.0,0.0,0.0,0.0,0.0,0.0,0.0,0.0,0.0,2025-10-08 17:50:36
2081,4,Audric Estime,PHI,0.0,0.0,0.0,0.0,0.0,0.0,0.0,0.0,0.0,0.0,0.0,0.0,0.0,0.0,0.0,0.0,0.0,0.0,0.0,0.0,2025-10-08 17:50:36
2082,4,MarShawn Lloyd,GB,0.0,0.0,0.0,0.0,0.0,0.0,0.0,0.0,0.0,0.0,0.0,0.0,0.0,0.0,0.0,0.0,0.0,0.0,0.0,0.0,2025-10-08 17:50:36
2083,4,Sincere McCormick,SF,0.0,0.0,0.0,0.0,0.0,0.0,0.0,0.0,0.0,0.0,0.0,0.0,0.0,0.0,0.0,0.0,0.0,0.0,0.0,0.0,2025-10-08 17:50:36
2084,4,Kene Nwangwu,NYJ,0.0,0.0,0.0,0.0,0.0,0.0,0.0,0.0,0.0,0.0,0.0,0.0,0.0,0.0,0.0,0.0,0.0,0.0,0.0,0.0,2025-10-08 17:50:36
2085,4,Avery Williams,NYJ,0.0,0.0,0.0,0.0,0.0,0.0,0.0,0.0,0.0,0.0,0.0,0.0,0.0,0.0,0.0,0.0,0.0,0.0,0.0,0.0,2025-10-08 17:50:36
2086,4,Devin Neal,NO,0.0,0.0,0.0,0.0,0.0,0.0,0.0,0.0,0.0,0.0,0.0,0.0,0.0,0.0,0.0,0.0,0.0,0.0,0.0,0.0,2025-10-08 17:50:36
2087,4,Pierre Strong Jr.,GB,0.0,0.0,0.0,0.0,0.0,0.0,0.0,0.0,0.0,0.0,0.0,0.0,0.0,0.0,0.0,0.0,0.0,0.0,0.0,0.0,2025-10-08 17:50:36
2088,4,Jaylen Warren,PIT,0.0,0.0,0.0,0.0,0.0,0.0,0.0,0.0,0.0,0.0,0.0,0.0,0.0,0.0,0.0,0.0,0.0,0.0,0.0,0.0,2025-10-08 17:50:36
2089,4,Jaydon Blue,DAL,0.0,0.0,0.0,0.0,0.0,0.0,0.0,0.0,0.0,0.0,0.0,0.0,0.0,0.0,0.0,0.0,0.0,0.0,0.0,0.0,2025-10-08 17:50:36
2090,4,Raheim Sanders,CLE,0.0,0.0,0.0,0.0,0.0,0.0,0.0,0.0,0.0,0.0,0.0,0.0,0.0,0.0,0.0,0.0,0.0,0.0,0.0,0.0,2025-10-08 17:50:36
2091,4,Tyjae Spears,TEN,0.0,0.0,0.0,0.0,0.0,0.0,0.0,0.0,0.0,0.0,0.0,0.0,0.0,0.0,0.0,0.0,0.0,0.0,0.0,0.0,2025-10-08 17:50:36
2092,4,Keaton Mitchell,BAL,0.0,0.0,0.0,0.0,0.0,0.0,0.0,0.0,0.0,0.0,0.0,0.0,0.0,0.0,0.0,0.0,0.0,0.0,0.0,0.0,2025-10-08 17:50:36
2093,4,Scott Matlock,LAC,0.0,0.0,0.0,0.0,0.0,0.0,0.0,0.0,0.0,0.0,0.0,0.0,0.0,0.0,0.0,0.0,0.0,0.0,0.0,0.0,2025-10-08 17:50:36
2094,4,Carlos Washington Jr.,ATL,0.0,0.0,0.0,0.0,0.0,0.0,0.0,0.0,0.0,0.0,0.0,0.0,0.0,0.0,0.0,0.0,0.0,0.0,0.0,0.0,2025-10-08 17:50:36
2095,4,Jacob Saylors,DET,0.0,0.0,0.0,0.0,0.0,0.0,0.0,0.0,0.0,0.0,0.0,0.0,0.0,0.0,0.0,0.0,0.0,0.0,0.0,0.0,2025-10-08 17:50:36
2096,4,Jaleel McLaughlin,DEN,0.0,0.0,0.0,0.0,0.0,0.0,0.0,0.0,0.0,0.0,0.0,0.0,0.0,0.0,0.0,0.0,0.0,0.0,0.0,0.0,2025-10-08 17:50:36
2097,4,Sione Vaki,DET,0.0,0.0,0.0,0.0,0.0,0.0,0.0,0.0,0.0,0.0,0.0,0.0,0.0,0.0,0.0,0.0,0.0,0.0,0.0,0.0,2025-10-08 17:50:36
2098,4,Kimani Vidal,LAC,0.0,0.0,0.0,0.0,0.0,0.0,0.0,0.0,0.0,0.0,0.0,0.0,0.0,0.0,0.0,0.0,0.0,0.0,0.0,0.0,2025-10-08 17:50:36
2099,4,Carson Steele,KC,0.0,0.0,0.0,0.0,0.0,0.0,0.0,0.0,0.0,0.0,0.0,0.0,0.0,0.0,0.0,0.0,0.0,0.0,0.0,0.0,2025-10-08 17:50:36
2100,4,Terrell Jennings,NE,0.0,0.0,0.0,0.0,0.0,0.0,0.0,0.0,0.0,0.0,0.0,0.0,0.0,0.0,0.0,0.0,0.0,0.0,0.0,0.0,2025-10-08 17:50:36
2101,4,Jordan James,SF,0.0,0.0,0.0,0.0,0.0,0.0,0.0,0.0,0.0,0.0,0.0,0.0,0.0,0.0,0.0,0.0,0.0,0.0,0.0,0.0,2025-10-08 17:50:36
2102,4,Josh Williams,TB,0.0,0.0,0.0,0.0,0.0,0.0,0.0,0.0,0.0,0.0,0.0,0.0,0.0,0.0,0.0,0.0,0.0,0.0,0.0,0.0,2025-10-08 17:50:36
2103,4,Robbie Ouzts,SEA,0.0,0.0,0.0,0.0,0.0,0.0,0.0,0.0,0.0,0.0,0.0,0.0,0.0,0.0,0.0,0.0,0.0,0.0,0.0,0.0,2025-10-08 17:50:36
2104,4,Nathan Carter,ATL,0.0,0.0,0.0,0.0,0.0,0.0,0.0,0.0,0.0,0.0,0.0,0.0,0.0,0.0,0.0,0.0,0.0,0.0,0.0,0.0,2025-10-08 17:50:36
2105,4,Puka Nacua,LAR,0.0,0.0,0.0,0.0,0.0,0.8,4.8,0.1,7.6,97.0,0.5,0.0,0.0,0.0,0.0,0.0,0.0,0.0,0.0,13.3,2025-10-08 17:50:37
2106,4,Amon-Ra St. Brown,DET,0.0,0.0,0.0,0.0,0.0,0.2,0.8,0.0,6.4,77.1,0.6,0.0,0.0,0.0,0.0,0.0,0.0,0.0,0.0,11.6,2025-10-08 17:50:37
2107,4,Nico Collins,HOU,0.0,0.0,0.0,0.0,0.0,0.0,0.1,0.0,5.5,77.7,0.6,0.1,0.0,0.0,0.0,0.0,0.0,0.0,0.0,11.1,2025-10-08 17:50:37
2108,4,Jaxon Smith-Njigba,SEA,0.0,0.0,0.0,0.0,0.0,0.1,0.6,0.0,6.6,82.0,0.4,0.1,0.0,0.0,0.0,0.0,0.0,0.0,0.0,10.7,2025-10-08 17:50:37
2109,4,Ja'Marr Chase,CIN,0.0,0.0,0.0,0.0,0.0,0.2,0.9,0.0,5.9,78.1,0.5,0.1,0.0,0.0,0.0,0.0,0.0,0.0,0.0,10.6,2025-10-08 17:50:37
2110,4,Davante Adams,LAR,0.0,0.0,0.0,0.0,0.0,0.0,0.0,0.0,5.2,71.3,0.6,0.0,0.0,0.0,0.0,0.0,0.0,0.0,0.0,10.6,2025-10-08 17:50:37
2111,4,Justin Jefferson,MIN,0.0,0.0,0.0,0.0,0.0,0.1,0.3,0.0,5.5,78.2,0.5,0.0,0.0,0.0,0.0,0.0,0.0,0.0,0.0,10.6,2025-10-08 17:50:37
2112,4,Emeka Egbuka,TB,0.0,0.0,0.0,0.0,0.0,0.1,0.8,0.0,5.2,66.7,0.5,0.1,0.0,0.0,0.0,0.0,0.0,0.0,0.0,9.8,2025-10-08 17:50:37
2113,4,A.J. Brown,PHI,0.0,0.0,0.0,0.0,0.0,0.0,0.0,0.0,4.9,70.4,0.5,0.0,0.0,0.0,0.0,0.0,0.0,0.0,0.0,9.8,2025-10-08 17:50:37
2114,4,Zay Flowers,BAL,0.0,0.0,0.0,0.0,0.0,0.4,2.5,0.0,5.0,68.9,0.4,0.0,0.0,0.0,0.0,0.0,0.0,0.0,0.0,9.6,2025-10-08 17:50:37
2115,4,Courtland Sutton,DEN,0.0,0.0,0.0,0.0,0.0,0.0,0.0,0.0,5.0,64.0,0.5,0.1,0.0,0.0,0.0,0.0,0.0,0.0,0.0,9.5,2025-10-08 17:50:37
2116,4,George Pickens,DAL,0.0,0.0,0.0,0.0,0.0,0.0,0.1,0.0,4.9,68.8,0.4,0.1,0.0,0.0,0.0,0.0,0.0,0.0,0.0,9.4,2025-10-08 17:50:37
2117,4,Rome Odunze,CHI,0.0,0.0,0.0,0.0,0.0,0.0,0.2,0.0,4.6,63.9,0.5,0.0,0.0,0.0,0.0,0.0,0.0,0.0,0.0,9.3,2025-10-08 17:50:37
2118,4,Ricky Pearsall,SF,0.0,0.0,0.0,0.0,0.0,0.2,1.5,0.0,4.7,69.6,0.4,0.0,0.0,0.0,0.0,0.0,0.0,0.0,0.0,9.3,2025-10-08 17:50:37
2119,4,Deebo Samuel Sr.,WAS,0.0,0.0,0.0,0.0,0.0,1.4,8.0,0.1,4.6,59.8,0.3,0.0,0.0,0.0,0.0,0.0,0.0,0.0,0.0,9.3,2025-10-08 17:50:37
2120,4,Garrett Wilson,NYJ,0.0,0.0,0.0,0.0,0.0,0.1,0.8,0.0,5.8,68.0,0.4,0.1,0.0,0.0,0.0,0.0,0.0,0.0,0.0,9.1,2025-10-08 17:50:37
2121,4,Brian Thomas Jr.,JAC,0.0,0.0,0.0,0.0,0.0,0.2,1.0,0.0,4.6,65.3,0.4,0.0,0.0,0.0,0.0,0.0,0.0,0.0,0.0,9.0,2025-10-08 17:50:37
2122,4,Jakobi Meyers,LV,0.0,0.0,0.0,0.0,0.0,0.1,0.6,0.0,5.7,68.3,0.3,0.0,0.0,0.0,0.0,0.0,0.0,0.0,0.0,8.9,2025-10-08 17:50:37
2123,4,Drake London,ATL,0.0,0.0,0.0,0.0,0.0,0.0,0.1,0.0,5.0,65.8,0.4,0.1,0.0,0.0,0.0,0.0,0.0,0.0,0.0,8.8,2025-10-08 17:50:37
2124,4,Quentin Johnston,LAC,0.0,0.0,0.0,0.0,0.0,0.1,0.4,0.0,4.0,59.5,0.5,0.0,0.0,0.0,0.0,0.0,0.0,0.0,0.0,8.6,2025-10-08 17:50:37
2125,4,Jameson Williams,DET,0.0,0.0,0.0,0.0,0.0,0.9,4.3,0.0,3.3,57.2,0.4,0.0,0.0,0.0,0.0,0.0,0.0,0.0,0.0,8.6,2025-10-08 17:50:37
2126,4,Keenan Allen,LAC,0.0,0.0,0.0,0.0,0.0,0.0,0.1,0.0,5.3,59.2,0.4,0.0,0.0,0.0,0.0,0.0,0.0,0.0,0.0,8.5,2025-10-08 17:50:37
2127,4,Tetairoa McMillan,CAR,0.0,0.0,0.0,0.0,0.0,0.0,0.3,0.0,4.9,65.9,0.3,0.1,0.0,0.0,0.0,0.0,0.0,0.0,0.0,8.5,2025-10-08 17:50:37
2128,4,Ladd McConkey,LAC,0.0,0.0,0.0,0.0,0.0,0.1,0.5,0.0,5.1,64.1,0.3,0.0,0.0,0.0,0.0,0.0,0.0,0.0,0.0,8.5,2025-10-08 17:50:37
2129,4,DK Metcalf,PIT,0.0,0.0,0.0,0.0,0.0,0.0,0.0,0.0,4.1,58.1,0.4,0.1,0.0,0.0,0.0,0.0,0.0,0.0,0.0,8.4,2025-10-08 17:50:37
2130,4,Keon Coleman,BUF,0.0,0.0,0.0,0.0,0.0,0.0,0.1,0.0,3.4,53.9,0.4,0.0,0.0,0.0,0.0,0.0,0.0,0.0,0.0,7.8,2025-10-08 17:50:37
2131,4,DeVonta Smith,PHI,0.0,0.0,0.0,0.0,0.0,0.0,0.1,0.0,4.7,55.4,0.4,0.0,0.0,0.0,0.0,0.0,0.0,0.0,0.0,7.8,2025-10-08 17:50:37
2132,4,Chris Olave,NO,0.0,0.0,0.0,0.0,0.0,0.0,0.1,0.0,5.7,61.6,0.3,0.0,0.0,0.0,0.0,0.0,0.0,0.0,0.0,7.7,2025-10-08 17:50:37
2133,4,Marvin Harrison Jr.,ARI,0.0,0.0,0.0,0.0,0.0,0.0,0.1,0.0,4.2,54.5,0.4,0.0,0.0,0.0,0.0,0.0,0.0,0.0,0.0,7.6,2025-10-08 17:50:37
2134,4,Tee Higgins,CIN,0.0,0.0,0.0,0.0,0.0,0.0,0.0,0.0,4.2,55.3,0.3,0.0,0.0,0.0,0.0,0.0,0.0,0.0,0.0,7.6,2025-10-08 17:50:37
2135,4,Michael Pittman Jr.,IND,0.0,0.0,0.0,0.0,0.0,0.0,0.1,0.0,5.1,58.9,0.3,0.0,0.0,0.0,0.0,0.0,0.0,0.0,0.0,7.5,2025-10-08 17:50:37
2136,4,Jerry Jeudy,CLE,0.0,0.0,0.0,0.0,0.0,0.0,0.1,0.0,4.4,61.3,0.2,0.0,0.0,0.0,0.0,0.0,0.0,0.0,0.0,7.5,2025-10-08 17:50:37
2137,4,DJ Moore,CHI,0.0,0.0,0.0,0.0,0.0,0.8,4.3,0.0,4.4,50.0,0.3,0.1,0.0,0.0,0.0,0.0,0.0,0.0,0.0,7.5,2025-10-08 17:50:37
2138,4,Xavier Worthy,KC,0.0,0.0,0.0,0.0,0.0,1.1,3.5,0.0,3.8,47.3,0.4,0.0,0.0,0.0,0.0,0.0,0.0,0.0,0.0,7.4,2025-10-08 17:50:37
2139,4,Jaylen Waddle,MIA,0.0,0.0,0.0,0.0,0.0,0.2,0.9,0.0,4.1,53.2,0.3,0.0,0.0,0.0,0.0,0.0,0.0,0.0,0.0,7.4,2025-10-08 17:50:37
2140,4,Tre Tucker,LV,0.0,0.0,0.0,0.0,0.0,0.4,2.6,0.0,3.6,49.7,0.3,0.0,0.0,0.0,0.0,0.0,0.0,0.0,0.0,7.3,2025-10-08 17:50:37
2141,4,Jauan Jennings,SF,0.0,0.0,0.0,0.0,0.0,0.0,0.1,0.0,3.6,51.7,0.3,0.0,0.0,0.0,0.0,0.0,0.0,0.0,0.0,7.1,2025-10-08 17:50:37
2142,4,Jordan Addison,MIN,0.0,0.0,0.0,0.0,0.0,0.1,0.8,0.0,3.5,45.8,0.4,0.0,0.0,0.0,0.0,0.0,0.0,0.0,0.0,7.0,2025-10-08 17:50:37
2143,4,Calvin Ridley,TEN,0.0,0.0,0.0,0.0,0.0,0.1,0.9,0.0,3.6,53.0,0.3,0.0,0.0,0.0,0.0,0.0,0.0,0.0,0.0,7.0,2025-10-08 17:50:37
2144,4,Khalil Shakir,BUF,0.0,0.0,0.0,0.0,0.0,0.0,0.2,0.0,4.1,49.6,0.3,0.0,0.0,0.0,0.0,0.0,0.0,0.0,0.0,6.9,2025-10-08 17:50:37
2145,4,Matthew Golden,GB,0.0,0.0,0.0,0.0,0.0,0.7,3.7,0.0,3.4,47.2,0.3,0.1,0.0,0.0,0.0,0.0,0.0,0.0,0.0,6.8,2025-10-08 17:50:37
2146,4,Darnell Mooney,ATL,0.0,0.0,0.0,0.0,0.0,0.0,0.1,0.0,3.3,50.7,0.3,0.0,0.0,0.0,0.0,0.0,0.0,0.0,0.0,6.7,2025-10-08 17:50:37
2147,4,Cooper Kupp,SEA,0.0,0.0,0.0,0.0,0.0,0.0,0.2,0.0,4.2,49.2,0.3,0.0,0.0,0.0,0.0,0.0,0.0,0.0,0.0,6.7,2025-10-08 17:50:37
2148,4,Romeo Doubs,GB,0.0,0.0,0.0,0.0,0.0,0.0,0.0,0.0,3.3,46.2,0.3,0.0,0.0,0.0,0.0,0.0,0.0,0.0,0.0,6.7,2025-10-08 17:50:37
2149,4,Christian Kirk,HOU,0.0,0.0,0.0,0.0,0.0,0.0,0.1,0.0,3.7,49.7,0.3,0.1,0.0,0.0,0.0,0.0,0.0,0.0,0.0,6.5,2025-10-08 17:50:37
2150,4,Tyquan Thornton,KC,0.0,0.0,0.0,0.0,0.0,0.1,0.5,0.0,2.9,42.2,0.3,0.0,0.0,0.0,0.0,0.0,0.0,0.0,0.0,6.2,2025-10-08 17:50:37
2151,4,Rashid Shaheed,NO,0.0,0.0,0.0,0.0,0.0,0.1,0.9,0.0,3.8,45.2,0.3,0.1,0.0,0.0,0.0,0.0,0.0,0.0,0.0,6.1,2025-10-08 17:50:37
2152,4,Calvin Austin III,PIT,0.0,0.0,0.0,0.0,0.0,0.7,2.4,0.0,3.2,41.1,0.3,0.0,0.0,0.0,0.0,0.0,0.0,0.0,0.0,6.0,2025-10-08 17:50:37
2153,4,Rashod Bateman,BAL,0.0,0.0,0.0,0.0,0.0,0.0,0.1,0.0,2.8,40.3,0.3,0.0,0.0,0.0,0.0,0.0,0.0,0.0,0.0,5.8,2025-10-08 17:50:37
2154,4,Dontayvion Wicks,GB,0.0,0.0,0.0,0.0,0.0,0.0,0.1,0.0,2.8,40.2,0.3,0.0,0.0,0.0,0.0,0.0,0.0,0.0,0.0,5.8,2025-10-08 17:50:37
2155,4,Marquise Brown,KC,0.0,0.0,0.0,0.0,0.0,0.0,0.1,0.0,3.7,42.8,0.2,0.0,0.0,0.0,0.0,0.0,0.0,0.0,0.0,5.7,2025-10-08 17:50:37
2156,4,Troy Franklin,DEN,0.0,0.0,0.0,0.0,0.0,0.1,0.8,0.0,3.4,38.0,0.3,0.0,0.0,0.0,0.0,0.0,0.0,0.0,0.0,5.7,2025-10-08 17:50:37
2157,4,Wan'Dale Robinson,NYG,0.0,0.0,0.0,0.0,0.0,0.1,0.8,0.0,4.5,42.6,0.2,0.0,0.0,0.0,0.0,0.0,0.0,0.0,0.0,5.6,2025-10-08 17:50:37
2158,4,Malik Washington,MIA,0.0,0.0,0.0,0.0,0.0,2.5,11.8,0.1,2.6,28.9,0.2,0.0,0.0,0.0,0.0,0.0,0.0,0.0,0.0,5.6,2025-10-08 17:50:37
2159,4,Elic Ayomanor,TEN,0.0,0.0,0.0,0.0,0.0,0.0,0.2,0.0,3.4,41.0,0.3,0.0,0.0,0.0,0.0,0.0,0.0,0.0,0.0,5.6,2025-10-08 17:50:37
2160,4,Chris Godwin Jr.,TB,0.0,0.0,0.0,0.0,0.0,0.1,0.6,0.0,3.4,39.9,0.3,0.0,0.0,0.0,0.0,0.0,0.0,0.0,0.0,5.5,2025-10-08 17:50:37
2161,4,Stefon Diggs,NE,0.0,0.0,0.0,0.0,0.0,0.0,0.3,0.0,3.7,39.4,0.2,0.0,0.0,0.0,0.0,0.0,0.0,0.0,0.0,5.5,2025-10-08 17:50:37
2162,4,Josh Downs,IND,0.0,0.0,0.0,0.0,0.0,0.0,0.3,0.0,3.8,42.7,0.2,0.0,0.0,0.0,0.0,0.0,0.0,0.0,0.0,5.5,2025-10-08 17:50:37
2163,4,KaVontae Turpin,DAL,0.0,0.0,0.0,0.0,0.0,0.9,5.4,0.0,2.8,33.7,0.2,0.0,0.0,0.0,0.0,0.0,0.0,0.0,0.0,5.4,2025-10-08 17:50:37
2164,4,Travis Hunter,JAC,0.0,0.0,0.0,0.0,0.0,0.0,0.6,0.0,3.5,39.6,0.2,0.0,0.0,0.0,0.0,0.0,0.0,0.0,0.0,5.3,2025-10-08 17:50:37
2165,4,Sterling Shepard,TB,0.0,0.0,0.0,0.0,0.0,0.1,1.7,0.0,3.1,35.1,0.2,0.0,0.0,0.0,0.0,0.0,0.0,0.0,0.0,5.1,2025-10-08 17:50:37
2166,4,Marvin Mims Jr.,DEN,0.0,0.0,0.0,0.0,0.0,0.3,1.4,0.0,2.6,32.3,0.3,0.1,0.0,0.0,0.0,0.0,0.0,0.0,0.0,5.1,2025-10-08 17:50:37
2167,4,Joshua Palmer,BUF,0.0,0.0,0.0,0.0,0.0,0.0,0.0,0.0,2.4,36.8,0.2,0.0,0.0,0.0,0.0,0.0,0.0,0.0,0.0,5.0,2025-10-08 17:50:37
2168,4,Jalen Tolbert,DAL,0.0,0.0,0.0,0.0,0.0,0.0,0.0,0.0,3.1,34.3,0.3,0.0,0.0,0.0,0.0,0.0,0.0,0.0,0.0,5.0,2025-10-08 17:50:37
2169,4,Kayshon Boutte,NE,0.0,0.0,0.0,0.0,0.0,0.0,0.1,0.0,2.6,35.6,0.2,0.0,0.0,0.0,0.0,0.0,0.0,0.0,0.0,4.9,2025-10-08 17:50:37
2170,4,Tory Horton,SEA,0.0,0.0,0.0,0.0,0.0,0.0,0.5,0.0,2.7,34.2,0.2,0.0,0.0,0.0,0.0,0.0,0.0,0.0,0.0,4.8,2025-10-08 17:50:37
2171,4,Luke McCaffrey,WAS,0.0,0.0,0.0,0.0,0.0,0.1,0.6,0.0,2.8,34.0,0.2,0.0,0.0,0.0,0.0,0.0,0.0,0.0,0.0,4.6,2025-10-08 17:50:37
2172,4,Hunter Renfrow,CAR,0.0,0.0,0.0,0.0,0.0,0.0,0.0,0.0,3.3,31.3,0.2,0.0,0.0,0.0,0.0,0.0,0.0,0.0,0.0,4.6,2025-10-08 17:50:37
2173,4,Demarcus Robinson,SF,0.0,0.0,0.0,0.0,0.0,0.0,0.2,0.0,1.8,29.8,0.3,0.0,0.0,0.0,0.0,0.0,0.0,0.0,0.0,4.5,2025-10-08 17:50:37
2174,4,Dont'e Thornton Jr.,LV,0.0,0.0,0.0,0.0,0.0,0.0,0.1,0.0,2.6,33.6,0.2,0.0,0.0,0.0,0.0,0.0,0.0,0.0,0.0,4.4,2025-10-08 17:50:37
2175,4,Jaylin Lane,WAS,0.0,0.0,0.0,0.0,0.0,0.0,0.0,0.0,2.6,33.0,0.2,0.0,0.0,0.0,0.0,0.0,0.0,0.0,0.0,4.2,2025-10-08 17:50:37
2176,4,Parker Washington,JAC,0.0,0.0,0.0,0.0,0.0,0.0,0.4,0.0,2.7,30.6,0.2,0.0,0.0,0.0,0.0,0.0,0.0,0.0,0.0,4.1,2025-10-08 17:50:37
2177,4,Olamide Zaccheaus,CHI,0.0,0.0,0.0,0.0,0.0,0.2,1.7,0.0,2.4,27.5,0.2,0.0,0.0,0.0,0.0,0.0,0.0,0.0,0.0,4.0,2025-10-08 17:50:37
2178,4,Michael Wilson,ARI,0.0,0.0,0.0,0.0,0.0,0.0,0.1,0.0,2.4,27.9,0.2,0.0,0.0,0.0,0.0,0.0,0.0,0.0,0.0,4.0,2025-10-08 17:50:37
2179,4,Kendrick Bourne,SF,0.0,0.0,0.0,0.0,0.0,0.0,0.1,0.0,2.2,29.6,0.2,0.0,0.0,0.0,0.0,0.0,0.0,0.0,0.0,3.9,2025-10-08 17:50:37
2180,4,David Moore,CAR,0.0,0.0,0.0,0.0,0.0,0.0,0.0,0.0,2.3,27.9,0.2,0.0,0.0,0.0,0.0,0.0,0.0,0.0,0.0,3.8,2025-10-08 17:50:37
2181,4,Jalen Nailor,MIN,0.0,0.0,0.0,0.0,0.0,0.0,-0.1,0.0,2.1,27.2,0.2,0.0,0.0,0.0,0.0,0.0,0.0,0.0,0.0,3.8,2025-10-08 17:50:37
2182,4,Adonai Mitchell,IND,0.0,0.0,0.0,0.0,0.0,0.1,0.6,0.0,2.1,28.6,0.1,0.0,0.0,0.0,0.0,0.0,0.0,0.0,0.0,3.7,2025-10-08 17:50:37
2183,4,DeMario Douglas,NE,0.0,0.0,0.0,0.0,0.0,0.2,1.1,0.0,2.5,24.7,0.2,0.0,0.0,0.0,0.0,0.0,0.0,0.0,0.0,3.7,2025-10-08 17:50:37
2184,4,Luther Burden III,CHI,0.0,0.0,0.0,0.0,0.0,0.3,1.7,0.0,1.9,24.3,0.2,0.0,0.0,0.0,0.0,0.0,0.0,0.0,0.0,3.6,2025-10-08 17:50:37
2185,4,Josh Reynolds,NYJ,0.0,0.0,0.0,0.0,0.0,0.0,0.0,0.0,1.8,24.3,0.2,0.0,0.0,0.0,0.0,0.0,0.0,0.0,0.0,3.4,2025-10-08 17:50:37
2186,4,Brandin Cooks,NO,0.0,0.0,0.0,0.0,0.0,0.1,0.2,0.0,2.2,23.0,0.2,0.0,0.0,0.0,0.0,0.0,0.0,0.0,0.0,3.2,2025-10-08 17:50:37
2187,4,Ray-Ray McCloud III,ATL,0.0,0.0,0.0,0.0,0.0,0.2,2.0,0.0,2.1,25.2,0.1,0.1,0.0,0.0,0.0,0.0,0.0,0.0,0.0,3.2,2025-10-08 17:50:37
2188,4,JuJu Smith-Schuster,KC,0.0,0.0,0.0,0.0,0.0,0.0,0.0,0.0,2.3,24.9,0.1,0.0,0.0,0.0,0.0,0.0,0.0,0.0,0.0,3.2,2025-10-08 17:50:37
2189,4,Chris Moore,WAS,0.0,0.0,0.0,0.0,0.0,0.0,0.1,0.0,1.7,23.6,0.1,0.0,0.0,0.0,0.0,0.0,0.0,0.0,0.0,3.0,2025-10-08 17:50:37
2190,4,Andrei Iosivas,CIN,0.0,0.0,0.0,0.0,0.0,0.0,0.0,0.0,1.7,20.0,0.1,0.0,0.0,0.0,0.0,0.0,0.0,0.0,0.0,2.9,2025-10-08 17:50:37
2191,4,Jordan Whittington,LAR,0.0,0.0,0.0,0.0,0.0,0.6,2.4,0.0,1.6,19.9,0.1,0.0,0.0,0.0,0.0,0.0,0.0,0.0,0.0,2.9,2025-10-08 17:50:37
2192,4,Mack Hollins,NE,0.0,0.0,0.0,0.0,0.0,0.0,0.1,0.0,1.6,18.4,0.2,0.0,0.0,0.0,0.0,0.0,0.0,0.0,0.0,2.9,2025-10-08 17:50:37
2193,4,DeAndre Hopkins,BAL,0.0,0.0,0.0,0.0,0.0,0.0,0.1,0.0,1.4,18.2,0.2,0.0,0.0,0.0,0.0,0.0,0.0,0.0,0.0,2.8,2025-10-08 17:50:37
2194,4,Chimere Dike,TEN,0.0,0.0,0.0,0.0,0.0,1.0,4.0,0.0,1.6,16.9,0.1,0.0,0.0,0.0,0.0,0.0,0.0,0.0,0.0,2.7,2025-10-08 17:50:37
2195,4,Greg Dortch,ARI,0.0,0.0,0.0,0.0,0.0,0.3,1.5,0.0,2.0,18.5,0.1,0.0,0.0,0.0,0.0,0.0,0.0,0.0,0.0,2.7,2025-10-08 17:50:37
2196,4,Adam Thielen,MIN,0.0,0.0,0.0,0.0,0.0,0.0,0.1,0.0,1.7,19.3,0.1,0.0,0.0,0.0,0.0,0.0,0.0,0.0,0.0,2.6,2025-10-08 17:50:37
2197,4,Jayden Higgins,HOU,0.0,0.0,0.0,0.0,0.0,0.0,0.2,0.0,1.5,19.5,0.1,0.0,0.0,0.0,0.0,0.0,0.0,0.0,0.0,2.6,2025-10-08 17:50:37
2198,4,Elijah Moore,BUF,0.0,0.0,0.0,0.0,0.0,0.6,2.4,0.0,1.2,14.1,0.1,0.0,0.0,0.0,0.0,0.0,0.0,0.0,0.0,2.6,2025-10-08 17:50:37
2199,4,Xavier Hutchinson,HOU,0.0,0.0,0.0,0.0,0.0,0.1,0.6,0.0,1.6,17.9,0.1,0.0,0.0,0.0,0.0,0.0,0.0,0.0,0.0,2.5,2025-10-08 17:50:37
2200,4,Isaiah Bond,CLE,0.0,0.0,0.0,0.0,0.0,0.0,0.0,0.0,1.6,18.9,0.1,0.0,0.0,0.0,0.0,0.0,0.0,0.0,0.0,2.5,2025-10-08 17:50:37
2201,4,Tim Patrick,JAC,0.0,0.0,0.0,0.0,0.0,0.0,0.0,0.0,1.5,17.9,0.1,0.0,0.0,0.0,0.0,0.0,0.0,0.0,0.0,2.4,2025-10-08 17:50:37
2202,4,Tyler Lockett,TEN,0.0,0.0,0.0,0.0,0.0,0.0,0.0,0.0,1.6,18.5,0.1,0.0,0.0,0.0,0.0,0.0,0.0,0.0,0.0,2.4,2025-10-08 17:50:37
2203,4,Malik Heath,GB,0.0,0.0,0.0,0.0,0.0,0.0,0.1,0.0,1.1,14.7,0.1,0.0,0.0,0.0,0.0,0.0,0.0,0.0,0.0,2.3,2025-10-08 17:50:37
2204,4,Nick Westbrook-Ikhine,MIA,0.0,0.0,0.0,0.0,0.0,0.0,0.1,0.0,1.0,13.9,0.1,0.0,0.0,0.0,0.0,0.0,0.0,0.0,0.0,2.2,2025-10-08 17:50:37
2205,4,Jahan Dotson,PHI,0.0,0.0,0.0,0.0,0.0,0.0,0.2,0.0,1.4,16.7,0.1,0.0,0.0,0.0,0.0,0.0,0.0,0.0,0.0,2.2,2025-10-08 17:50:37
2206,4,Tutu Atwell,LAR,0.0,0.0,0.0,0.0,0.0,0.0,0.2,0.0,1.3,16.4,0.1,0.0,0.0,0.0,0.0,0.0,0.0,0.0,0.0,2.2,2025-10-08 17:50:37
2207,4,Tre Harris,LAC,0.0,0.0,0.0,0.0,0.0,0.0,0.2,0.0,1.2,15.5,0.1,0.0,0.0,0.0,0.0,0.0,0.0,0.0,0.0,2.1,2025-10-08 17:50:37
2208,4,Kalif Raymond,DET,0.0,0.0,0.0,0.0,0.0,0.1,0.5,0.0,1.1,15.0,0.1,0.0,0.0,0.0,0.0,0.0,0.0,0.0,0.0,2.0,2025-10-08 17:50:37
2209,4,Kyle Williams,NE,0.0,0.0,0.0,0.0,0.0,0.1,0.3,0.0,1.2,14.8,0.1,0.0,0.0,0.0,0.0,0.0,0.0,0.0,0.0,2.0,2025-10-08 17:50:37
2210,4,Ryan Flournoy,DAL,0.0,0.0,0.0,0.0,0.0,0.0,0.0,0.0,1.4,15.0,0.1,0.0,0.0,0.0,0.0,0.0,0.0,0.0,0.0,2.0,2025-10-08 17:50:37
2211,4,Tez Johnson,TB,0.0,0.0,0.0,0.0,0.0,0.0,0.2,0.0,1.1,12.7,0.1,0.0,0.0,0.0,0.0,0.0,0.0,0.0,0.0,1.8,2025-10-08 17:50:37
2212,4,Brycen Tremayne,CAR,0.0,0.0,0.0,0.0,0.0,0.0,0.1,0.0,1.2,14.1,0.1,0.0,0.0,0.0,0.0,0.0,0.0,0.0,0.0,1.8,2025-10-08 17:50:37
2213,4,Tylan Wallace,BAL,0.0,0.0,0.0,0.0,0.0,0.0,0.1,0.0,0.9,12.2,0.1,0.0,0.0,0.0,0.0,0.0,0.0,0.0,0.0,1.8,2025-10-08 17:50:37
2214,4,Jack Bech,LV,0.0,0.0,0.0,0.0,0.0,0.0,0.1,0.0,1.0,12.0,0.1,0.0,0.0,0.0,0.0,0.0,0.0,0.0,0.0,1.8,2025-10-08 17:50:37
2215,4,Isaac TeSlaa,DET,0.0,0.0,0.0,0.0,0.0,0.0,0.0,0.0,0.9,11.4,0.1,0.0,0.0,0.0,0.0,0.0,0.0,0.0,0.0,1.7,2025-10-08 17:50:37
2216,4,Jaylin Noel,HOU,0.0,0.0,0.0,0.0,0.0,0.1,0.5,0.0,1.1,13.0,0.1,0.0,0.0,0.0,0.0,0.0,0.0,0.0,0.0,1.7,2025-10-08 17:50:37
2217,4,Roman Wilson,PIT,0.0,0.0,0.0,0.0,0.0,0.1,0.5,0.0,1.0,11.7,0.1,0.0,0.0,0.0,0.0,0.0,0.0,0.0,0.0,1.7,2025-10-08 17:50:37
2218,4,Pat Bryant,DEN,0.0,0.0,0.0,0.0,0.0,0.0,0.0,0.0,1.1,11.6,0.1,0.0,0.0,0.0,0.0,0.0,0.0,0.0,0.0,1.7,2025-10-08 17:50:37
2219,4,Savion Williams,GB,0.0,0.0,0.0,0.0,0.0,1.2,5.5,0.0,0.5,5.9,0.0,0.0,0.0,0.0,0.0,0.0,0.0,0.0,0.0,1.7,2025-10-08 17:50:37
2220,4,Allen Lazard,NYJ,0.0,0.0,0.0,0.0,0.0,0.0,0.0,0.0,0.9,11.5,0.1,0.0,0.0,0.0,0.0,0.0,0.0,0.0,0.0,1.7,2025-10-08 17:50:37
2221,4,Ben Skowronek,PIT,0.0,0.0,0.0,0.0,0.0,0.0,0.1,0.0,0.8,9.7,0.1,0.0,0.0,0.0,0.0,0.0,0.0,0.0,0.0,1.6,2025-10-08 17:50:37
2222,4,Tyler Johnson,NYJ,0.0,0.0,0.0,0.0,0.0,0.0,0.0,0.0,1.0,12.0,0.1,0.0,0.0,0.0,0.0,0.0,0.0,0.0,0.0,1.6,2025-10-08 17:50:37
2223,4,Ryan Miller,TB,0.0,0.0,0.0,0.0,0.0,0.0,0.0,0.0,0.8,9.1,0.1,0.0,0.0,0.0,0.0,0.0,0.0,0.0,0.0,1.4,2025-10-08 17:50:37
2224,4,Jamari Thrash,CLE,0.0,0.0,0.0,0.0,0.0,0.0,0.0,0.0,0.9,10.1,0.1,0.0,0.0,0.0,0.0,0.0,0.0,0.0,0.0,1.3,2025-10-08 17:50:37
2225,4,Ashton Dulin,IND,0.0,0.0,0.0,0.0,0.0,0.1,0.6,0.0,0.7,9.2,0.1,0.0,0.0,0.0,0.0,0.0,0.0,0.0,0.0,1.3,2025-10-08 17:50:37
2226,4,Arian Smith,NYJ,0.0,0.0,0.0,0.0,0.0,0.2,0.8,0.0,0.7,8.2,0.1,0.0,0.0,0.0,0.0,0.0,0.0,0.0,0.0,1.2,2025-10-08 17:50:37
2227,4,Devaughn Vele,NO,0.0,0.0,0.0,0.0,0.0,0.0,0.1,0.0,0.9,8.4,0.1,0.0,0.0,0.0,0.0,0.0,0.0,0.0,0.0,1.2,2025-10-08 17:50:37
2228,4,Russell Gage Jr.,SF,0.0,0.0,0.0,0.0,0.0,0.0,0.0,0.0,0.6,8.2,0.1,0.0,0.0,0.0,0.0,0.0,0.0,0.0,0.0,1.1,2025-10-08 17:50:37
2229,4,Van Jefferson,TEN,0.0,0.0,0.0,0.0,0.0,0.0,0.0,0.0,0.6,7.4,0.0,0.0,0.0,0.0,0.0,0.0,0.0,0.0,0.0,0.9,2025-10-08 17:50:37
2230,4,Tyrell Shavers,BUF,0.0,0.0,0.0,0.0,0.0,0.0,0.0,0.0,0.5,6.6,0.1,0.0,0.0,0.0,0.0,0.0,0.0,0.0,0.0,0.9,2025-10-08 17:50:37
2231,4,Devontez Walker,BAL,0.0,0.0,0.0,0.0,0.0,0.0,0.2,0.0,0.4,5.8,0.1,0.0,0.0,0.0,0.0,0.0,0.0,0.0,0.0,0.9,2025-10-08 17:50:37
2232,4,Casey Washington,ATL,0.0,0.0,0.0,0.0,0.0,0.0,0.0,0.0,0.5,5.9,0.1,0.0,0.0,0.0,0.0,0.0,0.0,0.0,0.0,0.9,2025-10-08 17:50:37
2233,4,Simi Fehoko,ARI,0.0,0.0,0.0,0.0,0.0,0.0,0.0,0.0,0.6,6.5,0.0,0.0,0.0,0.0,0.0,0.0,0.0,0.0,0.0,0.9,2025-10-08 17:50:37
2234,4,Mitch Tinsley,CIN,0.0,0.0,0.0,0.0,0.0,0.0,0.0,0.0,0.6,6.6,0.0,0.0,0.0,0.0,0.0,0.0,0.0,0.0,0.0,0.8,2025-10-08 17:50:37
2235,4,Jamal Agnew,ATL,0.0,0.0,0.0,0.0,0.0,0.0,0.0,0.0,0.5,4.7,0.1,0.0,0.0,0.0,0.0,0.0,0.0,0.0,0.0,0.8,2025-10-08 17:50:37
2236,4,Dee Eskridge,MIA,0.0,0.0,0.0,0.0,0.0,0.0,0.0,0.0,0.4,5.1,0.0,0.0,0.0,0.0,0.0,0.0,0.0,0.0,0.0,0.7,2025-10-08 17:50:37
2237,4,Trent Sherfield Sr.,DEN,0.0,0.0,0.0,0.0,0.0,0.0,0.0,0.0,0.4,4.4,0.0,0.0,0.0,0.0,0.0,0.0,0.0,0.0,0.0,0.7,2025-10-08 17:50:37
2238,4,Jalen Brooks,DAL,0.0,0.0,0.0,0.0,0.0,0.0,0.0,0.0,0.5,4.9,0.0,0.0,0.0,0.0,0.0,0.0,0.0,0.0,0.0,0.6,2025-10-08 17:50:37
2239,4,John Metchie III,PHI,0.0,0.0,0.0,0.0,0.0,0.0,0.0,0.0,0.4,4.3,0.0,0.0,0.0,0.0,0.0,0.0,0.0,0.0,0.0,0.6,2025-10-08 17:50:37
2240,4,Curtis Samuel,BUF,0.0,0.0,0.0,0.0,0.0,0.0,0.7,0.0,0.3,3.5,0.0,0.0,0.0,0.0,0.0,0.0,0.0,0.0,0.0,0.6,2025-10-08 17:50:37
2241,4,Jalen Royals,KC,0.0,0.0,0.0,0.0,0.0,0.0,0.1,0.0,0.2,2.7,0.0,0.0,0.0,0.0,0.0,0.0,0.0,0.0,0.0,0.4,2025-10-08 17:50:37
2242,4,Jalin Hyatt,NYG,0.0,0.0,0.0,0.0,0.0,0.0,0.0,0.0,0.2,3.3,0.0,0.0,0.0,0.0,0.0,0.0,0.0,0.0,0.0,0.4,2025-10-08 17:50:37
2243,4,Nikko Remigio,KC,0.0,0.0,0.0,0.0,0.0,0.4,2.6,0.0,0.0,0.0,0.0,0.0,0.0,0.0,0.0,0.0,0.0,0.0,0.0,0.4,2025-10-08 17:50:37
2244,4,KeAndre Lambert-Smith,LAC,0.0,0.0,0.0,0.0,0.0,0.0,0.1,0.0,0.2,2.5,0.0,0.0,0.0,0.0,0.0,0.0,0.0,0.0,0.0,0.4,2025-10-08 17:50:37
2245,4,Jake Bobo,SEA,0.0,0.0,0.0,0.0,0.0,0.0,0.0,0.0,0.2,2.0,0.0,0.0,0.0,0.0,0.0,0.0,0.0,0.0,0.0,0.3,2025-10-08 17:50:37
2246,4,Marquez Valdes-Scantling,SF,0.0,0.0,0.0,0.0,0.0,0.0,0.0,0.0,0.1,1.3,0.0,0.0,0.0,0.0,0.0,0.0,0.0,0.0,0.0,0.2,2025-10-08 17:50:37
2247,4,DeAndre Carter,CLE,0.0,0.0,0.0,0.0,0.0,0.0,0.1,0.0,0.1,1.4,0.0,0.0,0.0,0.0,0.0,0.0,0.0,0.0,0.0,0.2,2025-10-08 17:50:37
2248,4,Anthony Gould,IND,0.0,0.0,0.0,0.0,0.0,0.0,0.1,0.0,0.1,1.7,0.0,0.0,0.0,0.0,0.0,0.0,0.0,0.0,0.0,0.2,2025-10-08 17:50:37
2249,4,Dareke Young,SEA,0.0,0.0,0.0,0.0,0.0,0.0,0.0,0.0,0.1,1.2,0.0,0.0,0.0,0.0,0.0,0.0,0.0,0.0,0.0,0.1,2025-10-08 17:50:37
2250,4,Charlie Jones,CIN,0.0,0.0,0.0,0.0,0.0,0.0,0.1,0.0,0.1,0.8,0.0,0.0,0.0,0.0,0.0,0.0,0.0,0.0,0.0,0.1,2025-10-08 17:50:37
2251,4,Tai Felton,MIN,0.0,0.0,0.0,0.0,0.0,0.0,0.0,0.0,0.1,0.9,0.0,0.0,0.0,0.0,0.0,0.0,0.0,0.0,0.0,0.1,2025-10-08 17:50:37
2252,4,Skyy Moore,SF,0.0,0.0,0.0,0.0,0.0,0.0,0.0,0.0,0.0,0.6,0.0,0.0,0.0,0.0,0.0,0.0,0.0,0.0,0.0,0.1,2025-10-08 17:50:37
2253,4,Xavier Smith,LAR,0.0,0.0,0.0,0.0,0.0,0.0,0.2,0.0,0.1,1.2,0.0,0.0,0.0,0.0,0.0,0.0,0.0,0.0,0.0,0.1,2025-10-08 17:50:37
2254,4,Devin Duvernay,CHI,0.0,0.0,0.0,0.0,0.0,0.0,0.2,0.0,0.0,0.4,0.0,0.0,0.0,0.0,0.0,0.0,0.0,0.0,0.0,0.0,2025-10-08 17:50:37
2255,4,Mike Evans,TB,0.0,0.0,0.0,0.0,0.0,0.0,0.0,0.0,0.0,0.0,0.0,0.0,0.0,0.0,0.0,0.0,0.0,0.0,0.0,0.0,2025-10-08 17:50:37
2256,4,Zay Jones,ARI,0.0,0.0,0.0,0.0,0.0,0.0,0.0,0.0,0.0,0.0,0.0,0.0,0.0,0.0,0.0,0.0,0.0,0.0,0.0,0.0,2025-10-08 17:50:37
2257,4,Noah Brown,WAS,0.0,0.0,0.0,0.0,0.0,0.0,0.0,0.0,0.0,0.0,0.0,0.0,0.0,0.0,0.0,0.0,0.0,0.0,0.0,0.0,2025-10-08 17:50:37
2258,4,Cedrick Wilson Jr.,MIA,0.0,0.0,0.0,0.0,0.0,0.0,0.0,0.0,0.0,0.0,0.0,0.0,0.0,0.0,0.0,0.0,0.0,0.0,0.0,0.0,2025-10-08 17:50:37
2259,4,Dante Pettis,NO,0.0,0.0,0.0,0.0,0.0,0.0,0.0,0.0,0.0,0.0,0.0,0.0,0.0,0.0,0.0,0.0,0.0,0.0,0.0,0.0,2025-10-08 17:50:37
2260,4,Braxton Berrios,HOU,0.0,0.0,0.0,0.0,0.0,0.0,0.0,0.0,0.0,0.0,0.0,0.0,0.0,0.0,0.0,0.0,0.0,0.0,0.0,0.0,2025-10-08 17:50:37
2261,4,Justin Watson,HOU,0.0,0.0,0.0,0.0,0.0,0.0,0.0,0.0,0.0,0.0,0.0,0.0,0.0,0.0,0.0,0.0,0.0,0.0,0.0,0.0,2025-10-08 17:50:37
2262,4,KhaDarel Hodge,ATL,0.0,0.0,0.0,0.0,0.0,0.0,0.0,0.0,0.0,0.0,0.0,0.0,0.0,0.0,0.0,0.0,0.0,0.0,0.0,0.0,2025-10-08 17:50:37
2263,4,Terry McLaurin,WAS,0.0,0.0,0.0,0.0,0.0,0.0,0.0,0.0,0.0,0.0,0.0,0.0,0.0,0.0,0.0,0.0,0.0,0.0,0.0,0.0,2025-10-08 17:50:37
2264,4,Scotty Miller,PIT,0.0,0.0,0.0,0.0,0.0,0.0,0.0,0.0,0.0,0.0,0.0,0.0,0.0,0.0,0.0,0.0,0.0,0.0,0.0,0.0,2025-10-08 17:50:37
2265,4,Tom Kennedy,DET,0.0,0.0,0.0,0.0,0.0,0.0,0.0,0.0,0.0,0.0,0.0,0.0,0.0,0.0,0.0,0.0,0.0,0.0,0.0,0.0,2025-10-08 17:50:37
2266,4,Gunner Olszewski,NYG,0.0,0.0,0.0,0.0,0.0,0.0,0.0,0.0,0.0,0.0,0.0,0.0,0.0,0.0,0.0,0.0,0.0,0.0,0.0,0.0,2025-10-08 17:50:37
2267,4,CeeDee Lamb,DAL,0.0,0.0,0.0,0.0,0.0,0.0,0.0,0.0,0.0,0.0,0.0,0.0,0.0,0.0,0.0,0.0,0.0,0.0,0.0,0.0,2025-10-08 17:50:37
2268,4,Jalen Reagor,LAC,0.0,0.0,0.0,0.0,0.0,0.0,0.0,0.0,0.0,0.0,0.0,0.0,0.0,0.0,0.0,0.0,0.0,0.0,0.0,0.0,2025-10-08 17:50:37
2269,4,Brandon Aiyuk,SF,0.0,0.0,0.0,0.0,0.0,0.0,0.0,0.0,0.0,0.0,0.0,0.0,0.0,0.0,0.0,0.0,0.0,0.0,0.0,0.0,2025-10-08 17:50:37
2270,4,Mason Kinsey,TEN,0.0,0.0,0.0,0.0,0.0,0.0,0.0,0.0,0.0,0.0,0.0,0.0,0.0,0.0,0.0,0.0,0.0,0.0,0.0,0.0,2025-10-08 17:50:37
2271,4,Cody White,SEA,0.0,0.0,0.0,0.0,0.0,0.0,0.0,0.0,0.0,0.0,0.0,0.0,0.0,0.0,0.0,0.0,0.0,0.0,0.0,0.0,2025-10-08 17:50:37
2272,4,Dyami Brown,JAC,0.0,0.0,0.0,0.0,0.0,0.0,0.0,0.0,0.0,0.0,0.0,0.0,0.0,0.0,0.0,0.0,0.0,0.0,0.0,0.0,2025-10-08 17:50:37
2273,4,Ihmir Smith-Marsette,NYG,0.0,0.0,0.0,0.0,0.0,0.0,0.0,0.0,0.0,0.0,0.0,0.0,0.0,0.0,0.0,0.0,0.0,0.0,0.0,0.0,2025-10-08 17:50:37
2274,4,Javon Baker,PHI,0.0,0.0,0.0,0.0,0.0,0.0,0.0,0.0,0.0,0.0,0.0,0.0,0.0,0.0,0.0,0.0,0.0,0.0,0.0,0.0,2025-10-08 17:50:37
2275,4,Beaux Collins,NYG,0.0,0.0,0.0,0.0,0.0,0.0,0.0,0.0,0.0,0.0,0.0,0.0,0.0,0.0,0.0,0.0,0.0,0.0,0.0,0.0,2025-10-08 17:50:37
2276,4,Jermaine Burton,CIN,0.0,0.0,0.0,0.0,0.0,0.0,0.0,0.0,0.0,0.0,0.0,0.0,0.0,0.0,0.0,0.0,0.0,0.0,0.0,0.0,2025-10-08 17:50:37
2277,4,Jonathan Mingo,DAL,0.0,0.0,0.0,0.0,0.0,0.0,0.0,0.0,0.0,0.0,0.0,0.0,0.0,0.0,0.0,0.0,0.0,0.0,0.0,0.0,2025-10-08 17:50:37
2278,4,Kevin Austin Jr.,NO,0.0,0.0,0.0,0.0,0.0,0.0,0.0,0.0,0.0,0.0,0.0,0.0,0.0,0.0,0.0,0.0,0.0,0.0,0.0,0.0,2025-10-08 17:50:37
2279,4,David Bell,CLE,0.0,0.0,0.0,0.0,0.0,0.0,0.0,0.0,0.0,0.0,0.0,0.0,0.0,0.0,0.0,0.0,0.0,0.0,0.0,0.0,2025-10-08 17:50:37
2280,4,Ainias Smith,CAR,0.0,0.0,0.0,0.0,0.0,0.0,0.0,0.0,0.0,0.0,0.0,0.0,0.0,0.0,0.0,0.0,0.0,0.0,0.0,0.0,2025-10-08 17:50:37
2281,4,Jalen McMillan,TB,0.0,0.0,0.0,0.0,0.0,0.0,0.0,0.0,0.0,0.0,0.0,0.0,0.0,0.0,0.0,0.0,0.0,0.0,0.0,0.0,2025-10-08 17:50:37
2282,4,Terrace Marshall Jr.,PHI,0.0,0.0,0.0,0.0,0.0,0.0,0.0,0.0,0.0,0.0,0.0,0.0,0.0,0.0,0.0,0.0,0.0,0.0,0.0,0.0,2025-10-08 17:50:37
2283,4,Austin Trammell,JAC,0.0,0.0,0.0,0.0,0.0,0.0,0.0,0.0,0.0,0.0,0.0,0.0,0.0,0.0,0.0,0.0,0.0,0.0,0.0,0.0,2025-10-08 17:50:37
2284,4,Tim Jones,JAC,0.0,0.0,0.0,0.0,0.0,0.0,0.0,0.0,0.0,0.0,0.0,0.0,0.0,0.0,0.0,0.0,0.0,0.0,0.0,0.0,2025-10-08 17:50:37
2285,4,Alec Pierce,IND,0.0,0.0,0.0,0.0,0.0,0.0,0.0,0.0,0.0,0.0,0.0,0.0,0.0,0.0,0.0,0.0,0.0,0.0,0.0,0.0,2025-10-08 17:50:37
2286,4,Christian Watson,GB,0.0,0.0,0.0,0.0,0.0,0.0,0.0,0.0,0.0,0.0,0.0,0.0,0.0,0.0,0.0,0.0,0.0,0.0,0.0,0.0,2025-10-08 17:50:37
2287,4,Xavier Weaver,ARI,0.0,0.0,0.0,0.0,0.0,0.0,0.0,0.0,0.0,0.0,0.0,0.0,0.0,0.0,0.0,0.0,0.0,0.0,0.0,0.0,2025-10-08 17:50:37
2288,4,Britain Covey,PHI,0.0,0.0,0.0,0.0,0.0,0.0,0.0,0.0,0.0,0.0,0.0,0.0,0.0,0.0,0.0,0.0,0.0,0.0,0.0,0.0,2025-10-08 17:50:37
2289,4,Jacob Cowing,SF,0.0,0.0,0.0,0.0,0.0,0.0,0.0,0.0,0.0,0.0,0.0,0.0,0.0,0.0,0.0,0.0,0.0,0.0,0.0,0.0,2025-10-08 17:50:37
2290,4,Derius Davis,LAC,0.0,0.0,0.0,0.0,0.0,0.0,0.0,0.0,0.0,0.0,0.0,0.0,0.0,0.0,0.0,0.0,0.0,0.0,0.0,0.0,2025-10-08 17:50:37
2291,4,Jason Brownlee,KC,0.0,0.0,0.0,0.0,0.0,0.0,0.0,0.0,0.0,0.0,0.0,0.0,0.0,0.0,0.0,0.0,0.0,0.0,0.0,0.0,2025-10-08 17:50:37
2292,4,Xavier Gipson,PHI,0.0,0.0,0.0,0.0,0.0,0.0,0.0,0.0,0.0,0.0,0.0,0.0,0.0,0.0,0.0,0.0,0.0,0.0,0.0,0.0,2025-10-08 17:50:37
2293,4,Malachi Corley,CLE,0.0,0.0,0.0,0.0,0.0,0.0,0.0,0.0,0.0,0.0,0.0,0.0,0.0,0.0,0.0,0.0,0.0,0.0,0.0,0.0,2025-10-08 17:50:37
2294,4,Xavier Legette,CAR,0.0,0.0,0.0,0.0,0.0,0.0,0.0,0.0,0.0,0.0,0.0,0.0,0.0,0.0,0.0,0.0,0.0,0.0,0.0,0.0,2025-10-08 17:50:37
2295,4,Bub Means,NO,0.0,0.0,0.0,0.0,0.0,0.0,0.0,0.0,0.0,0.0,0.0,0.0,0.0,0.0,0.0,0.0,0.0,0.0,0.0,0.0,2025-10-08 17:50:37
2296,4,Joshua Cephus,JAC,0.0,0.0,0.0,0.0,0.0,0.0,0.0,0.0,0.0,0.0,0.0,0.0,0.0,0.0,0.0,0.0,0.0,0.0,0.0,0.0,2025-10-08 17:50:37
2297,4,Isaiah Williams,NYJ,0.0,0.0,0.0,0.0,0.0,0.0,0.0,0.0,0.0,0.0,0.0,0.0,0.0,0.0,0.0,0.0,0.0,0.0,0.0,0.0,2025-10-08 17:50:37
2298,4,Jalen Coker,CAR,0.0,0.0,0.0,0.0,0.0,0.0,0.0,0.0,0.0,0.0,0.0,0.0,0.0,0.0,0.0,0.0,0.0,0.0,0.0,0.0,2025-10-08 17:50:37
2299,4,Mason Tipton,NO,0.0,0.0,0.0,0.0,0.0,0.0,0.0,0.0,0.0,0.0,0.0,0.0,0.0,0.0,0.0,0.0,0.0,0.0,0.0,0.0,2025-10-08 17:50:37
2300,4,Bryce Oliver,TEN,0.0,0.0,0.0,0.0,0.0,0.0,0.0,0.0,0.0,0.0,0.0,0.0,0.0,0.0,0.0,0.0,0.0,0.0,0.0,0.0,2025-10-08 17:50:37
2301,4,Kameron Johnson,TB,0.0,0.0,0.0,0.0,0.0,0.0,0.0,0.0,0.0,0.0,0.0,0.0,0.0,0.0,0.0,0.0,0.0,0.0,0.0,0.0,2025-10-08 17:50:37
2302,4,Nick Nash,ATL,0.0,0.0,0.0,0.0,0.0,0.0,0.0,0.0,0.0,0.0,0.0,0.0,0.0,0.0,0.0,0.0,0.0,0.0,0.0,0.0,2025-10-08 17:50:37
2303,4,Jimmy Horn Jr.,CAR,0.0,0.0,0.0,0.0,0.0,0.0,0.0,0.0,0.0,0.0,0.0,0.0,0.0,0.0,0.0,0.0,0.0,0.0,0.0,0.0,2025-10-08 17:50:37
2304,4,Efton Chism III,NE,0.0,0.0,0.0,0.0,0.0,0.0,0.0,0.0,0.0,0.0,0.0,0.0,0.0,0.0,0.0,0.0,0.0,0.0,0.0,0.0,2025-10-08 17:50:37
2305,4,LaJohntay Wester,BAL,0.0,0.0,0.0,0.0,0.0,0.0,0.0,0.0,0.0,0.0,0.0,0.0,0.0,0.0,0.0,0.0,0.0,0.0,0.0,0.0,2025-10-08 17:50:37
2306,4,Konata Mumpfield,LAR,0.0,0.0,0.0,0.0,0.0,0.0,0.0,0.0,0.0,0.0,0.0,0.0,0.0,0.0,0.0,0.0,0.0,0.0,0.0,0.0,2025-10-08 17:50:37
2307,4,Jordan Watkins,SF,0.0,0.0,0.0,0.0,0.0,0.0,0.0,0.0,0.0,0.0,0.0,0.0,0.0,0.0,0.0,0.0,0.0,0.0,0.0,0.0,2025-10-08 17:50:37
2308,4,Myles Price,MIN,0.0,0.0,0.0,0.0,0.0,0.0,0.0,0.0,0.0,0.0,0.0,0.0,0.0,0.0,0.0,0.0,0.0,0.0,0.0,0.0,2025-10-08 17:50:37
2309,4,Gage Larvadain,CLE,0.0,0.0,0.0,0.0,0.0,0.0,0.0,0.0,0.0,0.0,0.0,0.0,0.0,0.0,0.0,0.0,0.0,0.0,0.0,0.0,2025-10-08 17:50:37
2310,4,Darius Cooper,PHI,0.0,0.0,0.0,0.0,0.0,0.0,0.0,0.0,0.0,0.0,0.0,0.0,0.0,0.0,0.0,0.0,0.0,0.0,0.0,0.0,2025-10-08 17:50:37
2311,4,Brock Bowers,LV,0.0,0.0,0.0,0.0,0.0,0.0,0.0,0.0,5.9,63.3,0.3,0.0,0.0,0.0,0.0,0.0,0.0,0.0,0.0,8.4,2025-10-08 17:50:37
2312,4,Trey McBride,ARI,0.0,0.0,0.0,0.0,0.0,0.0,0.0,0.0,6.5,64.6,0.3,0.0,0.0,0.0,0.0,0.0,0.0,0.0,0.0,8.4,2025-10-08 17:50:37
2313,4,Tucker Kraft,GB,0.0,0.0,0.0,0.0,0.0,0.0,0.0,0.0,3.9,53.6,0.4,0.0,0.0,0.0,0.0,0.0,0.0,0.0,0.0,7.8,2025-10-08 17:50:37
2314,4,Tyler Warren,IND,0.0,0.0,0.0,0.0,0.0,0.0,0.0,0.0,4.9,56.6,0.3,0.1,0.0,0.0,0.0,0.0,0.0,0.0,0.0,7.4,2025-10-08 17:50:37
2315,4,Sam LaPorta,DET,0.0,0.0,0.0,0.0,0.0,0.0,0.0,0.0,4.1,46.9,0.4,0.0,0.0,0.0,0.0,0.0,0.0,0.0,0.0,7.0,2025-10-08 17:50:37
2316,4,Hunter Henry,NE,0.0,0.0,0.0,0.0,0.0,0.0,0.0,0.0,4.3,45.6,0.4,0.0,0.0,0.0,0.0,0.0,0.0,0.0,0.0,6.9,2025-10-08 17:50:37
2317,4,Travis Kelce,KC,0.0,0.0,0.0,0.0,0.0,0.0,0.0,0.0,4.7,48.6,0.3,0.0,0.0,0.0,0.0,0.0,0.0,0.0,0.0,6.8,2025-10-08 17:50:37
2318,4,Zach Ertz,WAS,0.0,0.0,0.0,0.0,0.0,0.0,0.0,0.0,4.4,41.1,0.3,0.0,0.0,0.0,0.0,0.0,0.0,0.0,0.0,6.2,2025-10-08 17:50:37
2319,4,Juwan Johnson,NO,0.0,0.0,0.0,0.0,0.0,0.0,0.0,0.0,4.8,45.4,0.3,0.0,0.0,0.0,0.0,0.0,0.0,0.0,0.0,6.1,2025-10-08 17:50:37
2320,4,Mark Andrews,BAL,0.0,0.0,0.0,0.0,0.0,0.0,0.0,0.0,3.2,37.9,0.4,0.0,0.0,0.0,0.0,0.0,0.0,0.0,0.0,6.0,2025-10-08 17:50:37
2321,4,Jake Ferguson,DAL,0.0,0.0,0.0,0.0,0.0,0.0,0.0,0.0,5.7,46.4,0.2,0.1,0.0,0.0,0.0,0.0,0.0,0.0,0.0,5.9,2025-10-08 17:50:37
2322,4,David Njoku,CLE,0.0,0.0,0.0,0.0,0.0,0.0,0.0,0.0,4.2,41.7,0.3,0.0,0.0,0.0,0.0,0.0,0.0,0.0,0.0,5.8,2025-10-08 17:50:37
2323,4,Dalton Kincaid,BUF,0.0,0.0,0.0,0.0,0.0,0.0,0.0,0.0,3.7,39.4,0.3,0.0,0.0,0.0,0.0,0.0,0.0,0.0,0.0,5.6,2025-10-08 17:50:37
2324,4,T.J. Hockenson,MIN,0.0,0.0,0.0,0.0,0.0,0.0,0.0,0.0,4.2,43.3,0.2,0.0,0.0,0.0,0.0,0.0,0.0,0.0,0.0,5.5,2025-10-08 17:50:37
2325,4,Kyle Pitts Sr.,ATL,0.0,0.0,0.0,0.0,0.0,0.0,0.0,0.0,3.3,40.2,0.2,0.0,0.0,0.0,0.0,0.0,0.0,0.0,0.0,5.2,2025-10-08 17:50:37
2326,4,Dallas Goedert,PHI,0.0,0.0,0.0,0.0,0.0,0.0,0.0,0.0,3.6,37.2,0.2,0.0,0.0,0.0,0.0,0.0,0.0,0.0,0.0,4.9,2025-10-08 17:50:37
2327,4,Harold Fannin Jr.,CLE,0.0,0.0,0.0,0.0,0.0,0.0,0.0,0.0,3.8,37.2,0.2,0.0,0.0,0.0,0.0,0.0,0.0,0.0,0.0,4.7,2025-10-08 17:50:37
2328,4,Dalton Schultz,HOU,0.0,0.0,0.0,0.0,0.0,0.0,0.0,0.0,3.4,33.6,0.2,0.0,0.0,0.0,0.0,0.0,0.0,0.0,0.0,4.6,2025-10-08 17:50:37
2329,4,Chig Okonkwo,TEN,0.0,0.0,0.0,0.0,0.0,0.0,0.0,0.0,3.7,37.5,0.1,0.0,0.0,0.0,0.0,0.0,0.0,0.0,0.0,4.5,2025-10-08 17:50:37
2330,4,Jonnu Smith,PIT,0.0,0.0,0.0,0.0,0.0,0.0,0.0,0.0,3.1,29.0,0.2,0.0,0.0,0.0,0.0,0.0,0.0,0.0,0.0,4.2,2025-10-08 17:50:37
2331,4,Cade Otton,TB,0.0,0.0,0.0,0.0,0.0,0.0,0.0,0.0,2.8,27.7,0.2,0.0,0.0,0.0,0.0,0.0,0.0,0.0,0.0,4.0,2025-10-08 17:50:37
2332,4,Isaiah Likely,BAL,0.0,0.0,0.0,0.0,0.0,0.0,0.0,0.0,2.2,26.0,0.2,0.0,0.0,0.0,0.0,0.0,0.0,0.0,0.0,4.0,2025-10-08 17:50:37
2333,4,Cole Kmet,CHI,0.0,0.0,0.0,0.0,0.0,0.0,0.0,0.0,2.9,28.2,0.2,0.0,0.0,0.0,0.0,0.0,0.0,0.0,0.0,4.0,2025-10-08 17:50:37
2334,4,Jake Tonges,SF,0.0,0.0,0.0,0.0,0.0,0.0,0.0,0.0,2.3,26.3,0.2,0.0,0.0,0.0,0.0,0.0,0.0,0.0,0.0,3.8,2025-10-08 17:50:37
2335,4,Evan Engram,DEN,0.0,0.0,0.0,0.0,0.0,0.0,0.0,0.0,3.2,26.7,0.2,0.0,0.0,0.0,0.0,0.0,0.0,0.0,0.0,3.8,2025-10-08 17:50:37
2336,4,Pat Freiermuth,PIT,0.0,0.0,0.0,0.0,0.0,0.0,0.0,0.0,2.5,23.3,0.2,0.0,0.0,0.0,0.0,0.0,0.0,0.0,0.0,3.3,2025-10-08 17:50:37
2337,4,Mason Taylor,NYJ,0.0,0.0,0.0,0.0,0.0,0.0,0.0,0.0,2.5,25.3,0.1,0.0,0.0,0.0,0.0,0.0,0.0,0.0,0.0,3.3,2025-10-08 17:50:37
2338,4,Mike Gesicki,CIN,0.0,0.0,0.0,0.0,0.0,0.0,0.0,0.0,2.6,25.2,0.1,0.0,0.0,0.0,0.0,0.0,0.0,0.0,0.0,3.3,2025-10-08 17:50:37
2339,4,Tommy Tremble,CAR,0.0,0.0,0.0,0.0,0.0,0.0,0.0,0.0,2.3,22.7,0.1,0.0,0.0,0.0,0.0,0.0,0.0,0.0,0.0,3.1,2025-10-08 17:50:37
2340,4,Theo Johnson,NYG,0.0,0.0,0.0,0.0,0.0,0.0,0.0,0.0,2.2,23.0,0.1,0.0,0.0,0.0,0.0,0.0,0.0,0.0,0.0,2.9,2025-10-08 17:50:37
2341,4,AJ Barner,SEA,0.0,0.0,0.0,0.0,0.0,0.0,0.0,0.0,2.2,19.4,0.1,0.0,0.0,0.0,0.0,0.0,0.0,0.0,0.0,2.9,2025-10-08 17:50:37
2342,4,Oronde Gadsden II,LAC,0.0,0.0,0.0,0.0,0.0,0.0,0.0,0.0,1.9,19.9,0.1,0.0,0.0,0.0,0.0,0.0,0.0,0.0,0.0,2.7,2025-10-08 17:50:37
2343,4,Darren Waller,MIA,0.0,0.0,0.0,0.0,0.0,0.0,0.0,0.0,1.8,20.0,0.1,0.0,0.0,0.0,0.0,0.0,0.0,0.0,0.0,2.7,2025-10-08 17:50:37
2344,4,Tyler Higbee,LAR,0.0,0.0,0.0,0.0,0.0,0.0,0.0,0.0,1.9,18.7,0.1,0.0,0.0,0.0,0.0,0.0,0.0,0.0,0.0,2.6,2025-10-08 17:50:37
2345,4,Austin Hooper,NE,0.0,0.0,0.0,0.0,0.0,0.0,0.0,0.0,2.1,20.2,0.1,0.0,0.0,0.0,0.0,0.0,0.0,0.0,0.0,2.6,2025-10-08 17:50:37
2346,4,Noah Gray,KC,0.0,0.0,0.0,0.0,0.0,0.0,0.0,0.0,1.7,18.0,0.1,0.0,0.0,0.0,0.0,0.0,0.0,0.0,0.0,2.5,2025-10-08 17:50:37
2347,4,Elijah Arroyo,SEA,0.0,0.0,0.0,0.0,0.0,0.0,0.0,0.0,1.6,16.6,0.1,0.0,0.0,0.0,0.0,0.0,0.0,0.0,0.0,2.2,2025-10-08 17:50:37
2348,4,Dawson Knox,BUF,0.0,0.0,0.0,0.0,0.0,0.0,0.0,0.0,1.2,12.8,0.1,0.0,0.0,0.0,0.0,0.0,0.0,0.0,0.0,2.1,2025-10-08 17:50:37
2349,4,Luke Farrell,SF,0.0,0.0,0.0,0.0,0.0,0.0,0.0,0.0,1.3,13.5,0.1,0.0,0.0,0.0,0.0,0.0,0.0,0.0,0.0,2.0,2025-10-08 17:50:37
2350,4,Gunnar Helm,TEN,0.0,0.0,0.0,0.0,0.0,0.0,0.0,0.0,1.6,15.5,0.1,0.0,0.0,0.0,0.0,0.0,0.0,0.0,0.0,2.0,2025-10-08 17:50:37
2351,4,Tyler Conklin,LAC,0.0,0.0,0.0,0.0,0.0,0.0,0.0,0.0,1.4,15.2,0.1,0.0,0.0,0.0,0.0,0.0,0.0,0.0,0.0,2.0,2025-10-08 17:50:37
2352,4,Adam Trautman,DEN,0.0,0.0,0.0,0.0,0.0,0.0,0.0,0.0,1.0,10.1,0.1,0.0,0.0,0.0,0.0,0.0,0.0,0.0,0.0,1.8,2025-10-08 17:50:37
2353,4,Brock Wright,DET,0.0,0.0,0.0,0.0,0.0,0.0,0.0,0.0,0.9,8.8,0.1,0.0,0.0,0.0,0.0,0.0,0.0,0.0,0.0,1.7,2025-10-08 17:50:37
2354,4,Davis Allen,LAR,0.0,0.0,0.0,0.0,0.0,0.0,0.0,0.0,1.1,10.2,0.1,0.0,0.0,0.0,0.0,0.0,0.0,0.0,0.0,1.7,2025-10-08 17:50:37
2355,4,Luke Musgrave,GB,0.0,0.0,0.0,0.0,0.0,0.0,0.0,0.0,1.1,11.7,0.1,0.0,0.0,0.0,0.0,0.0,0.0,0.0,0.0,1.6,2025-10-08 17:50:37
2356,4,Josh Oliver,MIN,0.0,0.0,0.0,0.0,0.0,0.0,0.0,0.0,1.0,10.5,0.1,0.0,0.0,0.0,0.0,0.0,0.0,0.0,0.0,1.6,2025-10-08 17:50:37
2357,4,Ben Sinnott,WAS,0.0,0.0,0.0,0.0,0.0,0.0,0.0,0.0,1.1,10.6,0.1,0.0,0.0,0.0,0.0,0.0,0.0,0.0,0.0,1.6,2025-10-08 17:50:37
2358,4,Mitchell Evans,CAR,0.0,0.0,0.0,0.0,0.0,0.0,0.0,0.0,1.0,10.1,0.1,0.0,0.0,0.0,0.0,0.0,0.0,0.0,0.0,1.3,2025-10-08 17:50:37
2359,4,Elijah Higgins,ARI,0.0,0.0,0.0,0.0,0.0,0.0,0.0,0.0,1.0,9.2,0.1,0.0,0.0,0.0,0.0,0.0,0.0,0.0,0.0,1.3,2025-10-08 17:50:37
2360,4,Luke Schoonmaker,DAL,0.0,0.0,0.0,0.0,0.0,0.0,0.0,0.0,1.0,8.2,0.1,0.0,0.0,0.0,0.0,0.0,0.0,0.0,0.0,1.2,2025-10-08 17:50:37
2361,4,Drew Ogletree,IND,0.0,0.0,0.0,0.0,0.0,0.0,0.0,0.0,0.6,7.8,0.1,0.0,0.0,0.0,0.0,0.0,0.0,0.0,0.0,1.2,2025-10-08 17:50:37
2362,4,John FitzPatrick,GB,0.0,0.0,0.0,0.0,0.0,0.0,0.0,0.0,0.8,8.1,0.1,0.0,0.0,0.0,0.0,0.0,0.0,0.0,0.0,1.2,2025-10-08 17:50:37
2363,4,Drew Sample,CIN,0.0,0.0,0.0,0.0,0.0,0.0,0.0,0.0,1.1,8.7,0.1,0.0,0.0,0.0,0.0,0.0,0.0,0.0,0.0,1.2,2025-10-08 17:50:37
2364,4,Tanner Conner,MIA,0.0,0.0,0.0,0.0,0.0,0.0,0.0,0.0,1.1,9.8,0.0,0.0,0.0,0.0,0.0,0.0,0.0,0.0,0.0,1.2,2025-10-08 17:50:37
2365,4,Jeremy Ruckert,NYJ,0.0,0.0,0.0,0.0,0.0,0.0,0.0,0.0,1.0,8.1,0.1,0.0,0.0,0.0,0.0,0.0,0.0,0.0,0.0,1.1,2025-10-08 17:50:37
2366,4,Hunter Long,JAC,0.0,0.0,0.0,0.0,0.0,0.0,0.0,0.0,0.8,6.7,0.1,0.0,0.0,0.0,0.0,0.0,0.0,0.0,0.0,1.1,2025-10-08 17:50:37
2367,4,Ian Thomas,LV,0.0,0.0,0.0,0.0,0.0,0.0,0.0,0.0,0.9,8.3,0.0,0.0,0.0,0.0,0.0,0.0,0.0,0.0,0.0,1.1,2025-10-08 17:50:37
2368,4,Nate Adkins,DEN,0.0,0.0,0.0,0.0,0.0,0.0,0.0,0.0,0.5,4.0,0.1,0.0,0.0,0.0,0.0,0.0,0.0,0.0,0.0,1.0,2025-10-08 17:50:37
2369,4,Durham Smythe,CHI,0.0,0.0,0.0,0.0,0.0,0.0,0.0,0.0,0.8,7.5,0.0,0.0,0.0,0.0,0.0,0.0,0.0,0.0,0.0,1.0,2025-10-08 17:50:37
2370,4,James Mitchell,CAR,0.0,0.0,0.0,0.0,0.0,0.0,0.0,0.0,0.7,6.6,0.1,0.0,0.0,0.0,0.0,0.0,0.0,0.0,0.0,0.9,2025-10-08 17:50:37
2371,4,Tip Reiman,ARI,0.0,0.0,0.0,0.0,0.0,0.0,0.0,0.0,0.9,7.4,0.0,0.0,0.0,0.0,0.0,0.0,0.0,0.0,0.0,0.9,2025-10-08 17:50:37
2372,4,Lucas Krull,DEN,0.0,0.0,0.0,0.0,0.0,0.0,0.0,0.0,0.7,5.9,0.1,0.0,0.0,0.0,0.0,0.0,0.0,0.0,0.0,0.9,2025-10-08 17:50:37
2373,4,Johnny Mundt,JAC,0.0,0.0,0.0,0.0,0.0,0.0,0.0,0.0,0.7,5.9,0.1,0.0,0.0,0.0,0.0,0.0,0.0,0.0,0.0,0.9,2025-10-08 17:50:37
2374,4,Grant Calcaterra,PHI,0.0,0.0,0.0,0.0,0.0,0.0,0.0,0.0,0.6,6.0,0.0,0.0,0.0,0.0,0.0,0.0,0.0,0.0,0.0,0.9,2025-10-08 17:50:37
2375,4,Colby Parkinson,LAR,0.0,0.0,0.0,0.0,0.0,0.0,0.0,0.0,0.7,5.9,0.1,0.0,0.0,0.0,0.0,0.0,0.0,0.0,0.0,0.9,2025-10-08 17:50:37
2376,4,Brevyn Spann-Ford,DAL,0.0,0.0,0.0,0.0,0.0,0.0,0.0,0.0,0.8,6.5,0.0,0.0,0.0,0.0,0.0,0.0,0.0,0.0,0.0,0.9,2025-10-08 17:50:37
2377,4,Payne Durham,TB,0.0,0.0,0.0,0.0,0.0,0.0,0.0,0.0,0.5,4.8,0.1,0.0,0.0,0.0,0.0,0.0,0.0,0.0,0.0,0.8,2025-10-08 17:50:37
2378,4,Julian Hill,MIA,0.0,0.0,0.0,0.0,0.0,0.0,0.0,0.0,0.6,5.6,0.0,0.0,0.0,0.0,0.0,0.0,0.0,0.0,0.0,0.8,2025-10-08 17:50:37
2379,4,Eric Saubert,SEA,0.0,0.0,0.0,0.0,0.0,0.0,0.0,0.0,0.6,5.0,0.1,0.0,0.0,0.0,0.0,0.0,0.0,0.0,0.0,0.8,2025-10-08 17:50:37
2380,4,Mo Alie-Cox,IND,0.0,0.0,0.0,0.0,0.0,0.0,0.0,0.0,0.5,5.4,0.0,0.0,0.0,0.0,0.0,0.0,0.0,0.0,0.0,0.8,2025-10-08 17:50:37
2381,4,Jackson Hawes,BUF,0.0,0.0,0.0,0.0,0.0,0.0,0.0,0.0,0.4,4.8,0.0,0.0,0.0,0.0,0.0,0.0,0.0,0.0,0.0,0.8,2025-10-08 17:50:37
2382,4,Tanner Hudson,CIN,0.0,0.0,0.0,0.0,0.0,0.0,0.0,0.0,0.7,6.3,0.0,0.0,0.0,0.0,0.0,0.0,0.0,0.0,0.0,0.7,2025-10-08 17:50:37
2383,4,Daniel Bellinger,NYG,0.0,0.0,0.0,0.0,0.0,0.0,0.0,0.0,0.7,6.2,0.0,0.0,0.0,0.0,0.0,0.0,0.0,0.0,0.0,0.7,2025-10-08 17:50:37
2384,4,Harrison Bryant,HOU,0.0,0.0,0.0,0.0,0.0,0.0,0.0,0.0,0.5,4.2,0.0,0.0,0.0,0.0,0.0,0.0,0.0,0.0,0.0,0.7,2025-10-08 17:50:37
2385,4,Connor Heyward,PIT,0.0,0.0,0.0,0.0,0.0,0.0,0.0,0.0,0.4,3.2,0.1,0.0,0.0,0.0,0.0,0.0,0.0,0.0,0.0,0.7,2025-10-08 17:50:37
2386,4,Kylen Granson,PHI,0.0,0.0,0.0,0.0,0.0,0.0,0.0,0.0,0.4,4.2,0.0,0.0,0.0,0.0,0.0,0.0,0.0,0.0,0.0,0.6,2025-10-08 17:50:37
2387,4,Brenden Bates,HOU,0.0,0.0,0.0,0.0,0.0,0.0,0.0,0.0,0.4,3.4,0.1,0.0,0.0,0.0,0.0,0.0,0.0,0.0,0.0,0.6,2025-10-08 17:50:37
2388,4,Blake Whiteheart,CLE,0.0,0.0,0.0,0.0,0.0,0.0,0.0,0.0,0.4,3.3,0.1,0.0,0.0,0.0,0.0,0.0,0.0,0.0,0.0,0.6,2025-10-08 17:50:37
2389,4,Darnell Washington,PIT,0.0,0.0,0.0,0.0,0.0,0.0,0.0,0.0,0.5,5.0,0.0,0.0,0.0,0.0,0.0,0.0,0.0,0.0,0.0,0.6,2025-10-08 17:50:37
2390,4,Ben Sims,GB,0.0,0.0,0.0,0.0,0.0,0.0,0.0,0.0,0.3,3.2,0.1,0.0,0.0,0.0,0.0,0.0,0.0,0.0,0.0,0.6,2025-10-08 17:50:37
2391,4,Jack Stoll,NO,0.0,0.0,0.0,0.0,0.0,0.0,0.0,0.0,0.6,5.2,0.0,0.0,0.0,0.0,0.0,0.0,0.0,0.0,0.0,0.6,2025-10-08 17:50:37
2392,4,Chris Manhertz,NYG,0.0,0.0,0.0,0.0,0.0,0.0,0.0,0.0,0.3,3.1,0.0,0.0,0.0,0.0,0.0,0.0,0.0,0.0,0.0,0.6,2025-10-08 17:50:37
2393,4,Cam Grandy,CIN,0.0,0.0,0.0,0.0,0.0,0.0,0.0,0.0,0.6,4.9,0.0,0.0,0.0,0.0,0.0,0.0,0.0,0.0,0.0,0.6,2025-10-08 17:50:37
2394,4,Charlie Kolar,BAL,0.0,0.0,0.0,0.0,0.0,0.0,0.0,0.0,0.4,4.5,0.0,0.0,0.0,0.0,0.0,0.0,0.0,0.0,0.0,0.5,2025-10-08 17:50:37
2395,4,Stone Smartt,NYJ,0.0,0.0,0.0,0.0,0.0,0.0,0.0,0.0,0.4,4.4,0.0,0.0,0.0,0.0,0.0,0.0,0.0,0.0,0.0,0.5,2025-10-08 17:50:37
2396,4,Charlie Woerner,ATL,0.0,0.0,0.0,0.0,0.0,0.0,0.0,0.0,0.4,3.9,0.0,0.0,0.0,0.0,0.0,0.0,0.0,0.0,0.0,0.5,2025-10-08 17:50:37
2397,4,Teagan Quitoriano,ATL,0.0,0.0,0.0,0.0,0.0,0.0,0.0,0.0,0.3,3.7,0.0,0.0,0.0,0.0,0.0,0.0,0.0,0.0,0.0,0.4,2025-10-08 17:50:37
2398,4,Jared Wiley,KC,0.0,0.0,0.0,0.0,0.0,0.0,0.0,0.0,0.4,3.3,0.0,0.0,0.0,0.0,0.0,0.0,0.0,0.0,0.0,0.3,2025-10-08 17:50:37
2399,4,Devin Culp,TB,0.0,0.0,0.0,0.0,0.0,0.0,0.0,0.0,0.2,2.6,0.0,0.0,0.0,0.0,0.0,0.0,0.0,0.0,0.0,0.3,2025-10-08 17:50:37
2400,4,Jack Westover,NE,0.0,0.0,0.0,0.0,0.0,0.0,0.0,0.0,0.3,2.2,0.0,0.0,0.0,0.0,0.0,0.0,0.0,0.0,0.0,0.2,2025-10-08 17:50:37
2401,4,Tucker Fisk,LAC,0.0,0.0,0.0,0.0,0.0,0.0,0.0,0.0,0.1,1.3,0.0,0.0,0.0,0.0,0.0,0.0,0.0,0.0,0.0,0.2,2025-10-08 17:50:37
2402,4,Feleipe Franks,ATL,0.0,0.0,0.0,0.0,0.0,0.0,0.0,0.0,0.2,1.7,0.0,0.0,0.0,0.0,0.0,0.0,0.0,0.0,0.0,0.2,2025-10-08 17:50:37
2403,4,Brady Russell,SEA,0.0,0.0,0.0,0.0,0.0,0.0,0.0,0.0,0.0,0.0,0.0,0.0,0.0,0.0,0.0,0.0,0.0,0.0,0.0,0.0,2025-10-08 17:50:37
2404,4,Robert Tonyan,KC,0.0,0.0,0.0,0.0,0.0,0.0,0.0,0.0,0.0,0.0,0.0,0.0,0.0,0.0,0.0,0.0,0.0,0.0,0.0,0.0,2025-10-08 17:50:37
2405,4,Noah Fant,CIN,0.0,0.0,0.0,0.0,0.0,0.0,0.0,0.0,0.0,0.0,0.0,0.0,0.0,0.0,0.0,0.0,0.0,0.0,0.0,0.0,2025-10-08 17:50:37
2406,4,Ross Dwelley,DET,0.0,0.0,0.0,0.0,0.0,0.0,0.0,0.0,0.0,0.0,0.0,0.0,0.0,0.0,0.0,0.0,0.0,0.0,0.0,0.0,2025-10-08 17:50:37
2407,4,Will Dissly,LAC,0.0,0.0,0.0,0.0,0.0,0.0,0.0,0.0,0.0,0.0,0.0,0.0,0.0,0.0,0.0,0.0,0.0,0.0,0.0,0.0,2025-10-08 17:50:37
2408,4,Foster Moreau,NO,0.0,0.0,0.0,0.0,0.0,0.0,0.0,0.0,0.0,0.0,0.0,0.0,0.0,0.0,0.0,0.0,0.0,0.0,0.0,0.0,2025-10-08 17:50:37
2409,4,Stephen Carlson,CHI,0.0,0.0,0.0,0.0,0.0,0.0,0.0,0.0,0.0,0.0,0.0,0.0,0.0,0.0,0.0,0.0,0.0,0.0,0.0,0.0,2025-10-08 17:50:37
2410,4,John Bates,WAS,0.0,0.0,0.0,0.0,0.0,0.0,0.0,0.0,0.0,0.0,0.0,0.0,0.0,0.0,0.0,0.0,0.0,0.0,0.0,0.0,2025-10-08 17:50:37
2411,4,Josh Whyle,GB,0.0,0.0,0.0,0.0,0.0,0.0,0.0,0.0,0.0,0.0,0.0,0.0,0.0,0.0,0.0,0.0,0.0,0.0,0.0,0.0,2025-10-08 17:50:37
2412,4,Michael Mayer,LV,0.0,0.0,0.0,0.0,0.0,0.0,0.0,0.0,0.0,0.0,0.0,0.0,0.0,0.0,0.0,0.0,0.0,0.0,0.0,0.0,2025-10-08 17:50:37
2413,4,Terrance Ferguson,LAR,0.0,0.0,0.0,0.0,0.0,0.0,0.0,0.0,0.0,0.0,0.0,0.0,0.0,0.0,0.0,0.0,0.0,0.0,0.0,0.0,2025-10-08 17:50:37
2414,4,Moliki Matavao,NO,0.0,0.0,0.0,0.0,0.0,0.0,0.0,0.0,0.0,0.0,0.0,0.0,0.0,0.0,0.0,0.0,0.0,0.0,0.0,0.0,2025-10-08 17:50:37
2415,4,Shane Zylstra,DET,0.0,0.0,0.0,0.0,0.0,0.0,0.0,0.0,0.0,0.0,0.0,0.0,0.0,0.0,0.0,0.0,0.0,0.0,0.0,0.0,2025-10-08 17:50:37
2416,4,Will Mallory,IND,0.0,0.0,0.0,0.0,0.0,0.0,0.0,0.0,0.0,0.0,0.0,0.0,0.0,0.0,0.0,0.0,0.0,0.0,0.0,0.0,2025-10-08 17:50:37
2417,4,Ja'Tavion Sanders,CAR,0.0,0.0,0.0,0.0,0.0,0.0,0.0,0.0,0.0,0.0,0.0,0.0,0.0,0.0,0.0,0.0,0.0,0.0,0.0,0.0,2025-10-08 17:50:37
2418,4,Ko Kieft,TB,0.0,0.0,0.0,0.0,0.0,0.0,0.0,0.0,0.0,0.0,0.0,0.0,0.0,0.0,0.0,0.0,0.0,0.0,0.0,0.0,2025-10-08 17:50:37
2419,4,Cade Stover,HOU,0.0,0.0,0.0,0.0,0.0,0.0,0.0,0.0,0.0,0.0,0.0,0.0,0.0,0.0,0.0,0.0,0.0,0.0,0.0,0.0,2025-10-08 17:50:37
2420,4,Brayden Willis,SF,0.0,0.0,0.0,0.0,0.0,0.0,0.0,0.0,0.0,0.0,0.0,0.0,0.0,0.0,0.0,0.0,0.0,0.0,0.0,0.0,2025-10-08 17:50:37
2421,4,Travis Vokolek,ARI,0.0,0.0,0.0,0.0,0.0,0.0,0.0,0.0,0.0,0.0,0.0,0.0,0.0,0.0,0.0,0.0,0.0,0.0,0.0,0.0,2025-10-08 17:50:37
2422,4,John Stephens Jr.,DAL,0.0,0.0,0.0,0.0,0.0,0.0,0.0,0.0,0.0,0.0,0.0,0.0,0.0,0.0,0.0,0.0,0.0,0.0,0.0,0.0,2025-10-08 17:50:37
2423,4,Gavin Bartholomew,MIN,0.0,0.0,0.0,0.0,0.0,0.0,0.0,0.0,0.0,0.0,0.0,0.0,0.0,0.0,0.0,0.0,0.0,0.0,0.0,0.0,2025-10-08 17:50:37
2424,4,Colston Loveland,CHI,0.0,0.0,0.0,0.0,0.0,0.0,0.0,0.0,0.0,0.0,0.0,0.0,0.0,0.0,0.0,0.0,0.0,0.0,0.0,0.0,2025-10-08 17:50:37
2425,4,David Martin-Robinson,TEN,0.0,0.0,0.0,0.0,0.0,0.0,0.0,0.0,0.0,0.0,0.0,0.0,0.0,0.0,0.0,0.0,0.0,0.0,0.0,0.0,2025-10-08 17:50:37
2426,4,Matt Prater,BUF,0.0,0.0,0.0,0.0,0.0,0.0,0.0,0.0,0.0,0.0,0.0,0.0,0.0,0.0,0.0,0.0,0.0,0.0,0.0,8.6,2025-10-08 17:50:37
2427,4,Jake Bates,DET,0.0,0.0,0.0,0.0,0.0,0.0,0.0,0.0,0.0,0.0,0.0,0.0,0.0,0.0,0.0,0.0,0.0,0.0,0.0,8.6,2025-10-08 17:50:37
2428,4,Brandon McManus,GB,0.0,0.0,0.0,0.0,0.0,0.0,0.0,0.0,0.0,0.0,0.0,0.0,0.0,0.0,0.0,0.0,0.0,0.0,0.0,8.4,2025-10-08 17:50:37
2429,4,Cameron Dicker,LAC,0.0,0.0,0.0,0.0,0.0,0.0,0.0,0.0,0.0,0.0,0.0,0.0,0.0,0.0,0.0,0.0,0.0,0.0,0.0,8.3,2025-10-08 17:50:37
2430,4,Ka'imi Fairbairn,HOU,0.0,0.0,0.0,0.0,0.0,0.0,0.0,0.0,0.0,0.0,0.0,0.0,0.0,0.0,0.0,0.0,0.0,0.0,0.0,8.2,2025-10-08 17:50:37
2431,4,Wil Lutz,DEN,0.0,0.0,0.0,0.0,0.0,0.0,0.0,0.0,0.0,0.0,0.0,0.0,0.0,0.0,0.0,0.0,0.0,0.0,0.0,8.2,2025-10-08 17:50:37
2432,4,Daniel Carlson,LV,0.0,0.0,0.0,0.0,0.0,0.0,0.0,0.0,0.0,0.0,0.0,0.0,0.0,0.0,0.0,0.0,0.0,0.0,0.0,7.8,2025-10-08 17:50:37
2433,4,Joshua Karty,LAR,0.0,0.0,0.0,0.0,0.0,0.0,0.0,0.0,0.0,0.0,0.0,0.0,0.0,0.0,0.0,0.0,0.0,0.0,0.0,7.8,2025-10-08 17:50:37
2434,4,Eddy Pineiro,SF,0.0,0.0,0.0,0.0,0.0,0.0,0.0,0.0,0.0,0.0,0.0,0.0,0.0,0.0,0.0,0.0,0.0,0.0,0.0,7.7,2025-10-08 17:50:37
2435,4,Riley Patterson,MIA,0.0,0.0,0.0,0.0,0.0,0.0,0.0,0.0,0.0,0.0,0.0,0.0,0.0,0.0,0.0,0.0,0.0,0.0,0.0,7.7,2025-10-08 17:50:37
2436,4,Harrison Butker,KC,0.0,0.0,0.0,0.0,0.0,0.0,0.0,0.0,0.0,0.0,0.0,0.0,0.0,0.0,0.0,0.0,0.0,0.0,0.0,7.7,2025-10-08 17:50:37
2437,4,Brandon Aubrey,DAL,0.0,0.0,0.0,0.0,0.0,0.0,0.0,0.0,0.0,0.0,0.0,0.0,0.0,0.0,0.0,0.0,0.0,0.0,0.0,7.7,2025-10-08 17:50:37
2438,4,Tyler Loop,BAL,0.0,0.0,0.0,0.0,0.0,0.0,0.0,0.0,0.0,0.0,0.0,0.0,0.0,0.0,0.0,0.0,0.0,0.0,0.0,7.5,2025-10-08 17:50:37
2439,4,Cairo Santos,CHI,0.0,0.0,0.0,0.0,0.0,0.0,0.0,0.0,0.0,0.0,0.0,0.0,0.0,0.0,0.0,0.0,0.0,0.0,0.0,7.5,2025-10-08 17:50:37
2440,4,Jake Elliott,PHI,0.0,0.0,0.0,0.0,0.0,0.0,0.0,0.0,0.0,0.0,0.0,0.0,0.0,0.0,0.0,0.0,0.0,0.0,0.0,7.5,2025-10-08 17:50:37
2441,4,Jason Myers,SEA,0.0,0.0,0.0,0.0,0.0,0.0,0.0,0.0,0.0,0.0,0.0,0.0,0.0,0.0,0.0,0.0,0.0,0.0,0.0,7.4,2025-10-08 17:50:37
2442,4,Chase McLaughlin,TB,0.0,0.0,0.0,0.0,0.0,0.0,0.0,0.0,0.0,0.0,0.0,0.0,0.0,0.0,0.0,0.0,0.0,0.0,0.0,7.4,2025-10-08 17:50:37
2443,4,Parker Romo,ATL,0.0,0.0,0.0,0.0,0.0,0.0,0.0,0.0,0.0,0.0,0.0,0.0,0.0,0.0,0.0,0.0,0.0,0.0,0.0,7.3,2025-10-08 17:50:37
2444,4,Matt Gay,WAS,0.0,0.0,0.0,0.0,0.0,0.0,0.0,0.0,0.0,0.0,0.0,0.0,0.0,0.0,0.0,0.0,0.0,0.0,0.0,7.3,2025-10-08 17:50:37
2445,4,Will Reichard,MIN,0.0,0.0,0.0,0.0,0.0,0.0,0.0,0.0,0.0,0.0,0.0,0.0,0.0,0.0,0.0,0.0,0.0,0.0,0.0,7.3,2025-10-08 17:50:37
2446,4,Chris Boswell,PIT,0.0,0.0,0.0,0.0,0.0,0.0,0.0,0.0,0.0,0.0,0.0,0.0,0.0,0.0,0.0,0.0,0.0,0.0,0.0,7.2,2025-10-08 17:50:37
2447,4,Nick Folk,NYJ,0.0,0.0,0.0,0.0,0.0,0.0,0.0,0.0,0.0,0.0,0.0,0.0,0.0,0.0,0.0,0.0,0.0,0.0,0.0,7.2,2025-10-08 17:50:37
2448,4,Cam Little,JAC,0.0,0.0,0.0,0.0,0.0,0.0,0.0,0.0,0.0,0.0,0.0,0.0,0.0,0.0,0.0,0.0,0.0,0.0,0.0,7.1,2025-10-08 17:50:37
2449,4,Chad Ryland,ARI,0.0,0.0,0.0,0.0,0.0,0.0,0.0,0.0,0.0,0.0,0.0,0.0,0.0,0.0,0.0,0.0,0.0,0.0,0.0,7.0,2025-10-08 17:50:37
2450,4,Andy Borregales,NE,0.0,0.0,0.0,0.0,0.0,0.0,0.0,0.0,0.0,0.0,0.0,0.0,0.0,0.0,0.0,0.0,0.0,0.0,0.0,6.9,2025-10-08 17:50:37
2451,4,Ryan Fitzgerald,CAR,0.0,0.0,0.0,0.0,0.0,0.0,0.0,0.0,0.0,0.0,0.0,0.0,0.0,0.0,0.0,0.0,0.0,0.0,0.0,6.5,2025-10-08 17:50:37
2452,4,Evan McPherson,CIN,0.0,0.0,0.0,0.0,0.0,0.0,0.0,0.0,0.0,0.0,0.0,0.0,0.0,0.0,0.0,0.0,0.0,0.0,0.0,6.4,2025-10-08 17:50:37
2453,4,Joey Slye,TEN,0.0,0.0,0.0,0.0,0.0,0.0,0.0,0.0,0.0,0.0,0.0,0.0,0.0,0.0,0.0,0.0,0.0,0.0,0.0,6.2,2025-10-08 17:50:37
2454,4,Blake Grupe,NO,0.0,0.0,0.0,0.0,0.0,0.0,0.0,0.0,0.0,0.0,0.0,0.0,0.0,0.0,0.0,0.0,0.0,0.0,0.0,6.1,2025-10-08 17:50:37
2455,4,Jude McAtamney,NYG,0.0,0.0,0.0,0.0,0.0,0.0,0.0,0.0,0.0,0.0,0.0,0.0,0.0,0.0,0.0,0.0,0.0,0.0,0.0,6.0,2025-10-08 17:50:37
2456,4,Andre Szmyt,CLE,0.0,0.0,0.0,0.0,0.0,0.0,0.0,0.0,0.0,0.0,0.0,0.0,0.0,0.0,0.0,0.0,0.0,0.0,0.0,6.0,2025-10-08 17:50:37
2457,4,Graham Gano,NYG,0.0,0.0,0.0,0.0,0.0,0.0,0.0,0.0,0.0,0.0,0.0,0.0,0.0,0.0,0.0,0.0,0.0,0.0,0.0,0.0,2025-10-08 17:50:37
2458,4,Younghoe Koo,NYG,0.0,0.0,0.0,0.0,0.0,0.0,0.0,0.0,0.0,0.0,0.0,0.0,0.0,0.0,0.0,0.0,0.0,0.0,0.0,0.0,2025-10-08 17:50:37
2459,4,Jason Sanders,MIA,0.0,0.0,0.0,0.0,0.0,0.0,0.0,0.0,0.0,0.0,0.0,0.0,0.0,0.0,0.0,0.0,0.0,0.0,0.0,0.0,2025-10-08 17:50:37
2460,4,Matthew Wright,TEN,0.0,0.0,0.0,0.0,0.0,0.0,0.0,0.0,0.0,0.0,0.0,0.0,0.0,0.0,0.0,0.0,0.0,0.0,0.0,0.0,2025-10-08 17:50:37
2461,4,Tyler Bass,BUF,0.0,0.0,0.0,0.0,0.0,0.0,0.0,0.0,0.0,0.0,0.0,0.0,0.0,0.0,0.0,0.0,0.0,0.0,0.0,0.0,2025-10-08 17:50:37
2462,4,Jake Moody,CHI,0.0,0.0,0.0,0.0,0.0,0.0,0.0,0.0,0.0,0.0,0.0,0.0,0.0,0.0,0.0,0.0,0.0,0.0,0.0,0.0,2025-10-08 17:50:37
2463,4,Broncos D/ST,Broncos D/ST,0.0,0.0,0.0,0.0,0.0,0.0,0.0,0.0,0.0,0.0,0.0,0.0,3.7,1.0,0.6,0.2,0.0,18.6,311.7,9.0,2025-10-08 17:50:37
2464,4,Texans D/ST,Texans D/ST,0.0,0.0,0.0,0.0,0.0,0.0,0.0,0.0,0.0,0.0,0.0,0.0,3.5,0.8,0.7,0.2,0.1,17.5,289.8,8.8,2025-10-08 17:50:37
2465,4,Lions D/ST,Lions D/ST,0.0,0.0,0.0,0.0,0.0,0.0,0.0,0.0,0.0,0.0,0.0,0.0,3.1,1.0,0.6,0.2,0.1,17.3,317.4,8.6,2025-10-08 17:50:37
2466,4,Steelers D/ST,Steelers D/ST,0.0,0.0,0.0,0.0,0.0,0.0,0.0,0.0,0.0,0.0,0.0,0.0,3.4,0.9,0.8,0.2,0.0,21.1,334.4,7.9,2025-10-08 17:50:37
2467,4,Chargers D/ST,Chargers D/ST,0.0,0.0,0.0,0.0,0.0,0.0,0.0,0.0,0.0,0.0,0.0,0.0,3.0,0.8,0.5,0.2,0.0,17.4,308.4,7.7,2025-10-08 17:50:37
2468,4,Vikings D/ST,Vikings D/ST,0.0,0.0,0.0,0.0,0.0,0.0,0.0,0.0,0.0,0.0,0.0,0.0,2.8,0.7,0.7,0.2,0.0,19.2,283.7,7.5,2025-10-08 17:50:37
2469,4,Bills D/ST,Bills D/ST,0.0,0.0,0.0,0.0,0.0,0.0,0.0,0.0,0.0,0.0,0.0,0.0,2.5,0.7,0.6,0.2,0.0,16.4,302.8,7.4,2025-10-08 17:50:37
2470,4,Patriots D/ST,Patriots D/ST,0.0,0.0,0.0,0.0,0.0,0.0,0.0,0.0,0.0,0.0,0.0,0.0,2.4,0.8,0.5,0.2,0.0,19.5,296.4,7.0,2025-10-08 17:50:37
2471,4,Packers D/ST,Packers D/ST,0.0,0.0,0.0,0.0,0.0,0.0,0.0,0.0,0.0,0.0,0.0,0.0,2.7,0.8,0.6,0.2,0.0,20.5,318.6,6.7,2025-10-08 17:50:37
2472,4,Eagles D/ST,Eagles D/ST,0.0,0.0,0.0,0.0,0.0,0.0,0.0,0.0,0.0,0.0,0.0,0.0,2.5,0.8,0.6,0.2,0.0,22.3,349.0,6.4,2025-10-08 17:50:37
2473,4,Chicago Bears,Chicago Bears,0.0,0.0,0.0,0.0,0.0,0.0,0.0,0.0,0.0,0.0,0.0,0.0,2.8,0.8,0.5,0.2,0.0,22.5,333.0,6.4,2025-10-08 17:50:37
2474,4,Rams D/ST,Rams D/ST,0.0,0.0,0.0,0.0,0.0,0.0,0.0,0.0,0.0,0.0,0.0,0.0,2.8,0.7,0.6,0.2,0.0,23.1,339.3,6.2,2025-10-08 17:50:37
2475,4,Raiders D/ST,Raiders D/ST,0.0,0.0,0.0,0.0,0.0,0.0,0.0,0.0,0.0,0.0,0.0,0.0,3.2,0.6,0.6,0.1,0.0,23.8,332.2,6.2,2025-10-08 17:50:37
2476,4,Falcons D/ST,Falcons D/ST,0.0,0.0,0.0,0.0,0.0,0.0,0.0,0.0,0.0,0.0,0.0,0.0,2.9,0.7,0.6,0.1,0.0,22.6,350.1,6.2,2025-10-08 17:50:37
2477,4,Panthers D/ST,Panthers D/ST,0.0,0.0,0.0,0.0,0.0,0.0,0.0,0.0,0.0,0.0,0.0,0.0,2.6,0.7,0.6,0.1,0.0,23.2,334.2,6.1,2025-10-08 17:50:37
2478,4,Dolphins D/ST,Dolphins D/ST,0.0,0.0,0.0,0.0,0.0,0.0,0.0,0.0,0.0,0.0,0.0,0.0,2.9,0.6,0.6,0.1,0.0,21.3,310.4,6.1,2025-10-08 17:50:37
2479,4,Cardinals D/ST,Cardinals D/ST,0.0,0.0,0.0,0.0,0.0,0.0,0.0,0.0,0.0,0.0,0.0,0.0,2.5,0.8,0.5,0.2,0.0,21.7,329.3,6.0,2025-10-08 17:50:37
2480,4,Jets D/ST,Jets D/ST,0.0,0.0,0.0,0.0,0.0,0.0,0.0,0.0,0.0,0.0,0.0,0.0,2.4,0.8,0.5,0.2,0.0,23.5,347.0,6.0,2025-10-08 17:50:37
2481,4,Giants D/ST,Giants D/ST,0.0,0.0,0.0,0.0,0.0,0.0,0.0,0.0,0.0,0.0,0.0,0.0,3.1,0.5,0.6,0.1,0.0,24.3,337.6,6.0,2025-10-08 17:50:37
2482,4,Buccaneers D/ST,Buccaneers D/ST,0.0,0.0,0.0,0.0,0.0,0.0,0.0,0.0,0.0,0.0,0.0,0.0,2.8,0.5,0.6,0.1,0.0,23.8,326.4,5.7,2025-10-08 17:50:37
2483,4,Titans D/ST,Titans D/ST,0.0,0.0,0.0,0.0,0.0,0.0,0.0,0.0,0.0,0.0,0.0,0.0,2.6,0.7,0.5,0.1,0.1,23.8,335.3,5.7,2025-10-08 17:50:37
2484,4,49ers D/ST,49ers D/ST,0.0,0.0,0.0,0.0,0.0,0.0,0.0,0.0,0.0,0.0,0.0,0.0,2.0,0.8,0.6,0.2,0.0,21.2,320.6,5.7,2025-10-08 17:50:37
2485,4,Commanders D/ST,Commanders D/ST,0.0,0.0,0.0,0.0,0.0,0.0,0.0,0.0,0.0,0.0,0.0,0.0,2.1,0.7,0.5,0.2,0.1,21.3,350.2,5.6,2025-10-08 17:50:37
2486,4,Jaguars D/ST,Jaguars D/ST,0.0,0.0,0.0,0.0,0.0,0.0,0.0,0.0,0.0,0.0,0.0,0.0,2.1,0.8,0.5,0.1,0.0,23.8,374.6,5.6,2025-10-08 17:50:37
2487,4,Seahawks D/ST,Seahawks D/ST,0.0,0.0,0.0,0.0,0.0,0.0,0.0,0.0,0.0,0.0,0.0,0.0,2.2,0.7,0.5,0.1,0.0,21.0,328.9,5.3,2025-10-08 17:50:37
2488,4,Ravens D/ST,Ravens D/ST,0.0,0.0,0.0,0.0,0.0,0.0,0.0,0.0,0.0,0.0,0.0,0.0,2.2,0.7,0.4,0.1,0.0,22.9,333.8,5.3,2025-10-08 17:50:37
2489,4,Colts D/ST,Colts D/ST,0.0,0.0,0.0,0.0,0.0,0.0,0.0,0.0,0.0,0.0,0.0,0.0,2.2,0.7,0.5,0.1,0.0,24.9,353.3,5.2,2025-10-08 17:50:37
2490,4,Chiefs D/ST,Chiefs D/ST,0.0,0.0,0.0,0.0,0.0,0.0,0.0,0.0,0.0,0.0,0.0,0.0,2.4,0.5,0.5,0.1,0.0,25.0,388.4,5.2,2025-10-08 17:50:37
2491,4,Browns D/ST,Browns D/ST,0.0,0.0,0.0,0.0,0.0,0.0,0.0,0.0,0.0,0.0,0.0,0.0,2.4,0.6,0.4,0.1,0.0,28.5,370.2,5.1,2025-10-08 17:50:37
2492,4,Cowboys D/ST,Cowboys D/ST,0.0,0.0,0.0,0.0,0.0,0.0,0.0,0.0,0.0,0.0,0.0,0.0,1.9,0.7,0.5,0.1,0.0,27.3,372.9,5.1,2025-10-08 17:50:37
2493,4,Bengals D/ST,Bengals D/ST,0.0,0.0,0.0,0.0,0.0,0.0,0.0,0.0,0.0,0.0,0.0,0.0,1.8,0.7,0.5,0.1,0.0,26.7,338.2,4.9,2025-10-08 17:50:37
2494,4,Saints D/ST,Saints D/ST,0.0,0.0,0.0,0.0,0.0,0.0,0.0,0.0,0.0,0.0,0.0,0.0,1.5,0.5,0.3,0.1,0.0,31.7,382.1,3.8,2025-10-08 17:50:37
2495,5,Josh Allen,BUF,31.2,21.2,245.9,1.8,0.5,6.9,34.5,0.6,0.0,0.0,0.0,0.2,0.0,0.0,0.0,0.0,0.0,0.0,0.0,23.3,2025-10-08 17:50:37
2496,5,Justin Fields,NYJ,28.3,18.9,206.9,1.4,0.6,8.8,49.1,0.5,0.0,0.0,0.0,0.3,0.0,0.0,0.0,0.0,0.0,0.0,0.0,20.5,2025-10-08 17:50:37
2497,5,Jalen Hurts,PHI,25.9,17.5,187.6,1.2,0.4,9.7,41.0,0.8,0.0,0.0,0.0,0.2,0.0,0.0,0.0,0.0,0.0,0.0,0.0,20.3,2025-10-08 17:50:37
2498,5,Justin Herbert,LAC,33.5,21.9,265.2,1.8,0.5,4.7,21.3,0.1,0.0,0.0,0.0,0.2,0.0,0.0,0.0,0.0,0.0,0.0,0.0,19.7,2025-10-08 17:50:37
2499,5,Jayden Daniels,WAS,31.4,21.0,217.4,1.4,0.6,7.9,44.7,0.3,0.0,0.0,0.0,0.1,0.0,0.0,0.0,0.0,0.0,0.0,0.0,19.7,2025-10-08 17:50:37
2500,5,Kyler Murray,ARI,31.9,21.9,213.4,1.5,0.6,6.4,40.2,0.3,0.0,0.0,0.0,0.2,0.0,0.0,0.0,0.0,0.0,0.0,0.0,19.5,2025-10-08 17:50:37
2501,5,Patrick Mahomes,KC,35.4,23.3,247.1,1.6,0.6,4.7,25.0,0.2,0.0,0.0,0.0,0.2,0.0,0.0,0.0,0.0,0.0,0.0,0.0,19.1,2025-10-08 17:50:37
2502,5,Daniel Jones,IND,31.0,20.3,226.6,1.3,0.6,5.2,25.7,0.4,0.0,0.0,0.0,0.3,0.0,0.0,0.0,0.0,0.0,0.0,0.0,18.4,2025-10-08 17:50:37
2503,5,Drake Maye,NE,32.1,22.0,224.3,1.4,0.7,5.7,33.4,0.2,0.0,0.0,0.0,0.3,0.0,0.0,0.0,0.0,0.0,0.0,0.0,18.3,2025-10-08 17:50:37
2504,5,Jared Goff,DET,31.1,22.2,257.7,2.0,0.6,1.8,3.7,0.0,0.0,0.0,0.0,0.2,0.0,0.0,0.0,0.0,0.0,0.0,0.0,18.0,2025-10-08 17:50:37
2505,5,Baker Mayfield,TB,32.5,21.8,231.7,1.6,0.8,4.6,22.1,0.1,0.0,0.0,0.0,0.2,0.0,0.0,0.0,0.0,0.0,0.0,0.0,17.3,2025-10-08 17:50:37
2506,5,Dak Prescott,DAL,35.9,23.9,249.7,1.7,0.8,2.0,9.2,0.1,0.0,0.0,0.0,0.2,0.0,0.0,0.0,0.0,0.0,0.0,0.0,17.1,2025-10-08 17:50:37
2507,5,Jaxson Dart,NYG,28.6,18.0,199.1,1.2,0.7,7.4,37.4,0.3,0.0,0.0,0.0,0.2,0.0,0.0,0.0,0.0,0.0,0.0,0.0,17.0,2025-10-08 17:50:37
2508,5,Bo Nix,DEN,35.0,22.4,217.5,1.4,0.8,4.9,22.6,0.2,0.0,0.0,0.0,0.2,0.0,0.0,0.0,0.0,0.0,0.0,0.0,16.4,2025-10-08 17:50:37
2509,5,Matthew Stafford,LAR,32.5,21.6,236.5,1.7,0.4,1.4,2.0,0.0,0.0,0.0,0.0,0.2,0.0,0.0,0.0,0.0,0.0,0.0,0.0,15.9,2025-10-08 17:50:37
2510,5,C.J. Stroud,HOU,31.9,20.7,227.8,1.3,0.6,4.2,17.6,0.1,0.0,0.0,0.0,0.2,0.0,0.0,0.0,0.0,0.0,0.0,0.0,15.8,2025-10-08 17:50:37
2511,5,Geno Smith,LV,32.9,22.0,241.6,1.4,0.9,3.3,13.5,0.1,0.0,0.0,0.0,0.1,0.0,0.0,0.0,0.0,0.0,0.0,0.0,15.7,2025-10-08 17:50:37
2512,5,Tua Tagovailoa,MIA,32.2,22.2,233.3,1.6,0.8,1.7,6.8,0.0,0.0,0.0,0.0,0.3,0.0,0.0,0.0,0.0,0.0,0.0,0.0,15.2,2025-10-08 17:50:37
2513,5,Bryce Young,CAR,31.7,20.0,197.3,1.4,0.7,2.5,16.3,0.2,0.0,0.0,0.0,0.2,0.0,0.0,0.0,0.0,0.0,0.0,0.0,15.2,2025-10-08 17:50:37
2514,5,Trevor Lawrence,JAC,32.9,20.6,220.2,1.3,0.8,3.0,13.4,0.1,0.0,0.0,0.0,0.2,0.0,0.0,0.0,0.0,0.0,0.0,0.0,14.9,2025-10-08 17:50:37
2515,5,Sam Darnold,SEA,30.9,20.3,233.1,1.4,0.8,2.2,7.7,0.1,0.0,0.0,0.0,0.2,0.0,0.0,0.0,0.0,0.0,0.0,0.0,14.9,2025-10-08 17:50:37
2516,5,Jake Browning,CIN,32.0,21.3,228.4,1.3,1.0,1.9,8.8,0.1,0.0,0.0,0.0,0.1,0.0,0.0,0.0,0.0,0.0,0.0,0.0,14.7,2025-10-08 17:50:37
2517,5,Carson Wentz,MIN,30.8,19.4,210.5,1.4,0.9,3.0,12.5,0.1,0.0,0.0,0.0,0.2,0.0,0.0,0.0,0.0,0.0,0.0,0.0,14.4,2025-10-08 17:50:37
2518,5,Spencer Rattler,NO,31.9,19.9,195.3,1.2,0.7,3.6,23.2,0.1,0.0,0.0,0.0,0.3,0.0,0.0,0.0,0.0,0.0,0.0,0.0,14.4,2025-10-08 17:50:37
2519,5,Mac Jones,SF,32.4,20.8,220.9,1.1,0.8,2.8,10.4,0.1,0.0,0.0,0.0,0.3,0.0,0.0,0.0,0.0,0.0,0.0,0.0,13.3,2025-10-08 17:50:37
2520,5,Dillon Gabriel,CLE,32.4,20.0,203.7,1.0,0.9,3.2,14.3,0.1,0.0,0.0,0.0,0.2,0.0,0.0,0.0,0.0,0.0,0.0,0.0,12.7,2025-10-08 17:50:37
2521,5,Cooper Rush,BAL,30.8,18.9,194.9,1.1,0.6,2.6,5.8,0.0,0.0,0.0,0.0,0.3,0.0,0.0,0.0,0.0,0.0,0.0,0.0,12.0,2025-10-08 17:50:37
2522,5,Cam Ward,TEN,30.7,18.1,190.0,1.0,0.6,2.9,13.2,0.1,0.0,0.0,0.0,0.3,0.0,0.0,0.0,0.0,0.0,0.0,0.0,12.0,2025-10-08 17:50:37
2523,5,Tyler Huntley,BAL,1.2,0.7,9.1,0.1,0.0,0.2,1.1,0.0,0.0,0.0,0.0,0.0,0.0,0.0,0.0,0.0,0.0,0.0,0.0,0.9,2025-10-08 17:50:37
2524,5,Anthony Richardson Sr.,IND,0.6,0.4,4.9,0.0,0.0,0.5,2.4,0.0,0.0,0.0,0.0,0.0,0.0,0.0,0.0,0.0,0.0,0.0,0.0,0.8,2025-10-08 17:50:37
2525,5,Jalen Milroe,SEA,0.4,0.3,2.8,0.0,0.0,0.7,2.8,0.1,0.0,0.0,0.0,0.0,0.0,0.0,0.0,0.0,0.0,0.0,0.0,0.7,2025-10-08 17:50:37
2526,5,Zach Wilson,MIA,0.7,0.5,4.8,0.1,0.0,0.1,0.9,0.0,0.0,0.0,0.0,0.0,0.0,0.0,0.0,0.0,0.0,0.0,0.0,0.5,2025-10-08 17:50:37
2527,5,Mitchell Trubisky,BUF,0.6,0.5,5.1,0.1,0.0,0.2,0.7,0.0,0.0,0.0,0.0,0.0,0.0,0.0,0.0,0.0,0.0,0.0,0.0,0.5,2025-10-08 17:50:37
2528,5,Tyler Shough,NO,0.9,0.6,5.2,0.1,0.0,0.1,0.6,0.0,0.0,0.0,0.0,0.0,0.0,0.0,0.0,0.0,0.0,0.0,0.0,0.5,2025-10-08 17:50:37
2529,5,Joe Milton III,DAL,0.8,0.5,5.1,0.1,0.0,0.2,0.6,0.0,0.0,0.0,0.0,0.0,0.0,0.0,0.0,0.0,0.0,0.0,0.0,0.5,2025-10-08 17:50:37
2530,5,Gardner Minshew,KC,0.8,0.5,5.1,0.1,0.0,0.2,0.5,0.0,0.0,0.0,0.0,0.0,0.0,0.0,0.0,0.0,0.0,0.0,0.0,0.5,2025-10-08 17:50:37
2531,5,Marcus Mariota,WAS,0.6,0.4,4.4,0.1,0.0,0.2,0.8,0.0,0.0,0.0,0.0,0.0,0.0,0.0,0.0,0.0,0.0,0.0,0.0,0.5,2025-10-08 17:50:37
2532,5,Jacoby Brissett,ARI,0.7,0.5,4.4,0.1,0.0,0.2,0.8,0.0,0.0,0.0,0.0,0.0,0.0,0.0,0.0,0.0,0.0,0.0,0.0,0.5,2025-10-08 17:50:37
2533,5,Tyrod Taylor,NYJ,0.6,0.4,4.6,0.1,0.0,0.1,0.6,0.0,0.0,0.0,0.0,0.0,0.0,0.0,0.0,0.0,0.0,0.0,0.0,0.4,2025-10-08 17:50:37
2534,5,Russell Wilson,NYG,0.6,0.4,4.1,0.1,0.0,0.2,0.7,0.0,0.0,0.0,0.0,0.0,0.0,0.0,0.0,0.0,0.0,0.0,0.0,0.4,2025-10-08 17:50:37
2535,5,Davis Mills,HOU,0.7,0.4,4.4,0.1,0.0,0.2,0.5,0.0,0.0,0.0,0.0,0.0,0.0,0.0,0.0,0.0,0.0,0.0,0.0,0.4,2025-10-08 17:50:37
2536,5,Nick Mullens,JAC,0.7,0.4,4.1,0.1,0.0,0.2,0.6,0.0,0.0,0.0,0.0,0.0,0.0,0.0,0.0,0.0,0.0,0.0,0.0,0.4,2025-10-08 17:50:37
2537,5,Drew Lock,SEA,0.6,0.4,4.6,0.1,0.0,0.1,0.4,0.0,0.0,0.0,0.0,0.0,0.0,0.0,0.0,0.0,0.0,0.0,0.0,0.4,2025-10-08 17:50:37
2538,5,Joshua Dobbs,NE,0.6,0.4,4.1,0.1,0.0,0.1,0.6,0.0,0.0,0.0,0.0,0.0,0.0,0.0,0.0,0.0,0.0,0.0,0.0,0.4,2025-10-08 17:50:37
2539,5,Andy Dalton,CAR,0.7,0.5,3.9,0.1,0.0,0.1,0.6,0.0,0.0,0.0,0.0,0.0,0.0,0.0,0.0,0.0,0.0,0.0,0.0,0.4,2025-10-08 17:50:37
2540,5,Jimmy Garoppolo,LAR,0.7,0.5,4.6,0.1,0.0,0.1,0.3,0.0,0.0,0.0,0.0,0.0,0.0,0.0,0.0,0.0,0.0,0.0,0.0,0.4,2025-10-08 17:50:37
2541,5,Jarrett Stidham,DEN,0.7,0.4,3.7,0.1,0.0,0.2,0.6,0.0,0.0,0.0,0.0,0.0,0.0,0.0,0.0,0.0,0.0,0.0,0.0,0.4,2025-10-08 17:50:37
2542,5,Kenny Pickett,LV,0.7,0.5,4.8,0.1,0.1,0.1,0.6,0.0,0.0,0.0,0.0,0.0,0.0,0.0,0.0,0.0,0.0,0.0,0.0,0.4,2025-10-08 17:50:37
2543,5,Tanner McKee,PHI,0.5,0.3,3.3,0.1,0.0,0.2,0.3,0.0,0.0,0.0,0.0,0.0,0.0,0.0,0.0,0.0,0.0,0.0,0.0,0.4,2025-10-08 17:50:37
2544,5,Adrian Martinez,SF,0.9,0.6,7.6,0.0,0.0,0.1,0.5,0.0,0.0,0.0,0.0,0.0,0.0,0.0,0.0,0.0,0.0,0.0,0.0,0.4,2025-10-08 17:50:37
2545,5,Trey Lance,LAC,0.7,0.4,5.0,0.0,0.0,0.1,0.6,0.0,0.0,0.0,0.0,0.0,0.0,0.0,0.0,0.0,0.0,0.0,0.0,0.3,2025-10-08 17:50:37
2546,5,Brandon Allen,TEN,0.6,0.4,3.2,0.0,0.0,0.1,0.4,0.0,0.0,0.0,0.0,0.0,0.0,0.0,0.0,0.0,0.0,0.0,0.0,0.2,2025-10-08 17:50:37
2547,5,Teddy Bridgewater,TB,0.5,0.4,3.0,0.0,0.0,0.1,0.2,0.0,0.0,0.0,0.0,0.0,0.0,0.0,0.0,0.0,0.0,0.0,0.0,0.1,2025-10-08 17:50:37
2548,5,Kyle Allen,DET,0.3,0.3,3.1,0.0,0.0,0.1,0.1,0.0,0.0,0.0,0.0,0.0,0.0,0.0,0.0,0.0,0.0,0.0,0.0,0.1,2025-10-08 17:50:37
2549,5,Joe Flacco,CIN,0.8,0.5,4.0,0.0,0.1,0.1,0.5,0.0,0.0,0.0,0.0,0.1,0.0,0.0,0.0,0.0,0.0,0.0,0.0,0.1,2025-10-08 17:50:37
2550,5,Shedeur Sanders,CLE,0.0,0.0,0.0,0.0,0.0,0.0,0.0,0.0,0.0,0.0,0.0,0.0,0.0,0.0,0.0,0.0,0.0,0.0,0.0,0.0,2025-10-08 17:50:37
2551,5,Hendon Hooker,CAR,0.0,0.0,0.0,0.0,0.0,0.0,0.0,0.0,0.0,0.0,0.0,0.0,0.0,0.0,0.0,0.0,0.0,0.0,0.0,0.0,2025-10-08 17:50:37
2552,5,Aidan O'Connell,LV,0.0,0.0,0.0,0.0,0.0,0.0,0.0,0.0,0.0,0.0,0.0,0.0,0.0,0.0,0.0,0.0,0.0,0.0,0.0,0.0,2025-10-08 17:50:37
2553,5,Sam Howell,PHI,0.0,0.0,0.0,0.0,0.0,0.0,0.0,0.0,0.0,0.0,0.0,0.0,0.0,0.0,0.0,0.0,0.0,0.0,0.0,0.0,2025-10-08 17:50:37
2554,5,J.J. McCarthy,MIN,0.0,0.0,0.0,0.0,0.0,0.0,0.0,0.0,0.0,0.0,0.0,0.0,0.0,0.0,0.0,0.0,0.0,0.0,0.0,0.0,2025-10-08 17:50:37
2555,5,Brock Purdy,SF,0.0,0.0,0.0,0.0,0.0,0.0,0.0,0.0,0.0,0.0,0.0,0.0,0.0,0.0,0.0,0.0,0.0,0.0,0.0,0.0,2025-10-08 17:50:37
2556,5,Lamar Jackson,BAL,0.0,0.0,0.0,0.0,0.0,0.0,0.0,0.0,0.0,0.0,0.0,0.0,0.0,0.0,0.0,0.0,0.0,0.0,0.0,0.0,2025-10-08 17:50:37
2557,5,Jameis Winston,NYG,0.0,0.0,0.0,0.0,0.0,0.0,0.0,0.0,0.0,0.0,0.0,0.0,0.0,0.0,0.0,0.0,0.0,0.0,0.0,0.0,2025-10-08 17:50:37
2558,5,Jonathan Taylor,IND,0.0,0.0,0.0,0.0,0.0,21.3,97.9,0.9,2.7,19.6,0.1,0.1,0.0,0.0,0.0,0.0,0.0,0.0,0.0,17.6,2025-10-08 17:50:38
2559,5,Jahmyr Gibbs,DET,0.0,0.0,0.0,0.0,0.0,15.7,78.5,0.8,3.6,27.1,0.2,0.1,0.0,0.0,0.0,0.0,0.0,0.0,0.0,16.2,2025-10-08 17:50:38
2560,5,Christian McCaffrey,SF,0.0,0.0,0.0,0.0,0.0,15.8,68.0,0.4,6.0,52.6,0.3,0.1,0.0,0.0,0.0,0.0,0.0,0.0,0.0,16.2,2025-10-08 17:50:38
2561,5,James Cook III,BUF,0.0,0.0,0.0,0.0,0.0,17.3,82.8,0.8,2.5,21.2,0.1,0.1,0.0,0.0,0.0,0.0,0.0,0.0,0.0,15.7,2025-10-08 17:50:38
2562,5,De'Von Achane,MIA,0.0,0.0,0.0,0.0,0.0,14.3,74.7,0.5,4.7,34.9,0.3,0.1,0.0,0.0,0.0,0.0,0.0,0.0,0.0,15.3,2025-10-08 17:50:38
2563,5,Saquon Barkley,PHI,0.0,0.0,0.0,0.0,0.0,18.7,87.3,0.6,2.4,16.7,0.1,0.1,0.0,0.0,0.0,0.0,0.0,0.0,0.0,14.6,2025-10-08 17:50:38
2564,5,Derrick Henry,BAL,0.0,0.0,0.0,0.0,0.0,17.2,89.0,0.8,1.0,9.2,0.0,0.2,0.0,0.0,0.0,0.0,0.0,0.0,0.0,14.2,2025-10-08 17:50:38
2565,5,Cam Skattebo,NYG,0.0,0.0,0.0,0.0,0.0,17.5,72.2,0.6,2.7,22.2,0.1,0.1,0.0,0.0,0.0,0.0,0.0,0.0,0.0,13.6,2025-10-08 17:50:38
2566,5,Breece Hall,NYJ,0.0,0.0,0.0,0.0,0.0,16.9,72.4,0.4,3.2,28.1,0.2,0.1,0.0,0.0,0.0,0.0,0.0,0.0,0.0,13.3,2025-10-08 17:50:38
2567,5,Kyren Williams,LAR,0.0,0.0,0.0,0.0,0.0,17.0,72.2,0.6,2.0,12.4,0.1,0.1,0.0,0.0,0.0,0.0,0.0,0.0,0.0,12.7,2025-10-08 17:50:38
2568,5,Quinshon Judkins,CLE,0.0,0.0,0.0,0.0,0.0,18.7,80.1,0.5,2.0,14.9,0.0,0.1,0.0,0.0,0.0,0.0,0.0,0.0,0.0,12.7,2025-10-08 17:50:38
2569,5,Javonte Williams,DAL,0.0,0.0,0.0,0.0,0.0,17.4,68.7,0.6,2.9,17.3,0.1,0.1,0.0,0.0,0.0,0.0,0.0,0.0,0.0,12.5,2025-10-08 17:50:38
2570,5,Ashton Jeanty,LV,0.0,0.0,0.0,0.0,0.0,16.6,71.5,0.5,2.2,15.8,0.1,0.1,0.0,0.0,0.0,0.0,0.0,0.0,0.0,12.4,2025-10-08 17:50:38
2571,5,Travis Etienne Jr.,JAC,0.0,0.0,0.0,0.0,0.0,16.6,73.1,0.4,2.2,15.2,0.1,0.1,0.0,0.0,0.0,0.0,0.0,0.0,0.0,11.7,2025-10-08 17:50:38
2572,5,Jordan Mason,MIN,0.0,0.0,0.0,0.0,0.0,17.6,77.7,0.5,1.5,9.6,0.0,0.1,0.0,0.0,0.0,0.0,0.0,0.0,0.0,11.7,2025-10-08 17:50:38
2573,5,Alvin Kamara,NO,0.0,0.0,0.0,0.0,0.0,15.9,69.9,0.3,3.0,19.8,0.1,0.1,0.0,0.0,0.0,0.0,0.0,0.0,0.0,11.3,2025-10-08 17:50:38
2574,5,Kenneth Walker III,SEA,0.0,0.0,0.0,0.0,0.0,14.2,55.1,0.5,2.2,16.8,0.1,0.1,0.0,0.0,0.0,0.0,0.0,0.0,0.0,10.7,2025-10-08 17:50:38
2575,5,Chase Brown,CIN,0.0,0.0,0.0,0.0,0.0,14.1,56.6,0.4,2.9,21.1,0.1,0.1,0.0,0.0,0.0,0.0,0.0,0.0,0.0,10.6,2025-10-08 17:50:38
2576,5,Rico Dowdle,CAR,0.0,0.0,0.0,0.0,0.0,15.2,66.3,0.4,2.3,14.8,0.1,0.1,0.0,0.0,0.0,0.0,0.0,0.0,0.0,10.5,2025-10-08 17:50:38
2577,5,Woody Marks,HOU,0.0,0.0,0.0,0.0,0.0,13.0,51.5,0.4,2.6,22.5,0.1,0.1,0.0,0.0,0.0,0.0,0.0,0.0,0.0,10.3,2025-10-08 17:50:38
2578,5,Rachaad White,TB,0.0,0.0,0.0,0.0,0.0,13.3,53.5,0.3,3.2,22.5,0.1,0.1,0.0,0.0,0.0,0.0,0.0,0.0,0.0,10.2,2025-10-08 17:50:38
2579,5,David Montgomery,DET,0.0,0.0,0.0,0.0,0.0,12.5,54.3,0.6,1.4,11.9,0.0,0.1,0.0,0.0,0.0,0.0,0.0,0.0,0.0,10.1,2025-10-08 17:50:38
2580,5,Tony Pollard,TEN,0.0,0.0,0.0,0.0,0.0,15.8,66.2,0.3,2.0,12.7,0.0,0.1,0.0,0.0,0.0,0.0,0.0,0.0,0.0,9.8,2025-10-08 17:50:38
2581,5,J.K. Dobbins,DEN,0.0,0.0,0.0,0.0,0.0,12.5,60.3,0.4,1.6,8.8,0.0,0.1,0.0,0.0,0.0,0.0,0.0,0.0,0.0,9.7,2025-10-08 17:50:38
2582,5,Jacory Croskey-Merritt,WAS,0.0,0.0,0.0,0.0,0.0,10.1,45.9,0.4,1.4,10.2,0.1,0.1,0.0,0.0,0.0,0.0,0.0,0.0,0.0,8.0,2025-10-08 17:50:38
2583,5,Emari Demercado,ARI,0.0,0.0,0.0,0.0,0.0,8.8,38.9,0.2,2.6,17.6,0.1,0.0,0.0,0.0,0.0,0.0,0.0,0.0,0.0,7.6,2025-10-08 17:50:38
2584,5,Michael Carter,ARI,0.0,0.0,0.0,0.0,0.0,10.5,44.9,0.3,1.8,10.7,0.0,0.0,0.0,0.0,0.0,0.0,0.0,0.0,0.0,7.5,2025-10-08 17:50:38
2585,5,Zach Charbonnet,SEA,0.0,0.0,0.0,0.0,0.0,10.6,39.7,0.4,1.3,9.4,0.0,0.0,0.0,0.0,0.0,0.0,0.0,0.0,0.0,7.4,2025-10-08 17:50:38
2586,5,TreVeyon Henderson,NE,0.0,0.0,0.0,0.0,0.0,7.3,33.2,0.2,2.5,18.6,0.1,0.1,0.0,0.0,0.0,0.0,0.0,0.0,0.0,7.1,2025-10-08 17:50:38
2587,5,Rhamondre Stevenson,NE,0.0,0.0,0.0,0.0,0.0,8.9,38.8,0.3,2.2,15.9,0.1,0.1,0.0,0.0,0.0,0.0,0.0,0.0,0.0,7.1,2025-10-08 17:50:38
2588,5,RJ Harvey,DEN,0.0,0.0,0.0,0.0,0.0,7.3,31.4,0.2,2.4,18.2,0.1,0.1,0.0,0.0,0.0,0.0,0.0,0.0,0.0,6.6,2025-10-08 17:50:38
2589,5,Isiah Pacheco,KC,0.0,0.0,0.0,0.0,0.0,9.3,38.9,0.2,1.7,11.5,0.1,0.1,0.0,0.0,0.0,0.0,0.0,0.0,0.0,6.5,2025-10-08 17:50:38
2590,5,Nick Chubb,HOU,0.0,0.0,0.0,0.0,0.0,8.9,38.9,0.3,1.0,8.1,0.0,0.0,0.0,0.0,0.0,0.0,0.0,0.0,0.0,6.5,2025-10-08 17:50:38
2591,5,Kareem Hunt,KC,0.0,0.0,0.0,0.0,0.0,9.3,32.9,0.3,1.2,8.3,0.0,0.0,0.0,0.0,0.0,0.0,0.0,0.0,0.0,6.2,2025-10-08 17:50:38
2592,5,Sean Tucker,TB,0.0,0.0,0.0,0.0,0.0,8.5,36.4,0.2,0.9,6.7,0.0,0.0,0.0,0.0,0.0,0.0,0.0,0.0,0.0,5.5,2025-10-08 17:50:38
2593,5,Trevor Etienne,CAR,0.0,0.0,0.0,0.0,0.0,7.4,33.0,0.2,1.1,8.2,0.1,0.1,0.0,0.0,0.0,0.0,0.0,0.0,0.0,5.5,2025-10-08 17:50:38
2594,5,Chris Rodriguez Jr.,WAS,0.0,0.0,0.0,0.0,0.0,7.3,33.1,0.2,0.4,3.1,0.0,0.0,0.0,0.0,0.0,0.0,0.0,0.0,0.0,5.1,2025-10-08 17:50:38
2595,5,Ollie Gordon II,MIA,0.0,0.0,0.0,0.0,0.0,6.6,29.2,0.2,0.9,7.0,0.0,0.1,0.0,0.0,0.0,0.0,0.0,0.0,0.0,5.0,2025-10-08 17:50:38
2596,5,Bhayshul Tuten,JAC,0.0,0.0,0.0,0.0,0.0,6.6,27.7,0.2,0.9,7.9,0.0,0.1,0.0,0.0,0.0,0.0,0.0,0.0,0.0,4.9,2025-10-08 17:50:38
2597,5,Blake Corum,LAR,0.0,0.0,0.0,0.0,0.0,7.4,30.9,0.2,0.7,4.7,0.0,0.0,0.0,0.0,0.0,0.0,0.0,0.0,0.0,4.9,2025-10-08 17:50:38
2598,5,Kendre Miller,NO,0.0,0.0,0.0,0.0,0.0,7.2,31.6,0.2,0.7,4.4,0.0,0.0,0.0,0.0,0.0,0.0,0.0,0.0,0.0,4.9,2025-10-08 17:50:38
2599,5,Isaiah Davis,NYJ,0.0,0.0,0.0,0.0,0.0,6.1,26.5,0.1,1.2,9.4,0.1,0.0,0.0,0.0,0.0,0.0,0.0,0.0,0.0,4.8,2025-10-08 17:50:38
2600,5,Tyjae Spears,TEN,0.0,0.0,0.0,0.0,0.0,5.1,22.2,0.2,1.7,11.1,0.0,0.0,0.0,0.0,0.0,0.0,0.0,0.0,0.0,4.5,2025-10-08 17:50:38
2601,5,Justice Hill,BAL,0.0,0.0,0.0,0.0,0.0,2.8,15.7,0.1,2.4,18.8,0.1,0.0,0.0,0.0,0.0,0.0,0.0,0.0,0.0,4.5,2025-10-08 17:50:38
2602,5,Jeremy McNichols,WAS,0.0,0.0,0.0,0.0,0.0,3.7,21.9,0.2,1.3,8.4,0.0,0.1,0.0,0.0,0.0,0.0,0.0,0.0,0.0,4.4,2025-10-08 17:50:38
2603,5,Devin Singletary,NYG,0.0,0.0,0.0,0.0,0.0,6.7,26.9,0.1,0.9,5.6,0.0,0.0,0.0,0.0,0.0,0.0,0.0,0.0,0.0,4.1,2025-10-08 17:50:38
2604,5,Jaydon Blue,DAL,0.0,0.0,0.0,0.0,0.0,5.9,20.3,0.1,1.1,8.3,0.1,0.0,0.0,0.0,0.0,0.0,0.0,0.0,0.0,4.0,2025-10-08 17:50:38
2605,5,Zavier Scott,MIN,0.0,0.0,0.0,0.0,0.0,4.5,17.5,0.1,1.3,11.0,0.1,0.1,0.0,0.0,0.0,0.0,0.0,0.0,0.0,3.7,2025-10-08 17:50:38
2606,5,Brian Robinson Jr.,SF,0.0,0.0,0.0,0.0,0.0,5.4,21.3,0.2,0.5,3.5,0.0,0.0,0.0,0.0,0.0,0.0,0.0,0.0,0.0,3.5,2025-10-08 17:50:38
2607,5,Ty Johnson,BUF,0.0,0.0,0.0,0.0,0.0,2.8,12.8,0.1,0.8,8.0,0.1,0.0,0.0,0.0,0.0,0.0,0.0,0.0,0.0,2.8,2025-10-08 17:50:38
2608,5,Raheem Mostert,LV,0.0,0.0,0.0,0.0,0.0,2.6,12.7,0.1,0.8,6.0,0.0,0.0,0.0,0.0,0.0,0.0,0.0,0.0,0.0,2.8,2025-10-08 17:50:38
2609,5,Jerome Ford,CLE,0.0,0.0,0.0,0.0,0.0,2.0,11.1,0.1,1.6,9.7,0.1,0.0,0.0,0.0,0.0,0.0,0.0,0.0,0.0,2.7,2025-10-08 17:50:38
2610,5,Brashard Smith,KC,0.0,0.0,0.0,0.0,0.0,2.3,9.1,0.1,1.1,8.7,0.1,0.0,0.0,0.0,0.0,0.0,0.0,0.0,0.0,2.4,2025-10-08 17:50:38
2611,5,Ray Davis,BUF,0.0,0.0,0.0,0.0,0.0,3.9,14.9,0.1,0.3,2.4,0.0,0.0,0.0,0.0,0.0,0.0,0.0,0.0,0.0,2.3,2025-10-08 17:50:38
2612,5,Samaje Perine,CIN,0.0,0.0,0.0,0.0,0.0,3.6,12.7,0.1,0.8,7.4,0.0,0.1,0.0,0.0,0.0,0.0,0.0,0.0,0.0,2.2,2025-10-08 17:50:38
2613,5,Hassan Haskins,LAC,0.0,0.0,0.0,0.0,0.0,2.9,10.5,0.1,0.3,3.1,0.0,0.1,0.0,0.0,0.0,0.0,0.0,0.0,0.0,2.1,2025-10-08 17:50:38
2614,5,Keaton Mitchell,BAL,0.0,0.0,0.0,0.0,0.0,2.8,13.0,0.1,0.3,3.0,0.0,0.0,0.0,0.0,0.0,0.0,0.0,0.0,0.0,1.9,2025-10-08 17:50:38
2615,5,Kyle Juszczyk,SF,0.0,0.0,0.0,0.0,0.0,0.4,1.4,0.0,1.3,11.9,0.1,0.0,0.0,0.0,0.0,0.0,0.0,0.0,0.0,1.7,2025-10-08 17:50:38
2616,5,Dylan Sampson,CLE,0.0,0.0,0.0,0.0,0.0,1.9,6.4,0.0,1.0,7.0,0.0,0.0,0.0,0.0,0.0,0.0,0.0,0.0,0.0,1.7,2025-10-08 17:50:38
2617,5,Tyler Badie,DEN,0.0,0.0,0.0,0.0,0.0,1.2,6.0,0.0,0.8,5.8,0.0,0.0,0.0,0.0,0.0,0.0,0.0,0.0,0.0,1.5,2025-10-08 17:50:38
2618,5,DJ Giddens,IND,0.0,0.0,0.0,0.0,0.0,1.4,7.6,0.1,0.2,1.8,0.0,0.0,0.0,0.0,0.0,0.0,0.0,0.0,0.0,1.4,2025-10-08 17:50:38
2619,5,Will Shipley,PHI,0.0,0.0,0.0,0.0,0.0,1.9,9.0,0.0,0.3,2.1,0.0,0.0,0.0,0.0,0.0,0.0,0.0,0.0,0.0,1.4,2025-10-08 17:50:38
2620,5,DeeJay Dallas,CAR,0.0,0.0,0.0,0.0,0.0,1.2,5.1,0.0,0.5,3.1,0.1,0.0,0.0,0.0,0.0,0.0,0.0,0.0,0.0,1.2,2025-10-08 17:50:38
2621,5,LeQuint Allen Jr.,JAC,0.0,0.0,0.0,0.0,0.0,1.1,4.3,0.0,0.4,2.9,0.0,0.0,0.0,0.0,0.0,0.0,0.0,0.0,0.0,1.1,2025-10-08 17:50:38
2622,5,Zonovan Knight,ARI,0.0,0.0,0.0,0.0,0.0,1.3,5.7,0.1,0.1,1.1,0.0,0.0,0.0,0.0,0.0,0.0,0.0,0.0,0.0,1.0,2025-10-08 17:50:38
2623,5,Zamir White,LV,0.0,0.0,0.0,0.0,0.0,1.7,5.5,0.0,0.3,2.0,0.0,0.0,0.0,0.0,0.0,0.0,0.0,0.0,0.0,1.0,2025-10-08 17:50:38
2624,5,Isaac Guerendo,SF,0.0,0.0,0.0,0.0,0.0,1.2,5.1,0.1,0.1,1.2,0.0,0.0,0.0,0.0,0.0,0.0,0.0,0.0,0.0,1.0,2025-10-08 17:50:38
2625,5,A.J. Dillon,PHI,0.0,0.0,0.0,0.0,0.0,1.8,6.6,0.0,0.1,0.8,0.0,0.0,0.0,0.0,0.0,0.0,0.0,0.0,0.0,0.9,2025-10-08 17:50:38
2626,5,Alec Ingold,MIA,0.0,0.0,0.0,0.0,0.0,0.4,1.0,0.1,0.6,4.4,0.0,0.0,0.0,0.0,0.0,0.0,0.0,0.0,0.0,0.9,2025-10-08 17:50:38
2627,5,Craig Reynolds,DET,0.0,0.0,0.0,0.0,0.0,1.7,6.1,0.0,0.2,1.7,0.0,0.0,0.0,0.0,0.0,0.0,0.0,0.0,0.0,0.9,2025-10-08 17:50:38
2628,5,Tahj Brooks,CIN,0.0,0.0,0.0,0.0,0.0,1.7,6.6,0.0,0.1,0.9,0.0,0.0,0.0,0.0,0.0,0.0,0.0,0.0,0.0,0.9,2025-10-08 17:50:38
2629,5,Dylan Laube,LV,0.0,0.0,0.0,0.0,0.0,1.5,4.7,0.0,0.3,2.7,0.0,0.0,0.0,0.0,0.0,0.0,0.0,0.0,0.0,0.9,2025-10-08 17:50:38
2630,5,C.J. Ham,MIN,0.0,0.0,0.0,0.0,0.0,0.2,0.8,0.1,0.2,1.6,0.0,0.0,0.0,0.0,0.0,0.0,0.0,0.0,0.0,0.9,2025-10-08 17:50:38
2631,5,George Holani,SEA,0.0,0.0,0.0,0.0,0.0,1.2,4.0,0.0,0.3,2.3,0.0,0.0,0.0,0.0,0.0,0.0,0.0,0.0,0.0,0.8,2025-10-08 17:50:38
2632,5,Andrew Beck,NYJ,0.0,0.0,0.0,0.0,0.0,0.2,0.1,0.1,0.2,1.1,0.0,0.0,0.0,0.0,0.0,0.0,0.0,0.0,0.0,0.7,2025-10-08 17:50:38
2633,5,Tank Bigsby,PHI,0.0,0.0,0.0,0.0,0.0,1.2,3.9,0.0,0.0,0.3,0.0,0.0,0.0,0.0,0.0,0.0,0.0,0.0,0.0,0.7,2025-10-08 17:50:38
2634,5,Rasheen Ali,BAL,0.0,0.0,0.0,0.0,0.0,1.3,4.3,0.0,0.1,0.7,0.0,0.0,0.0,0.0,0.0,0.0,0.0,0.0,0.0,0.6,2025-10-08 17:50:38
2635,5,Hunter Luepke,DAL,0.0,0.0,0.0,0.0,0.0,0.5,1.8,0.0,0.4,2.8,0.0,0.0,0.0,0.0,0.0,0.0,0.0,0.0,0.0,0.6,2025-10-08 17:50:38
2636,5,Jarquez Hunter,LAR,0.0,0.0,0.0,0.0,0.0,1.0,2.6,0.0,0.1,0.4,0.0,0.0,0.0,0.0,0.0,0.0,0.0,0.0,0.0,0.5,2025-10-08 17:50:38
2637,5,Dare Ogunbowale,HOU,0.0,0.0,0.0,0.0,0.0,0.8,2.7,0.0,0.2,1.8,0.0,0.0,0.0,0.0,0.0,0.0,0.0,0.0,0.0,0.5,2025-10-08 17:50:38
2638,5,Julius Chestnut,TEN,0.0,0.0,0.0,0.0,0.0,0.8,3.7,0.0,0.1,0.5,0.0,0.0,0.0,0.0,0.0,0.0,0.0,0.0,0.0,0.5,2025-10-08 17:50:38
2639,5,Khalil Herbert,NYJ,0.0,0.0,0.0,0.0,0.0,0.9,3.9,0.0,0.1,0.3,0.0,0.0,0.0,0.0,0.0,0.0,0.0,0.0,0.0,0.4,2025-10-08 17:50:38
2640,5,Eric Gray,NYG,0.0,0.0,0.0,0.0,0.0,1.0,1.8,0.0,0.2,1.4,0.0,0.0,0.0,0.0,0.0,0.0,0.0,0.0,0.0,0.3,2025-10-08 17:50:38
2641,5,Avery Williams,NYJ,0.0,0.0,0.0,0.0,0.0,0.6,2.7,0.0,0.1,0.5,0.0,0.0,0.0,0.0,0.0,0.0,0.0,0.0,0.0,0.3,2025-10-08 17:50:38
2642,5,Dameon Pierce,HOU,0.0,0.0,0.0,0.0,0.0,0.9,2.7,0.0,0.0,0.2,0.0,0.0,0.0,0.0,0.0,0.0,0.0,0.0,0.0,0.3,2025-10-08 17:50:38
2643,5,Scott Matlock,LAC,0.0,0.0,0.0,0.0,0.0,0.0,0.0,0.0,0.1,1.0,0.0,0.0,0.0,0.0,0.0,0.0,0.0,0.0,0.0,0.2,2025-10-08 17:50:38
2644,5,Adam Prentice,DEN,0.0,0.0,0.0,0.0,0.0,0.2,1.1,0.0,0.1,0.4,0.0,0.0,0.0,0.0,0.0,0.0,0.0,0.0,0.0,0.2,2025-10-08 17:50:38
2645,5,Reggie Gilliam,BUF,0.0,0.0,0.0,0.0,0.0,0.2,0.4,0.0,0.0,0.2,0.0,0.0,0.0,0.0,0.0,0.0,0.0,0.0,0.0,0.1,2025-10-08 17:50:38
2646,5,Michael Burton,DEN,0.0,0.0,0.0,0.0,0.0,0.0,0.0,0.0,0.0,0.0,0.0,0.0,0.0,0.0,0.0,0.0,0.0,0.0,0.0,0.0,2025-10-08 17:50:38
2647,5,Joe Mixon,HOU,0.0,0.0,0.0,0.0,0.0,0.0,0.0,0.0,0.0,0.0,0.0,0.0,0.0,0.0,0.0,0.0,0.0,0.0,0.0,0.0,2025-10-08 17:50:38
2648,5,Aaron Jones Sr.,MIN,0.0,0.0,0.0,0.0,0.0,0.0,0.0,0.0,0.0,0.0,0.0,0.0,0.0,0.0,0.0,0.0,0.0,0.0,0.0,0.0,2025-10-08 17:50:38
2649,5,Patrick Ricard,BAL,0.0,0.0,0.0,0.0,0.0,0.0,0.0,0.0,0.0,0.0,0.0,0.0,0.0,0.0,0.0,0.0,0.0,0.0,0.0,0.0,2025-10-08 17:50:38
2650,5,Miles Sanders,DAL,0.0,0.0,0.0,0.0,0.0,0.0,0.0,0.0,0.0,0.0,0.0,0.0,0.0,0.0,0.0,0.0,0.0,0.0,0.0,0.0,2025-10-08 17:50:38
2651,5,Cam Akers,MIN,0.0,0.0,0.0,0.0,0.0,0.0,0.0,0.0,0.0,0.0,0.0,0.0,0.0,0.0,0.0,0.0,0.0,0.0,0.0,0.0,2025-10-08 17:50:38
2652,5,Clyde Edwards-Helaire,KC,0.0,0.0,0.0,0.0,0.0,0.0,0.0,0.0,0.0,0.0,0.0,0.0,0.0,0.0,0.0,0.0,0.0,0.0,0.0,0.0,2025-10-08 17:50:38
2653,5,Ty Chandler,MIN,0.0,0.0,0.0,0.0,0.0,0.0,0.0,0.0,0.0,0.0,0.0,0.0,0.0,0.0,0.0,0.0,0.0,0.0,0.0,0.0,2025-10-08 17:50:38
2654,5,Chuba Hubbard,CAR,0.0,0.0,0.0,0.0,0.0,0.0,0.0,0.0,0.0,0.0,0.0,0.0,0.0,0.0,0.0,0.0,0.0,0.0,0.0,0.0,2025-10-08 17:50:38
2655,5,Elijah Mitchell,KC,0.0,0.0,0.0,0.0,0.0,0.0,0.0,0.0,0.0,0.0,0.0,0.0,0.0,0.0,0.0,0.0,0.0,0.0,0.0,0.0,2025-10-08 17:50:38
2656,5,Keilan Robinson,NYJ,0.0,0.0,0.0,0.0,0.0,0.0,0.0,0.0,0.0,0.0,0.0,0.0,0.0,0.0,0.0,0.0,0.0,0.0,0.0,0.0,2025-10-08 17:50:38
2657,5,Jashaun Corbin,NE,0.0,0.0,0.0,0.0,0.0,0.0,0.0,0.0,0.0,0.0,0.0,0.0,0.0,0.0,0.0,0.0,0.0,0.0,0.0,0.0,2025-10-08 17:50:38
2658,5,Tyler Goodson,IND,0.0,0.0,0.0,0.0,0.0,0.0,0.0,0.0,0.0,0.0,0.0,0.0,0.0,0.0,0.0,0.0,0.0,0.0,0.0,0.0,2025-10-08 17:50:38
2659,5,Tyrone Tracy Jr.,NYG,0.0,0.0,0.0,0.0,0.0,0.0,0.0,0.0,0.0,0.0,0.0,0.0,0.0,0.0,0.0,0.0,0.0,0.0,0.0,0.0,2025-10-08 17:50:38
2660,5,Deuce Vaughn,DEN,0.0,0.0,0.0,0.0,0.0,0.0,0.0,0.0,0.0,0.0,0.0,0.0,0.0,0.0,0.0,0.0,0.0,0.0,0.0,0.0,2025-10-08 17:50:38
2661,5,Audric Estime,PHI,0.0,0.0,0.0,0.0,0.0,0.0,0.0,0.0,0.0,0.0,0.0,0.0,0.0,0.0,0.0,0.0,0.0,0.0,0.0,0.0,2025-10-08 17:50:38
2662,5,Sincere McCormick,SF,0.0,0.0,0.0,0.0,0.0,0.0,0.0,0.0,0.0,0.0,0.0,0.0,0.0,0.0,0.0,0.0,0.0,0.0,0.0,0.0,2025-10-08 17:50:38
2663,5,Kene Nwangwu,NYJ,0.0,0.0,0.0,0.0,0.0,0.0,0.0,0.0,0.0,0.0,0.0,0.0,0.0,0.0,0.0,0.0,0.0,0.0,0.0,0.0,2025-10-08 17:50:38
2664,5,Devin Neal,NO,0.0,0.0,0.0,0.0,0.0,0.0,0.0,0.0,0.0,0.0,0.0,0.0,0.0,0.0,0.0,0.0,0.0,0.0,0.0,0.0,2025-10-08 17:50:38
2665,5,Raheim Sanders,CLE,0.0,0.0,0.0,0.0,0.0,0.0,0.0,0.0,0.0,0.0,0.0,0.0,0.0,0.0,0.0,0.0,0.0,0.0,0.0,0.0,2025-10-08 17:50:38
2666,5,Jacob Saylors,DET,0.0,0.0,0.0,0.0,0.0,0.0,0.0,0.0,0.0,0.0,0.0,0.0,0.0,0.0,0.0,0.0,0.0,0.0,0.0,0.0,2025-10-08 17:50:38
2667,5,Jaleel McLaughlin,DEN,0.0,0.0,0.0,0.0,0.0,0.0,0.0,0.0,0.0,0.0,0.0,0.0,0.0,0.0,0.0,0.0,0.0,0.0,0.0,0.0,2025-10-08 17:50:38
2668,5,Bucky Irving,TB,0.0,0.0,0.0,0.0,0.0,0.0,0.0,0.0,0.0,0.0,0.0,0.0,0.0,0.0,0.0,0.0,0.0,0.0,0.0,0.0,2025-10-08 17:50:38
2669,5,Jaylen Wright,MIA,0.0,0.0,0.0,0.0,0.0,0.0,0.0,0.0,0.0,0.0,0.0,0.0,0.0,0.0,0.0,0.0,0.0,0.0,0.0,0.0,2025-10-08 17:50:38
2670,5,Sione Vaki,DET,0.0,0.0,0.0,0.0,0.0,0.0,0.0,0.0,0.0,0.0,0.0,0.0,0.0,0.0,0.0,0.0,0.0,0.0,0.0,0.0,2025-10-08 17:50:38
2671,5,Kimani Vidal,LAC,0.0,0.0,0.0,0.0,0.0,0.0,0.0,0.0,0.0,0.0,0.0,0.0,0.0,0.0,0.0,0.0,0.0,0.0,0.0,0.0,2025-10-08 17:50:38
2672,5,Carson Steele,KC,0.0,0.0,0.0,0.0,0.0,0.0,0.0,0.0,0.0,0.0,0.0,0.0,0.0,0.0,0.0,0.0,0.0,0.0,0.0,0.0,2025-10-08 17:50:38
2673,5,Terrell Jennings,NE,0.0,0.0,0.0,0.0,0.0,0.0,0.0,0.0,0.0,0.0,0.0,0.0,0.0,0.0,0.0,0.0,0.0,0.0,0.0,0.0,2025-10-08 17:50:38
2674,5,Jordan James,SF,0.0,0.0,0.0,0.0,0.0,0.0,0.0,0.0,0.0,0.0,0.0,0.0,0.0,0.0,0.0,0.0,0.0,0.0,0.0,0.0,2025-10-08 17:50:38
2675,5,Josh Williams,TB,0.0,0.0,0.0,0.0,0.0,0.0,0.0,0.0,0.0,0.0,0.0,0.0,0.0,0.0,0.0,0.0,0.0,0.0,0.0,0.0,2025-10-08 17:50:38
2676,5,Robbie Ouzts,SEA,0.0,0.0,0.0,0.0,0.0,0.0,0.0,0.0,0.0,0.0,0.0,0.0,0.0,0.0,0.0,0.0,0.0,0.0,0.0,0.0,2025-10-08 17:50:38
2677,5,Puka Nacua,LAR,0.0,0.0,0.0,0.0,0.0,1.3,6.2,0.1,7.8,95.8,0.5,0.0,0.0,0.0,0.0,0.0,0.0,0.0,0.0,13.3,2025-10-08 17:50:38
2678,5,Amon-Ra St. Brown,DET,0.0,0.0,0.0,0.0,0.0,0.1,0.6,0.0,6.7,77.5,0.7,0.0,0.0,0.0,0.0,0.0,0.0,0.0,0.0,12.2,2025-10-08 17:50:38
2679,5,George Pickens,DAL,0.0,0.0,0.0,0.0,0.0,0.0,0.1,0.0,5.4,79.1,0.6,0.0,0.0,0.0,0.0,0.0,0.0,0.0,0.0,11.2,2025-10-08 17:50:38
2680,5,Quentin Johnston,LAC,0.0,0.0,0.0,0.0,0.0,0.2,0.7,0.0,4.8,72.8,0.6,0.0,0.0,0.0,0.0,0.0,0.0,0.0,0.0,10.8,2025-10-08 17:50:38
2681,5,Jaxon Smith-Njigba,SEA,0.0,0.0,0.0,0.0,0.0,0.3,1.6,0.0,6.2,79.9,0.4,0.1,0.0,0.0,0.0,0.0,0.0,0.0,0.0,10.6,2025-10-08 17:50:38
2682,5,Nico Collins,HOU,0.0,0.0,0.0,0.0,0.0,0.0,0.1,0.0,5.3,76.7,0.5,0.1,0.0,0.0,0.0,0.0,0.0,0.0,0.0,10.5,2025-10-08 17:50:38
2683,5,Ja'Marr Chase,CIN,0.0,0.0,0.0,0.0,0.0,0.2,1.8,0.0,5.7,75.5,0.5,0.1,0.0,0.0,0.0,0.0,0.0,0.0,0.0,10.4,2025-10-08 17:50:38
2684,5,Justin Jefferson,MIN,0.0,0.0,0.0,0.0,0.0,0.0,0.1,0.0,5.5,74.8,0.4,0.0,0.0,0.0,0.0,0.0,0.0,0.0,0.0,10.0,2025-10-08 17:50:38
2685,5,Emeka Egbuka,TB,0.0,0.0,0.0,0.0,0.0,0.1,1.4,0.0,5.2,67.7,0.5,0.1,0.0,0.0,0.0,0.0,0.0,0.0,0.0,9.9,2025-10-08 17:50:38
2686,5,Davante Adams,LAR,0.0,0.0,0.0,0.0,0.0,0.0,0.0,0.0,4.8,64.3,0.6,0.0,0.0,0.0,0.0,0.0,0.0,0.0,0.0,9.9,2025-10-08 17:50:38
2687,5,Garrett Wilson,NYJ,0.0,0.0,0.0,0.0,0.0,0.0,0.0,0.0,5.7,71.0,0.5,0.1,0.0,0.0,0.0,0.0,0.0,0.0,0.0,9.8,2025-10-08 17:50:38
2688,5,Deebo Samuel Sr.,WAS,0.0,0.0,0.0,0.0,0.0,1.6,8.9,0.1,4.7,57.5,0.4,0.0,0.0,0.0,0.0,0.0,0.0,0.0,0.0,9.3,2025-10-08 17:50:38
2689,5,Jameson Williams,DET,0.0,0.0,0.0,0.0,0.0,0.9,4.3,0.0,3.5,59.4,0.4,0.0,0.0,0.0,0.0,0.0,0.0,0.0,0.0,9.1,2025-10-08 17:50:38
2690,5,Jakobi Meyers,LV,0.0,0.0,0.0,0.0,0.0,0.0,0.5,0.0,6.0,71.6,0.3,0.0,0.0,0.0,0.0,0.0,0.0,0.0,0.0,9.0,2025-10-08 17:50:38
2691,5,Keenan Allen,LAC,0.0,0.0,0.0,0.0,0.0,0.0,0.1,0.0,5.4,61.7,0.5,0.0,0.0,0.0,0.0,0.0,0.0,0.0,0.0,9.0,2025-10-08 17:50:38
2692,5,Xavier Worthy,KC,0.0,0.0,0.0,0.0,0.0,1.4,7.9,0.0,4.4,57.1,0.4,0.0,0.0,0.0,0.0,0.0,0.0,0.0,0.0,9.0,2025-10-08 17:50:38
2693,5,Jaylen Waddle,MIA,0.0,0.0,0.0,0.0,0.0,0.1,0.5,0.0,5.1,66.9,0.4,0.0,0.0,0.0,0.0,0.0,0.0,0.0,0.0,8.9,2025-10-08 17:50:38
2694,5,A.J. Brown,PHI,0.0,0.0,0.0,0.0,0.0,0.0,0.0,0.0,4.5,64.4,0.4,0.0,0.0,0.0,0.0,0.0,0.0,0.0,0.0,8.8,2025-10-08 17:50:38
2695,5,Tetairoa McMillan,CAR,0.0,0.0,0.0,0.0,0.0,0.0,1.0,0.0,4.9,64.3,0.4,0.1,0.0,0.0,0.0,0.0,0.0,0.0,0.0,8.8,2025-10-08 17:50:38
2696,5,Michael Pittman Jr.,IND,0.0,0.0,0.0,0.0,0.0,0.0,0.0,0.0,5.5,61.9,0.4,0.0,0.0,0.0,0.0,0.0,0.0,0.0,0.0,8.6,2025-10-08 17:50:38
2697,5,Courtland Sutton,DEN,0.0,0.0,0.0,0.0,0.0,0.0,0.0,0.0,4.9,62.1,0.4,0.1,0.0,0.0,0.0,0.0,0.0,0.0,0.0,8.5,2025-10-08 17:50:38
2698,5,Marvin Harrison Jr.,ARI,0.0,0.0,0.0,0.0,0.0,0.0,0.1,0.0,4.4,57.0,0.5,0.0,0.0,0.0,0.0,0.0,0.0,0.0,0.0,8.5,2025-10-08 17:50:38
2699,5,Zay Flowers,BAL,0.0,0.0,0.0,0.0,0.0,0.5,4.0,0.0,4.7,60.5,0.3,0.0,0.0,0.0,0.0,0.0,0.0,0.0,0.0,8.4,2025-10-08 17:50:38
2700,5,Ladd McConkey,LAC,0.0,0.0,0.0,0.0,0.0,0.0,0.1,0.0,4.8,62.7,0.3,0.0,0.0,0.0,0.0,0.0,0.0,0.0,0.0,8.3,2025-10-08 17:50:38
2701,5,Brian Thomas Jr.,JAC,0.0,0.0,0.0,0.0,0.0,0.2,1.1,0.0,4.3,60.1,0.3,0.0,0.0,0.0,0.0,0.0,0.0,0.0,0.0,8.2,2025-10-08 17:50:38
2702,5,Chris Godwin Jr.,TB,0.0,0.0,0.0,0.0,0.0,0.1,0.4,0.0,4.9,57.3,0.3,0.0,0.0,0.0,0.0,0.0,0.0,0.0,0.0,7.7,2025-10-08 17:50:38
2703,5,Tee Higgins,CIN,0.0,0.0,0.0,0.0,0.0,0.0,0.0,0.0,4.0,54.0,0.4,0.0,0.0,0.0,0.0,0.0,0.0,0.0,0.0,7.5,2025-10-08 17:50:38
2704,5,Keon Coleman,BUF,0.0,0.0,0.0,0.0,0.0,0.0,0.1,0.0,3.5,52.5,0.4,0.0,0.0,0.0,0.0,0.0,0.0,0.0,0.0,7.4,2025-10-08 17:50:38
2705,5,Tre Tucker,LV,0.0,0.0,0.0,0.0,0.0,0.6,3.1,0.0,3.8,50.8,0.3,0.0,0.0,0.0,0.0,0.0,0.0,0.0,0.0,7.3,2025-10-08 17:50:38
2706,5,Khalil Shakir,BUF,0.0,0.0,0.0,0.0,0.0,0.0,0.2,0.0,4.4,51.7,0.3,0.0,0.0,0.0,0.0,0.0,0.0,0.0,0.0,7.2,2025-10-08 17:50:38
2707,5,Chris Olave,NO,0.0,0.0,0.0,0.0,0.0,0.0,0.1,0.0,5.3,55.3,0.3,0.0,0.0,0.0,0.0,0.0,0.0,0.0,0.0,7.2,2025-10-08 17:50:38
2708,5,DeVonta Smith,PHI,0.0,0.0,0.0,0.0,0.0,0.0,0.1,0.0,4.3,50.0,0.3,0.0,0.0,0.0,0.0,0.0,0.0,0.0,0.0,6.9,2025-10-08 17:50:38
2709,5,Jordan Addison,MIN,0.0,0.0,0.0,0.0,0.0,0.1,0.3,0.0,3.4,46.9,0.3,0.0,0.0,0.0,0.0,0.0,0.0,0.0,0.0,6.7,2025-10-08 17:50:38
2710,5,Stefon Diggs,NE,0.0,0.0,0.0,0.0,0.0,0.0,0.3,0.0,4.6,50.3,0.3,0.0,0.0,0.0,0.0,0.0,0.0,0.0,0.0,6.7,2025-10-08 17:50:38
2711,5,Calvin Ridley,TEN,0.0,0.0,0.0,0.0,0.0,0.1,0.9,0.0,3.4,50.2,0.3,0.0,0.0,0.0,0.0,0.0,0.0,0.0,0.0,6.7,2025-10-08 17:50:38
2712,5,Jerry Jeudy,CLE,0.0,0.0,0.0,0.0,0.0,0.0,0.1,0.0,4.1,55.5,0.2,0.0,0.0,0.0,0.0,0.0,0.0,0.0,0.0,6.6,2025-10-08 17:50:38
2713,5,Wan'Dale Robinson,NYG,0.0,0.0,0.0,0.0,0.0,0.1,0.9,0.0,4.9,47.9,0.3,0.0,0.0,0.0,0.0,0.0,0.0,0.0,0.0,6.6,2025-10-08 17:50:38
2714,5,Cooper Kupp,SEA,0.0,0.0,0.0,0.0,0.0,0.0,0.2,0.0,3.9,46.9,0.3,0.0,0.0,0.0,0.0,0.0,0.0,0.0,0.0,6.4,2025-10-08 17:50:38
2715,5,Rashid Shaheed,NO,0.0,0.0,0.0,0.0,0.0,0.2,1.3,0.0,3.7,43.4,0.3,0.0,0.0,0.0,0.0,0.0,0.0,0.0,0.0,6.1,2025-10-08 17:50:38
2716,5,Malik Washington,MIA,0.0,0.0,0.0,0.0,0.0,1.9,11.0,0.1,3.2,32.8,0.2,0.1,0.0,0.0,0.0,0.0,0.0,0.0,0.0,6.1,2025-10-08 17:50:38
2717,5,Elic Ayomanor,TEN,0.0,0.0,0.0,0.0,0.0,0.0,0.2,0.0,3.5,44.1,0.3,0.1,0.0,0.0,0.0,0.0,0.0,0.0,0.0,6.0,2025-10-08 17:50:38
2718,5,Troy Franklin,DEN,0.0,0.0,0.0,0.0,0.0,0.1,0.7,0.0,3.7,42.0,0.3,0.0,0.0,0.0,0.0,0.0,0.0,0.0,0.0,5.9,2025-10-08 17:50:38
2719,5,Christian Kirk,HOU,0.0,0.0,0.0,0.0,0.0,0.0,0.1,0.0,3.3,43.4,0.2,0.0,0.0,0.0,0.0,0.0,0.0,0.0,0.0,5.7,2025-10-08 17:50:38
2720,5,Jalen Tolbert,DAL,0.0,0.0,0.0,0.0,0.0,0.0,0.0,0.0,3.1,37.7,0.3,0.0,0.0,0.0,0.0,0.0,0.0,0.0,0.0,5.5,2025-10-08 17:50:38
2721,5,Kendrick Bourne,SF,0.0,0.0,0.0,0.0,0.0,0.1,0.2,0.0,3.5,43.0,0.2,0.0,0.0,0.0,0.0,0.0,0.0,0.0,0.0,5.4,2025-10-08 17:50:38
2722,5,Demarcus Robinson,SF,0.0,0.0,0.0,0.0,0.0,0.0,0.2,0.0,2.9,38.9,0.2,0.0,0.0,0.0,0.0,0.0,0.0,0.0,0.0,5.3,2025-10-08 17:50:38
2723,5,Marquise Brown,KC,0.0,0.0,0.0,0.0,0.0,0.0,0.1,0.0,3.3,38.5,0.2,0.0,0.0,0.0,0.0,0.0,0.0,0.0,0.0,5.3,2025-10-08 17:50:38
2724,5,Josh Downs,IND,0.0,0.0,0.0,0.0,0.0,0.0,0.1,0.0,3.7,40.2,0.2,0.0,0.0,0.0,0.0,0.0,0.0,0.0,0.0,5.2,2025-10-08 17:50:38
2725,5,Kayshon Boutte,NE,0.0,0.0,0.0,0.0,0.0,0.0,0.1,0.0,2.6,36.0,0.2,0.0,0.0,0.0,0.0,0.0,0.0,0.0,0.0,4.9,2025-10-08 17:50:38
2726,5,Luke McCaffrey,WAS,0.0,0.0,0.0,0.0,0.0,0.0,0.2,0.0,2.8,33.6,0.3,0.0,0.0,0.0,0.0,0.0,0.0,0.0,0.0,4.9,2025-10-08 17:50:38
2727,5,Marvin Mims Jr.,DEN,0.0,0.0,0.0,0.0,0.0,0.2,1.3,0.0,2.8,33.9,0.2,0.1,0.0,0.0,0.0,0.0,0.0,0.0,0.0,4.8,2025-10-08 17:50:38
2728,5,Travis Hunter,JAC,0.0,0.0,0.0,0.0,0.0,0.0,1.2,0.0,3.0,34.3,0.2,0.0,0.0,0.0,0.0,0.0,0.0,0.0,0.0,4.8,2025-10-08 17:50:38
2729,5,Joshua Palmer,BUF,0.0,0.0,0.0,0.0,0.0,0.0,0.0,0.0,2.4,35.5,0.2,0.0,0.0,0.0,0.0,0.0,0.0,0.0,0.0,4.7,2025-10-08 17:50:38
2730,5,Chris Moore,WAS,0.0,0.0,0.0,0.0,0.0,0.1,0.5,0.0,2.6,33.6,0.2,0.0,0.0,0.0,0.0,0.0,0.0,0.0,0.0,4.5,2025-10-08 17:50:38
2731,5,Rashod Bateman,BAL,0.0,0.0,0.0,0.0,0.0,0.0,0.1,0.0,2.4,32.4,0.2,0.0,0.0,0.0,0.0,0.0,0.0,0.0,0.0,4.5,2025-10-08 17:50:38
2732,5,Tory Horton,SEA,0.0,0.0,0.0,0.0,0.0,0.0,0.4,0.0,2.4,31.6,0.2,0.0,0.0,0.0,0.0,0.0,0.0,0.0,0.0,4.4,2025-10-08 17:50:38
2733,5,Xavier Legette,CAR,0.0,0.0,0.0,0.0,0.0,0.4,1.7,0.0,2.7,27.6,0.2,0.0,0.0,0.0,0.0,0.0,0.0,0.0,0.0,4.4,2025-10-08 17:50:38
2734,5,Dont'e Thornton Jr.,LV,0.0,0.0,0.0,0.0,0.0,0.0,0.1,0.0,2.6,34.2,0.2,0.0,0.0,0.0,0.0,0.0,0.0,0.0,0.0,4.3,2025-10-08 17:50:38
2735,5,JuJu Smith-Schuster,KC,0.0,0.0,0.0,0.0,0.0,0.0,0.0,0.0,2.9,31.7,0.2,0.0,0.0,0.0,0.0,0.0,0.0,0.0,0.0,4.3,2025-10-08 17:50:38
2736,5,Sterling Shepard,TB,0.0,0.0,0.0,0.0,0.0,0.2,1.5,0.0,2.7,29.3,0.2,0.0,0.0,0.0,0.0,0.0,0.0,0.0,0.0,4.2,2025-10-08 17:50:38
2737,5,Isaiah Bond,CLE,0.0,0.0,0.0,0.0,0.0,0.1,0.6,0.0,2.9,33.6,0.2,0.0,0.0,0.0,0.0,0.0,0.0,0.0,0.0,4.2,2025-10-08 17:50:38
2738,5,Michael Wilson,ARI,0.0,0.0,0.0,0.0,0.0,0.0,0.1,0.0,2.5,27.9,0.2,0.0,0.0,0.0,0.0,0.0,0.0,0.0,0.0,4.2,2025-10-08 17:50:38
2739,5,Tyquan Thornton,KC,0.0,0.0,0.0,0.0,0.0,0.1,0.6,0.0,1.9,26.2,0.2,0.0,0.0,0.0,0.0,0.0,0.0,0.0,0.0,3.9,2025-10-08 17:50:38
2740,5,Hunter Renfrow,CAR,0.0,0.0,0.0,0.0,0.0,0.0,0.0,0.0,2.6,24.1,0.2,0.0,0.0,0.0,0.0,0.0,0.0,0.0,0.0,3.8,2025-10-08 17:50:38
2741,5,Dyami Brown,JAC,0.0,0.0,0.0,0.0,0.0,0.5,2.1,0.0,2.2,26.7,0.1,0.0,0.0,0.0,0.0,0.0,0.0,0.0,0.0,3.7,2025-10-08 17:50:38
2742,5,Jaylin Lane,WAS,0.0,0.0,0.0,0.0,0.0,0.0,0.2,0.0,2.5,28.5,0.2,0.1,0.0,0.0,0.0,0.0,0.0,0.0,0.0,3.6,2025-10-08 17:50:38
2743,5,Nick Westbrook-Ikhine,MIA,0.0,0.0,0.0,0.0,0.0,0.0,0.1,0.0,1.6,21.9,0.2,0.0,0.0,0.0,0.0,0.0,0.0,0.0,0.0,3.3,2025-10-08 17:50:38
2744,5,Josh Reynolds,NYJ,0.0,0.0,0.0,0.0,0.0,0.0,0.0,0.0,1.6,22.1,0.2,0.0,0.0,0.0,0.0,0.0,0.0,0.0,0.0,3.3,2025-10-08 17:50:38
2745,5,Brandin Cooks,NO,0.0,0.0,0.0,0.0,0.0,0.0,0.1,0.0,2.2,22.6,0.2,0.0,0.0,0.0,0.0,0.0,0.0,0.0,0.0,3.3,2025-10-08 17:50:38
2746,5,Adonai Mitchell,IND,0.0,0.0,0.0,0.0,0.0,0.0,0.0,0.0,1.8,26.0,0.1,0.1,0.0,0.0,0.0,0.0,0.0,0.0,0.0,3.2,2025-10-08 17:50:38
2747,5,Jack Bech,LV,0.0,0.0,0.0,0.0,0.0,0.0,0.2,0.0,1.9,23.7,0.1,0.0,0.0,0.0,0.0,0.0,0.0,0.0,0.0,3.0,2025-10-08 17:50:38
2748,5,Parker Washington,JAC,0.0,0.0,0.0,0.0,0.0,0.0,0.1,0.0,1.9,21.1,0.1,0.0,0.0,0.0,0.0,0.0,0.0,0.0,0.0,2.9,2025-10-08 17:50:38
2749,5,Jalen Nailor,MIN,0.0,0.0,0.0,0.0,0.0,0.0,0.0,0.0,1.5,19.7,0.2,0.0,0.0,0.0,0.0,0.0,0.0,0.0,0.0,2.9,2025-10-08 17:50:38
2750,5,Xavier Hutchinson,HOU,0.0,0.0,0.0,0.0,0.0,0.1,0.4,0.0,1.8,20.4,0.1,0.0,0.0,0.0,0.0,0.0,0.0,0.0,0.0,2.8,2025-10-08 17:50:38
2751,5,Ryan Flournoy,DAL,0.0,0.0,0.0,0.0,0.0,0.1,0.5,0.0,1.8,19.7,0.1,0.0,0.0,0.0,0.0,0.0,0.0,0.0,0.0,2.7,2025-10-08 17:50:38
2752,5,Jalin Hyatt,NYG,0.0,0.0,0.0,0.0,0.0,0.0,0.8,0.0,1.4,19.7,0.1,0.0,0.0,0.0,0.0,0.0,0.0,0.0,0.0,2.7,2025-10-08 17:50:38
2753,5,Greg Dortch,ARI,0.0,0.0,0.0,0.0,0.0,0.9,3.8,0.0,1.6,14.6,0.1,0.0,0.0,0.0,0.0,0.0,0.0,0.0,0.0,2.7,2025-10-08 17:50:38
2754,5,Jordan Whittington,LAR,0.0,0.0,0.0,0.0,0.0,0.4,3.7,0.0,1.3,15.8,0.1,0.0,0.0,0.0,0.0,0.0,0.0,0.0,0.0,2.6,2025-10-08 17:50:38
2755,5,Kalif Raymond,DET,0.0,0.0,0.0,0.0,0.0,0.1,0.8,0.0,1.4,18.2,0.1,0.0,0.0,0.0,0.0,0.0,0.0,0.0,0.0,2.6,2025-10-08 17:50:38
2756,5,Brycen Tremayne,CAR,0.0,0.0,0.0,0.0,0.0,0.0,0.1,0.0,1.8,19.1,0.1,0.0,0.0,0.0,0.0,0.0,0.0,0.0,0.0,2.6,2025-10-08 17:50:38
2757,5,Marquez Valdes-Scantling,SF,0.0,0.0,0.0,0.0,0.0,0.0,0.1,0.0,1.1,19.8,0.1,0.0,0.0,0.0,0.0,0.0,0.0,0.0,0.0,2.6,2025-10-08 17:50:38
2758,5,Mack Hollins,NE,0.0,0.0,0.0,0.0,0.0,0.0,0.0,0.0,1.5,16.5,0.1,0.0,0.0,0.0,0.0,0.0,0.0,0.0,0.0,2.5,2025-10-08 17:50:38
2759,5,Allen Lazard,NYJ,0.0,0.0,0.0,0.0,0.0,0.0,0.0,0.0,1.1,15.2,0.2,0.0,0.0,0.0,0.0,0.0,0.0,0.0,0.0,2.5,2025-10-08 17:50:38
2760,5,Andrei Iosivas,CIN,0.0,0.0,0.0,0.0,0.0,0.0,0.0,0.0,1.4,17.4,0.1,0.0,0.0,0.0,0.0,0.0,0.0,0.0,0.0,2.4,2025-10-08 17:50:38
2761,5,Tyler Lockett,TEN,0.0,0.0,0.0,0.0,0.0,0.0,0.0,0.0,1.7,18.9,0.1,0.0,0.0,0.0,0.0,0.0,0.0,0.0,0.0,2.4,2025-10-08 17:50:38
2762,5,Jamari Thrash,CLE,0.0,0.0,0.0,0.0,0.0,0.0,0.3,0.0,1.9,18.8,0.1,0.0,0.0,0.0,0.0,0.0,0.0,0.0,0.0,2.4,2025-10-08 17:50:38
2763,5,Elijah Moore,BUF,0.0,0.0,0.0,0.0,0.0,1.1,5.8,0.1,0.9,10.6,0.1,0.0,0.0,0.0,0.0,0.0,0.0,0.0,0.0,2.4,2025-10-08 17:50:38
2764,5,Skyy Moore,SF,0.0,0.0,0.0,0.0,0.0,0.0,0.5,0.0,1.5,18.3,0.1,0.0,0.0,0.0,0.0,0.0,0.0,0.0,0.0,2.4,2025-10-08 17:50:38
2765,5,Ashton Dulin,IND,0.0,0.0,0.0,0.0,0.0,0.4,1.6,0.0,1.2,15.1,0.1,0.0,0.0,0.0,0.0,0.0,0.0,0.0,0.0,2.3,2025-10-08 17:50:38
2766,5,Adam Thielen,MIN,0.0,0.0,0.0,0.0,0.0,0.0,0.1,0.0,1.4,15.1,0.1,0.0,0.0,0.0,0.0,0.0,0.0,0.0,0.0,2.2,2025-10-08 17:50:38
2767,5,Chimere Dike,TEN,0.0,0.0,0.0,0.0,0.0,1.0,4.0,0.0,1.2,12.5,0.1,0.0,0.0,0.0,0.0,0.0,0.0,0.0,0.0,2.2,2025-10-08 17:50:38
2768,5,Jalen Cropper,DAL,0.0,0.0,0.0,0.0,0.0,0.0,0.0,0.0,1.4,15.6,0.1,0.0,0.0,0.0,0.0,0.0,0.0,0.0,0.0,2.1,2025-10-08 17:50:38
2769,5,Jalen Brooks,DAL,0.0,0.0,0.0,0.0,0.0,0.0,0.0,0.0,1.4,15.6,0.1,0.0,0.0,0.0,0.0,0.0,0.0,0.0,0.0,2.1,2025-10-08 17:50:38
2770,5,DeMario Douglas,NE,0.0,0.0,0.0,0.0,0.0,0.1,1.0,0.0,1.4,14.9,0.1,0.0,0.0,0.0,0.0,0.0,0.0,0.0,0.0,2.1,2025-10-08 17:50:38
2771,5,Tre Harris,LAC,0.0,0.0,0.0,0.0,0.0,0.1,0.5,0.0,1.1,15.3,0.1,0.0,0.0,0.0,0.0,0.0,0.0,0.0,0.0,2.1,2025-10-08 17:50:38
2772,5,DeAndre Hopkins,BAL,0.0,0.0,0.0,0.0,0.0,0.0,0.0,0.0,1.1,13.4,0.1,0.0,0.0,0.0,0.0,0.0,0.0,0.0,0.0,2.0,2025-10-08 17:50:38
2773,5,Beaux Collins,NYG,0.0,0.0,0.0,0.0,0.0,0.0,0.0,0.0,1.2,14.2,0.1,0.0,0.0,0.0,0.0,0.0,0.0,0.0,0.0,1.9,2025-10-08 17:50:38
2774,5,Tyler Johnson,NYJ,0.0,0.0,0.0,0.0,0.0,0.0,0.0,0.0,1.2,15.0,0.1,0.0,0.0,0.0,0.0,0.0,0.0,0.0,0.0,1.9,2025-10-08 17:50:38
2775,5,Jayden Higgins,HOU,0.0,0.0,0.0,0.0,0.0,0.0,0.1,0.0,1.2,13.8,0.1,0.0,0.0,0.0,0.0,0.0,0.0,0.0,0.0,1.9,2025-10-08 17:50:38
2776,5,Dee Eskridge,MIA,0.0,0.0,0.0,0.0,0.0,0.0,0.4,0.0,1.0,12.7,0.1,0.0,0.0,0.0,0.0,0.0,0.0,0.0,0.0,1.8,2025-10-08 17:50:38
2777,5,Tylan Wallace,BAL,0.0,0.0,0.0,0.0,0.0,0.0,0.1,0.0,0.9,12.3,0.1,0.0,0.0,0.0,0.0,0.0,0.0,0.0,0.0,1.7,2025-10-08 17:50:38
2778,5,Jahan Dotson,PHI,0.0,0.0,0.0,0.0,0.0,0.0,0.2,0.0,1.0,12.8,0.1,0.0,0.0,0.0,0.0,0.0,0.0,0.0,0.0,1.7,2025-10-08 17:50:38
2779,5,Tez Johnson,TB,0.0,0.0,0.0,0.0,0.0,0.1,0.7,0.0,1.0,11.4,0.1,0.0,0.0,0.0,0.0,0.0,0.0,0.0,0.0,1.7,2025-10-08 17:50:38
2780,5,Kyle Williams,NE,0.0,0.0,0.0,0.0,0.0,0.2,0.4,0.0,1.2,13.4,0.1,0.0,0.0,0.0,0.0,0.0,0.0,0.0,0.0,1.7,2025-10-08 17:50:38
2781,5,Zay Jones,ARI,0.0,0.0,0.0,0.0,0.0,0.0,0.1,0.0,1.2,11.2,0.1,0.0,0.0,0.0,0.0,0.0,0.0,0.0,0.0,1.7,2025-10-08 17:50:38
2782,5,Justin Shorter,LV,0.0,0.0,0.0,0.0,0.0,0.0,0.0,0.0,1.1,12.8,0.1,0.0,0.0,0.0,0.0,0.0,0.0,0.0,0.0,1.7,2025-10-08 17:50:38
2783,5,Isaac TeSlaa,DET,0.0,0.0,0.0,0.0,0.0,0.0,0.0,0.0,0.8,10.7,0.1,0.0,0.0,0.0,0.0,0.0,0.0,0.0,0.0,1.6,2025-10-08 17:50:38
2784,5,Curtis Samuel,BUF,0.0,0.0,0.0,0.0,0.0,0.0,0.4,0.0,1.0,10.6,0.1,0.0,0.0,0.0,0.0,0.0,0.0,0.0,0.0,1.6,2025-10-08 17:50:38
2785,5,Jaylin Noel,HOU,0.0,0.0,0.0,0.0,0.0,0.1,0.8,0.0,1.0,10.6,0.1,0.0,0.0,0.0,0.0,0.0,0.0,0.0,0.0,1.6,2025-10-08 17:50:38
2786,5,Tutu Atwell,LAR,0.0,0.0,0.0,0.0,0.0,0.0,0.2,0.0,0.9,11.7,0.1,0.0,0.0,0.0,0.0,0.0,0.0,0.0,0.0,1.6,2025-10-08 17:50:38
2787,5,Tim Patrick,JAC,0.0,0.0,0.0,0.0,0.0,0.0,0.0,0.0,0.8,10.3,0.1,0.0,0.0,0.0,0.0,0.0,0.0,0.0,0.0,1.4,2025-10-08 17:50:38
2788,5,Jalen Royals,KC,0.0,0.0,0.0,0.0,0.0,0.0,0.1,0.0,0.8,9.1,0.1,0.0,0.0,0.0,0.0,0.0,0.0,0.0,0.0,1.3,2025-10-08 17:50:38
2789,5,Tay Martin,WAS,0.0,0.0,0.0,0.0,0.0,0.0,0.0,0.0,0.8,9.0,0.1,0.0,0.0,0.0,0.0,0.0,0.0,0.0,0.0,1.3,2025-10-08 17:50:38
2790,5,Devontez Walker,BAL,0.0,0.0,0.0,0.0,0.0,0.1,0.3,0.0,0.5,8.1,0.1,0.0,0.0,0.0,0.0,0.0,0.0,0.0,0.0,1.2,2025-10-08 17:50:38
2791,5,Arian Smith,NYJ,0.0,0.0,0.0,0.0,0.0,0.2,0.8,0.0,0.7,7.7,0.1,0.0,0.0,0.0,0.0,0.0,0.0,0.0,0.0,1.2,2025-10-08 17:50:38
2792,5,Tahj Washington,MIA,0.0,0.0,0.0,0.0,0.0,0.0,0.0,0.0,0.6,7.8,0.1,0.0,0.0,0.0,0.0,0.0,0.0,0.0,0.0,1.1,2025-10-08 17:50:38
2793,5,Devaughn Vele,NO,0.0,0.0,0.0,0.0,0.0,0.0,0.1,0.0,0.7,7.1,0.0,0.0,0.0,0.0,0.0,0.0,0.0,0.0,0.0,1.0,2025-10-08 17:50:38
2794,5,Jake Bobo,SEA,0.0,0.0,0.0,0.0,0.0,0.0,0.0,0.0,0.6,6.8,0.0,0.0,0.0,0.0,0.0,0.0,0.0,0.0,0.0,1.0,2025-10-08 17:50:38
2795,5,Van Jefferson,TEN,0.0,0.0,0.0,0.0,0.0,0.0,0.0,0.0,0.6,7.5,0.0,0.0,0.0,0.0,0.0,0.0,0.0,0.0,0.0,0.9,2025-10-08 17:50:38
2796,5,Pat Bryant,DEN,0.0,0.0,0.0,0.0,0.0,0.0,0.0,0.0,0.6,6.6,0.0,0.0,0.0,0.0,0.0,0.0,0.0,0.0,0.0,0.9,2025-10-08 17:50:38
2797,5,John Metchie III,PHI,0.0,0.0,0.0,0.0,0.0,0.0,0.0,0.0,0.6,6.3,0.0,0.0,0.0,0.0,0.0,0.0,0.0,0.0,0.0,0.9,2025-10-08 17:50:38
2798,5,Anthony Gould,IND,0.0,0.0,0.0,0.0,0.0,0.1,0.2,0.0,0.3,5.3,0.1,0.0,0.0,0.0,0.0,0.0,0.0,0.0,0.0,0.8,2025-10-08 17:50:38
2799,5,KeAndre Lambert-Smith,LAC,0.0,0.0,0.0,0.0,0.0,0.0,0.1,0.0,0.3,4.2,0.0,0.0,0.0,0.0,0.0,0.0,0.0,0.0,0.0,0.7,2025-10-08 17:50:38
2800,5,Konata Mumpfield,LAR,0.0,0.0,0.0,0.0,0.0,0.0,0.0,0.0,0.2,2.4,0.0,0.0,0.0,0.0,0.0,0.0,0.0,0.0,0.0,0.4,2025-10-08 17:50:38
2801,5,Jimmy Horn Jr.,CAR,0.0,0.0,0.0,0.0,0.0,0.0,0.0,0.0,0.2,2.3,0.0,0.0,0.0,0.0,0.0,0.0,0.0,0.0,0.0,0.3,2025-10-08 17:50:38
2802,5,Tyrell Shavers,BUF,0.0,0.0,0.0,0.0,0.0,0.0,0.0,0.0,0.2,2.3,0.0,0.0,0.0,0.0,0.0,0.0,0.0,0.0,0.0,0.3,2025-10-08 17:50:38
2803,5,Trent Sherfield Sr.,DEN,0.0,0.0,0.0,0.0,0.0,0.0,0.0,0.0,0.2,1.7,0.0,0.0,0.0,0.0,0.0,0.0,0.0,0.0,0.0,0.3,2025-10-08 17:50:38
2804,5,Charlie Jones,CIN,0.0,0.0,0.0,0.0,0.0,0.0,0.1,0.0,0.1,0.8,0.0,0.0,0.0,0.0,0.0,0.0,0.0,0.0,0.0,0.1,2025-10-08 17:50:38
2805,5,Tai Felton,MIN,0.0,0.0,0.0,0.0,0.0,0.0,0.0,0.0,0.1,0.8,0.0,0.0,0.0,0.0,0.0,0.0,0.0,0.0,0.0,0.1,2025-10-08 17:50:38
2806,5,Mike Evans,TB,0.0,0.0,0.0,0.0,0.0,0.0,0.0,0.0,0.0,0.0,0.0,0.0,0.0,0.0,0.0,0.0,0.0,0.0,0.0,0.0,2025-10-08 17:50:38
2807,5,DeAndre Carter,CLE,0.0,0.0,0.0,0.0,0.0,0.0,0.0,0.0,0.0,0.0,0.0,0.0,0.0,0.0,0.0,0.0,0.0,0.0,0.0,0.0,2025-10-08 17:50:38
2808,5,Noah Brown,WAS,0.0,0.0,0.0,0.0,0.0,0.0,0.0,0.0,0.0,0.0,0.0,0.0,0.0,0.0,0.0,0.0,0.0,0.0,0.0,0.0,2025-10-08 17:50:38
2809,5,David Moore,CAR,0.0,0.0,0.0,0.0,0.0,0.0,0.0,0.0,0.0,0.0,0.0,0.0,0.0,0.0,0.0,0.0,0.0,0.0,0.0,0.0,2025-10-08 17:50:38
2810,5,Cedrick Wilson Jr.,MIA,0.0,0.0,0.0,0.0,0.0,0.0,0.0,0.0,0.0,0.0,0.0,0.0,0.0,0.0,0.0,0.0,0.0,0.0,0.0,0.0,2025-10-08 17:50:38
2811,5,Dante Pettis,NO,0.0,0.0,0.0,0.0,0.0,0.0,0.0,0.0,0.0,0.0,0.0,0.0,0.0,0.0,0.0,0.0,0.0,0.0,0.0,0.0,2025-10-08 17:50:38
2812,5,Braxton Berrios,HOU,0.0,0.0,0.0,0.0,0.0,0.0,0.0,0.0,0.0,0.0,0.0,0.0,0.0,0.0,0.0,0.0,0.0,0.0,0.0,0.0,2025-10-08 17:50:38
2813,5,Justin Watson,HOU,0.0,0.0,0.0,0.0,0.0,0.0,0.0,0.0,0.0,0.0,0.0,0.0,0.0,0.0,0.0,0.0,0.0,0.0,0.0,0.0,2025-10-08 17:50:38
2814,5,Terry McLaurin,WAS,0.0,0.0,0.0,0.0,0.0,0.0,0.0,0.0,0.0,0.0,0.0,0.0,0.0,0.0,0.0,0.0,0.0,0.0,0.0,0.0,2025-10-08 17:50:38
2815,5,KaVontae Turpin,DAL,0.0,0.0,0.0,0.0,0.0,0.0,0.0,0.0,0.0,0.0,0.0,0.0,0.0,0.0,0.0,0.0,0.0,0.0,0.0,0.0,2025-10-08 17:50:38
2816,5,Tom Kennedy,DET,0.0,0.0,0.0,0.0,0.0,0.0,0.0,0.0,0.0,0.0,0.0,0.0,0.0,0.0,0.0,0.0,0.0,0.0,0.0,0.0,2025-10-08 17:50:38
2817,5,Gunner Olszewski,NYG,0.0,0.0,0.0,0.0,0.0,0.0,0.0,0.0,0.0,0.0,0.0,0.0,0.0,0.0,0.0,0.0,0.0,0.0,0.0,0.0,2025-10-08 17:50:38
2818,5,CeeDee Lamb,DAL,0.0,0.0,0.0,0.0,0.0,0.0,0.0,0.0,0.0,0.0,0.0,0.0,0.0,0.0,0.0,0.0,0.0,0.0,0.0,0.0,2025-10-08 17:50:38
2819,5,Jalen Reagor,LAC,0.0,0.0,0.0,0.0,0.0,0.0,0.0,0.0,0.0,0.0,0.0,0.0,0.0,0.0,0.0,0.0,0.0,0.0,0.0,0.0,2025-10-08 17:50:38
2820,5,Brandon Aiyuk,SF,0.0,0.0,0.0,0.0,0.0,0.0,0.0,0.0,0.0,0.0,0.0,0.0,0.0,0.0,0.0,0.0,0.0,0.0,0.0,0.0,2025-10-08 17:50:38
2821,5,Jauan Jennings,SF,0.0,0.0,0.0,0.0,0.0,0.0,0.0,0.0,0.0,0.0,0.0,0.0,0.0,0.0,0.0,0.0,0.0,0.0,0.0,0.0,2025-10-08 17:50:38
2822,5,Mason Kinsey,TEN,0.0,0.0,0.0,0.0,0.0,0.0,0.0,0.0,0.0,0.0,0.0,0.0,0.0,0.0,0.0,0.0,0.0,0.0,0.0,0.0,2025-10-08 17:50:38
2823,5,Cody White,SEA,0.0,0.0,0.0,0.0,0.0,0.0,0.0,0.0,0.0,0.0,0.0,0.0,0.0,0.0,0.0,0.0,0.0,0.0,0.0,0.0,2025-10-08 17:50:38
2824,5,Ihmir Smith-Marsette,NYG,0.0,0.0,0.0,0.0,0.0,0.0,0.0,0.0,0.0,0.0,0.0,0.0,0.0,0.0,0.0,0.0,0.0,0.0,0.0,0.0,2025-10-08 17:50:38
2825,5,Javon Baker,PHI,0.0,0.0,0.0,0.0,0.0,0.0,0.0,0.0,0.0,0.0,0.0,0.0,0.0,0.0,0.0,0.0,0.0,0.0,0.0,0.0,2025-10-08 17:50:38
2826,5,Jermaine Burton,CIN,0.0,0.0,0.0,0.0,0.0,0.0,0.0,0.0,0.0,0.0,0.0,0.0,0.0,0.0,0.0,0.0,0.0,0.0,0.0,0.0,2025-10-08 17:50:38
2827,5,Jonathan Mingo,DAL,0.0,0.0,0.0,0.0,0.0,0.0,0.0,0.0,0.0,0.0,0.0,0.0,0.0,0.0,0.0,0.0,0.0,0.0,0.0,0.0,2025-10-08 17:50:38
2828,5,Kevin Austin Jr.,NO,0.0,0.0,0.0,0.0,0.0,0.0,0.0,0.0,0.0,0.0,0.0,0.0,0.0,0.0,0.0,0.0,0.0,0.0,0.0,0.0,2025-10-08 17:50:38
2829,5,David Bell,CLE,0.0,0.0,0.0,0.0,0.0,0.0,0.0,0.0,0.0,0.0,0.0,0.0,0.0,0.0,0.0,0.0,0.0,0.0,0.0,0.0,2025-10-08 17:50:38
2830,5,Ainias Smith,CAR,0.0,0.0,0.0,0.0,0.0,0.0,0.0,0.0,0.0,0.0,0.0,0.0,0.0,0.0,0.0,0.0,0.0,0.0,0.0,0.0,2025-10-08 17:50:38
2831,5,Jalen McMillan,TB,0.0,0.0,0.0,0.0,0.0,0.0,0.0,0.0,0.0,0.0,0.0,0.0,0.0,0.0,0.0,0.0,0.0,0.0,0.0,0.0,2025-10-08 17:50:38
2832,5,Simi Fehoko,ARI,0.0,0.0,0.0,0.0,0.0,0.0,0.0,0.0,0.0,0.0,0.0,0.0,0.0,0.0,0.0,0.0,0.0,0.0,0.0,0.0,2025-10-08 17:50:38
2833,5,Terrace Marshall Jr.,PHI,0.0,0.0,0.0,0.0,0.0,0.0,0.0,0.0,0.0,0.0,0.0,0.0,0.0,0.0,0.0,0.0,0.0,0.0,0.0,0.0,2025-10-08 17:50:38
2834,5,Austin Trammell,JAC,0.0,0.0,0.0,0.0,0.0,0.0,0.0,0.0,0.0,0.0,0.0,0.0,0.0,0.0,0.0,0.0,0.0,0.0,0.0,0.0,2025-10-08 17:50:38
2835,5,Tim Jones,JAC,0.0,0.0,0.0,0.0,0.0,0.0,0.0,0.0,0.0,0.0,0.0,0.0,0.0,0.0,0.0,0.0,0.0,0.0,0.0,0.0,2025-10-08 17:50:38
2836,5,Alec Pierce,IND,0.0,0.0,0.0,0.0,0.0,0.0,0.0,0.0,0.0,0.0,0.0,0.0,0.0,0.0,0.0,0.0,0.0,0.0,0.0,0.0,2025-10-08 17:50:38
2837,5,Xavier Weaver,ARI,0.0,0.0,0.0,0.0,0.0,0.0,0.0,0.0,0.0,0.0,0.0,0.0,0.0,0.0,0.0,0.0,0.0,0.0,0.0,0.0,2025-10-08 17:50:38
2838,5,Britain Covey,PHI,0.0,0.0,0.0,0.0,0.0,0.0,0.0,0.0,0.0,0.0,0.0,0.0,0.0,0.0,0.0,0.0,0.0,0.0,0.0,0.0,2025-10-08 17:50:38
2839,5,Dareke Young,SEA,0.0,0.0,0.0,0.0,0.0,0.0,0.0,0.0,0.0,0.0,0.0,0.0,0.0,0.0,0.0,0.0,0.0,0.0,0.0,0.0,2025-10-08 17:50:38
2840,5,Jacob Cowing,SF,0.0,0.0,0.0,0.0,0.0,0.0,0.0,0.0,0.0,0.0,0.0,0.0,0.0,0.0,0.0,0.0,0.0,0.0,0.0,0.0,2025-10-08 17:50:38
2841,5,Derius Davis,LAC,0.0,0.0,0.0,0.0,0.0,0.0,0.0,0.0,0.0,0.0,0.0,0.0,0.0,0.0,0.0,0.0,0.0,0.0,0.0,0.0,2025-10-08 17:50:38
2842,5,Xavier Smith,LAR,0.0,0.0,0.0,0.0,0.0,0.0,0.0,0.0,0.0,0.0,0.0,0.0,0.0,0.0,0.0,0.0,0.0,0.0,0.0,0.0,2025-10-08 17:50:38
2843,5,Jason Brownlee,KC,0.0,0.0,0.0,0.0,0.0,0.0,0.0,0.0,0.0,0.0,0.0,0.0,0.0,0.0,0.0,0.0,0.0,0.0,0.0,0.0,2025-10-08 17:50:38
2844,5,Xavier Gipson,PHI,0.0,0.0,0.0,0.0,0.0,0.0,0.0,0.0,0.0,0.0,0.0,0.0,0.0,0.0,0.0,0.0,0.0,0.0,0.0,0.0,2025-10-08 17:50:38
2845,5,Nikko Remigio,KC,0.0,0.0,0.0,0.0,0.0,0.0,0.0,0.0,0.0,0.0,0.0,0.0,0.0,0.0,0.0,0.0,0.0,0.0,0.0,0.0,2025-10-08 17:50:38
2846,5,Ryan Miller,TB,0.0,0.0,0.0,0.0,0.0,0.0,0.0,0.0,0.0,0.0,0.0,0.0,0.0,0.0,0.0,0.0,0.0,0.0,0.0,0.0,2025-10-08 17:50:38
2847,5,Malachi Corley,CLE,0.0,0.0,0.0,0.0,0.0,0.0,0.0,0.0,0.0,0.0,0.0,0.0,0.0,0.0,0.0,0.0,0.0,0.0,0.0,0.0,2025-10-08 17:50:38
2848,5,Ricky Pearsall,SF,0.0,0.0,0.0,0.0,0.0,0.0,0.0,0.0,0.0,0.0,0.0,0.0,0.0,0.0,0.0,0.0,0.0,0.0,0.0,0.0,2025-10-08 17:50:38
2849,5,Bub Means,NO,0.0,0.0,0.0,0.0,0.0,0.0,0.0,0.0,0.0,0.0,0.0,0.0,0.0,0.0,0.0,0.0,0.0,0.0,0.0,0.0,2025-10-08 17:50:38
2850,5,Joshua Cephus,JAC,0.0,0.0,0.0,0.0,0.0,0.0,0.0,0.0,0.0,0.0,0.0,0.0,0.0,0.0,0.0,0.0,0.0,0.0,0.0,0.0,2025-10-08 17:50:38
2851,5,Jalen Coker,CAR,0.0,0.0,0.0,0.0,0.0,0.0,0.0,0.0,0.0,0.0,0.0,0.0,0.0,0.0,0.0,0.0,0.0,0.0,0.0,0.0,2025-10-08 17:50:38
2852,5,Mason Tipton,NO,0.0,0.0,0.0,0.0,0.0,0.0,0.0,0.0,0.0,0.0,0.0,0.0,0.0,0.0,0.0,0.0,0.0,0.0,0.0,0.0,2025-10-08 17:50:38
2853,5,Bryce Oliver,TEN,0.0,0.0,0.0,0.0,0.0,0.0,0.0,0.0,0.0,0.0,0.0,0.0,0.0,0.0,0.0,0.0,0.0,0.0,0.0,0.0,2025-10-08 17:50:38
2854,5,Kameron Johnson,TB,0.0,0.0,0.0,0.0,0.0,0.0,0.0,0.0,0.0,0.0,0.0,0.0,0.0,0.0,0.0,0.0,0.0,0.0,0.0,0.0,2025-10-08 17:50:38
2855,5,Efton Chism III,NE,0.0,0.0,0.0,0.0,0.0,0.0,0.0,0.0,0.0,0.0,0.0,0.0,0.0,0.0,0.0,0.0,0.0,0.0,0.0,0.0,2025-10-08 17:50:38
2856,5,LaJohntay Wester,BAL,0.0,0.0,0.0,0.0,0.0,0.0,0.0,0.0,0.0,0.0,0.0,0.0,0.0,0.0,0.0,0.0,0.0,0.0,0.0,0.0,2025-10-08 17:50:38
2857,5,Jordan Watkins,SF,0.0,0.0,0.0,0.0,0.0,0.0,0.0,0.0,0.0,0.0,0.0,0.0,0.0,0.0,0.0,0.0,0.0,0.0,0.0,0.0,2025-10-08 17:50:38
2858,5,Myles Price,MIN,0.0,0.0,0.0,0.0,0.0,0.0,0.0,0.0,0.0,0.0,0.0,0.0,0.0,0.0,0.0,0.0,0.0,0.0,0.0,0.0,2025-10-08 17:50:38
2859,5,Gage Larvadain,CLE,0.0,0.0,0.0,0.0,0.0,0.0,0.0,0.0,0.0,0.0,0.0,0.0,0.0,0.0,0.0,0.0,0.0,0.0,0.0,0.0,2025-10-08 17:50:38
2860,5,Darius Cooper,PHI,0.0,0.0,0.0,0.0,0.0,0.0,0.0,0.0,0.0,0.0,0.0,0.0,0.0,0.0,0.0,0.0,0.0,0.0,0.0,0.0,2025-10-08 17:50:38
2861,5,Trey McBride,ARI,0.0,0.0,0.0,0.0,0.0,0.0,0.0,0.0,6.7,64.7,0.4,0.0,0.0,0.0,0.0,0.0,0.0,0.0,0.0,8.9,2025-10-08 17:50:38
2862,5,Tyler Warren,IND,0.0,0.0,0.0,0.0,0.0,0.0,0.0,0.0,5.0,57.1,0.3,0.1,0.0,0.0,0.0,0.0,0.0,0.0,0.0,7.9,2025-10-08 17:50:38
2863,5,Sam LaPorta,DET,0.0,0.0,0.0,0.0,0.0,0.0,0.0,0.0,4.1,45.1,0.4,0.0,0.0,0.0,0.0,0.0,0.0,0.0,0.0,6.7,2025-10-08 17:50:38
2864,5,Jake Ferguson,DAL,0.0,0.0,0.0,0.0,0.0,0.0,0.0,0.0,5.9,48.9,0.3,0.1,0.0,0.0,0.0,0.0,0.0,0.0,0.0,6.6,2025-10-08 17:50:38
2865,5,Hunter Henry,NE,0.0,0.0,0.0,0.0,0.0,0.0,0.0,0.0,4.1,44.1,0.4,0.0,0.0,0.0,0.0,0.0,0.0,0.0,0.0,6.5,2025-10-08 17:50:38
2866,5,Travis Kelce,KC,0.0,0.0,0.0,0.0,0.0,0.0,0.0,0.0,4.5,46.8,0.3,0.0,0.0,0.0,0.0,0.0,0.0,0.0,0.0,6.3,2025-10-08 17:50:38
2867,5,Dalton Kincaid,BUF,0.0,0.0,0.0,0.0,0.0,0.0,0.0,0.0,3.6,39.4,0.3,0.0,0.0,0.0,0.0,0.0,0.0,0.0,0.0,5.9,2025-10-08 17:50:38
2868,5,Zach Ertz,WAS,0.0,0.0,0.0,0.0,0.0,0.0,0.0,0.0,4.1,37.4,0.3,0.0,0.0,0.0,0.0,0.0,0.0,0.0,0.0,5.7,2025-10-08 17:50:38
2869,5,Darren Waller,MIA,0.0,0.0,0.0,0.0,0.0,0.0,0.0,0.0,3.5,37.4,0.3,0.0,0.0,0.0,0.0,0.0,0.0,0.0,0.0,5.6,2025-10-08 17:50:38
2870,5,Juwan Johnson,NO,0.0,0.0,0.0,0.0,0.0,0.0,0.0,0.0,4.2,40.1,0.3,0.0,0.0,0.0,0.0,0.0,0.0,0.0,0.0,5.5,2025-10-08 17:50:38
2871,5,Dallas Goedert,PHI,0.0,0.0,0.0,0.0,0.0,0.0,0.0,0.0,3.4,35.7,0.3,0.0,0.0,0.0,0.0,0.0,0.0,0.0,0.0,5.2,2025-10-08 17:50:38
2872,5,Mark Andrews,BAL,0.0,0.0,0.0,0.0,0.0,0.0,0.0,0.0,3.1,34.2,0.3,0.0,0.0,0.0,0.0,0.0,0.0,0.0,0.0,5.2,2025-10-08 17:50:38
2873,5,T.J. Hockenson,MIN,0.0,0.0,0.0,0.0,0.0,0.0,0.0,0.0,3.7,37.2,0.2,0.0,0.0,0.0,0.0,0.0,0.0,0.0,0.0,4.9,2025-10-08 17:50:38
2874,5,Theo Johnson,NYG,0.0,0.0,0.0,0.0,0.0,0.0,0.0,0.0,3.2,34.3,0.2,0.0,0.0,0.0,0.0,0.0,0.0,0.0,0.0,4.8,2025-10-08 17:50:38
2875,5,David Njoku,CLE,0.0,0.0,0.0,0.0,0.0,0.0,0.0,0.0,3.6,33.8,0.2,0.0,0.0,0.0,0.0,0.0,0.0,0.0,0.0,4.5,2025-10-08 17:50:38
2876,5,Dalton Schultz,HOU,0.0,0.0,0.0,0.0,0.0,0.0,0.0,0.0,3.4,33.1,0.2,0.0,0.0,0.0,0.0,0.0,0.0,0.0,0.0,4.5,2025-10-08 17:50:38
2877,5,Harold Fannin Jr.,CLE,0.0,0.0,0.0,0.0,0.0,0.0,0.0,0.0,3.5,34.0,0.2,0.1,0.0,0.0,0.0,0.0,0.0,0.0,0.0,4.4,2025-10-08 17:50:38
2878,5,Mason Taylor,NYJ,0.0,0.0,0.0,0.0,0.0,0.0,0.0,0.0,3.0,32.1,0.2,0.0,0.0,0.0,0.0,0.0,0.0,0.0,0.0,4.4,2025-10-08 17:50:38
2879,5,Chig Okonkwo,TEN,0.0,0.0,0.0,0.0,0.0,0.0,0.0,0.0,3.5,35.1,0.1,0.0,0.0,0.0,0.0,0.0,0.0,0.0,0.0,4.2,2025-10-08 17:50:38
2880,5,Jake Tonges,SF,0.0,0.0,0.0,0.0,0.0,0.0,0.0,0.0,2.9,29.1,0.2,0.0,0.0,0.0,0.0,0.0,0.0,0.0,0.0,4.0,2025-10-08 17:50:38
2881,5,Tommy Tremble,CAR,0.0,0.0,0.0,0.0,0.0,0.0,0.0,0.0,2.7,25.3,0.2,0.0,0.0,0.0,0.0,0.0,0.0,0.0,0.0,4.0,2025-10-08 17:50:38
2882,5,Evan Engram,DEN,0.0,0.0,0.0,0.0,0.0,0.0,0.0,0.0,3.1,26.2,0.2,0.1,0.0,0.0,0.0,0.0,0.0,0.0,0.0,3.5,2025-10-08 17:50:38
2883,5,Cade Otton,TB,0.0,0.0,0.0,0.0,0.0,0.0,0.0,0.0,2.4,23.8,0.2,0.0,0.0,0.0,0.0,0.0,0.0,0.0,0.0,3.4,2025-10-08 17:50:38
2884,5,Isaiah Likely,BAL,0.0,0.0,0.0,0.0,0.0,0.0,0.0,0.0,2.0,22.7,0.2,0.0,0.0,0.0,0.0,0.0,0.0,0.0,0.0,3.4,2025-10-08 17:50:38
2885,5,Noah Fant,CIN,0.0,0.0,0.0,0.0,0.0,0.0,0.0,0.0,2.7,27.0,0.1,0.0,0.0,0.0,0.0,0.0,0.0,0.0,0.0,3.3,2025-10-08 17:50:38
2886,5,Taysom Hill,NO,0.0,0.0,0.0,0.0,0.0,0.0,0.0,0.0,1.0,8.8,0.1,0.0,0.0,0.0,0.0,0.0,0.0,0.0,0.0,3.0,2025-10-08 17:50:38
2887,5,Mike Gesicki,CIN,0.0,0.0,0.0,0.0,0.0,0.0,0.0,0.0,2.1,21.4,0.1,0.0,0.0,0.0,0.0,0.0,0.0,0.0,0.0,2.8,2025-10-08 17:50:38
2888,5,AJ Barner,SEA,0.0,0.0,0.0,0.0,0.0,0.0,0.0,0.0,2.0,19.2,0.1,0.0,0.0,0.0,0.0,0.0,0.0,0.0,0.0,2.8,2025-10-08 17:50:38
2889,5,Oronde Gadsden II,LAC,0.0,0.0,0.0,0.0,0.0,0.0,0.0,0.0,1.8,19.9,0.1,0.0,0.0,0.0,0.0,0.0,0.0,0.0,0.0,2.7,2025-10-08 17:50:38
2890,5,Ian Thomas,LV,0.0,0.0,0.0,0.0,0.0,0.0,0.0,0.0,2.0,19.0,0.1,0.0,0.0,0.0,0.0,0.0,0.0,0.0,0.0,2.5,2025-10-08 17:50:38
2891,5,Elijah Arroyo,SEA,0.0,0.0,0.0,0.0,0.0,0.0,0.0,0.0,1.7,18.7,0.1,0.0,0.0,0.0,0.0,0.0,0.0,0.0,0.0,2.5,2025-10-08 17:50:38
2892,5,Davis Allen,LAR,0.0,0.0,0.0,0.0,0.0,0.0,0.0,0.0,1.6,13.7,0.2,0.0,0.0,0.0,0.0,0.0,0.0,0.0,0.0,2.5,2025-10-08 17:50:38
2893,5,Foster Moreau,NO,0.0,0.0,0.0,0.0,0.0,0.0,0.0,0.0,1.3,14.4,0.2,0.0,0.0,0.0,0.0,0.0,0.0,0.0,0.0,2.3,2025-10-08 17:50:38
2894,5,Austin Hooper,NE,0.0,0.0,0.0,0.0,0.0,0.0,0.0,0.0,1.7,17.4,0.1,0.0,0.0,0.0,0.0,0.0,0.0,0.0,0.0,2.3,2025-10-08 17:50:38
2895,5,Noah Gray,KC,0.0,0.0,0.0,0.0,0.0,0.0,0.0,0.0,1.4,14.6,0.1,0.0,0.0,0.0,0.0,0.0,0.0,0.0,0.0,2.0,2025-10-08 17:50:38
2896,5,Daniel Bellinger,NYG,0.0,0.0,0.0,0.0,0.0,0.0,0.0,0.0,1.4,14.9,0.1,0.0,0.0,0.0,0.0,0.0,0.0,0.0,0.0,2.0,2025-10-08 17:50:38
2897,5,Brock Wright,DET,0.0,0.0,0.0,0.0,0.0,0.0,0.0,0.0,1.0,9.3,0.2,0.0,0.0,0.0,0.0,0.0,0.0,0.0,0.0,2.0,2025-10-08 17:50:38
2898,5,Luke Schoonmaker,DAL,0.0,0.0,0.0,0.0,0.0,0.0,0.0,0.0,1.4,12.8,0.1,0.0,0.0,0.0,0.0,0.0,0.0,0.0,0.0,1.9,2025-10-08 17:50:38
2899,5,Dawson Knox,BUF,0.0,0.0,0.0,0.0,0.0,0.0,0.0,0.0,1.1,12.0,0.1,0.0,0.0,0.0,0.0,0.0,0.0,0.0,0.0,1.9,2025-10-08 17:50:38
2900,5,Gunnar Helm,TEN,0.0,0.0,0.0,0.0,0.0,0.0,0.0,0.0,1.5,14.3,0.1,0.0,0.0,0.0,0.0,0.0,0.0,0.0,0.0,1.9,2025-10-08 17:50:38
2901,5,Colby Parkinson,LAR,0.0,0.0,0.0,0.0,0.0,0.0,0.0,0.0,1.4,14.0,0.1,0.0,0.0,0.0,0.0,0.0,0.0,0.0,0.0,1.9,2025-10-08 17:50:38
2902,5,Justin Shorter,LV,0.0,0.0,0.0,0.0,0.0,0.0,0.0,0.0,1.5,14.0,0.1,0.0,0.0,0.0,0.0,0.0,0.0,0.0,0.0,1.8,2025-10-08 17:50:38
2903,5,Tyler Conklin,LAC,0.0,0.0,0.0,0.0,0.0,0.0,0.0,0.0,1.2,13.5,0.1,0.0,0.0,0.0,0.0,0.0,0.0,0.0,0.0,1.8,2025-10-08 17:50:38
2904,5,Adam Trautman,DEN,0.0,0.0,0.0,0.0,0.0,0.0,0.0,0.0,1.1,10.8,0.1,0.0,0.0,0.0,0.0,0.0,0.0,0.0,0.0,1.7,2025-10-08 17:50:38
2905,5,Luke Farrell,SF,0.0,0.0,0.0,0.0,0.0,0.0,0.0,0.0,1.3,12.1,0.1,0.0,0.0,0.0,0.0,0.0,0.0,0.0,0.0,1.6,2025-10-08 17:50:38
2906,5,Josh Oliver,MIN,0.0,0.0,0.0,0.0,0.0,0.0,0.0,0.0,0.9,8.5,0.1,0.0,0.0,0.0,0.0,0.0,0.0,0.0,0.0,1.4,2025-10-08 17:50:38
2907,5,Albert Okwuegbunam Jr.,LV,0.0,0.0,0.0,0.0,0.0,0.0,0.0,0.0,1.0,10.5,0.1,0.0,0.0,0.0,0.0,0.0,0.0,0.0,0.0,1.3,2025-10-08 17:50:38
2908,5,Jeremy Ruckert,NYJ,0.0,0.0,0.0,0.0,0.0,0.0,0.0,0.0,1.0,9.2,0.1,0.0,0.0,0.0,0.0,0.0,0.0,0.0,0.0,1.3,2025-10-08 17:50:38
2909,5,Jake Briningstool,KC,0.0,0.0,0.0,0.0,0.0,0.0,0.0,0.0,0.7,7.1,0.1,0.0,0.0,0.0,0.0,0.0,0.0,0.0,0.0,1.3,2025-10-08 17:50:38
2910,5,Mitchell Evans,CAR,0.0,0.0,0.0,0.0,0.0,0.0,0.0,0.0,0.9,8.1,0.1,0.0,0.0,0.0,0.0,0.0,0.0,0.0,0.0,1.3,2025-10-08 17:50:38
2911,5,Julian Hill,MIA,0.0,0.0,0.0,0.0,0.0,0.0,0.0,0.0,0.9,9.3,0.1,0.0,0.0,0.0,0.0,0.0,0.0,0.0,0.0,1.3,2025-10-08 17:50:38
2912,5,Drew Ogletree,IND,0.0,0.0,0.0,0.0,0.0,0.0,0.0,0.0,0.6,8.1,0.1,0.0,0.0,0.0,0.0,0.0,0.0,0.0,0.0,1.2,2025-10-08 17:50:38
2913,5,Hunter Long,JAC,0.0,0.0,0.0,0.0,0.0,0.0,0.0,0.0,0.9,7.2,0.1,0.0,0.0,0.0,0.0,0.0,0.0,0.0,0.0,1.2,2025-10-08 17:50:38
2914,5,Carter Runyon,LV,0.0,0.0,0.0,0.0,0.0,0.0,0.0,0.0,0.8,8.0,0.1,0.0,0.0,0.0,0.0,0.0,0.0,0.0,0.0,1.2,2025-10-08 17:50:38
2915,5,Elijah Higgins,ARI,0.0,0.0,0.0,0.0,0.0,0.0,0.0,0.0,0.8,7.6,0.1,0.0,0.0,0.0,0.0,0.0,0.0,0.0,0.0,1.1,2025-10-08 17:50:38
2916,5,Drew Sample,CIN,0.0,0.0,0.0,0.0,0.0,0.0,0.0,0.0,0.8,6.9,0.1,0.0,0.0,0.0,0.0,0.0,0.0,0.0,0.0,1.1,2025-10-08 17:50:38
2917,5,Tanner Conner,MIA,0.0,0.0,0.0,0.0,0.0,0.0,0.0,0.0,0.8,8.1,0.0,0.0,0.0,0.0,0.0,0.0,0.0,0.0,0.0,1.1,2025-10-08 17:50:38
2918,5,Johnny Mundt,JAC,0.0,0.0,0.0,0.0,0.0,0.0,0.0,0.0,0.8,6.7,0.1,0.0,0.0,0.0,0.0,0.0,0.0,0.0,0.0,1.0,2025-10-08 17:50:38
2919,5,Jackson Hawes,BUF,0.0,0.0,0.0,0.0,0.0,0.0,0.0,0.0,0.6,6.7,0.1,0.0,0.0,0.0,0.0,0.0,0.0,0.0,0.0,1.0,2025-10-08 17:50:38
2920,5,Grant Calcaterra,PHI,0.0,0.0,0.0,0.0,0.0,0.0,0.0,0.0,0.7,6.9,0.1,0.0,0.0,0.0,0.0,0.0,0.0,0.0,0.0,1.0,2025-10-08 17:50:38
2921,5,Nate Adkins,DEN,0.0,0.0,0.0,0.0,0.0,0.0,0.0,0.0,0.8,6.1,0.1,0.0,0.0,0.0,0.0,0.0,0.0,0.0,0.0,1.0,2025-10-08 17:50:38
2922,5,Terrance Ferguson,LAR,0.0,0.0,0.0,0.0,0.0,0.0,0.0,0.0,0.7,7.1,0.0,0.0,0.0,0.0,0.0,0.0,0.0,0.0,0.0,1.0,2025-10-08 17:50:38
2923,5,Tip Reiman,ARI,0.0,0.0,0.0,0.0,0.0,0.0,0.0,0.0,0.8,6.6,0.0,0.0,0.0,0.0,0.0,0.0,0.0,0.0,0.0,0.9,2025-10-08 17:50:38
2924,5,Brevyn Spann-Ford,DAL,0.0,0.0,0.0,0.0,0.0,0.0,0.0,0.0,0.7,6.7,0.0,0.0,0.0,0.0,0.0,0.0,0.0,0.0,0.0,0.9,2025-10-08 17:50:38
2925,5,Erick All Jr.,CIN,0.0,0.0,0.0,0.0,0.0,0.0,0.0,0.0,0.7,6.2,0.0,0.0,0.0,0.0,0.0,0.0,0.0,0.0,0.0,0.9,2025-10-08 17:50:38
2926,5,John Bates,WAS,0.0,0.0,0.0,0.0,0.0,0.0,0.0,0.0,0.6,5.9,0.1,0.0,0.0,0.0,0.0,0.0,0.0,0.0,0.0,0.9,2025-10-08 17:50:38
2927,5,Eric Saubert,SEA,0.0,0.0,0.0,0.0,0.0,0.0,0.0,0.0,0.5,5.0,0.1,0.0,0.0,0.0,0.0,0.0,0.0,0.0,0.0,0.8,2025-10-08 17:50:38
2928,5,Chris Manhertz,NYG,0.0,0.0,0.0,0.0,0.0,0.0,0.0,0.0,0.5,4.9,0.1,0.0,0.0,0.0,0.0,0.0,0.0,0.0,0.0,0.8,2025-10-08 17:50:38
2929,5,Payne Durham,TB,0.0,0.0,0.0,0.0,0.0,0.0,0.0,0.0,0.4,4.1,0.0,0.0,0.0,0.0,0.0,0.0,0.0,0.0,0.0,0.7,2025-10-08 17:50:38
2930,5,Harrison Bryant,HOU,0.0,0.0,0.0,0.0,0.0,0.0,0.0,0.0,0.5,4.2,0.0,0.0,0.0,0.0,0.0,0.0,0.0,0.0,0.0,0.7,2025-10-08 17:50:38
2931,5,Jack Stoll,NO,0.0,0.0,0.0,0.0,0.0,0.0,0.0,0.0,0.4,3.5,0.1,0.0,0.0,0.0,0.0,0.0,0.0,0.0,0.0,0.6,2025-10-08 17:50:38
2932,5,James Mitchell,CAR,0.0,0.0,0.0,0.0,0.0,0.0,0.0,0.0,0.5,4.0,0.0,0.0,0.0,0.0,0.0,0.0,0.0,0.0,0.0,0.6,2025-10-08 17:50:38
2933,5,Ben Sinnott,WAS,0.0,0.0,0.0,0.0,0.0,0.0,0.0,0.0,0.4,3.5,0.0,0.0,0.0,0.0,0.0,0.0,0.0,0.0,0.0,0.6,2025-10-08 17:50:38
2934,5,Travis Vokolek,ARI,0.0,0.0,0.0,0.0,0.0,0.0,0.0,0.0,0.4,3.1,0.1,0.0,0.0,0.0,0.0,0.0,0.0,0.0,0.0,0.6,2025-10-08 17:50:38
2935,5,Thomas Fidone II,NYG,0.0,0.0,0.0,0.0,0.0,0.0,0.0,0.0,0.6,5.8,0.0,0.0,0.0,0.0,0.0,0.0,0.0,0.0,0.0,0.6,2025-10-08 17:50:38
2936,5,Tucker Fisk,LAC,0.0,0.0,0.0,0.0,0.0,0.0,0.0,0.0,0.4,3.8,0.0,0.0,0.0,0.0,0.0,0.0,0.0,0.0,0.0,0.6,2025-10-08 17:50:38
2937,5,Kylen Granson,PHI,0.0,0.0,0.0,0.0,0.0,0.0,0.0,0.0,0.4,3.6,0.0,0.0,0.0,0.0,0.0,0.0,0.0,0.0,0.0,0.6,2025-10-08 17:50:38
2938,5,Blake Whiteheart,CLE,0.0,0.0,0.0,0.0,0.0,0.0,0.0,0.0,0.3,2.4,0.1,0.0,0.0,0.0,0.0,0.0,0.0,0.0,0.0,0.5,2025-10-08 17:50:38
2939,5,Brock Bowers,LV,0.0,0.0,0.0,0.0,0.0,0.0,0.0,0.0,0.5,5.0,0.0,0.0,0.0,0.0,0.0,0.0,0.0,0.0,0.0,0.5,2025-10-08 17:50:38
2940,5,Charlie Kolar,BAL,0.0,0.0,0.0,0.0,0.0,0.0,0.0,0.0,0.4,4.3,0.0,0.0,0.0,0.0,0.0,0.0,0.0,0.0,0.0,0.5,2025-10-08 17:50:38
2941,5,Will Mallory,IND,0.0,0.0,0.0,0.0,0.0,0.0,0.0,0.0,0.3,3.6,0.0,0.0,0.0,0.0,0.0,0.0,0.0,0.0,0.0,0.4,2025-10-08 17:50:38
2942,5,Brenden Bates,HOU,0.0,0.0,0.0,0.0,0.0,0.0,0.0,0.0,0.4,3.4,0.0,0.0,0.0,0.0,0.0,0.0,0.0,0.0,0.0,0.3,2025-10-08 17:50:38
2943,5,Mo Alie-Cox,IND,0.0,0.0,0.0,0.0,0.0,0.0,0.0,0.0,0.2,2.4,0.0,0.0,0.0,0.0,0.0,0.0,0.0,0.0,0.0,0.3,2025-10-08 17:50:38
2944,5,Devin Culp,TB,0.0,0.0,0.0,0.0,0.0,0.0,0.0,0.0,0.3,2.7,0.0,0.0,0.0,0.0,0.0,0.0,0.0,0.0,0.0,0.3,2025-10-08 17:50:38
2945,5,Jack Westover,NE,0.0,0.0,0.0,0.0,0.0,0.0,0.0,0.0,0.3,2.0,0.0,0.0,0.0,0.0,0.0,0.0,0.0,0.0,0.0,0.2,2025-10-08 17:50:38
2946,5,Tanner Hudson,CIN,0.0,0.0,0.0,0.0,0.0,0.0,0.0,0.0,0.2,1.4,0.0,0.0,0.0,0.0,0.0,0.0,0.0,0.0,0.0,0.1,2025-10-08 17:50:38
2947,5,Brady Russell,SEA,0.0,0.0,0.0,0.0,0.0,0.0,0.0,0.0,0.0,0.0,0.0,0.0,0.0,0.0,0.0,0.0,0.0,0.0,0.0,0.0,2025-10-08 17:50:38
2948,5,Tyler Higbee,LAR,0.0,0.0,0.0,0.0,0.0,0.0,0.0,0.0,0.0,0.0,0.0,0.0,0.0,0.0,0.0,0.0,0.0,0.0,0.0,0.0,2025-10-08 17:50:38
2949,5,Robert Tonyan,KC,0.0,0.0,0.0,0.0,0.0,0.0,0.0,0.0,0.0,0.0,0.0,0.0,0.0,0.0,0.0,0.0,0.0,0.0,0.0,0.0,2025-10-08 17:50:38
2950,5,Ross Dwelley,DET,0.0,0.0,0.0,0.0,0.0,0.0,0.0,0.0,0.0,0.0,0.0,0.0,0.0,0.0,0.0,0.0,0.0,0.0,0.0,0.0,2025-10-08 17:50:38
2951,5,Will Dissly,LAC,0.0,0.0,0.0,0.0,0.0,0.0,0.0,0.0,0.0,0.0,0.0,0.0,0.0,0.0,0.0,0.0,0.0,0.0,0.0,0.0,2025-10-08 17:50:38
2952,5,Michael Mayer,LV,0.0,0.0,0.0,0.0,0.0,0.0,0.0,0.0,0.0,0.0,0.0,0.0,0.0,0.0,0.0,0.0,0.0,0.0,0.0,0.0,2025-10-08 17:50:38
2953,5,Moliki Matavao,NO,0.0,0.0,0.0,0.0,0.0,0.0,0.0,0.0,0.0,0.0,0.0,0.0,0.0,0.0,0.0,0.0,0.0,0.0,0.0,0.0,2025-10-08 17:50:38
2954,5,Shane Zylstra,DET,0.0,0.0,0.0,0.0,0.0,0.0,0.0,0.0,0.0,0.0,0.0,0.0,0.0,0.0,0.0,0.0,0.0,0.0,0.0,0.0,2025-10-08 17:50:38
2955,5,Lucas Krull,DEN,0.0,0.0,0.0,0.0,0.0,0.0,0.0,0.0,0.0,0.0,0.0,0.0,0.0,0.0,0.0,0.0,0.0,0.0,0.0,0.0,2025-10-08 17:50:38
2956,5,Ja'Tavion Sanders,CAR,0.0,0.0,0.0,0.0,0.0,0.0,0.0,0.0,0.0,0.0,0.0,0.0,0.0,0.0,0.0,0.0,0.0,0.0,0.0,0.0,2025-10-08 17:50:38
2957,5,Ko Kieft,TB,0.0,0.0,0.0,0.0,0.0,0.0,0.0,0.0,0.0,0.0,0.0,0.0,0.0,0.0,0.0,0.0,0.0,0.0,0.0,0.0,2025-10-08 17:50:38
2958,5,Stone Smartt,NYJ,0.0,0.0,0.0,0.0,0.0,0.0,0.0,0.0,0.0,0.0,0.0,0.0,0.0,0.0,0.0,0.0,0.0,0.0,0.0,0.0,2025-10-08 17:50:38
2959,5,Cade Stover,HOU,0.0,0.0,0.0,0.0,0.0,0.0,0.0,0.0,0.0,0.0,0.0,0.0,0.0,0.0,0.0,0.0,0.0,0.0,0.0,0.0,2025-10-08 17:50:38
2960,5,Brayden Willis,SF,0.0,0.0,0.0,0.0,0.0,0.0,0.0,0.0,0.0,0.0,0.0,0.0,0.0,0.0,0.0,0.0,0.0,0.0,0.0,0.0,2025-10-08 17:50:38
2961,5,John Stephens Jr.,DAL,0.0,0.0,0.0,0.0,0.0,0.0,0.0,0.0,0.0,0.0,0.0,0.0,0.0,0.0,0.0,0.0,0.0,0.0,0.0,0.0,2025-10-08 17:50:38
2962,5,Gavin Bartholomew,MIN,0.0,0.0,0.0,0.0,0.0,0.0,0.0,0.0,0.0,0.0,0.0,0.0,0.0,0.0,0.0,0.0,0.0,0.0,0.0,0.0,2025-10-08 17:50:38
2963,5,Jared Wiley,KC,0.0,0.0,0.0,0.0,0.0,0.0,0.0,0.0,0.0,0.0,0.0,0.0,0.0,0.0,0.0,0.0,0.0,0.0,0.0,0.0,2025-10-08 17:50:38
2964,5,Cam Grandy,CIN,0.0,0.0,0.0,0.0,0.0,0.0,0.0,0.0,0.0,0.0,0.0,0.0,0.0,0.0,0.0,0.0,0.0,0.0,0.0,0.0,2025-10-08 17:50:38
2965,5,David Martin-Robinson,TEN,0.0,0.0,0.0,0.0,0.0,0.0,0.0,0.0,0.0,0.0,0.0,0.0,0.0,0.0,0.0,0.0,0.0,0.0,0.0,0.0,2025-10-08 17:50:38
2966,5,Brandon Aubrey,DAL,0.0,0.0,0.0,0.0,0.0,0.0,0.0,0.0,0.0,0.0,0.0,0.0,0.0,0.0,0.0,0.0,0.0,0.0,0.0,9.0,2025-10-08 17:50:38
2967,5,Matt Prater,BUF,0.0,0.0,0.0,0.0,0.0,0.0,0.0,0.0,0.0,0.0,0.0,0.0,0.0,0.0,0.0,0.0,0.0,0.0,0.0,8.8,2025-10-08 17:50:38
2968,5,Jake Bates,DET,0.0,0.0,0.0,0.0,0.0,0.0,0.0,0.0,0.0,0.0,0.0,0.0,0.0,0.0,0.0,0.0,0.0,0.0,0.0,8.8,2025-10-08 17:50:38
2969,5,Cameron Dicker,LAC,0.0,0.0,0.0,0.0,0.0,0.0,0.0,0.0,0.0,0.0,0.0,0.0,0.0,0.0,0.0,0.0,0.0,0.0,0.0,8.6,2025-10-08 17:50:38
2970,5,Joshua Karty,LAR,0.0,0.0,0.0,0.0,0.0,0.0,0.0,0.0,0.0,0.0,0.0,0.0,0.0,0.0,0.0,0.0,0.0,0.0,0.0,8.0,2025-10-08 17:50:38
2971,5,Chad Ryland,ARI,0.0,0.0,0.0,0.0,0.0,0.0,0.0,0.0,0.0,0.0,0.0,0.0,0.0,0.0,0.0,0.0,0.0,0.0,0.0,7.8,2025-10-08 17:50:38
2972,5,Jake Elliott,PHI,0.0,0.0,0.0,0.0,0.0,0.0,0.0,0.0,0.0,0.0,0.0,0.0,0.0,0.0,0.0,0.0,0.0,0.0,0.0,7.7,2025-10-08 17:50:38
2973,5,Nick Folk,NYJ,0.0,0.0,0.0,0.0,0.0,0.0,0.0,0.0,0.0,0.0,0.0,0.0,0.0,0.0,0.0,0.0,0.0,0.0,0.0,7.7,2025-10-08 17:50:38
2974,5,Ka'imi Fairbairn,HOU,0.0,0.0,0.0,0.0,0.0,0.0,0.0,0.0,0.0,0.0,0.0,0.0,0.0,0.0,0.0,0.0,0.0,0.0,0.0,7.6,2025-10-08 17:50:38
2975,5,Harrison Butker,KC,0.0,0.0,0.0,0.0,0.0,0.0,0.0,0.0,0.0,0.0,0.0,0.0,0.0,0.0,0.0,0.0,0.0,0.0,0.0,7.6,2025-10-08 17:50:38
2976,5,Matt Gay,WAS,0.0,0.0,0.0,0.0,0.0,0.0,0.0,0.0,0.0,0.0,0.0,0.0,0.0,0.0,0.0,0.0,0.0,0.0,0.0,7.4,2025-10-08 17:50:38
2977,5,Jason Myers,SEA,0.0,0.0,0.0,0.0,0.0,0.0,0.0,0.0,0.0,0.0,0.0,0.0,0.0,0.0,0.0,0.0,0.0,0.0,0.0,7.4,2025-10-08 17:50:38
2978,5,Riley Patterson,MIA,0.0,0.0,0.0,0.0,0.0,0.0,0.0,0.0,0.0,0.0,0.0,0.0,0.0,0.0,0.0,0.0,0.0,0.0,0.0,7.4,2025-10-08 17:50:38
2979,5,Wil Lutz,DEN,0.0,0.0,0.0,0.0,0.0,0.0,0.0,0.0,0.0,0.0,0.0,0.0,0.0,0.0,0.0,0.0,0.0,0.0,0.0,7.1,2025-10-08 17:50:38
2980,5,Ryan Fitzgerald,CAR,0.0,0.0,0.0,0.0,0.0,0.0,0.0,0.0,0.0,0.0,0.0,0.0,0.0,0.0,0.0,0.0,0.0,0.0,0.0,7.1,2025-10-08 17:50:38
2981,5,Daniel Carlson,LV,0.0,0.0,0.0,0.0,0.0,0.0,0.0,0.0,0.0,0.0,0.0,0.0,0.0,0.0,0.0,0.0,0.0,0.0,0.0,7.1,2025-10-08 17:50:38
2982,5,Cam Little,JAC,0.0,0.0,0.0,0.0,0.0,0.0,0.0,0.0,0.0,0.0,0.0,0.0,0.0,0.0,0.0,0.0,0.0,0.0,0.0,7.0,2025-10-08 17:50:38
2983,5,Chase McLaughlin,TB,0.0,0.0,0.0,0.0,0.0,0.0,0.0,0.0,0.0,0.0,0.0,0.0,0.0,0.0,0.0,0.0,0.0,0.0,0.0,7.0,2025-10-08 17:50:38
2984,5,Will Reichard,MIN,0.0,0.0,0.0,0.0,0.0,0.0,0.0,0.0,0.0,0.0,0.0,0.0,0.0,0.0,0.0,0.0,0.0,0.0,0.0,7.0,2025-10-08 17:50:38
2985,5,Blake Grupe,NO,0.0,0.0,0.0,0.0,0.0,0.0,0.0,0.0,0.0,0.0,0.0,0.0,0.0,0.0,0.0,0.0,0.0,0.0,0.0,6.9,2025-10-08 17:50:38
2986,5,Eddy Pineiro,SF,0.0,0.0,0.0,0.0,0.0,0.0,0.0,0.0,0.0,0.0,0.0,0.0,0.0,0.0,0.0,0.0,0.0,0.0,0.0,6.7,2025-10-08 17:50:38
2987,5,Tyler Loop,BAL,0.0,0.0,0.0,0.0,0.0,0.0,0.0,0.0,0.0,0.0,0.0,0.0,0.0,0.0,0.0,0.0,0.0,0.0,0.0,6.7,2025-10-08 17:50:38
2988,5,Evan McPherson,CIN,0.0,0.0,0.0,0.0,0.0,0.0,0.0,0.0,0.0,0.0,0.0,0.0,0.0,0.0,0.0,0.0,0.0,0.0,0.0,6.3,2025-10-08 17:50:38
2989,5,Joey Slye,TEN,0.0,0.0,0.0,0.0,0.0,0.0,0.0,0.0,0.0,0.0,0.0,0.0,0.0,0.0,0.0,0.0,0.0,0.0,0.0,6.3,2025-10-08 17:50:38
2990,5,Andy Borregales,NE,0.0,0.0,0.0,0.0,0.0,0.0,0.0,0.0,0.0,0.0,0.0,0.0,0.0,0.0,0.0,0.0,0.0,0.0,0.0,6.3,2025-10-08 17:50:38
2991,5,Jude McAtamney,NYG,0.0,0.0,0.0,0.0,0.0,0.0,0.0,0.0,0.0,0.0,0.0,0.0,0.0,0.0,0.0,0.0,0.0,0.0,0.0,6.3,2025-10-08 17:50:38
2992,5,Andre Szmyt,CLE,0.0,0.0,0.0,0.0,0.0,0.0,0.0,0.0,0.0,0.0,0.0,0.0,0.0,0.0,0.0,0.0,0.0,0.0,0.0,5.8,2025-10-08 17:50:38
2993,5,Tyler Bass,BUF,0.0,0.0,0.0,0.0,0.0,0.0,0.0,0.0,0.0,0.0,0.0,0.0,0.0,0.0,0.0,0.0,0.0,0.0,0.0,0.0,2025-10-08 17:50:38
2994,5,Matthew Wright,TEN,0.0,0.0,0.0,0.0,0.0,0.0,0.0,0.0,0.0,0.0,0.0,0.0,0.0,0.0,0.0,0.0,0.0,0.0,0.0,0.0,2025-10-08 17:50:38
2995,5,Jason Sanders,MIA,0.0,0.0,0.0,0.0,0.0,0.0,0.0,0.0,0.0,0.0,0.0,0.0,0.0,0.0,0.0,0.0,0.0,0.0,0.0,0.0,2025-10-08 17:50:38
2996,5,Younghoe Koo,NYG,0.0,0.0,0.0,0.0,0.0,0.0,0.0,0.0,0.0,0.0,0.0,0.0,0.0,0.0,0.0,0.0,0.0,0.0,0.0,0.0,2025-10-08 17:50:38
2997,5,Graham Gano,NYG,0.0,0.0,0.0,0.0,0.0,0.0,0.0,0.0,0.0,0.0,0.0,0.0,0.0,0.0,0.0,0.0,0.0,0.0,0.0,0.0,2025-10-08 17:50:38
2998,5,Lions D/ST,Lions D/ST,0.0,0.0,0.0,0.0,0.0,0.0,0.0,0.0,0.0,0.0,0.0,0.0,3.4,1.0,0.6,0.2,0.1,18.7,310.8,9.1,2025-10-08 17:50:38
2999,5,Browns D/ST,Browns D/ST,0.0,0.0,0.0,0.0,0.0,0.0,0.0,0.0,0.0,0.0,0.0,0.0,3.7,1.0,0.6,0.2,0.0,19.6,296.8,8.7,2025-10-08 17:50:38
3000,5,Vikings D/ST,Vikings D/ST,0.0,0.0,0.0,0.0,0.0,0.0,0.0,0.0,0.0,0.0,0.0,0.0,3.3,0.9,0.7,0.2,0.0,17.2,292.6,8.5,2025-10-08 17:50:38
3001,5,Cardinals D/ST,Cardinals D/ST,0.0,0.0,0.0,0.0,0.0,0.0,0.0,0.0,0.0,0.0,0.0,0.0,3.1,0.7,0.6,0.2,0.0,16.1,280.1,7.7,2025-10-08 17:50:38
3002,5,Rams D/ST,Rams D/ST,0.0,0.0,0.0,0.0,0.0,0.0,0.0,0.0,0.0,0.0,0.0,0.0,2.6,0.8,0.6,0.2,0.0,18.6,324.6,7.6,2025-10-08 17:50:38
3003,5,Bills D/ST,Bills D/ST,0.0,0.0,0.0,0.0,0.0,0.0,0.0,0.0,0.0,0.0,0.0,0.0,3.3,0.7,0.8,0.2,0.0,20.7,318.7,7.3,2025-10-08 17:50:38
3004,5,Colts D/ST,Colts D/ST,0.0,0.0,0.0,0.0,0.0,0.0,0.0,0.0,0.0,0.0,0.0,0.0,3.0,1.0,0.5,0.2,0.0,20.0,330.6,7.0,2025-10-08 17:50:38
3005,5,Eagles D/ST,Eagles D/ST,0.0,0.0,0.0,0.0,0.0,0.0,0.0,0.0,0.0,0.0,0.0,0.0,1.8,0.8,0.6,0.2,0.0,19.7,326.0,6.7,2025-10-08 17:50:38
3006,5,Texans D/ST,Texans D/ST,0.0,0.0,0.0,0.0,0.0,0.0,0.0,0.0,0.0,0.0,0.0,0.0,2.3,0.6,0.5,0.1,0.0,19.8,313.3,6.4,2025-10-08 17:50:38
3007,5,Saints D/ST,Saints D/ST,0.0,0.0,0.0,0.0,0.0,0.0,0.0,0.0,0.0,0.0,0.0,0.0,3.1,0.7,0.5,0.1,0.0,20.3,323.4,6.3,2025-10-08 17:50:38
3008,5,Buccaneers D/ST,Buccaneers D/ST,0.0,0.0,0.0,0.0,0.0,0.0,0.0,0.0,0.0,0.0,0.0,0.0,2.8,0.8,0.6,0.1,0.0,23.0,320.1,6.3,2025-10-08 17:50:38
3009,5,Seahawks D/ST,Seahawks D/ST,0.0,0.0,0.0,0.0,0.0,0.0,0.0,0.0,0.0,0.0,0.0,0.0,2.6,0.8,0.5,0.2,0.1,20.9,330.8,6.3,2025-10-08 17:50:38
3010,5,Cowboys D/ST,Cowboys D/ST,0.0,0.0,0.0,0.0,0.0,0.0,0.0,0.0,0.0,0.0,0.0,0.0,2.7,0.6,0.7,0.2,0.0,23.9,327.6,6.3,2025-10-08 17:50:38
3011,5,Giants D/ST,Giants D/ST,0.0,0.0,0.0,0.0,0.0,0.0,0.0,0.0,0.0,0.0,0.0,0.0,2.7,0.7,0.5,0.2,0.0,20.9,318.3,6.1,2025-10-08 17:50:38
3012,5,Chargers D/ST,Chargers D/ST,0.0,0.0,0.0,0.0,0.0,0.0,0.0,0.0,0.0,0.0,0.0,0.0,3.1,0.6,0.5,0.1,0.0,22.5,337.6,6.1,2025-10-08 17:50:38
3013,5,Broncos D/ST,Broncos D/ST,0.0,0.0,0.0,0.0,0.0,0.0,0.0,0.0,0.0,0.0,0.0,0.0,3.1,0.5,0.5,0.1,0.0,23.7,314.7,6.0,2025-10-08 17:50:38
3014,5,Dolphins D/ST,Dolphins D/ST,0.0,0.0,0.0,0.0,0.0,0.0,0.0,0.0,0.0,0.0,0.0,0.0,2.3,0.7,0.6,0.2,0.0,22.8,303.9,5.9,2025-10-08 17:50:38
3015,5,Commanders D/ST,Commanders D/ST,0.0,0.0,0.0,0.0,0.0,0.0,0.0,0.0,0.0,0.0,0.0,0.0,2.9,0.6,0.5,0.1,0.0,26.2,359.5,5.7,2025-10-08 17:50:38
3016,5,Jets D/ST,Jets D/ST,0.0,0.0,0.0,0.0,0.0,0.0,0.0,0.0,0.0,0.0,0.0,0.0,2.2,0.7,0.6,0.2,0.0,24.4,345.0,5.7,2025-10-08 17:50:38
3017,5,Chiefs D/ST,Chiefs D/ST,0.0,0.0,0.0,0.0,0.0,0.0,0.0,0.0,0.0,0.0,0.0,0.0,2.0,0.8,0.5,0.2,0.0,20.7,322.6,5.7,2025-10-08 17:50:38
3018,5,Ravens D/ST,Ravens D/ST,0.0,0.0,0.0,0.0,0.0,0.0,0.0,0.0,0.0,0.0,0.0,0.0,2.6,0.6,0.5,0.1,0.0,21.1,331.3,5.6,2025-10-08 17:50:38
3019,5,Panthers D/ST,Panthers D/ST,0.0,0.0,0.0,0.0,0.0,0.0,0.0,0.0,0.0,0.0,0.0,0.0,2.0,0.8,0.5,0.1,0.0,23.0,356.5,5.4,2025-10-08 17:50:38
3020,5,Jaguars D/ST,Jaguars D/ST,0.0,0.0,0.0,0.0,0.0,0.0,0.0,0.0,0.0,0.0,0.0,0.0,2.1,0.7,0.5,0.1,0.0,23.2,336.0,5.4,2025-10-08 17:50:38
3021,5,Titans D/ST,Titans D/ST,0.0,0.0,0.0,0.0,0.0,0.0,0.0,0.0,0.0,0.0,0.0,0.0,2.1,0.7,0.5,0.1,0.0,24.8,342.4,5.0,2025-10-08 17:50:38
3022,5,Raiders D/ST,Raiders D/ST,0.0,0.0,0.0,0.0,0.0,0.0,0.0,0.0,0.0,0.0,0.0,0.0,2.2,0.6,0.5,0.1,0.0,27.6,352.6,5.0,2025-10-08 17:50:38
3023,5,49ers D/ST,49ers D/ST,0.0,0.0,0.0,0.0,0.0,0.0,0.0,0.0,0.0,0.0,0.0,0.0,2.0,0.6,0.5,0.1,0.0,25.6,345.1,4.9,2025-10-08 17:50:38
3024,5,Bengals D/ST,Bengals D/ST,0.0,0.0,0.0,0.0,0.0,0.0,0.0,0.0,0.0,0.0,0.0,0.0,1.8,0.6,0.4,0.1,0.0,30.5,390.2,4.3,2025-10-08 17:50:38
3025,5,Patriots D/ST,Patriots D/ST,0.0,0.0,0.0,0.0,0.0,0.0,0.0,0.0,0.0,0.0,0.0,0.0,1.7,0.6,0.3,0.1,0.0,29.8,376.3,4.3,2025-10-08 17:50:38
3026,6,Josh Allen,BUF,31.5,20.9,236.1,1.8,0.5,7.2,37.6,0.6,0.0,0.0,0.0,0.2,0.0,0.0,0.0,0.0,0.0,0.0,0.0,23.0,2025-10-08 17:50:39
3027,6,Jayden Daniels,WAS,30.7,20.6,225.0,1.6,0.5,8.4,48.7,0.3,0.0,0.0,0.0,0.1,0.0,0.0,0.0,0.0,0.0,0.0,0.0,21.5,2025-10-08 17:50:39
3028,6,Jalen Hurts,PHI,27.7,18.7,202.7,1.4,0.4,9.0,41.1,0.8,0.0,0.0,0.0,0.2,0.0,0.0,0.0,0.0,0.0,0.0,0.0,21.3,2025-10-08 17:50:39
3029,6,Patrick Mahomes,KC,36.5,23.9,251.7,1.7,0.6,4.9,27.6,0.3,0.0,0.0,0.0,0.2,0.0,0.0,0.0,0.0,0.0,0.0,0.0,20.1,2025-10-08 17:50:39
3030,6,Brock Purdy,SF,34.6,23.5,284.0,1.7,0.8,3.4,14.4,0.2,0.0,0.0,0.0,0.2,0.0,0.0,0.0,0.0,0.0,0.0,0.0,19.5,2025-10-08 17:50:39
3031,6,Justin Herbert,LAC,33.0,22.4,253.9,1.7,0.5,4.6,23.1,0.1,0.0,0.0,0.0,0.2,0.0,0.0,0.0,0.0,0.0,0.0,0.0,19.3,2025-10-08 17:50:39
3032,6,Dak Prescott,DAL,36.7,24.7,261.2,2.0,0.7,2.3,10.3,0.1,0.0,0.0,0.0,0.2,0.0,0.0,0.0,0.0,0.0,0.0,0.0,19.2,2025-10-08 17:50:39
3033,6,Baker Mayfield,TB,33.0,22.5,240.2,2.0,0.7,4.4,20.7,0.1,0.0,0.0,0.0,0.2,0.0,0.0,0.0,0.0,0.0,0.0,0.0,19.1,2025-10-08 17:50:39
3034,6,Jordan Love,GB,30.5,20.2,244.2,2.0,0.6,3.6,14.2,0.1,0.0,0.0,0.0,0.2,0.0,0.0,0.0,0.0,0.0,0.0,0.0,19.0,2025-10-08 17:50:39
3035,6,Drake Maye,NE,30.8,21.4,230.2,1.5,0.6,5.8,30.9,0.3,0.0,0.0,0.0,0.2,0.0,0.0,0.0,0.0,0.0,0.0,0.0,18.8,2025-10-08 17:50:39
3036,6,Bo Nix,DEN,33.7,21.8,222.5,1.7,0.7,5.4,23.7,0.2,0.0,0.0,0.0,0.2,0.0,0.0,0.0,0.0,0.0,0.0,0.0,18.2,2025-10-08 17:50:39
3037,6,Caleb Williams,CHI,33.2,21.1,230.3,1.5,0.6,5.3,28.6,0.2,0.0,0.0,0.0,0.2,0.0,0.0,0.0,0.0,0.0,0.0,0.0,18.2,2025-10-08 17:50:39
3038,6,Kyler Murray,ARI,33.2,22.5,221.5,1.3,0.7,5.8,34.0,0.3,0.0,0.0,0.0,0.2,0.0,0.0,0.0,0.0,0.0,0.0,0.0,17.7,2025-10-08 17:50:39
3039,6,Daniel Jones,IND,31.0,19.9,222.2,1.3,0.6,4.8,23.4,0.4,0.0,0.0,0.0,0.3,0.0,0.0,0.0,0.0,0.0,0.0,0.0,17.6,2025-10-08 17:50:39
3040,6,Justin Fields,NYJ,29.9,19.3,196.5,1.0,0.6,8.2,44.6,0.4,0.0,0.0,0.0,0.3,0.0,0.0,0.0,0.0,0.0,0.0,0.0,17.5,2025-10-08 17:50:39
3041,6,Matthew Stafford,LAR,34.0,22.6,256.5,1.9,0.5,1.3,3.3,0.0,0.0,0.0,0.0,0.2,0.0,0.0,0.0,0.0,0.0,0.0,0.0,17.5,2025-10-08 17:50:39
3042,6,Jared Goff,DET,31.9,23.1,252.3,1.8,0.5,1.7,4.1,0.0,0.0,0.0,0.0,0.2,0.0,0.0,0.0,0.0,0.0,0.0,0.0,17.1,2025-10-08 17:50:39
3043,6,Trevor Lawrence,JAC,32.6,20.6,228.4,1.4,0.8,3.6,15.1,0.3,0.0,0.0,0.0,0.3,0.0,0.0,0.0,0.0,0.0,0.0,0.0,16.4,2025-10-08 17:50:39
3044,6,Bryce Young,CAR,32.4,20.5,208.8,1.6,0.7,2.4,14.5,0.2,0.0,0.0,0.0,0.2,0.0,0.0,0.0,0.0,0.0,0.0,0.0,16.2,2025-10-08 17:50:39
3045,6,Geno Smith,LV,32.6,22.3,232.9,1.5,0.9,3.4,14.9,0.1,0.0,0.0,0.0,0.2,0.0,0.0,0.0,0.0,0.0,0.0,0.0,16.1,2025-10-08 17:50:39
3046,6,Sam Darnold,SEA,31.6,21.7,250.7,1.6,0.8,1.8,7.8,0.0,0.0,0.0,0.0,0.2,0.0,0.0,0.0,0.0,0.0,0.0,0.0,16.1,2025-10-08 17:50:39
3047,6,Jaxson Dart,NYG,30.4,18.9,193.0,1.0,0.8,7.2,34.6,0.2,0.0,0.0,0.0,0.3,0.0,0.0,0.0,0.0,0.0,0.0,0.0,15.0,2025-10-08 17:50:39
3048,6,Michael Penix Jr.,ATL,32.5,20.2,235.1,1.2,0.8,2.9,11.0,0.1,0.0,0.0,0.0,0.1,0.0,0.0,0.0,0.0,0.0,0.0,0.0,15.0,2025-10-08 17:50:39
3049,6,Tua Tagovailoa,MIA,32.9,22.6,228.5,1.6,0.8,1.7,5.8,0.0,0.0,0.0,0.0,0.2,0.0,0.0,0.0,0.0,0.0,0.0,0.0,14.9,2025-10-08 17:50:39
3050,6,Spencer Rattler,NO,33.0,20.8,204.4,1.2,0.7,3.9,20.5,0.1,0.0,0.0,0.0,0.2,0.0,0.0,0.0,0.0,0.0,0.0,0.0,14.5,2025-10-08 17:50:39
3051,6,Aaron Rodgers,PIT,29.7,18.9,202.2,1.5,0.5,1.9,6.8,0.0,0.0,0.0,0.0,0.1,0.0,0.0,0.0,0.0,0.0,0.0,0.0,14.2,2025-10-08 17:50:39
3052,6,Dillon Gabriel,CLE,32.4,20.3,215.6,1.0,0.9,3.1,11.5,0.1,0.0,0.0,0.0,0.2,0.0,0.0,0.0,0.0,0.0,0.0,0.0,12.9,2025-10-08 17:50:39
3053,6,Joe Flacco,CIN,34.1,21.9,208.7,1.2,1.0,1.5,3.7,0.0,0.0,0.0,0.0,0.3,0.0,0.0,0.0,0.0,0.0,0.0,0.0,12.0,2025-10-08 17:50:39
3054,6,Cam Ward,TEN,30.9,18.2,190.7,1.0,0.6,3.0,12.1,0.1,0.0,0.0,0.0,0.3,0.0,0.0,0.0,0.0,0.0,0.0,0.0,12.0,2025-10-08 17:50:39
3055,6,Lamar Jackson,BAL,7.4,5.0,116.8,1.0,0.3,1.7,24.5,0.1,0.0,0.0,0.0,0.1,0.0,0.0,0.0,0.0,0.0,0.0,0.0,11.0,2025-10-08 17:50:39
3056,6,Cooper Rush,BAL,27.0,17.3,184.2,1.0,0.7,1.6,2.9,0.0,0.0,0.0,0.0,0.2,0.0,0.0,0.0,0.0,0.0,0.0,0.0,10.5,2025-10-08 17:50:39
3057,6,Mac Jones,SF,11.5,7.3,82.7,0.5,0.2,0.8,2.0,0.0,0.0,0.0,0.0,0.0,0.0,0.0,0.0,0.0,0.0,0.0,0.0,5.3,2025-10-08 17:50:39
3058,6,Tyler Huntley,BAL,1.3,0.8,9.2,0.1,0.0,0.2,0.9,0.0,0.0,0.0,0.0,0.0,0.0,0.0,0.0,0.0,0.0,0.0,0.0,0.9,2025-10-08 17:50:39
3059,6,Jalen Milroe,SEA,0.4,0.3,2.9,0.0,0.0,0.9,4.3,0.1,0.0,0.0,0.0,0.1,0.0,0.0,0.0,0.0,0.0,0.0,0.0,0.8,2025-10-08 17:50:39
3060,6,Anthony Richardson Sr.,IND,0.6,0.4,4.7,0.0,0.0,0.5,2.4,0.0,0.0,0.0,0.0,0.0,0.0,0.0,0.0,0.0,0.0,0.0,0.0,0.8,2025-10-08 17:50:39
3061,6,Shedeur Sanders,CLE,1.9,1.2,11.8,0.1,0.1,0.2,0.8,0.0,0.0,0.0,0.0,0.0,0.0,0.0,0.0,0.0,0.0,0.0,0.0,0.7,2025-10-08 17:50:39
3062,6,Will Howard,PIT,0.8,0.5,5.6,0.1,0.0,0.1,0.4,0.0,0.0,0.0,0.0,0.0,0.0,0.0,0.0,0.0,0.0,0.0,0.0,0.7,2025-10-08 17:50:39
3063,6,Joe Milton III,DAL,0.8,0.6,5.6,0.1,0.0,0.2,0.5,0.0,0.0,0.0,0.0,0.0,0.0,0.0,0.0,0.0,0.0,0.0,0.0,0.5,2025-10-08 17:50:39
3064,6,Malik Willis,GB,0.7,0.4,4.9,0.1,0.0,0.2,0.7,0.0,0.0,0.0,0.0,0.0,0.0,0.0,0.0,0.0,0.0,0.0,0.0,0.5,2025-10-08 17:50:39
3065,6,Marcus Mariota,WAS,0.6,0.4,4.6,0.1,0.0,0.2,0.8,0.0,0.0,0.0,0.0,0.0,0.0,0.0,0.0,0.0,0.0,0.0,0.0,0.5,2025-10-08 17:50:39
3066,6,Tyler Shough,NO,0.9,0.6,5.5,0.1,0.0,0.1,0.4,0.0,0.0,0.0,0.0,0.0,0.0,0.0,0.0,0.0,0.0,0.0,0.0,0.5,2025-10-08 17:50:39
3067,6,Drew Lock,SEA,0.7,0.5,5.1,0.1,0.0,0.2,0.6,0.0,0.0,0.0,0.0,0.0,0.0,0.0,0.0,0.0,0.0,0.0,0.0,0.5,2025-10-08 17:50:39
3068,6,Mitchell Trubisky,BUF,0.7,0.4,4.6,0.1,0.0,0.2,0.8,0.0,0.0,0.0,0.0,0.0,0.0,0.0,0.0,0.0,0.0,0.0,0.0,0.5,2025-10-08 17:50:39
3069,6,Tyson Bagent,CHI,0.7,0.4,4.8,0.1,0.0,0.2,0.7,0.0,0.0,0.0,0.0,0.0,0.0,0.0,0.0,0.0,0.0,0.0,0.0,0.5,2025-10-08 17:50:39
3070,6,Gardner Minshew,KC,0.7,0.5,5.1,0.1,0.0,0.2,0.5,0.0,0.0,0.0,0.0,0.0,0.0,0.0,0.0,0.0,0.0,0.0,0.0,0.5,2025-10-08 17:50:39
3071,6,Jacoby Brissett,ARI,0.7,0.5,4.4,0.1,0.0,0.2,0.7,0.0,0.0,0.0,0.0,0.0,0.0,0.0,0.0,0.0,0.0,0.0,0.0,0.4,2025-10-08 17:50:39
3072,6,Zach Wilson,MIA,0.7,0.5,4.4,0.1,0.0,0.1,0.7,0.0,0.0,0.0,0.0,0.0,0.0,0.0,0.0,0.0,0.0,0.0,0.0,0.4,2025-10-08 17:50:39
3073,6,Kirk Cousins,ATL,0.7,0.4,4.6,0.1,0.0,0.2,0.6,0.0,0.0,0.0,0.0,0.0,0.0,0.0,0.0,0.0,0.0,0.0,0.0,0.4,2025-10-08 17:50:39
3074,6,Jimmy Garoppolo,LAR,0.7,0.5,5.4,0.1,0.0,0.1,0.3,0.0,0.0,0.0,0.0,0.0,0.0,0.0,0.0,0.0,0.0,0.0,0.0,0.4,2025-10-08 17:50:39
3075,6,Joshua Dobbs,NE,0.6,0.4,4.5,0.1,0.0,0.1,0.6,0.0,0.0,0.0,0.0,0.0,0.0,0.0,0.0,0.0,0.0,0.0,0.0,0.4,2025-10-08 17:50:39
3076,6,Nick Mullens,JAC,0.7,0.5,4.4,0.1,0.0,0.2,0.6,0.0,0.0,0.0,0.0,0.0,0.0,0.0,0.0,0.0,0.0,0.0,0.0,0.4,2025-10-08 17:50:39
3077,6,Andy Dalton,CAR,0.7,0.4,4.3,0.1,0.0,0.1,0.6,0.0,0.0,0.0,0.0,0.0,0.0,0.0,0.0,0.0,0.0,0.0,0.0,0.4,2025-10-08 17:50:39
3078,6,Jarrett Stidham,DEN,0.7,0.4,4.2,0.1,0.0,0.2,0.6,0.0,0.0,0.0,0.0,0.0,0.0,0.0,0.0,0.0,0.0,0.0,0.0,0.4,2025-10-08 17:50:39
3079,6,Kenny Pickett,LV,0.8,0.5,4.9,0.1,0.1,0.1,0.7,0.0,0.0,0.0,0.0,0.0,0.0,0.0,0.0,0.0,0.0,0.0,0.0,0.4,2025-10-08 17:50:39
3080,6,Mason Rudolph,PIT,0.6,0.4,3.8,0.1,0.0,0.1,0.5,0.0,0.0,0.0,0.0,0.0,0.0,0.0,0.0,0.0,0.0,0.0,0.0,0.4,2025-10-08 17:50:39
3081,6,Tanner McKee,PHI,0.5,0.4,3.6,0.1,0.0,0.2,0.3,0.0,0.0,0.0,0.0,0.0,0.0,0.0,0.0,0.0,0.0,0.0,0.0,0.4,2025-10-08 17:50:39
3082,6,Teddy Bridgewater,TB,0.5,0.4,3.1,0.1,0.0,0.2,0.2,0.0,0.0,0.0,0.0,0.0,0.0,0.0,0.0,0.0,0.0,0.0,0.0,0.3,2025-10-08 17:50:39
3083,6,Jake Browning,CIN,0.7,0.4,3.6,0.1,0.1,0.1,0.4,0.0,0.0,0.0,0.0,0.0,0.0,0.0,0.0,0.0,0.0,0.0,0.0,0.3,2025-10-08 17:50:39
3084,6,Trey Lance,LAC,0.7,0.4,4.8,0.0,0.0,0.1,0.6,0.0,0.0,0.0,0.0,0.0,0.0,0.0,0.0,0.0,0.0,0.0,0.0,0.2,2025-10-08 17:50:39
3085,6,Tyrod Taylor,NYJ,0.6,0.4,3.8,0.0,0.0,0.1,0.6,0.0,0.0,0.0,0.0,0.0,0.0,0.0,0.0,0.0,0.0,0.0,0.0,0.2,2025-10-08 17:50:39
3086,6,Jameis Winston,NYG,0.6,0.4,3.3,0.0,0.0,0.2,0.6,0.0,0.0,0.0,0.0,0.0,0.0,0.0,0.0,0.0,0.0,0.0,0.0,0.2,2025-10-08 17:50:39
3087,6,Russell Wilson,NYG,0.6,0.4,3.3,0.0,0.0,0.2,0.6,0.0,0.0,0.0,0.0,0.0,0.0,0.0,0.0,0.0,0.0,0.0,0.0,0.2,2025-10-08 17:50:39
3088,6,Brandon Allen,TEN,0.6,0.4,3.5,0.0,0.0,0.1,0.3,0.0,0.0,0.0,0.0,0.0,0.0,0.0,0.0,0.0,0.0,0.0,0.0,0.2,2025-10-08 17:50:39
3089,6,Kyle Allen,DET,0.3,0.2,2.3,0.0,0.0,0.1,0.1,0.0,0.0,0.0,0.0,0.0,0.0,0.0,0.0,0.0,0.0,0.0,0.0,0.1,2025-10-08 17:50:39
3090,6,Hendon Hooker,CAR,0.0,0.0,0.0,0.0,0.0,0.0,0.0,0.0,0.0,0.0,0.0,0.0,0.0,0.0,0.0,0.0,0.0,0.0,0.0,0.0,2025-10-08 17:50:39
3091,6,Aidan O'Connell,LV,0.0,0.0,0.0,0.0,0.0,0.0,0.0,0.0,0.0,0.0,0.0,0.0,0.0,0.0,0.0,0.0,0.0,0.0,0.0,0.0,2025-10-08 17:50:39
3092,6,Sam Howell,PHI,0.0,0.0,0.0,0.0,0.0,0.0,0.0,0.0,0.0,0.0,0.0,0.0,0.0,0.0,0.0,0.0,0.0,0.0,0.0,0.0,2025-10-08 17:50:39
3093,6,Case Keenum,CHI,0.0,0.0,0.0,0.0,0.0,0.0,0.0,0.0,0.0,0.0,0.0,0.0,0.0,0.0,0.0,0.0,0.0,0.0,0.0,0.0,2025-10-08 17:50:39
3094,6,Jonathan Taylor,IND,0.0,0.0,0.0,0.0,0.0,20.6,95.8,1.0,2.8,20.3,0.1,0.1,0.0,0.0,0.0,0.0,0.0,0.0,0.0,18.1,2025-10-08 17:50:39
3095,6,Christian McCaffrey,SF,0.0,0.0,0.0,0.0,0.0,16.1,66.2,0.4,6.2,58.2,0.4,0.1,0.0,0.0,0.0,0.0,0.0,0.0,0.0,16.9,2025-10-08 17:50:39
3096,6,Josh Jacobs,GB,0.0,0.0,0.0,0.0,0.0,20.1,81.5,0.9,2.4,20.6,0.1,0.1,0.0,0.0,0.0,0.0,0.0,0.0,0.0,15.9,2025-10-08 17:50:39
3097,6,Bijan Robinson,ATL,0.0,0.0,0.0,0.0,0.0,15.3,77.0,0.5,4.3,38.2,0.2,0.1,0.0,0.0,0.0,0.0,0.0,0.0,0.0,15.5,2025-10-08 17:50:39
3098,6,James Cook III,BUF,0.0,0.0,0.0,0.0,0.0,17.4,83.5,0.7,2.4,19.3,0.1,0.1,0.0,0.0,0.0,0.0,0.0,0.0,0.0,15.2,2025-10-08 17:50:39
3099,6,Saquon Barkley,PHI,0.0,0.0,0.0,0.0,0.0,16.9,88.4,0.6,2.6,18.8,0.1,0.1,0.0,0.0,0.0,0.0,0.0,0.0,0.0,15.1,2025-10-08 17:50:39
3100,6,Jahmyr Gibbs,DET,0.0,0.0,0.0,0.0,0.0,13.4,68.9,0.7,3.5,26.4,0.2,0.1,0.0,0.0,0.0,0.0,0.0,0.0,0.0,14.3,2025-10-08 17:50:39
3101,6,De'Von Achane,MIA,0.0,0.0,0.0,0.0,0.0,14.0,67.9,0.4,4.9,33.9,0.3,0.1,0.0,0.0,0.0,0.0,0.0,0.0,0.0,14.3,2025-10-08 17:50:39
3102,6,Kyren Williams,LAR,0.0,0.0,0.0,0.0,0.0,17.5,75.5,0.7,2.4,16.9,0.2,0.2,0.0,0.0,0.0,0.0,0.0,0.0,0.0,14.0,2025-10-08 17:50:39
3103,6,Javonte Williams,DAL,0.0,0.0,0.0,0.0,0.0,17.8,78.2,0.7,2.7,16.1,0.1,0.1,0.0,0.0,0.0,0.0,0.0,0.0,0.0,13.8,2025-10-08 17:50:39
3104,6,Ashton Jeanty,LV,0.0,0.0,0.0,0.0,0.0,18.1,81.0,0.6,2.3,16.7,0.2,0.1,0.0,0.0,0.0,0.0,0.0,0.0,0.0,13.8,2025-10-08 17:50:39
3105,6,Derrick Henry,BAL,0.0,0.0,0.0,0.0,0.0,16.0,78.7,0.7,1.1,9.9,0.0,0.1,0.0,0.0,0.0,0.0,0.0,0.0,0.0,12.7,2025-10-08 17:50:39
3106,6,Quinshon Judkins,CLE,0.0,0.0,0.0,0.0,0.0,18.3,78.6,0.5,2.2,17.6,0.1,0.1,0.0,0.0,0.0,0.0,0.0,0.0,0.0,12.4,2025-10-08 17:50:39
3107,6,Breece Hall,NYJ,0.0,0.0,0.0,0.0,0.0,15.8,68.8,0.3,3.4,26.8,0.1,0.1,0.0,0.0,0.0,0.0,0.0,0.0,0.0,12.0,2025-10-08 17:50:39
3108,6,J.K. Dobbins,DEN,0.0,0.0,0.0,0.0,0.0,15.1,69.7,0.6,1.4,8.0,0.0,0.1,0.0,0.0,0.0,0.0,0.0,0.0,0.0,11.7,2025-10-08 17:50:39
3109,6,Travis Etienne Jr.,JAC,0.0,0.0,0.0,0.0,0.0,16.4,67.1,0.5,2.3,16.0,0.1,0.1,0.0,0.0,0.0,0.0,0.0,0.0,0.0,11.4,2025-10-08 17:50:39
3110,6,Kenneth Walker III,SEA,0.0,0.0,0.0,0.0,0.0,14.1,61.8,0.5,2.1,16.7,0.1,0.1,0.0,0.0,0.0,0.0,0.0,0.0,0.0,11.2,2025-10-08 17:50:39
3111,6,Rico Dowdle,CAR,0.0,0.0,0.0,0.0,0.0,15.2,66.0,0.5,2.0,13.1,0.1,0.1,0.0,0.0,0.0,0.0,0.0,0.0,0.0,11.1,2025-10-08 17:50:39
3112,6,Rachaad White,TB,0.0,0.0,0.0,0.0,0.0,14.2,54.3,0.5,3.2,21.3,0.2,0.1,0.0,0.0,0.0,0.0,0.0,0.0,0.0,11.1,2025-10-08 17:50:39
3113,6,Jacory Croskey-Merritt,WAS,0.0,0.0,0.0,0.0,0.0,12.2,60.4,0.5,1.3,11.0,0.1,0.1,0.0,0.0,0.0,0.0,0.0,0.0,0.0,10.5,2025-10-08 17:50:39
3114,6,D'Andre Swift,CHI,0.0,0.0,0.0,0.0,0.0,13.9,57.8,0.4,2.8,20.4,0.1,0.1,0.0,0.0,0.0,0.0,0.0,0.0,0.0,10.3,2025-10-08 17:50:39
3115,6,Cam Skattebo,NYG,0.0,0.0,0.0,0.0,0.0,14.7,57.6,0.4,2.7,19.6,0.1,0.1,0.0,0.0,0.0,0.0,0.0,0.0,0.0,10.2,2025-10-08 17:50:39
3116,6,Jaylen Warren,PIT,0.0,0.0,0.0,0.0,0.0,13.3,53.9,0.3,2.8,22.9,0.1,0.1,0.0,0.0,0.0,0.0,0.0,0.0,0.0,10.1,2025-10-08 17:50:39
3117,6,Tony Pollard,TEN,0.0,0.0,0.0,0.0,0.0,15.6,63.0,0.4,1.8,11.4,0.0,0.1,0.0,0.0,0.0,0.0,0.0,0.0,0.0,9.6,2025-10-08 17:50:39
3118,6,David Montgomery,DET,0.0,0.0,0.0,0.0,0.0,11.7,50.7,0.5,1.4,11.5,0.0,0.1,0.0,0.0,0.0,0.0,0.0,0.0,0.0,9.5,2025-10-08 17:50:39
3119,6,Alvin Kamara,NO,0.0,0.0,0.0,0.0,0.0,13.5,52.6,0.2,3.5,21.9,0.1,0.1,0.0,0.0,0.0,0.0,0.0,0.0,0.0,9.3,2025-10-08 17:50:39
3120,6,Rhamondre Stevenson,NE,0.0,0.0,0.0,0.0,0.0,12.0,49.4,0.4,2.1,16.1,0.1,0.2,0.0,0.0,0.0,0.0,0.0,0.0,0.0,8.9,2025-10-08 17:50:39
3121,6,Michael Carter,ARI,0.0,0.0,0.0,0.0,0.0,12.3,51.1,0.3,2.3,13.9,0.1,0.1,0.0,0.0,0.0,0.0,0.0,0.0,0.0,8.8,2025-10-08 17:50:39
3122,6,Chase Brown,CIN,0.0,0.0,0.0,0.0,0.0,11.3,44.3,0.3,3.2,19.2,0.1,0.1,0.0,0.0,0.0,0.0,0.0,0.0,0.0,8.4,2025-10-08 17:50:39
3123,6,Hassan Haskins,LAC,0.0,0.0,0.0,0.0,0.0,12.1,47.2,0.4,1.2,9.0,0.1,0.1,0.0,0.0,0.0,0.0,0.0,0.0,0.0,8.1,2025-10-08 17:50:39
3124,6,TreVeyon Henderson,NE,0.0,0.0,0.0,0.0,0.0,8.7,37.2,0.3,2.4,19.0,0.1,0.1,0.0,0.0,0.0,0.0,0.0,0.0,0.0,7.8,2025-10-08 17:50:39
3125,6,Zach Charbonnet,SEA,0.0,0.0,0.0,0.0,0.0,10.2,42.1,0.4,1.3,9.4,0.0,0.0,0.0,0.0,0.0,0.0,0.0,0.0,0.0,7.7,2025-10-08 17:50:39
3126,6,Chuba Hubbard,CAR,0.0,0.0,0.0,0.0,0.0,7.7,40.1,0.3,1.7,10.9,0.1,0.0,0.0,0.0,0.0,0.0,0.0,0.0,0.0,7.3,2025-10-08 17:50:39
3127,6,Kenneth Gainwell,PIT,0.0,0.0,0.0,0.0,0.0,9.1,35.1,0.4,2.1,13.3,0.0,0.0,0.0,0.0,0.0,0.0,0.0,0.0,0.0,7.2,2025-10-08 17:50:39
3128,6,Isiah Pacheco,KC,0.0,0.0,0.0,0.0,0.0,9.3,37.8,0.2,1.8,12.5,0.1,0.1,0.0,0.0,0.0,0.0,0.0,0.0,0.0,6.7,2025-10-08 17:50:39
3129,6,Kareem Hunt,KC,0.0,0.0,0.0,0.0,0.0,9.0,32.5,0.4,1.2,8.3,0.0,0.0,0.0,0.0,0.0,0.0,0.0,0.0,0.0,6.5,2025-10-08 17:50:39
3130,6,Kimani Vidal,LAC,0.0,0.0,0.0,0.0,0.0,8.7,38.7,0.2,1.4,10.4,0.1,0.0,0.0,0.0,0.0,0.0,0.0,0.0,0.0,6.4,2025-10-08 17:50:39
3131,6,RJ Harvey,DEN,0.0,0.0,0.0,0.0,0.0,6.9,28.4,0.2,1.9,15.4,0.1,0.1,0.0,0.0,0.0,0.0,0.0,0.0,0.0,6.1,2025-10-08 17:50:39
3132,6,Tyler Allgeier,ATL,0.0,0.0,0.0,0.0,0.0,8.6,38.2,0.2,0.5,3.6,0.0,0.0,0.0,0.0,0.0,0.0,0.0,0.0,0.0,5.7,2025-10-08 17:50:39
3133,6,Blake Corum,LAR,0.0,0.0,0.0,0.0,0.0,7.7,31.5,0.2,0.6,4.7,0.0,0.0,0.0,0.0,0.0,0.0,0.0,0.0,0.0,5.1,2025-10-08 17:50:39
3134,6,Kendre Miller,NO,0.0,0.0,0.0,0.0,0.0,8.2,33.3,0.2,0.7,4.7,0.0,0.0,0.0,0.0,0.0,0.0,0.0,0.0,0.0,5.0,2025-10-08 17:50:39
3135,6,Bhayshul Tuten,JAC,0.0,0.0,0.0,0.0,0.0,6.2,25.8,0.2,1.0,8.5,0.0,0.1,0.0,0.0,0.0,0.0,0.0,0.0,0.0,4.9,2025-10-08 17:50:39
3136,6,Sean Tucker,TB,0.0,0.0,0.0,0.0,0.0,7.3,28.1,0.1,1.0,6.6,0.0,0.0,0.0,0.0,0.0,0.0,0.0,0.0,0.0,4.5,2025-10-08 17:50:39
3137,6,Tyjae Spears,TEN,0.0,0.0,0.0,0.0,0.0,5.4,22.6,0.2,1.4,10.1,0.0,0.0,0.0,0.0,0.0,0.0,0.0,0.0,0.0,4.4,2025-10-08 17:50:39
3138,6,Chris Rodriguez Jr.,WAS,0.0,0.0,0.0,0.0,0.0,6.3,29.1,0.2,0.2,1.6,0.0,0.0,0.0,0.0,0.0,0.0,0.0,0.0,0.0,4.3,2025-10-08 17:50:39
3139,6,Ollie Gordon II,MIA,0.0,0.0,0.0,0.0,0.0,5.7,23.9,0.2,0.8,5.7,0.0,0.0,0.0,0.0,0.0,0.0,0.0,0.0,0.0,4.2,2025-10-08 17:50:39
3140,6,Emari Demercado,ARI,0.0,0.0,0.0,0.0,0.0,3.6,21.8,0.1,1.7,11.4,0.1,0.1,0.0,0.0,0.0,0.0,0.0,0.0,0.0,4.2,2025-10-08 17:50:39
3141,6,Justice Hill,BAL,0.0,0.0,0.0,0.0,0.0,2.5,11.5,0.1,2.4,19.6,0.1,0.0,0.0,0.0,0.0,0.0,0.0,0.0,0.0,4.1,2025-10-08 17:50:39
3142,6,Isaiah Davis,NYJ,0.0,0.0,0.0,0.0,0.0,5.1,22.2,0.1,1.6,11.6,0.0,0.0,0.0,0.0,0.0,0.0,0.0,0.0,0.0,4.1,2025-10-08 17:50:39
3143,6,Kyle Monangai,CHI,0.0,0.0,0.0,0.0,0.0,5.6,23.6,0.2,0.7,6.0,0.0,0.1,0.0,0.0,0.0,0.0,0.0,0.0,0.0,4.0,2025-10-08 17:50:39
3144,6,Tyrone Tracy Jr.,NYG,0.0,0.0,0.0,0.0,0.0,5.5,24.2,0.1,1.3,9.3,0.0,0.0,0.0,0.0,0.0,0.0,0.0,0.0,0.0,4.0,2025-10-08 17:50:39
3145,6,Jeremy McNichols,WAS,0.0,0.0,0.0,0.0,0.0,3.0,19.0,0.2,1.2,8.0,0.0,0.1,0.0,0.0,0.0,0.0,0.0,0.0,0.0,3.9,2025-10-08 17:50:39
3146,6,Bucky Irving,TB,0.0,0.0,0.0,0.0,0.0,1.2,20.9,0.2,0.7,5.7,0.0,0.0,0.0,0.0,0.0,0.0,0.0,0.0,0.0,3.8,2025-10-08 17:50:39
3147,6,Miles Sanders,DAL,0.0,0.0,0.0,0.0,0.0,3.9,19.9,0.2,1.1,6.5,0.0,0.1,0.0,0.0,0.0,0.0,0.0,0.0,0.0,3.6,2025-10-08 17:50:39
3148,6,Raheem Mostert,LV,0.0,0.0,0.0,0.0,0.0,4.4,18.7,0.2,0.7,5.1,0.0,0.0,0.0,0.0,0.0,0.0,0.0,0.0,0.0,3.6,2025-10-08 17:50:39
3149,6,Brian Robinson Jr.,SF,0.0,0.0,0.0,0.0,0.0,5.5,19.9,0.2,0.4,4.2,0.0,0.0,0.0,0.0,0.0,0.0,0.0,0.0,0.0,3.4,2025-10-08 17:50:39
3150,6,Samaje Perine,CIN,0.0,0.0,0.0,0.0,0.0,4.3,17.5,0.1,1.1,7.8,0.0,0.1,0.0,0.0,0.0,0.0,0.0,0.0,0.0,3.1,2025-10-08 17:50:39
3151,6,Jerome Ford,CLE,0.0,0.0,0.0,0.0,0.0,2.7,11.6,0.0,1.9,12.4,0.1,0.0,0.0,0.0,0.0,0.0,0.0,0.0,0.0,3.0,2025-10-08 17:50:39
3152,6,Emanuel Wilson,GB,0.0,0.0,0.0,0.0,0.0,3.7,16.7,0.1,0.6,4.9,0.0,0.0,0.0,0.0,0.0,0.0,0.0,0.0,0.0,3.0,2025-10-08 17:50:39
3153,6,Ty Johnson,BUF,0.0,0.0,0.0,0.0,0.0,2.5,12.6,0.1,0.7,7.2,0.1,0.0,0.0,0.0,0.0,0.0,0.0,0.0,0.0,2.7,2025-10-08 17:50:39
3154,6,Trevor Etienne,CAR,0.0,0.0,0.0,0.0,0.0,3.9,14.4,0.1,0.7,4.8,0.0,0.1,0.0,0.0,0.0,0.0,0.0,0.0,0.0,2.6,2025-10-08 17:50:39
3155,6,Ray Davis,BUF,0.0,0.0,0.0,0.0,0.0,2.6,14.1,0.1,0.5,4.0,0.0,0.0,0.0,0.0,0.0,0.0,0.0,0.0,0.0,2.6,2025-10-08 17:50:39
3156,6,Zonovan Knight,ARI,0.0,0.0,0.0,0.0,0.0,3.2,14.0,0.1,0.7,5.3,0.0,0.0,0.0,0.0,0.0,0.0,0.0,0.0,0.0,2.5,2025-10-08 17:50:39
3157,6,Brashard Smith,KC,0.0,0.0,0.0,0.0,0.0,1.9,7.6,0.1,1.2,10.1,0.1,0.0,0.0,0.0,0.0,0.0,0.0,0.0,0.0,2.4,2025-10-08 17:50:39
3158,6,Jaydon Blue,DAL,0.0,0.0,0.0,0.0,0.0,3.6,12.9,0.1,0.5,3.9,0.0,0.0,0.0,0.0,0.0,0.0,0.0,0.0,0.0,2.3,2025-10-08 17:50:39
3159,6,Keaton Mitchell,BAL,0.0,0.0,0.0,0.0,0.0,3.1,12.8,0.1,0.4,3.4,0.0,0.0,0.0,0.0,0.0,0.0,0.0,0.0,0.0,2.0,2025-10-08 17:50:39
3160,6,Chris Brooks,GB,0.0,0.0,0.0,0.0,0.0,1.3,8.2,0.1,0.7,5.7,0.0,0.0,0.0,0.0,0.0,0.0,0.0,0.0,0.0,1.9,2025-10-08 17:50:39
3161,6,Kyle Juszczyk,SF,0.0,0.0,0.0,0.0,0.0,0.4,1.3,0.0,1.3,13.1,0.1,0.0,0.0,0.0,0.0,0.0,0.0,0.0,0.0,1.9,2025-10-08 17:50:39
3162,6,Tyler Badie,DEN,0.0,0.0,0.0,0.0,0.0,1.2,5.6,0.0,1.0,8.0,0.0,0.0,0.0,0.0,0.0,0.0,0.0,0.0,0.0,1.8,2025-10-08 17:50:39
3163,6,Will Shipley,PHI,0.0,0.0,0.0,0.0,0.0,1.9,10.7,0.1,0.5,3.4,0.0,0.0,0.0,0.0,0.0,0.0,0.0,0.0,0.0,1.8,2025-10-08 17:50:39
3164,6,Phil Mafah,DAL,0.0,0.0,0.0,0.0,0.0,1.9,9.2,0.1,0.2,1.7,0.0,0.0,0.0,0.0,0.0,0.0,0.0,0.0,0.0,1.7,2025-10-08 17:50:39
3165,6,Kaleb Johnson,PIT,0.0,0.0,0.0,0.0,0.0,2.6,9.5,0.1,0.2,2.3,0.0,0.0,0.0,0.0,0.0,0.0,0.0,0.0,0.0,1.7,2025-10-08 17:50:39
3166,6,DJ Giddens,IND,0.0,0.0,0.0,0.0,0.0,1.6,8.6,0.1,0.2,1.7,0.0,0.0,0.0,0.0,0.0,0.0,0.0,0.0,0.0,1.6,2025-10-08 17:50:39
3167,6,Dylan Sampson,CLE,0.0,0.0,0.0,0.0,0.0,1.3,4.7,0.0,1.0,7.4,0.0,0.0,0.0,0.0,0.0,0.0,0.0,0.0,0.0,1.6,2025-10-08 17:50:39
3168,6,MarShawn Lloyd,GB,0.0,0.0,0.0,0.0,0.0,1.8,7.8,0.1,0.3,2.7,0.0,0.0,0.0,0.0,0.0,0.0,0.0,0.0,0.0,1.5,2025-10-08 17:50:39
3169,6,LeQuint Allen Jr.,JAC,0.0,0.0,0.0,0.0,0.0,1.0,5.2,0.1,0.5,4.3,0.0,0.0,0.0,0.0,0.0,0.0,0.0,0.0,0.0,1.4,2025-10-08 17:50:39
3170,6,Devin Singletary,NYG,0.0,0.0,0.0,0.0,0.0,2.0,9.2,0.0,0.2,1.2,0.0,0.0,0.0,0.0,0.0,0.0,0.0,0.0,0.0,1.3,2025-10-08 17:50:39
3171,6,A.J. Dillon,PHI,0.0,0.0,0.0,0.0,0.0,2.0,8.1,0.0,0.1,0.8,0.0,0.0,0.0,0.0,0.0,0.0,0.0,0.0,0.0,1.1,2025-10-08 17:50:39
3172,6,Tahj Brooks,CIN,0.0,0.0,0.0,0.0,0.0,1.4,6.8,0.0,0.3,1.9,0.0,0.0,0.0,0.0,0.0,0.0,0.0,0.0,0.0,1.1,2025-10-08 17:50:39
3173,6,Craig Reynolds,DET,0.0,0.0,0.0,0.0,0.0,1.6,5.9,0.0,0.2,1.7,0.0,0.0,0.0,0.0,0.0,0.0,0.0,0.0,0.0,0.9,2025-10-08 17:50:39
3174,6,Andrew Beck,NYJ,0.0,0.0,0.0,0.0,0.0,0.1,0.0,0.0,0.5,3.5,0.1,0.0,0.0,0.0,0.0,0.0,0.0,0.0,0.0,0.9,2025-10-08 17:50:39
3175,6,Dylan Laube,LV,0.0,0.0,0.0,0.0,0.0,1.3,4.4,0.0,0.2,1.3,0.0,0.0,0.0,0.0,0.0,0.0,0.0,0.0,0.0,0.8,2025-10-08 17:50:39
3176,6,Isaac Guerendo,SF,0.0,0.0,0.0,0.0,0.0,1.2,4.5,0.0,0.1,1.2,0.0,0.0,0.0,0.0,0.0,0.0,0.0,0.0,0.0,0.8,2025-10-08 17:50:39
3177,6,Alec Ingold,MIA,0.0,0.0,0.0,0.0,0.0,0.2,0.3,0.1,0.6,4.0,0.0,0.0,0.0,0.0,0.0,0.0,0.0,0.0,0.0,0.8,2025-10-08 17:50:39
3178,6,Jordan James,SF,0.0,0.0,0.0,0.0,0.0,1.0,3.7,0.1,0.1,0.9,0.0,0.0,0.0,0.0,0.0,0.0,0.0,0.0,0.0,0.8,2025-10-08 17:50:39
3179,6,Tank Bigsby,PHI,0.0,0.0,0.0,0.0,0.0,1.1,4.5,0.0,0.0,0.2,0.0,0.0,0.0,0.0,0.0,0.0,0.0,0.0,0.0,0.7,2025-10-08 17:50:39
3180,6,Roschon Johnson,CHI,0.0,0.0,0.0,0.0,0.0,1.0,3.4,0.0,0.1,0.8,0.0,0.0,0.0,0.0,0.0,0.0,0.0,0.0,0.0,0.7,2025-10-08 17:50:39
3181,6,George Holani,SEA,0.0,0.0,0.0,0.0,0.0,0.9,3.7,0.0,0.2,1.4,0.0,0.0,0.0,0.0,0.0,0.0,0.0,0.0,0.0,0.7,2025-10-08 17:50:39
3182,6,Julius Chestnut,TEN,0.0,0.0,0.0,0.0,0.0,1.1,4.4,0.0,0.1,1.0,0.0,0.0,0.0,0.0,0.0,0.0,0.0,0.0,0.0,0.7,2025-10-08 17:50:39
3183,6,Jarquez Hunter,LAR,0.0,0.0,0.0,0.0,0.0,1.0,3.6,0.0,0.1,0.4,0.0,0.0,0.0,0.0,0.0,0.0,0.0,0.0,0.0,0.6,2025-10-08 17:50:39
3184,6,Devin Neal,NO,0.0,0.0,0.0,0.0,0.0,1.0,4.7,0.0,0.1,0.8,0.0,0.0,0.0,0.0,0.0,0.0,0.0,0.0,0.0,0.6,2025-10-08 17:50:39
3185,6,Rasheen Ali,BAL,0.0,0.0,0.0,0.0,0.0,1.1,4.7,0.0,0.1,0.8,0.0,0.0,0.0,0.0,0.0,0.0,0.0,0.0,0.0,0.6,2025-10-08 17:50:39
3186,6,Nathan Carter,ATL,0.0,0.0,0.0,0.0,0.0,1.2,4.9,0.0,0.0,0.0,0.0,0.0,0.0,0.0,0.0,0.0,0.0,0.0,0.0,0.6,2025-10-08 17:50:39
3187,6,Elijah Mitchell,KC,0.0,0.0,0.0,0.0,0.0,0.9,3.0,0.1,0.1,0.1,0.0,0.0,0.0,0.0,0.0,0.0,0.0,0.0,0.0,0.6,2025-10-08 17:50:39
3188,6,Tyler Goodson,IND,0.0,0.0,0.0,0.0,0.0,1.0,4.4,0.0,0.1,0.8,0.0,0.0,0.0,0.0,0.0,0.0,0.0,0.0,0.0,0.6,2025-10-08 17:50:39
3189,6,Zamir White,LV,0.0,0.0,0.0,0.0,0.0,0.9,4.0,0.0,0.1,0.5,0.0,0.0,0.0,0.0,0.0,0.0,0.0,0.0,0.0,0.5,2025-10-08 17:50:39
3190,6,Khalil Herbert,NYJ,0.0,0.0,0.0,0.0,0.0,0.9,4.2,0.0,0.1,0.4,0.0,0.0,0.0,0.0,0.0,0.0,0.0,0.0,0.0,0.5,2025-10-08 17:50:39
3191,6,Patrick Ricard,BAL,0.0,0.0,0.0,0.0,0.0,0.0,0.0,0.0,0.2,1.2,0.1,0.0,0.0,0.0,0.0,0.0,0.0,0.0,0.0,0.4,2025-10-08 17:50:39
3192,6,Hunter Luepke,DAL,0.0,0.0,0.0,0.0,0.0,0.3,1.0,0.0,0.3,2.0,0.0,0.0,0.0,0.0,0.0,0.0,0.0,0.0,0.0,0.4,2025-10-08 17:50:39
3193,6,Jaylen Wright,MIA,0.0,0.0,0.0,0.0,0.0,0.9,3.3,0.0,0.0,0.3,0.0,0.0,0.0,0.0,0.0,0.0,0.0,0.0,0.0,0.4,2025-10-08 17:50:39
3194,6,Adam Prentice,DEN,0.0,0.0,0.0,0.0,0.0,0.5,2.3,0.0,0.1,0.3,0.0,0.0,0.0,0.0,0.0,0.0,0.0,0.0,0.0,0.3,2025-10-08 17:50:39
3195,6,DeeJay Dallas,CAR,0.0,0.0,0.0,0.0,0.0,0.4,1.3,0.0,0.1,0.5,0.0,0.0,0.0,0.0,0.0,0.0,0.0,0.0,0.0,0.2,2025-10-08 17:50:39
3196,6,Scott Matlock,LAC,0.0,0.0,0.0,0.0,0.0,0.0,0.0,0.0,0.1,1.0,0.0,0.0,0.0,0.0,0.0,0.0,0.0,0.0,0.0,0.2,2025-10-08 17:50:39
3197,6,Sione Vaki,DET,0.0,0.0,0.0,0.0,0.0,0.0,0.2,0.0,0.1,0.9,0.0,0.0,0.0,0.0,0.0,0.0,0.0,0.0,0.0,0.1,2025-10-08 17:50:39
3198,6,Eric Gray,NYG,0.0,0.0,0.0,0.0,0.0,0.0,0.0,0.0,0.0,0.0,0.0,0.0,0.0,0.0,0.0,0.0,0.0,0.0,0.0,0.0,2025-10-08 17:50:39
3199,6,Michael Burton,DEN,0.0,0.0,0.0,0.0,0.0,0.0,0.0,0.0,0.0,0.0,0.0,0.0,0.0,0.0,0.0,0.0,0.0,0.0,0.0,0.0,2025-10-08 17:50:39
3200,6,Travis Homer,CHI,0.0,0.0,0.0,0.0,0.0,0.0,0.0,0.0,0.0,0.0,0.0,0.0,0.0,0.0,0.0,0.0,0.0,0.0,0.0,0.0,2025-10-08 17:50:39
3201,6,Clyde Edwards-Helaire,KC,0.0,0.0,0.0,0.0,0.0,0.0,0.0,0.0,0.0,0.0,0.0,0.0,0.0,0.0,0.0,0.0,0.0,0.0,0.0,0.0,2025-10-08 17:50:39
3202,6,Trey Sermon,PIT,0.0,0.0,0.0,0.0,0.0,0.0,0.0,0.0,0.0,0.0,0.0,0.0,0.0,0.0,0.0,0.0,0.0,0.0,0.0,0.0,2025-10-08 17:50:39
3203,6,Raheem Blackshear,PIT,0.0,0.0,0.0,0.0,0.0,0.0,0.0,0.0,0.0,0.0,0.0,0.0,0.0,0.0,0.0,0.0,0.0,0.0,0.0,0.0,2025-10-08 17:50:39
3204,6,Keilan Robinson,NYJ,0.0,0.0,0.0,0.0,0.0,0.0,0.0,0.0,0.0,0.0,0.0,0.0,0.0,0.0,0.0,0.0,0.0,0.0,0.0,0.0,2025-10-08 17:50:39
3205,6,Jashaun Corbin,NE,0.0,0.0,0.0,0.0,0.0,0.0,0.0,0.0,0.0,0.0,0.0,0.0,0.0,0.0,0.0,0.0,0.0,0.0,0.0,0.0,2025-10-08 17:50:39
3206,6,Deuce Vaughn,DEN,0.0,0.0,0.0,0.0,0.0,0.0,0.0,0.0,0.0,0.0,0.0,0.0,0.0,0.0,0.0,0.0,0.0,0.0,0.0,0.0,2025-10-08 17:50:39
3207,6,Audric Estime,PHI,0.0,0.0,0.0,0.0,0.0,0.0,0.0,0.0,0.0,0.0,0.0,0.0,0.0,0.0,0.0,0.0,0.0,0.0,0.0,0.0,2025-10-08 17:50:39
3208,6,Sincere McCormick,SF,0.0,0.0,0.0,0.0,0.0,0.0,0.0,0.0,0.0,0.0,0.0,0.0,0.0,0.0,0.0,0.0,0.0,0.0,0.0,0.0,2025-10-08 17:50:39
3209,6,Kene Nwangwu,NYJ,0.0,0.0,0.0,0.0,0.0,0.0,0.0,0.0,0.0,0.0,0.0,0.0,0.0,0.0,0.0,0.0,0.0,0.0,0.0,0.0,2025-10-08 17:50:39
3210,6,Avery Williams,NYJ,0.0,0.0,0.0,0.0,0.0,0.0,0.0,0.0,0.0,0.0,0.0,0.0,0.0,0.0,0.0,0.0,0.0,0.0,0.0,0.0,2025-10-08 17:50:39
3211,6,Pierre Strong Jr.,GB,0.0,0.0,0.0,0.0,0.0,0.0,0.0,0.0,0.0,0.0,0.0,0.0,0.0,0.0,0.0,0.0,0.0,0.0,0.0,0.0,2025-10-08 17:50:39
3212,6,Raheim Sanders,CLE,0.0,0.0,0.0,0.0,0.0,0.0,0.0,0.0,0.0,0.0,0.0,0.0,0.0,0.0,0.0,0.0,0.0,0.0,0.0,0.0,2025-10-08 17:50:39
3213,6,Carlos Washington Jr.,ATL,0.0,0.0,0.0,0.0,0.0,0.0,0.0,0.0,0.0,0.0,0.0,0.0,0.0,0.0,0.0,0.0,0.0,0.0,0.0,0.0,2025-10-08 17:50:39
3214,6,Jacob Saylors,DET,0.0,0.0,0.0,0.0,0.0,0.0,0.0,0.0,0.0,0.0,0.0,0.0,0.0,0.0,0.0,0.0,0.0,0.0,0.0,0.0,2025-10-08 17:50:39
3215,6,Jaleel McLaughlin,DEN,0.0,0.0,0.0,0.0,0.0,0.0,0.0,0.0,0.0,0.0,0.0,0.0,0.0,0.0,0.0,0.0,0.0,0.0,0.0,0.0,2025-10-08 17:50:39
3216,6,Carson Steele,KC,0.0,0.0,0.0,0.0,0.0,0.0,0.0,0.0,0.0,0.0,0.0,0.0,0.0,0.0,0.0,0.0,0.0,0.0,0.0,0.0,2025-10-08 17:50:39
3217,6,Terrell Jennings,NE,0.0,0.0,0.0,0.0,0.0,0.0,0.0,0.0,0.0,0.0,0.0,0.0,0.0,0.0,0.0,0.0,0.0,0.0,0.0,0.0,2025-10-08 17:50:39
3218,6,Josh Williams,TB,0.0,0.0,0.0,0.0,0.0,0.0,0.0,0.0,0.0,0.0,0.0,0.0,0.0,0.0,0.0,0.0,0.0,0.0,0.0,0.0,2025-10-08 17:50:39
3219,6,Robbie Ouzts,SEA,0.0,0.0,0.0,0.0,0.0,0.0,0.0,0.0,0.0,0.0,0.0,0.0,0.0,0.0,0.0,0.0,0.0,0.0,0.0,0.0,2025-10-08 17:50:39
3220,6,Puka Nacua,LAR,0.0,0.0,0.0,0.0,0.0,1.2,5.9,0.0,8.0,99.7,0.5,0.0,0.0,0.0,0.0,0.0,0.0,0.0,0.0,14.0,2025-10-08 17:50:39
3221,6,Amon-Ra St. Brown,DET,0.0,0.0,0.0,0.0,0.0,0.1,0.5,0.0,6.8,78.2,0.7,0.0,0.0,0.0,0.0,0.0,0.0,0.0,0.0,11.9,2025-10-08 17:50:39
3222,6,Jaxon Smith-Njigba,SEA,0.0,0.0,0.0,0.0,0.0,0.3,1.6,0.0,6.5,88.6,0.5,0.1,0.0,0.0,0.0,0.0,0.0,0.0,0.0,11.8,2025-10-08 17:50:39
3223,6,Emeka Egbuka,TB,0.0,0.0,0.0,0.0,0.0,0.1,0.9,0.0,5.3,74.8,0.7,0.1,0.0,0.0,0.0,0.0,0.0,0.0,0.0,11.5,2025-10-08 17:50:39
3224,6,George Pickens,DAL,0.0,0.0,0.0,0.0,0.0,0.0,0.3,0.0,4.8,72.2,0.6,0.0,0.0,0.0,0.0,0.0,0.0,0.0,0.0,10.8,2025-10-08 17:50:39
3225,6,Davante Adams,LAR,0.0,0.0,0.0,0.0,0.0,0.0,0.0,0.0,4.8,67.5,0.6,0.0,0.0,0.0,0.0,0.0,0.0,0.0,0.0,10.4,2025-10-08 17:50:39
3226,6,Deebo Samuel Sr.,WAS,0.0,0.0,0.0,0.0,0.0,1.5,9.2,0.1,4.8,59.4,0.5,0.0,0.0,0.0,0.0,0.0,0.0,0.0,0.0,10.2,2025-10-08 17:50:39
3227,6,Quentin Johnston,LAC,0.0,0.0,0.0,0.0,0.0,0.3,1.2,0.0,4.7,65.8,0.5,0.1,0.0,0.0,0.0,0.0,0.0,0.0,0.0,9.9,2025-10-08 17:50:39
3228,6,Ja'Marr Chase,CIN,0.0,0.0,0.0,0.0,0.0,0.2,0.7,0.0,6.0,70.7,0.4,0.1,0.0,0.0,0.0,0.0,0.0,0.0,0.0,9.7,2025-10-08 17:50:39
3229,6,Rome Odunze,CHI,0.0,0.0,0.0,0.0,0.0,0.0,0.2,0.0,4.5,66.8,0.5,0.0,0.0,0.0,0.0,0.0,0.0,0.0,0.0,9.6,2025-10-08 17:50:39
3230,6,Jaylen Waddle,MIA,0.0,0.0,0.0,0.0,0.0,0.1,0.4,0.0,5.6,72.1,0.4,0.0,0.0,0.0,0.0,0.0,0.0,0.0,0.0,9.6,2025-10-08 17:50:39
3231,6,Tetairoa McMillan,CAR,0.0,0.0,0.0,0.0,0.0,0.0,0.3,0.0,5.1,70.0,0.4,0.1,0.0,0.0,0.0,0.0,0.0,0.0,0.0,9.4,2025-10-08 17:50:39
3232,6,Courtland Sutton,DEN,0.0,0.0,0.0,0.0,0.0,0.0,0.0,0.0,4.7,64.4,0.5,0.1,0.0,0.0,0.0,0.0,0.0,0.0,0.0,9.3,2025-10-08 17:50:39
3233,6,DK Metcalf,PIT,0.0,0.0,0.0,0.0,0.0,0.0,0.0,0.0,4.1,61.2,0.5,0.0,0.0,0.0,0.0,0.0,0.0,0.0,0.0,9.1,2025-10-08 17:50:39
3234,6,Xavier Worthy,KC,0.0,0.0,0.0,0.0,0.0,1.4,7.7,0.1,4.5,57.1,0.4,0.0,0.0,0.0,0.0,0.0,0.0,0.0,0.0,9.0,2025-10-08 17:50:39
3235,6,A.J. Brown,PHI,0.0,0.0,0.0,0.0,0.0,0.0,0.0,0.0,4.6,65.9,0.4,0.0,0.0,0.0,0.0,0.0,0.0,0.0,0.0,9.0,2025-10-08 17:50:39
3236,6,Drake London,ATL,0.0,0.0,0.0,0.0,0.0,0.0,0.1,0.0,5.4,68.3,0.4,0.1,0.0,0.0,0.0,0.0,0.0,0.0,0.0,8.9,2025-10-08 17:50:39
3237,6,Garrett Wilson,NYJ,0.0,0.0,0.0,0.0,0.0,0.0,0.4,0.0,5.6,67.6,0.4,0.1,0.0,0.0,0.0,0.0,0.0,0.0,0.0,8.9,2025-10-08 17:50:39
3238,6,Keenan Allen,LAC,0.0,0.0,0.0,0.0,0.0,0.0,0.1,0.0,5.6,61.4,0.5,0.0,0.0,0.0,0.0,0.0,0.0,0.0,0.0,8.8,2025-10-08 17:50:39
3239,6,Marvin Harrison Jr.,ARI,0.0,0.0,0.0,0.0,0.0,0.0,0.1,0.0,4.5,63.2,0.4,0.0,0.0,0.0,0.0,0.0,0.0,0.0,0.0,8.7,2025-10-08 17:50:39
3240,6,Brian Thomas Jr.,JAC,0.0,0.0,0.0,0.0,0.0,0.2,0.9,0.0,4.5,63.6,0.4,0.0,0.0,0.0,0.0,0.0,0.0,0.0,0.0,8.7,2025-10-08 17:50:39
3241,6,Zay Flowers,BAL,0.0,0.0,0.0,0.0,0.0,0.4,2.1,0.0,5.0,64.5,0.3,0.0,0.0,0.0,0.0,0.0,0.0,0.0,0.0,8.5,2025-10-08 17:50:39
3242,6,Michael Pittman Jr.,IND,0.0,0.0,0.0,0.0,0.0,0.0,0.1,0.0,5.1,58.1,0.4,0.0,0.0,0.0,0.0,0.0,0.0,0.0,0.0,8.1,2025-10-08 17:50:39
3243,6,Jakobi Meyers,LV,0.0,0.0,0.0,0.0,0.0,0.0,0.5,0.0,5.1,59.5,0.3,0.0,0.0,0.0,0.0,0.0,0.0,0.0,0.0,8.1,2025-10-08 17:50:39
3244,6,Ladd McConkey,LAC,0.0,0.0,0.0,0.0,0.0,0.0,0.1,0.0,4.8,59.1,0.4,0.0,0.0,0.0,0.0,0.0,0.0,0.0,0.0,8.0,2025-10-08 17:50:39
3245,6,Stefon Diggs,NE,0.0,0.0,0.0,0.0,0.0,0.1,0.6,0.0,5.1,60.6,0.3,0.0,0.0,0.0,0.0,0.0,0.0,0.0,0.0,7.9,2025-10-08 17:50:39
3246,6,Ricky Pearsall,SF,0.0,0.0,0.0,0.0,0.0,0.3,1.5,0.0,4.0,61.1,0.3,0.0,0.0,0.0,0.0,0.0,0.0,0.0,0.0,7.9,2025-10-08 17:50:39
3247,6,Jameson Williams,DET,0.0,0.0,0.0,0.0,0.0,0.8,3.9,0.0,3.3,54.2,0.3,0.0,0.0,0.0,0.0,0.0,0.0,0.0,0.0,7.7,2025-10-08 17:50:39
3248,6,Chris Olave,NO,0.0,0.0,0.0,0.0,0.0,0.0,0.1,0.0,5.6,59.8,0.3,0.0,0.0,0.0,0.0,0.0,0.0,0.0,0.0,7.7,2025-10-08 17:50:39
3249,6,Chris Godwin Jr.,TB,0.0,0.0,0.0,0.0,0.0,0.1,0.4,0.0,4.5,53.7,0.4,0.0,0.0,0.0,0.0,0.0,0.0,0.0,0.0,7.6,2025-10-08 17:50:39
3250,6,Terry McLaurin,WAS,0.0,0.0,0.0,0.0,0.0,0.0,0.3,0.0,3.9,53.6,0.4,0.0,0.0,0.0,0.0,0.0,0.0,0.0,0.0,7.6,2025-10-08 17:50:39
3251,6,DeVonta Smith,PHI,0.0,0.0,0.0,0.0,0.0,0.0,0.1,0.0,4.7,55.0,0.4,0.0,0.0,0.0,0.0,0.0,0.0,0.0,0.0,7.6,2025-10-08 17:50:39
3252,6,Romeo Doubs,GB,0.0,0.0,0.0,0.0,0.0,0.0,0.0,0.0,3.5,46.4,0.5,0.0,0.0,0.0,0.0,0.0,0.0,0.0,0.0,7.5,2025-10-08 17:50:39
3253,6,Keon Coleman,BUF,0.0,0.0,0.0,0.0,0.0,0.0,0.1,0.0,3.6,50.7,0.4,0.1,0.0,0.0,0.0,0.0,0.0,0.0,0.0,7.3,2025-10-08 17:50:39
3254,6,Matthew Golden,GB,0.0,0.0,0.0,0.0,0.0,0.5,2.5,0.0,3.5,47.2,0.3,0.1,0.0,0.0,0.0,0.0,0.0,0.0,0.0,7.0,2025-10-08 17:50:39
3255,6,Khalil Shakir,BUF,0.0,0.0,0.0,0.0,0.0,0.1,0.4,0.0,4.5,50.3,0.3,0.0,0.0,0.0,0.0,0.0,0.0,0.0,0.0,6.9,2025-10-08 17:50:39
3256,6,Jauan Jennings,SF,0.0,0.0,0.0,0.0,0.0,0.0,0.1,0.0,3.6,51.2,0.3,0.0,0.0,0.0,0.0,0.0,0.0,0.0,0.0,6.9,2025-10-08 17:50:39
3257,6,Calvin Ridley,TEN,0.0,0.0,0.0,0.0,0.0,0.1,0.8,0.0,3.5,52.1,0.3,0.0,0.0,0.0,0.0,0.0,0.0,0.0,0.0,6.9,2025-10-08 17:50:39
3258,6,DJ Moore,CHI,0.0,0.0,0.0,0.0,0.0,0.7,3.8,0.0,3.9,47.6,0.3,0.1,0.0,0.0,0.0,0.0,0.0,0.0,0.0,6.8,2025-10-08 17:50:39
3259,6,Tre Tucker,LV,0.0,0.0,0.0,0.0,0.0,0.6,3.7,0.0,3.4,44.6,0.3,0.0,0.0,0.0,0.0,0.0,0.0,0.0,0.0,6.8,2025-10-08 17:50:39
3260,6,Tee Higgins,CIN,0.0,0.0,0.0,0.0,0.0,0.0,0.0,0.0,3.9,47.4,0.3,0.0,0.0,0.0,0.0,0.0,0.0,0.0,0.0,6.8,2025-10-08 17:50:39
3261,6,Cooper Kupp,SEA,0.0,0.0,0.0,0.0,0.0,0.0,0.2,0.0,4.0,49.5,0.3,0.0,0.0,0.0,0.0,0.0,0.0,0.0,0.0,6.6,2025-10-08 17:50:39
3262,6,Rashid Shaheed,NO,0.0,0.0,0.0,0.0,0.0,0.2,1.1,0.0,3.7,47.5,0.3,0.0,0.0,0.0,0.0,0.0,0.0,0.0,0.0,6.6,2025-10-08 17:50:39
3263,6,Kendrick Bourne,SF,0.0,0.0,0.0,0.0,0.0,0.1,0.2,0.0,3.7,49.8,0.2,0.0,0.0,0.0,0.0,0.0,0.0,0.0,0.0,6.4,2025-10-08 17:50:39
3264,6,Jerry Jeudy,CLE,0.0,0.0,0.0,0.0,0.0,0.0,0.1,0.0,3.8,54.3,0.2,0.0,0.0,0.0,0.0,0.0,0.0,0.0,0.0,6.4,2025-10-08 17:50:39
3265,6,Wan'Dale Robinson,NYG,0.0,0.0,0.0,0.0,0.0,0.1,1.1,0.0,5.0,45.9,0.2,0.0,0.0,0.0,0.0,0.0,0.0,0.0,0.0,6.1,2025-10-08 17:50:39
3266,6,Darnell Mooney,ATL,0.0,0.0,0.0,0.0,0.0,0.0,0.1,0.0,3.3,47.0,0.2,0.0,0.0,0.0,0.0,0.0,0.0,0.0,0.0,5.9,2025-10-08 17:50:39
3267,6,CeeDee Lamb,DAL,0.0,0.0,0.0,0.0,0.0,0.2,1.7,0.0,3.2,39.1,0.3,0.0,0.0,0.0,0.0,0.0,0.0,0.0,0.0,5.9,2025-10-08 17:50:39
3268,6,Troy Franklin,DEN,0.0,0.0,0.0,0.0,0.0,0.1,0.7,0.0,3.5,39.5,0.3,0.0,0.0,0.0,0.0,0.0,0.0,0.0,0.0,5.7,2025-10-08 17:50:39
3269,6,Elic Ayomanor,TEN,0.0,0.0,0.0,0.0,0.0,0.0,0.2,0.0,3.2,39.2,0.3,0.0,0.0,0.0,0.0,0.0,0.0,0.0,0.0,5.5,2025-10-08 17:50:39
3270,6,Malik Washington,MIA,0.0,0.0,0.0,0.0,0.0,1.8,10.4,0.1,3.2,30.4,0.2,0.0,0.0,0.0,0.0,0.0,0.0,0.0,0.0,5.5,2025-10-08 17:50:39
3271,6,Travis Hunter,JAC,0.0,0.0,0.0,0.0,0.0,0.0,0.6,0.0,3.5,41.0,0.2,0.1,0.0,0.0,0.0,0.0,0.0,0.0,0.0,5.4,2025-10-08 17:50:39
3272,6,Marquise Brown,KC,0.0,0.0,0.0,0.0,0.0,0.0,0.1,0.0,3.3,39.5,0.2,0.0,0.0,0.0,0.0,0.0,0.0,0.0,0.0,5.4,2025-10-08 17:50:39
3273,6,Alec Pierce,IND,0.0,0.0,0.0,0.0,0.0,0.0,0.0,0.0,2.3,40.1,0.2,0.0,0.0,0.0,0.0,0.0,0.0,0.0,0.0,5.3,2025-10-08 17:50:39
3274,6,Marvin Mims Jr.,DEN,0.0,0.0,0.0,0.0,0.0,0.4,2.1,0.0,2.5,31.9,0.3,0.1,0.0,0.0,0.0,0.0,0.0,0.0,0.0,5.0,2025-10-08 17:50:39
3275,6,KaVontae Turpin,DAL,0.0,0.0,0.0,0.0,0.0,1.4,7.5,0.0,2.0,26.6,0.2,0.0,0.0,0.0,0.0,0.0,0.0,0.0,0.0,4.9,2025-10-08 17:50:39
3276,6,Josh Downs,IND,0.0,0.0,0.0,0.0,0.0,0.0,0.2,0.0,3.6,38.6,0.2,0.0,0.0,0.0,0.0,0.0,0.0,0.0,0.0,4.9,2025-10-08 17:50:39
3277,6,Tyquan Thornton,KC,0.0,0.0,0.0,0.0,0.0,0.1,0.5,0.0,2.2,33.3,0.2,0.0,0.0,0.0,0.0,0.0,0.0,0.0,0.0,4.9,2025-10-08 17:50:39
3278,6,Kayshon Boutte,NE,0.0,0.0,0.0,0.0,0.0,0.1,0.3,0.0,2.4,34.8,0.2,0.0,0.0,0.0,0.0,0.0,0.0,0.0,0.0,4.8,2025-10-08 17:50:39
3279,6,Xavier Legette,CAR,0.0,0.0,0.0,0.0,0.0,0.4,1.6,0.0,2.7,28.6,0.3,0.0,0.0,0.0,0.0,0.0,0.0,0.0,0.0,4.7,2025-10-08 17:50:39
3280,6,Rashod Bateman,BAL,0.0,0.0,0.0,0.0,0.0,0.0,0.1,0.0,2.5,34.0,0.2,0.0,0.0,0.0,0.0,0.0,0.0,0.0,0.0,4.6,2025-10-08 17:50:39
3281,6,Tory Horton,SEA,0.0,0.0,0.0,0.0,0.0,0.0,0.5,0.0,2.3,32.3,0.2,0.0,0.0,0.0,0.0,0.0,0.0,0.0,0.0,4.6,2025-10-08 17:50:39
3282,6,Isaiah Bond,CLE,0.0,0.0,0.0,0.0,0.0,0.1,0.6,0.0,2.6,34.0,0.2,0.0,0.0,0.0,0.0,0.0,0.0,0.0,0.0,4.3,2025-10-08 17:50:39
3283,6,Joshua Palmer,BUF,0.0,0.0,0.0,0.0,0.0,0.0,0.0,0.0,2.2,31.0,0.2,0.0,0.0,0.0,0.0,0.0,0.0,0.0,0.0,4.2,2025-10-08 17:50:39
3284,6,Michael Wilson,ARI,0.0,0.0,0.0,0.0,0.0,0.0,0.1,0.0,2.5,29.3,0.2,0.0,0.0,0.0,0.0,0.0,0.0,0.0,0.0,4.2,2025-10-08 17:50:39
3285,6,Dontayvion Wicks,GB,0.0,0.0,0.0,0.0,0.0,0.0,0.1,0.0,2.0,27.8,0.2,0.0,0.0,0.0,0.0,0.0,0.0,0.0,0.0,4.1,2025-10-08 17:50:39
3286,6,Dyami Brown,JAC,0.0,0.0,0.0,0.0,0.0,0.4,1.7,0.0,2.3,28.7,0.2,0.0,0.0,0.0,0.0,0.0,0.0,0.0,0.0,4.1,2025-10-08 17:50:39
3287,6,Jalen Tolbert,DAL,0.0,0.0,0.0,0.0,0.0,0.0,0.0,0.0,2.1,25.3,0.2,0.0,0.0,0.0,0.0,0.0,0.0,0.0,0.0,4.0,2025-10-08 17:50:39
3288,6,Sterling Shepard,TB,0.0,0.0,0.0,0.0,0.0,0.3,1.6,0.0,2.3,24.9,0.2,0.0,0.0,0.0,0.0,0.0,0.0,0.0,0.0,4.0,2025-10-08 17:50:39
3289,6,Calvin Austin III,PIT,0.0,0.0,0.0,0.0,0.0,0.1,0.4,0.0,1.7,24.3,0.2,0.0,0.0,0.0,0.0,0.0,0.0,0.0,0.0,3.9,2025-10-08 17:50:39
3290,6,Ryan Flournoy,DAL,0.0,0.0,0.0,0.0,0.0,0.1,0.5,0.0,2.4,29.3,0.2,0.0,0.0,0.0,0.0,0.0,0.0,0.0,0.0,3.9,2025-10-08 17:50:39
3291,6,Olamide Zaccheaus,CHI,0.0,0.0,0.0,0.0,0.0,0.2,1.6,0.0,2.3,26.7,0.2,0.0,0.0,0.0,0.0,0.0,0.0,0.0,0.0,3.8,2025-10-08 17:50:39
3292,6,JuJu Smith-Schuster,KC,0.0,0.0,0.0,0.0,0.0,0.0,0.0,0.0,2.5,26.8,0.2,0.0,0.0,0.0,0.0,0.0,0.0,0.0,0.0,3.8,2025-10-08 17:50:39
3293,6,Jalin Hyatt,NYG,0.0,0.0,0.0,0.0,0.0,0.0,0.0,0.0,2.0,28.1,0.1,0.0,0.0,0.0,0.0,0.0,0.0,0.0,0.0,3.6,2025-10-08 17:50:39
3294,6,Christian Watson,GB,0.0,0.0,0.0,0.0,0.0,0.1,0.4,0.0,1.3,24.3,0.2,0.0,0.0,0.0,0.0,0.0,0.0,0.0,0.0,3.5,2025-10-08 17:50:39
3295,6,Dont'e Thornton Jr.,LV,0.0,0.0,0.0,0.0,0.0,0.0,0.1,0.0,2.0,25.9,0.1,0.0,0.0,0.0,0.0,0.0,0.0,0.0,0.0,3.5,2025-10-08 17:50:39
3296,6,Jalen Coker,CAR,0.0,0.0,0.0,0.0,0.0,0.0,0.1,0.0,1.8,23.4,0.2,0.0,0.0,0.0,0.0,0.0,0.0,0.0,0.0,3.4,2025-10-08 17:50:39
3297,6,Parker Washington,JAC,0.0,0.0,0.0,0.0,0.0,0.1,0.3,0.0,2.1,22.9,0.2,0.0,0.0,0.0,0.0,0.0,0.0,0.0,0.0,3.4,2025-10-08 17:50:39
3298,6,Luther Burden III,CHI,0.0,0.0,0.0,0.0,0.0,0.2,1.6,0.0,1.8,23.0,0.2,0.0,0.0,0.0,0.0,0.0,0.0,0.0,0.0,3.4,2025-10-08 17:50:39
3299,6,Noah Brown,WAS,0.0,0.0,0.0,0.0,0.0,0.0,0.0,0.0,1.7,23.4,0.1,0.0,0.0,0.0,0.0,0.0,0.0,0.0,0.0,3.1,2025-10-08 17:50:39
3300,6,Nick Westbrook-Ikhine,MIA,0.0,0.0,0.0,0.0,0.0,0.0,0.1,0.0,1.5,19.4,0.2,0.0,0.0,0.0,0.0,0.0,0.0,0.0,0.0,3.1,2025-10-08 17:50:39
3301,6,Andrei Iosivas,CIN,0.0,0.0,0.0,0.0,0.0,0.0,0.0,0.0,2.0,21.7,0.1,0.0,0.0,0.0,0.0,0.0,0.0,0.0,0.0,3.0,2025-10-08 17:50:39
3302,6,Demarcus Robinson,SF,0.0,0.0,0.0,0.0,0.0,0.0,0.3,0.0,1.3,20.8,0.2,0.0,0.0,0.0,0.0,0.0,0.0,0.0,0.0,3.0,2025-10-08 17:50:39
3303,6,Brandin Cooks,NO,0.0,0.0,0.0,0.0,0.0,0.1,0.3,0.0,1.9,20.4,0.2,0.0,0.0,0.0,0.0,0.0,0.0,0.0,0.0,3.0,2025-10-08 17:50:39
3304,6,Tutu Atwell,LAR,0.0,0.0,0.0,0.0,0.0,0.1,0.4,0.0,1.4,21.9,0.1,0.0,0.0,0.0,0.0,0.0,0.0,0.0,0.0,3.0,2025-10-08 17:50:39
3305,6,Ray-Ray McCloud III,ATL,0.0,0.0,0.0,0.0,0.0,0.2,1.9,0.0,2.0,22.2,0.1,0.0,0.0,0.0,0.0,0.0,0.0,0.0,0.0,2.9,2025-10-08 17:50:39
3306,6,DeMario Douglas,NE,0.0,0.0,0.0,0.0,0.0,0.2,1.2,0.0,1.9,19.4,0.1,0.0,0.0,0.0,0.0,0.0,0.0,0.0,0.0,2.9,2025-10-08 17:50:39
3307,6,Josh Reynolds,NYJ,0.0,0.0,0.0,0.0,0.0,0.0,0.0,0.0,1.6,21.0,0.1,0.0,0.0,0.0,0.0,0.0,0.0,0.0,0.0,2.8,2025-10-08 17:50:39
3308,6,Beaux Collins,NYG,0.0,0.0,0.0,0.0,0.0,0.0,0.2,0.0,1.9,21.7,0.1,0.0,0.0,0.0,0.0,0.0,0.0,0.0,0.0,2.8,2025-10-08 17:50:39
3309,6,Chimere Dike,TEN,0.0,0.0,0.0,0.0,0.0,1.0,4.2,0.0,1.5,15.5,0.1,0.0,0.0,0.0,0.0,0.0,0.0,0.0,0.0,2.7,2025-10-08 17:50:39
3310,6,Tez Johnson,TB,0.0,0.0,0.0,0.0,0.0,0.2,1.2,0.0,1.4,16.0,0.1,0.0,0.0,0.0,0.0,0.0,0.0,0.0,0.0,2.6,2025-10-08 17:50:39
3311,6,Jack Bech,LV,0.0,0.0,0.0,0.0,0.0,0.0,0.2,0.0,1.6,19.1,0.1,0.0,0.0,0.0,0.0,0.0,0.0,0.0,0.0,2.5,2025-10-08 17:50:39
3312,6,DeAndre Hopkins,BAL,0.0,0.0,0.0,0.0,0.0,0.0,0.1,0.0,1.3,16.6,0.1,0.0,0.0,0.0,0.0,0.0,0.0,0.0,0.0,2.5,2025-10-08 17:50:39
3313,6,Lil'Jordan Humphrey,NYG,0.0,0.0,0.0,0.0,0.0,0.0,0.0,0.0,1.6,18.5,0.1,0.0,0.0,0.0,0.0,0.0,0.0,0.0,0.0,2.5,2025-10-08 17:50:39
3314,6,Jordan Whittington,LAR,0.0,0.0,0.0,0.0,0.0,0.4,1.7,0.0,1.3,16.3,0.1,0.0,0.0,0.0,0.0,0.0,0.0,0.0,0.0,2.4,2025-10-08 17:50:39
3315,6,Greg Dortch,ARI,0.0,0.0,0.0,0.0,0.0,0.6,2.6,0.0,1.6,14.9,0.1,0.0,0.0,0.0,0.0,0.0,0.0,0.0,0.0,2.4,2025-10-08 17:50:39
3316,6,Mack Hollins,NE,0.0,0.0,0.0,0.0,0.0,0.0,0.0,0.0,1.3,15.4,0.1,0.0,0.0,0.0,0.0,0.0,0.0,0.0,0.0,2.4,2025-10-08 17:50:39
3317,6,Kalif Raymond,DET,0.0,0.0,0.0,0.0,0.0,0.1,0.4,0.0,1.4,17.4,0.1,0.0,0.0,0.0,0.0,0.0,0.0,0.0,0.0,2.3,2025-10-08 17:50:39
3318,6,Luke McCaffrey,WAS,0.0,0.0,0.0,0.0,0.0,0.0,0.1,0.0,1.1,14.6,0.1,0.0,0.0,0.0,0.0,0.0,0.0,0.0,0.0,2.2,2025-10-08 17:50:39
3319,6,Ben Skowronek,PIT,0.0,0.0,0.0,0.0,0.0,0.0,0.1,0.0,1.2,14.1,0.1,0.0,0.0,0.0,0.0,0.0,0.0,0.0,0.0,2.2,2025-10-08 17:50:39
3320,6,Hunter Renfrow,CAR,0.0,0.0,0.0,0.0,0.0,0.0,0.0,0.0,1.5,13.2,0.1,0.0,0.0,0.0,0.0,0.0,0.0,0.0,0.0,2.1,2025-10-08 17:50:39
3321,6,Isaac TeSlaa,DET,0.0,0.0,0.0,0.0,0.0,0.0,0.1,0.0,1.2,14.2,0.1,0.0,0.0,0.0,0.0,0.0,0.0,0.0,0.0,2.1,2025-10-08 17:50:39
3322,6,Roman Wilson,PIT,0.0,0.0,0.0,0.0,0.0,0.0,0.0,0.0,1.2,14.8,0.1,0.0,0.0,0.0,0.0,0.0,0.0,0.0,0.0,2.1,2025-10-08 17:50:39
3323,6,Tyler Lockett,TEN,0.0,0.0,0.0,0.0,0.0,0.0,0.0,0.0,1.4,15.6,0.1,0.0,0.0,0.0,0.0,0.0,0.0,0.0,0.0,2.1,2025-10-08 17:50:39
3324,6,Jamari Thrash,CLE,0.0,0.0,0.0,0.0,0.0,0.0,0.2,0.0,1.5,16.3,0.1,0.0,0.0,0.0,0.0,0.0,0.0,0.0,0.0,2.1,2025-10-08 17:50:39
3325,6,Jahan Dotson,PHI,0.0,0.0,0.0,0.0,0.0,0.0,0.2,0.0,1.2,15.0,0.1,0.0,0.0,0.0,0.0,0.0,0.0,0.0,0.0,2.1,2025-10-08 17:50:39
3326,6,Adonai Mitchell,IND,0.0,0.0,0.0,0.0,0.0,0.0,0.2,0.0,1.1,16.9,0.1,0.1,0.0,0.0,0.0,0.0,0.0,0.0,0.0,2.0,2025-10-08 17:50:39
3327,6,Zay Jones,ARI,0.0,0.0,0.0,0.0,0.0,0.0,0.2,0.0,1.6,15.2,0.1,0.0,0.0,0.0,0.0,0.0,0.0,0.0,0.0,2.0,2025-10-08 17:50:39
3328,6,Jaylin Lane,WAS,0.0,0.0,0.0,0.0,0.0,0.0,0.0,0.0,1.2,13.9,0.1,0.0,0.0,0.0,0.0,0.0,0.0,0.0,0.0,2.0,2025-10-08 17:50:39
3329,6,Curtis Samuel,BUF,0.0,0.0,0.0,0.0,0.0,0.2,1.2,0.0,1.3,12.6,0.1,0.0,0.0,0.0,0.0,0.0,0.0,0.0,0.0,2.0,2025-10-08 17:50:39
3330,6,Malik Heath,GB,0.0,0.0,0.0,0.0,0.0,0.0,0.1,0.0,1.0,13.7,0.1,0.0,0.0,0.0,0.0,0.0,0.0,0.0,0.0,2.0,2025-10-08 17:50:39
3331,6,Jimmy Horn Jr.,CAR,0.0,0.0,0.0,0.0,0.0,0.1,0.5,0.0,1.1,12.5,0.1,0.0,0.0,0.0,0.0,0.0,0.0,0.0,0.0,2.0,2025-10-08 17:50:39
3332,6,Cedrick Wilson Jr.,MIA,0.0,0.0,0.0,0.0,0.0,0.0,0.0,0.0,1.1,12.8,0.1,0.0,0.0,0.0,0.0,0.0,0.0,0.0,0.0,1.9,2025-10-08 17:50:39
3333,6,Kyle Williams,NE,0.0,0.0,0.0,0.0,0.0,0.2,0.8,0.0,1.1,13.6,0.1,0.0,0.0,0.0,0.0,0.0,0.0,0.0,0.0,1.8,2025-10-08 17:50:39
3334,6,Scotty Miller,PIT,0.0,0.0,0.0,0.0,0.0,0.0,0.0,0.0,1.1,13.1,0.1,0.0,0.0,0.0,0.0,0.0,0.0,0.0,0.0,1.8,2025-10-08 17:50:39
3335,6,Savion Williams,GB,0.0,0.0,0.0,0.0,0.0,0.6,3.0,0.0,0.7,8.2,0.1,0.0,0.0,0.0,0.0,0.0,0.0,0.0,0.0,1.7,2025-10-08 17:50:39
3336,6,Elijah Moore,BUF,0.0,0.0,0.0,0.0,0.0,0.3,1.3,0.0,0.9,9.8,0.1,0.0,0.0,0.0,0.0,0.0,0.0,0.0,0.0,1.6,2025-10-08 17:50:39
3337,6,Tylan Wallace,BAL,0.0,0.0,0.0,0.0,0.0,0.0,0.1,0.0,0.9,11.0,0.1,0.0,0.0,0.0,0.0,0.0,0.0,0.0,0.0,1.5,2025-10-08 17:50:39
3338,6,Arian Smith,NYJ,0.0,0.0,0.0,0.0,0.0,0.1,0.7,0.0,0.9,9.9,0.1,0.0,0.0,0.0,0.0,0.0,0.0,0.0,0.0,1.4,2025-10-08 17:50:39
3339,6,Tre Harris,LAC,0.0,0.0,0.0,0.0,0.0,0.1,0.5,0.0,0.8,9.1,0.1,0.0,0.0,0.0,0.0,0.0,0.0,0.0,0.0,1.4,2025-10-08 17:50:39
3340,6,Tyler Johnson,NYJ,0.0,0.0,0.0,0.0,0.0,0.0,0.0,0.0,0.8,9.7,0.1,0.0,0.0,0.0,0.0,0.0,0.0,0.0,0.0,1.3,2025-10-08 17:50:39
3341,6,Brycen Tremayne,CAR,0.0,0.0,0.0,0.0,0.0,0.1,0.7,0.0,0.8,9.0,0.0,0.0,0.0,0.0,0.0,0.0,0.0,0.0,0.0,1.3,2025-10-08 17:50:39
3342,6,Devaughn Vele,NO,0.0,0.0,0.0,0.0,0.0,0.0,0.1,0.0,0.8,8.6,0.1,0.0,0.0,0.0,0.0,0.0,0.0,0.0,0.0,1.2,2025-10-08 17:50:39
3343,6,Pat Bryant,DEN,0.0,0.0,0.0,0.0,0.0,0.0,0.0,0.0,0.7,7.9,0.1,0.0,0.0,0.0,0.0,0.0,0.0,0.0,0.0,1.2,2025-10-08 17:50:39
3344,6,Tim Patrick,JAC,0.0,0.0,0.0,0.0,0.0,0.0,0.0,0.0,0.7,8.1,0.1,0.0,0.0,0.0,0.0,0.0,0.0,0.0,0.0,1.1,2025-10-08 17:50:39
3345,6,Casey Washington,ATL,0.0,0.0,0.0,0.0,0.0,0.0,0.0,0.0,0.7,8.1,0.1,0.0,0.0,0.0,0.0,0.0,0.0,0.0,0.0,1.1,2025-10-08 17:50:39
3346,6,Chris Moore,WAS,0.0,0.0,0.0,0.0,0.0,0.1,0.3,0.0,0.5,6.7,0.1,0.0,0.0,0.0,0.0,0.0,0.0,0.0,0.0,1.0,2025-10-08 17:50:39
3347,6,Trent Sherfield Sr.,DEN,0.0,0.0,0.0,0.0,0.0,0.0,0.0,0.0,0.4,4.5,0.0,0.0,0.0,0.0,0.0,0.0,0.0,0.0,0.0,0.6,2025-10-08 17:50:39
3348,6,Jake Bobo,SEA,0.0,0.0,0.0,0.0,0.0,0.0,0.0,0.0,0.3,4.2,0.0,0.0,0.0,0.0,0.0,0.0,0.0,0.0,0.0,0.6,2025-10-08 17:50:39
3349,6,Van Jefferson,TEN,0.0,0.0,0.0,0.0,0.0,0.0,0.0,0.0,0.3,4.3,0.0,0.0,0.0,0.0,0.0,0.0,0.0,0.0,0.0,0.6,2025-10-08 17:50:39
3350,6,Malachi Corley,CLE,0.0,0.0,0.0,0.0,0.0,0.0,0.0,0.0,0.4,4.3,0.0,0.0,0.0,0.0,0.0,0.0,0.0,0.0,0.0,0.5,2025-10-08 17:50:39
3351,6,Tyrell Shavers,BUF,0.0,0.0,0.0,0.0,0.0,0.0,0.0,0.0,0.3,4.2,0.0,0.0,0.0,0.0,0.0,0.0,0.0,0.0,0.0,0.5,2025-10-08 17:50:39
3352,6,Skyy Moore,SF,0.0,0.0,0.0,0.0,0.0,0.0,0.0,0.0,0.3,3.7,0.0,0.0,0.0,0.0,0.0,0.0,0.0,0.0,0.0,0.5,2025-10-08 17:50:39
3353,6,Ashton Dulin,IND,0.0,0.0,0.0,0.0,0.0,0.3,1.2,0.0,0.2,2.3,0.0,0.0,0.0,0.0,0.0,0.0,0.0,0.0,0.0,0.4,2025-10-08 17:50:39
3354,6,Devontez Walker,BAL,0.0,0.0,0.0,0.0,0.0,0.0,0.1,0.0,0.3,2.9,0.0,0.0,0.0,0.0,0.0,0.0,0.0,0.0,0.0,0.4,2025-10-08 17:50:39
3355,6,Derius Davis,LAC,0.0,0.0,0.0,0.0,0.0,0.7,3.1,0.0,0.1,0.5,0.0,0.0,0.0,0.0,0.0,0.0,0.0,0.0,0.0,0.4,2025-10-08 17:50:39
3356,6,John Metchie III,PHI,0.0,0.0,0.0,0.0,0.0,0.0,0.0,0.0,0.3,2.8,0.0,0.0,0.0,0.0,0.0,0.0,0.0,0.0,0.0,0.4,2025-10-08 17:50:39
3357,6,Jalen Royals,KC,0.0,0.0,0.0,0.0,0.0,0.0,0.1,0.0,0.2,2.5,0.0,0.0,0.0,0.0,0.0,0.0,0.0,0.0,0.0,0.3,2025-10-08 17:50:39
3358,6,KhaDarel Hodge,ATL,0.0,0.0,0.0,0.0,0.0,0.0,0.1,0.0,0.2,2.7,0.0,0.0,0.0,0.0,0.0,0.0,0.0,0.0,0.0,0.3,2025-10-08 17:50:39
3359,6,Dee Eskridge,MIA,0.0,0.0,0.0,0.0,0.0,0.0,0.4,0.0,0.2,2.1,0.0,0.0,0.0,0.0,0.0,0.0,0.0,0.0,0.0,0.3,2025-10-08 17:50:39
3360,6,KeAndre Lambert-Smith,LAC,0.0,0.0,0.0,0.0,0.0,0.0,0.1,0.0,0.1,1.3,0.0,0.0,0.0,0.0,0.0,0.0,0.0,0.0,0.0,0.2,2025-10-08 17:50:39
3361,6,Dareke Young,SEA,0.0,0.0,0.0,0.0,0.0,0.0,0.0,0.0,0.1,1.3,0.0,0.0,0.0,0.0,0.0,0.0,0.0,0.0,0.0,0.2,2025-10-08 17:50:39
3362,6,Marquez Valdes-Scantling,SF,0.0,0.0,0.0,0.0,0.0,0.0,0.0,0.0,0.1,1.3,0.0,0.0,0.0,0.0,0.0,0.0,0.0,0.0,0.0,0.2,2025-10-08 17:50:39
3363,6,Anthony Gould,IND,0.0,0.0,0.0,0.0,0.0,0.0,0.1,0.0,0.1,1.3,0.0,0.0,0.0,0.0,0.0,0.0,0.0,0.0,0.0,0.1,2025-10-08 17:50:39
3364,6,Jermaine Burton,CIN,0.0,0.0,0.0,0.0,0.0,0.0,0.1,0.0,0.1,1.1,0.0,0.0,0.0,0.0,0.0,0.0,0.0,0.0,0.0,0.1,2025-10-08 17:50:39
3365,6,Charlie Jones,CIN,0.0,0.0,0.0,0.0,0.0,0.0,0.1,0.0,0.1,0.7,0.0,0.0,0.0,0.0,0.0,0.0,0.0,0.0,0.0,0.1,2025-10-08 17:50:39
3366,6,Devin Duvernay,CHI,0.0,0.0,0.0,0.0,0.0,0.0,0.2,0.0,0.0,0.4,0.0,0.0,0.0,0.0,0.0,0.0,0.0,0.0,0.0,0.0,2025-10-08 17:50:39
3367,6,Xavier Smith,LAR,0.0,0.0,0.0,0.0,0.0,0.0,0.1,0.0,0.0,0.1,0.0,0.0,0.0,0.0,0.0,0.0,0.0,0.0,0.0,0.0,2025-10-08 17:50:39
3368,6,Mike Evans,TB,0.0,0.0,0.0,0.0,0.0,0.0,0.0,0.0,0.0,0.0,0.0,0.0,0.0,0.0,0.0,0.0,0.0,0.0,0.0,0.0,2025-10-08 17:50:39
3369,6,DeAndre Carter,CLE,0.0,0.0,0.0,0.0,0.0,0.0,0.0,0.0,0.0,0.0,0.0,0.0,0.0,0.0,0.0,0.0,0.0,0.0,0.0,0.0,2025-10-08 17:50:39
3370,6,Jamal Agnew,ATL,0.0,0.0,0.0,0.0,0.0,0.0,0.0,0.0,0.0,0.0,0.0,0.0,0.0,0.0,0.0,0.0,0.0,0.0,0.0,0.0,2025-10-08 17:50:39
3371,6,David Moore,CAR,0.0,0.0,0.0,0.0,0.0,0.0,0.0,0.0,0.0,0.0,0.0,0.0,0.0,0.0,0.0,0.0,0.0,0.0,0.0,0.0,2025-10-08 17:50:39
3372,6,Dante Pettis,NO,0.0,0.0,0.0,0.0,0.0,0.0,0.0,0.0,0.0,0.0,0.0,0.0,0.0,0.0,0.0,0.0,0.0,0.0,0.0,0.0,2025-10-08 17:50:39
3373,6,Allen Lazard,NYJ,0.0,0.0,0.0,0.0,0.0,0.0,0.0,0.0,0.0,0.0,0.0,0.0,0.0,0.0,0.0,0.0,0.0,0.0,0.0,0.0,2025-10-08 17:50:39
3374,6,Tom Kennedy,DET,0.0,0.0,0.0,0.0,0.0,0.0,0.0,0.0,0.0,0.0,0.0,0.0,0.0,0.0,0.0,0.0,0.0,0.0,0.0,0.0,2025-10-08 17:50:39
3375,6,Gunner Olszewski,NYG,0.0,0.0,0.0,0.0,0.0,0.0,0.0,0.0,0.0,0.0,0.0,0.0,0.0,0.0,0.0,0.0,0.0,0.0,0.0,0.0,2025-10-08 17:50:39
3376,6,Jalen Reagor,LAC,0.0,0.0,0.0,0.0,0.0,0.0,0.0,0.0,0.0,0.0,0.0,0.0,0.0,0.0,0.0,0.0,0.0,0.0,0.0,0.0,2025-10-08 17:50:39
3377,6,Brandon Aiyuk,SF,0.0,0.0,0.0,0.0,0.0,0.0,0.0,0.0,0.0,0.0,0.0,0.0,0.0,0.0,0.0,0.0,0.0,0.0,0.0,0.0,2025-10-08 17:50:39
3378,6,Mason Kinsey,TEN,0.0,0.0,0.0,0.0,0.0,0.0,0.0,0.0,0.0,0.0,0.0,0.0,0.0,0.0,0.0,0.0,0.0,0.0,0.0,0.0,2025-10-08 17:50:39
3379,6,Cody White,SEA,0.0,0.0,0.0,0.0,0.0,0.0,0.0,0.0,0.0,0.0,0.0,0.0,0.0,0.0,0.0,0.0,0.0,0.0,0.0,0.0,2025-10-08 17:50:39
3380,6,Ihmir Smith-Marsette,NYG,0.0,0.0,0.0,0.0,0.0,0.0,0.0,0.0,0.0,0.0,0.0,0.0,0.0,0.0,0.0,0.0,0.0,0.0,0.0,0.0,2025-10-08 17:50:39
3381,6,Javon Baker,PHI,0.0,0.0,0.0,0.0,0.0,0.0,0.0,0.0,0.0,0.0,0.0,0.0,0.0,0.0,0.0,0.0,0.0,0.0,0.0,0.0,2025-10-08 17:50:39
3382,6,Jonathan Mingo,DAL,0.0,0.0,0.0,0.0,0.0,0.0,0.0,0.0,0.0,0.0,0.0,0.0,0.0,0.0,0.0,0.0,0.0,0.0,0.0,0.0,2025-10-08 17:50:39
3383,6,Kevin Austin Jr.,NO,0.0,0.0,0.0,0.0,0.0,0.0,0.0,0.0,0.0,0.0,0.0,0.0,0.0,0.0,0.0,0.0,0.0,0.0,0.0,0.0,2025-10-08 17:50:39
3384,6,David Bell,CLE,0.0,0.0,0.0,0.0,0.0,0.0,0.0,0.0,0.0,0.0,0.0,0.0,0.0,0.0,0.0,0.0,0.0,0.0,0.0,0.0,2025-10-08 17:50:39
3385,6,Ainias Smith,CAR,0.0,0.0,0.0,0.0,0.0,0.0,0.0,0.0,0.0,0.0,0.0,0.0,0.0,0.0,0.0,0.0,0.0,0.0,0.0,0.0,2025-10-08 17:50:39
3386,6,Jalen McMillan,TB,0.0,0.0,0.0,0.0,0.0,0.0,0.0,0.0,0.0,0.0,0.0,0.0,0.0,0.0,0.0,0.0,0.0,0.0,0.0,0.0,2025-10-08 17:50:39
3387,6,Simi Fehoko,ARI,0.0,0.0,0.0,0.0,0.0,0.0,0.0,0.0,0.0,0.0,0.0,0.0,0.0,0.0,0.0,0.0,0.0,0.0,0.0,0.0,2025-10-08 17:50:39
3388,6,Terrace Marshall Jr.,PHI,0.0,0.0,0.0,0.0,0.0,0.0,0.0,0.0,0.0,0.0,0.0,0.0,0.0,0.0,0.0,0.0,0.0,0.0,0.0,0.0,2025-10-08 17:50:39
3389,6,Austin Trammell,JAC,0.0,0.0,0.0,0.0,0.0,0.0,0.0,0.0,0.0,0.0,0.0,0.0,0.0,0.0,0.0,0.0,0.0,0.0,0.0,0.0,2025-10-08 17:50:39
3390,6,Tim Jones,JAC,0.0,0.0,0.0,0.0,0.0,0.0,0.0,0.0,0.0,0.0,0.0,0.0,0.0,0.0,0.0,0.0,0.0,0.0,0.0,0.0,2025-10-08 17:50:39
3391,6,Xavier Weaver,ARI,0.0,0.0,0.0,0.0,0.0,0.0,0.0,0.0,0.0,0.0,0.0,0.0,0.0,0.0,0.0,0.0,0.0,0.0,0.0,0.0,2025-10-08 17:50:39
3392,6,Justin Shorter,LV,0.0,0.0,0.0,0.0,0.0,0.0,0.0,0.0,0.0,0.0,0.0,0.0,0.0,0.0,0.0,0.0,0.0,0.0,0.0,0.0,2025-10-08 17:50:39
3393,6,Britain Covey,PHI,0.0,0.0,0.0,0.0,0.0,0.0,0.0,0.0,0.0,0.0,0.0,0.0,0.0,0.0,0.0,0.0,0.0,0.0,0.0,0.0,2025-10-08 17:50:39
3394,6,Jacob Cowing,SF,0.0,0.0,0.0,0.0,0.0,0.0,0.0,0.0,0.0,0.0,0.0,0.0,0.0,0.0,0.0,0.0,0.0,0.0,0.0,0.0,2025-10-08 17:50:39
3395,6,Jalen Cropper,DAL,0.0,0.0,0.0,0.0,0.0,0.0,0.0,0.0,0.0,0.0,0.0,0.0,0.0,0.0,0.0,0.0,0.0,0.0,0.0,0.0,2025-10-08 17:50:39
3396,6,Jalen Brooks,DAL,0.0,0.0,0.0,0.0,0.0,0.0,0.0,0.0,0.0,0.0,0.0,0.0,0.0,0.0,0.0,0.0,0.0,0.0,0.0,0.0,2025-10-08 17:50:39
3397,6,Jason Brownlee,KC,0.0,0.0,0.0,0.0,0.0,0.0,0.0,0.0,0.0,0.0,0.0,0.0,0.0,0.0,0.0,0.0,0.0,0.0,0.0,0.0,2025-10-08 17:50:39
3398,6,Xavier Gipson,PHI,0.0,0.0,0.0,0.0,0.0,0.0,0.0,0.0,0.0,0.0,0.0,0.0,0.0,0.0,0.0,0.0,0.0,0.0,0.0,0.0,2025-10-08 17:50:39
3399,6,Nikko Remigio,KC,0.0,0.0,0.0,0.0,0.0,0.0,0.0,0.0,0.0,0.0,0.0,0.0,0.0,0.0,0.0,0.0,0.0,0.0,0.0,0.0,2025-10-08 17:50:39
3400,6,Ryan Miller,TB,0.0,0.0,0.0,0.0,0.0,0.0,0.0,0.0,0.0,0.0,0.0,0.0,0.0,0.0,0.0,0.0,0.0,0.0,0.0,0.0,2025-10-08 17:50:39
3401,6,Bub Means,NO,0.0,0.0,0.0,0.0,0.0,0.0,0.0,0.0,0.0,0.0,0.0,0.0,0.0,0.0,0.0,0.0,0.0,0.0,0.0,0.0,2025-10-08 17:50:39
3402,6,Joshua Cephus,JAC,0.0,0.0,0.0,0.0,0.0,0.0,0.0,0.0,0.0,0.0,0.0,0.0,0.0,0.0,0.0,0.0,0.0,0.0,0.0,0.0,2025-10-08 17:50:39
3403,6,Tahj Washington,MIA,0.0,0.0,0.0,0.0,0.0,0.0,0.0,0.0,0.0,0.0,0.0,0.0,0.0,0.0,0.0,0.0,0.0,0.0,0.0,0.0,2025-10-08 17:50:39
3404,6,Mason Tipton,NO,0.0,0.0,0.0,0.0,0.0,0.0,0.0,0.0,0.0,0.0,0.0,0.0,0.0,0.0,0.0,0.0,0.0,0.0,0.0,0.0,2025-10-08 17:50:39
3405,6,Bryce Oliver,TEN,0.0,0.0,0.0,0.0,0.0,0.0,0.0,0.0,0.0,0.0,0.0,0.0,0.0,0.0,0.0,0.0,0.0,0.0,0.0,0.0,2025-10-08 17:50:39
3406,6,Kameron Johnson,TB,0.0,0.0,0.0,0.0,0.0,0.0,0.0,0.0,0.0,0.0,0.0,0.0,0.0,0.0,0.0,0.0,0.0,0.0,0.0,0.0,2025-10-08 17:50:39
3407,6,Nick Nash,ATL,0.0,0.0,0.0,0.0,0.0,0.0,0.0,0.0,0.0,0.0,0.0,0.0,0.0,0.0,0.0,0.0,0.0,0.0,0.0,0.0,2025-10-08 17:50:39
3408,6,Efton Chism III,NE,0.0,0.0,0.0,0.0,0.0,0.0,0.0,0.0,0.0,0.0,0.0,0.0,0.0,0.0,0.0,0.0,0.0,0.0,0.0,0.0,2025-10-08 17:50:39
3409,6,LaJohntay Wester,BAL,0.0,0.0,0.0,0.0,0.0,0.0,0.0,0.0,0.0,0.0,0.0,0.0,0.0,0.0,0.0,0.0,0.0,0.0,0.0,0.0,2025-10-08 17:50:39
3410,6,Konata Mumpfield,LAR,0.0,0.0,0.0,0.0,0.0,0.0,0.0,0.0,0.0,0.0,0.0,0.0,0.0,0.0,0.0,0.0,0.0,0.0,0.0,0.0,2025-10-08 17:50:39
3411,6,Jordan Watkins,SF,0.0,0.0,0.0,0.0,0.0,0.0,0.0,0.0,0.0,0.0,0.0,0.0,0.0,0.0,0.0,0.0,0.0,0.0,0.0,0.0,2025-10-08 17:50:39
3412,6,Gage Larvadain,CLE,0.0,0.0,0.0,0.0,0.0,0.0,0.0,0.0,0.0,0.0,0.0,0.0,0.0,0.0,0.0,0.0,0.0,0.0,0.0,0.0,2025-10-08 17:50:39
3413,6,Darius Cooper,PHI,0.0,0.0,0.0,0.0,0.0,0.0,0.0,0.0,0.0,0.0,0.0,0.0,0.0,0.0,0.0,0.0,0.0,0.0,0.0,0.0,2025-10-08 17:50:39
3414,6,Trey McBride,ARI,0.0,0.0,0.0,0.0,0.0,0.0,0.0,0.0,6.5,64.4,0.3,0.0,0.0,0.0,0.0,0.0,0.0,0.0,0.0,8.4,2025-10-08 17:50:39
3415,6,Tyler Warren,IND,0.0,0.0,0.0,0.0,0.0,0.0,0.0,0.0,4.9,55.4,0.3,0.1,0.0,0.0,0.0,0.0,0.0,0.0,0.0,7.7,2025-10-08 17:50:39
3416,6,Tucker Kraft,GB,0.0,0.0,0.0,0.0,0.0,0.0,0.0,0.0,4.1,51.7,0.4,0.0,0.0,0.0,0.0,0.0,0.0,0.0,0.0,7.5,2025-10-08 17:50:39
3417,6,Jake Ferguson,DAL,0.0,0.0,0.0,0.0,0.0,0.0,0.0,0.0,5.8,48.4,0.4,0.0,0.0,0.0,0.0,0.0,0.0,0.0,0.0,7.1,2025-10-08 17:50:39
3418,6,Brock Bowers,LV,0.0,0.0,0.0,0.0,0.0,0.0,0.0,0.0,4.8,49.7,0.3,0.0,0.0,0.0,0.0,0.0,0.0,0.0,0.0,6.8,2025-10-08 17:50:39
3419,6,Sam LaPorta,DET,0.0,0.0,0.0,0.0,0.0,0.0,0.0,0.0,4.3,46.8,0.3,0.0,0.0,0.0,0.0,0.0,0.0,0.0,0.0,6.7,2025-10-08 17:50:39
3420,6,Travis Kelce,KC,0.0,0.0,0.0,0.0,0.0,0.0,0.0,0.0,4.6,47.8,0.3,0.0,0.0,0.0,0.0,0.0,0.0,0.0,0.0,6.6,2025-10-08 17:50:39
3421,6,Hunter Henry,NE,0.0,0.0,0.0,0.0,0.0,0.0,0.0,0.0,3.9,44.4,0.4,0.0,0.0,0.0,0.0,0.0,0.0,0.0,0.0,6.5,2025-10-08 17:50:39
3422,6,Darren Waller,MIA,0.0,0.0,0.0,0.0,0.0,0.0,0.0,0.0,4.0,44.2,0.3,0.0,0.0,0.0,0.0,0.0,0.0,0.0,0.0,6.5,2025-10-08 17:50:39
3423,6,Dalton Kincaid,BUF,0.0,0.0,0.0,0.0,0.0,0.0,0.0,0.0,3.7,40.9,0.3,0.0,0.0,0.0,0.0,0.0,0.0,0.0,0.0,5.9,2025-10-08 17:50:39
3424,6,Dallas Goedert,PHI,0.0,0.0,0.0,0.0,0.0,0.0,0.0,0.0,3.8,39.1,0.3,0.0,0.0,0.0,0.0,0.0,0.0,0.0,0.0,5.8,2025-10-08 17:50:39
3425,6,Kyle Pitts Sr.,ATL,0.0,0.0,0.0,0.0,0.0,0.0,0.0,0.0,3.5,44.6,0.2,0.0,0.0,0.0,0.0,0.0,0.0,0.0,0.0,5.7,2025-10-08 17:50:39
3426,6,David Njoku,CLE,0.0,0.0,0.0,0.0,0.0,0.0,0.0,0.0,4.1,41.6,0.2,0.0,0.0,0.0,0.0,0.0,0.0,0.0,0.0,5.6,2025-10-08 17:50:39
3427,6,Zach Ertz,WAS,0.0,0.0,0.0,0.0,0.0,0.0,0.0,0.0,3.5,34.3,0.3,0.0,0.0,0.0,0.0,0.0,0.0,0.0,0.0,5.5,2025-10-08 17:50:39
3428,6,Juwan Johnson,NO,0.0,0.0,0.0,0.0,0.0,0.0,0.0,0.0,4.1,40.4,0.2,0.0,0.0,0.0,0.0,0.0,0.0,0.0,0.0,5.5,2025-10-08 17:50:39
3429,6,Jake Tonges,SF,0.0,0.0,0.0,0.0,0.0,0.0,0.0,0.0,3.3,36.1,0.3,0.0,0.0,0.0,0.0,0.0,0.0,0.0,0.0,5.3,2025-10-08 17:50:39
3430,6,Mark Andrews,BAL,0.0,0.0,0.0,0.0,0.0,0.0,0.0,0.0,3.2,35.0,0.3,0.0,0.0,0.0,0.0,0.0,0.0,0.0,0.0,5.1,2025-10-08 17:50:39
3431,6,Theo Johnson,NYG,0.0,0.0,0.0,0.0,0.0,0.0,0.0,0.0,3.5,34.9,0.3,0.0,0.0,0.0,0.0,0.0,0.0,0.0,0.0,5.1,2025-10-08 17:50:39
3432,6,Harold Fannin Jr.,CLE,0.0,0.0,0.0,0.0,0.0,0.0,0.0,0.0,3.6,36.4,0.2,0.1,0.0,0.0,0.0,0.0,0.0,0.0,0.0,4.7,2025-10-08 17:50:39
3433,6,Mason Taylor,NYJ,0.0,0.0,0.0,0.0,0.0,0.0,0.0,0.0,3.7,37.7,0.2,0.1,0.0,0.0,0.0,0.0,0.0,0.0,0.0,4.7,2025-10-08 17:50:39
3434,6,AJ Barner,SEA,0.0,0.0,0.0,0.0,0.0,0.0,0.0,0.0,2.8,28.0,0.3,0.0,0.0,0.0,0.0,0.0,0.0,0.0,0.0,4.6,2025-10-08 17:50:39
3435,6,Evan Engram,DEN,0.0,0.0,0.0,0.0,0.0,0.0,0.0,0.0,3.4,29.5,0.2,0.0,0.0,0.0,0.0,0.0,0.0,0.0,0.0,4.1,2025-10-08 17:50:39
3436,6,Cade Otton,TB,0.0,0.0,0.0,0.0,0.0,0.0,0.0,0.0,2.6,26.8,0.2,0.0,0.0,0.0,0.0,0.0,0.0,0.0,0.0,4.0,2025-10-08 17:50:39
3437,6,Jonnu Smith,PIT,0.0,0.0,0.0,0.0,0.0,0.0,0.0,0.0,2.7,26.7,0.2,0.0,0.0,0.0,0.0,0.0,0.0,0.0,0.0,3.9,2025-10-08 17:50:39
3438,6,Chig Okonkwo,TEN,0.0,0.0,0.0,0.0,0.0,0.0,0.0,0.0,3.2,32.5,0.1,0.0,0.0,0.0,0.0,0.0,0.0,0.0,0.0,3.9,2025-10-08 17:50:39
3439,6,Ja'Tavion Sanders,CAR,0.0,0.0,0.0,0.0,0.0,0.0,0.0,0.0,2.4,23.1,0.2,0.0,0.0,0.0,0.0,0.0,0.0,0.0,0.0,3.4,2025-10-08 17:50:39
3440,6,Isaiah Likely,BAL,0.0,0.0,0.0,0.0,0.0,0.0,0.0,0.0,2.0,23.1,0.2,0.0,0.0,0.0,0.0,0.0,0.0,0.0,0.0,3.4,2025-10-08 17:50:39
3441,6,Cole Kmet,CHI,0.0,0.0,0.0,0.0,0.0,0.0,0.0,0.0,2.1,23.8,0.2,0.0,0.0,0.0,0.0,0.0,0.0,0.0,0.0,3.3,2025-10-08 17:50:39
3442,6,Tommy Tremble,CAR,0.0,0.0,0.0,0.0,0.0,0.0,0.0,0.0,1.9,19.7,0.2,0.0,0.0,0.0,0.0,0.0,0.0,0.0,0.0,3.2,2025-10-08 17:50:39
3443,6,Pat Freiermuth,PIT,0.0,0.0,0.0,0.0,0.0,0.0,0.0,0.0,2.2,21.6,0.1,0.0,0.0,0.0,0.0,0.0,0.0,0.0,0.0,3.0,2025-10-08 17:50:39
3444,6,Hunter Long,JAC,0.0,0.0,0.0,0.0,0.0,0.0,0.0,0.0,2.3,20.5,0.1,0.0,0.0,0.0,0.0,0.0,0.0,0.0,0.0,2.9,2025-10-08 17:50:39
3445,6,Tyler Higbee,LAR,0.0,0.0,0.0,0.0,0.0,0.0,0.0,0.0,2.0,19.7,0.2,0.0,0.0,0.0,0.0,0.0,0.0,0.0,0.0,2.9,2025-10-08 17:50:39
3446,6,Colston Loveland,CHI,0.0,0.0,0.0,0.0,0.0,0.0,0.0,0.0,1.9,20.4,0.1,0.0,0.0,0.0,0.0,0.0,0.0,0.0,0.0,2.8,2025-10-08 17:50:39
3447,6,Mike Gesicki,CIN,0.0,0.0,0.0,0.0,0.0,0.0,0.0,0.0,2.2,19.3,0.1,0.0,0.0,0.0,0.0,0.0,0.0,0.0,0.0,2.6,2025-10-08 17:50:39
3448,6,Daniel Bellinger,NYG,0.0,0.0,0.0,0.0,0.0,0.0,0.0,0.0,2.1,20.6,0.1,0.0,0.0,0.0,0.0,0.0,0.0,0.0,0.0,2.6,2025-10-08 17:50:39
3449,6,Oronde Gadsden II,LAC,0.0,0.0,0.0,0.0,0.0,0.0,0.0,0.0,1.7,17.7,0.1,0.0,0.0,0.0,0.0,0.0,0.0,0.0,0.0,2.4,2025-10-08 17:50:39
3450,6,Noah Fant,CIN,0.0,0.0,0.0,0.0,0.0,0.0,0.0,0.0,2.2,18.9,0.1,0.0,0.0,0.0,0.0,0.0,0.0,0.0,0.0,2.4,2025-10-08 17:50:39
3451,6,Elijah Arroyo,SEA,0.0,0.0,0.0,0.0,0.0,0.0,0.0,0.0,1.6,16.6,0.1,0.0,0.0,0.0,0.0,0.0,0.0,0.0,0.0,2.2,2025-10-08 17:50:39
3452,6,Gunnar Helm,TEN,0.0,0.0,0.0,0.0,0.0,0.0,0.0,0.0,1.7,17.5,0.1,0.0,0.0,0.0,0.0,0.0,0.0,0.0,0.0,2.2,2025-10-08 17:50:39
3453,6,Austin Hooper,NE,0.0,0.0,0.0,0.0,0.0,0.0,0.0,0.0,1.5,16.1,0.1,0.0,0.0,0.0,0.0,0.0,0.0,0.0,0.0,2.1,2025-10-08 17:50:39
3454,6,Taysom Hill,NO,0.0,0.0,0.0,0.0,0.0,0.0,0.0,0.0,0.9,7.9,0.0,0.0,0.0,0.0,0.0,0.0,0.0,0.0,0.0,2.1,2025-10-08 17:50:39
3455,6,Brock Wright,DET,0.0,0.0,0.0,0.0,0.0,0.0,0.0,0.0,1.2,9.9,0.2,0.0,0.0,0.0,0.0,0.0,0.0,0.0,0.0,2.1,2025-10-08 17:50:39
3456,6,Michael Mayer,LV,0.0,0.0,0.0,0.0,0.0,0.0,0.0,0.0,1.6,14.4,0.1,0.0,0.0,0.0,0.0,0.0,0.0,0.0,0.0,2.1,2025-10-08 17:50:39
3457,6,Luke Farrell,SF,0.0,0.0,0.0,0.0,0.0,0.0,0.0,0.0,1.4,14.2,0.1,0.0,0.0,0.0,0.0,0.0,0.0,0.0,0.0,2.0,2025-10-08 17:50:39
3458,6,Johnny Mundt,JAC,0.0,0.0,0.0,0.0,0.0,0.0,0.0,0.0,1.5,12.8,0.1,0.0,0.0,0.0,0.0,0.0,0.0,0.0,0.0,1.9,2025-10-08 17:50:39
3459,6,Noah Gray,KC,0.0,0.0,0.0,0.0,0.0,0.0,0.0,0.0,1.3,12.9,0.1,0.0,0.0,0.0,0.0,0.0,0.0,0.0,0.0,1.9,2025-10-08 17:50:39
3460,6,Will Dissly,LAC,0.0,0.0,0.0,0.0,0.0,0.0,0.0,0.0,1.5,14.0,0.1,0.0,0.0,0.0,0.0,0.0,0.0,0.0,0.0,1.8,2025-10-08 17:50:39
3461,6,Dawson Knox,BUF,0.0,0.0,0.0,0.0,0.0,0.0,0.0,0.0,1.1,11.5,0.1,0.0,0.0,0.0,0.0,0.0,0.0,0.0,0.0,1.8,2025-10-08 17:50:39
3462,6,Foster Moreau,NO,0.0,0.0,0.0,0.0,0.0,0.0,0.0,0.0,1.1,11.9,0.1,0.0,0.0,0.0,0.0,0.0,0.0,0.0,0.0,1.8,2025-10-08 17:50:39
3463,6,Luke Musgrave,GB,0.0,0.0,0.0,0.0,0.0,0.0,0.0,0.0,1.1,12.2,0.1,0.0,0.0,0.0,0.0,0.0,0.0,0.0,0.0,1.7,2025-10-08 17:50:39
3464,6,Davis Allen,LAR,0.0,0.0,0.0,0.0,0.0,0.0,0.0,0.0,1.0,9.4,0.1,0.0,0.0,0.0,0.0,0.0,0.0,0.0,0.0,1.7,2025-10-08 17:50:39
3465,6,Adam Trautman,DEN,0.0,0.0,0.0,0.0,0.0,0.0,0.0,0.0,1.0,9.5,0.1,0.0,0.0,0.0,0.0,0.0,0.0,0.0,0.0,1.7,2025-10-08 17:50:39
3466,6,Luke Schoonmaker,DAL,0.0,0.0,0.0,0.0,0.0,0.0,0.0,0.0,1.2,10.3,0.1,0.0,0.0,0.0,0.0,0.0,0.0,0.0,0.0,1.6,2025-10-08 17:50:39
3467,6,Tyler Conklin,LAC,0.0,0.0,0.0,0.0,0.0,0.0,0.0,0.0,1.0,12.0,0.1,0.0,0.0,0.0,0.0,0.0,0.0,0.0,0.0,1.6,2025-10-08 17:50:39
3468,6,Ian Thomas,LV,0.0,0.0,0.0,0.0,0.0,0.0,0.0,0.0,1.1,10.5,0.1,0.0,0.0,0.0,0.0,0.0,0.0,0.0,0.0,1.4,2025-10-08 17:50:39
3469,6,Darnell Washington,PIT,0.0,0.0,0.0,0.0,0.0,0.0,0.0,0.0,0.9,8.9,0.1,0.0,0.0,0.0,0.0,0.0,0.0,0.0,0.0,1.4,2025-10-08 17:50:39
3470,6,Jake Briningstool,KC,0.0,0.0,0.0,0.0,0.0,0.0,0.0,0.0,0.7,7.2,0.1,0.0,0.0,0.0,0.0,0.0,0.0,0.0,0.0,1.3,2025-10-08 17:50:39
3471,6,Drew Ogletree,IND,0.0,0.0,0.0,0.0,0.0,0.0,0.0,0.0,0.6,8.1,0.1,0.0,0.0,0.0,0.0,0.0,0.0,0.0,0.0,1.3,2025-10-08 17:50:39
3472,6,Elijah Higgins,ARI,0.0,0.0,0.0,0.0,0.0,0.0,0.0,0.0,0.9,9.1,0.1,0.0,0.0,0.0,0.0,0.0,0.0,0.0,0.0,1.2,2025-10-08 17:50:39
3473,6,Julian Hill,MIA,0.0,0.0,0.0,0.0,0.0,0.0,0.0,0.0,0.9,10.1,0.0,0.0,0.0,0.0,0.0,0.0,0.0,0.0,0.0,1.2,2025-10-08 17:50:39
3474,6,Tanner Conner,MIA,0.0,0.0,0.0,0.0,0.0,0.0,0.0,0.0,1.0,9.3,0.1,0.0,0.0,0.0,0.0,0.0,0.0,0.0,0.0,1.2,2025-10-08 17:50:39
3475,6,Jeremy Ruckert,NYJ,0.0,0.0,0.0,0.0,0.0,0.0,0.0,0.0,1.0,8.7,0.1,0.0,0.0,0.0,0.0,0.0,0.0,0.0,0.0,1.2,2025-10-08 17:50:39
3476,6,Colby Parkinson,LAR,0.0,0.0,0.0,0.0,0.0,0.0,0.0,0.0,0.8,8.9,0.1,0.0,0.0,0.0,0.0,0.0,0.0,0.0,0.0,1.2,2025-10-08 17:50:39
3477,6,John FitzPatrick,GB,0.0,0.0,0.0,0.0,0.0,0.0,0.0,0.0,0.6,6.3,0.1,0.0,0.0,0.0,0.0,0.0,0.0,0.0,0.0,1.1,2025-10-08 17:50:39
3478,6,Terrance Ferguson,LAR,0.0,0.0,0.0,0.0,0.0,0.0,0.0,0.0,0.6,6.9,0.1,0.0,0.0,0.0,0.0,0.0,0.0,0.0,0.0,1.1,2025-10-08 17:50:39
3479,6,Drew Sample,CIN,0.0,0.0,0.0,0.0,0.0,0.0,0.0,0.0,0.8,6.2,0.1,0.0,0.0,0.0,0.0,0.0,0.0,0.0,0.0,1.0,2025-10-08 17:50:39
3480,6,Nate Adkins,DEN,0.0,0.0,0.0,0.0,0.0,0.0,0.0,0.0,0.7,5.5,0.1,0.0,0.0,0.0,0.0,0.0,0.0,0.0,0.0,1.0,2025-10-08 17:50:39
3481,6,Mitchell Evans,CAR,0.0,0.0,0.0,0.0,0.0,0.0,0.0,0.0,0.6,5.6,0.1,0.0,0.0,0.0,0.0,0.0,0.0,0.0,0.0,0.9,2025-10-08 17:50:39
3482,6,Jackson Hawes,BUF,0.0,0.0,0.0,0.0,0.0,0.0,0.0,0.0,0.5,5.8,0.1,0.0,0.0,0.0,0.0,0.0,0.0,0.0,0.0,0.9,2025-10-08 17:50:39
3483,6,Carter Runyon,LV,0.0,0.0,0.0,0.0,0.0,0.0,0.0,0.0,0.6,5.7,0.1,0.0,0.0,0.0,0.0,0.0,0.0,0.0,0.0,0.9,2025-10-08 17:50:39
3484,6,Kylen Granson,PHI,0.0,0.0,0.0,0.0,0.0,0.0,0.0,0.0,0.4,4.6,0.0,0.0,0.0,0.0,0.0,0.0,0.0,0.0,0.0,0.7,2025-10-08 17:50:39
3485,6,Jack Stoll,NO,0.0,0.0,0.0,0.0,0.0,0.0,0.0,0.0,0.4,3.7,0.1,0.0,0.0,0.0,0.0,0.0,0.0,0.0,0.0,0.7,2025-10-08 17:50:39
3486,6,Travis Vokolek,ARI,0.0,0.0,0.0,0.0,0.0,0.0,0.0,0.0,0.6,5.5,0.0,0.0,0.0,0.0,0.0,0.0,0.0,0.0,0.0,0.6,2025-10-08 17:50:39
3487,6,Payne Durham,TB,0.0,0.0,0.0,0.0,0.0,0.0,0.0,0.0,0.3,3.5,0.0,0.0,0.0,0.0,0.0,0.0,0.0,0.0,0.0,0.6,2025-10-08 17:50:39
3488,6,Ben Sims,GB,0.0,0.0,0.0,0.0,0.0,0.0,0.0,0.0,0.4,3.1,0.1,0.0,0.0,0.0,0.0,0.0,0.0,0.0,0.0,0.6,2025-10-08 17:50:39
3489,6,Ben Sinnott,WAS,0.0,0.0,0.0,0.0,0.0,0.0,0.0,0.0,0.3,3.4,0.0,0.0,0.0,0.0,0.0,0.0,0.0,0.0,0.0,0.6,2025-10-08 17:50:39
3490,6,Connor Heyward,PIT,0.0,0.0,0.0,0.0,0.0,0.0,0.0,0.0,0.4,2.9,0.1,0.0,0.0,0.0,0.0,0.0,0.0,0.0,0.0,0.6,2025-10-08 17:50:39
3491,6,Charlie Kolar,BAL,0.0,0.0,0.0,0.0,0.0,0.0,0.0,0.0,0.5,5.1,0.0,0.0,0.0,0.0,0.0,0.0,0.0,0.0,0.0,0.6,2025-10-08 17:50:39
3492,6,Grant Calcaterra,PHI,0.0,0.0,0.0,0.0,0.0,0.0,0.0,0.0,0.4,4.2,0.0,0.0,0.0,0.0,0.0,0.0,0.0,0.0,0.0,0.5,2025-10-08 17:50:39
3493,6,Brevyn Spann-Ford,DAL,0.0,0.0,0.0,0.0,0.0,0.0,0.0,0.0,0.4,4.0,0.0,0.0,0.0,0.0,0.0,0.0,0.0,0.0,0.0,0.5,2025-10-08 17:50:39
3494,6,John Bates,WAS,0.0,0.0,0.0,0.0,0.0,0.0,0.0,0.0,0.4,3.7,0.0,0.0,0.0,0.0,0.0,0.0,0.0,0.0,0.0,0.5,2025-10-08 17:50:39
3495,6,Eric Saubert,SEA,0.0,0.0,0.0,0.0,0.0,0.0,0.0,0.0,0.4,4.1,0.0,0.0,0.0,0.0,0.0,0.0,0.0,0.0,0.0,0.5,2025-10-08 17:50:39
3496,6,Thomas Fidone II,NYG,0.0,0.0,0.0,0.0,0.0,0.0,0.0,0.0,0.5,4.7,0.0,0.0,0.0,0.0,0.0,0.0,0.0,0.0,0.0,0.5,2025-10-08 17:50:39
3497,6,Charlie Woerner,ATL,0.0,0.0,0.0,0.0,0.0,0.0,0.0,0.0,0.4,3.8,0.0,0.0,0.0,0.0,0.0,0.0,0.0,0.0,0.0,0.4,2025-10-08 17:50:39
3498,6,Chris Manhertz,NYG,0.0,0.0,0.0,0.0,0.0,0.0,0.0,0.0,0.4,3.2,0.0,0.0,0.0,0.0,0.0,0.0,0.0,0.0,0.0,0.4,2025-10-08 17:50:39
3499,6,Teagan Quitoriano,ATL,0.0,0.0,0.0,0.0,0.0,0.0,0.0,0.0,0.3,3.6,0.0,0.0,0.0,0.0,0.0,0.0,0.0,0.0,0.0,0.4,2025-10-08 17:50:39
3500,6,Quintin Morris,JAC,0.0,0.0,0.0,0.0,0.0,0.0,0.0,0.0,0.2,2.2,0.0,0.0,0.0,0.0,0.0,0.0,0.0,0.0,0.0,0.3,2025-10-08 17:50:39
3501,6,Albert Okwuegbunam Jr.,LV,0.0,0.0,0.0,0.0,0.0,0.0,0.0,0.0,0.4,3.2,0.0,0.0,0.0,0.0,0.0,0.0,0.0,0.0,0.0,0.3,2025-10-08 17:50:39
3502,6,Jelani Woods,NYJ,0.0,0.0,0.0,0.0,0.0,0.0,0.0,0.0,0.3,3.2,0.0,0.0,0.0,0.0,0.0,0.0,0.0,0.0,0.0,0.3,2025-10-08 17:50:39
3503,6,Jared Wiley,KC,0.0,0.0,0.0,0.0,0.0,0.0,0.0,0.0,0.3,3.1,0.0,0.0,0.0,0.0,0.0,0.0,0.0,0.0,0.0,0.3,2025-10-08 17:50:39
3504,6,Mo Alie-Cox,IND,0.0,0.0,0.0,0.0,0.0,0.0,0.0,0.0,0.2,2.4,0.0,0.0,0.0,0.0,0.0,0.0,0.0,0.0,0.0,0.3,2025-10-08 17:50:39
3505,6,Durham Smythe,CHI,0.0,0.0,0.0,0.0,0.0,0.0,0.0,0.0,0.3,3.0,0.0,0.0,0.0,0.0,0.0,0.0,0.0,0.0,0.0,0.3,2025-10-08 17:50:39
3506,6,Devin Culp,TB,0.0,0.0,0.0,0.0,0.0,0.0,0.0,0.0,0.2,2.8,0.0,0.0,0.0,0.0,0.0,0.0,0.0,0.0,0.0,0.3,2025-10-08 17:50:39
3507,6,Blake Whiteheart,CLE,0.0,0.0,0.0,0.0,0.0,0.0,0.0,0.0,0.3,2.6,0.0,0.0,0.0,0.0,0.0,0.0,0.0,0.0,0.0,0.3,2025-10-08 17:50:39
3508,6,Stone Smartt,NYJ,0.0,0.0,0.0,0.0,0.0,0.0,0.0,0.0,0.2,2.2,0.0,0.0,0.0,0.0,0.0,0.0,0.0,0.0,0.0,0.3,2025-10-08 17:50:39
3509,6,Will Mallory,IND,0.0,0.0,0.0,0.0,0.0,0.0,0.0,0.0,0.2,2.5,0.0,0.0,0.0,0.0,0.0,0.0,0.0,0.0,0.0,0.2,2025-10-08 17:50:39
3510,6,Cam Grandy,CIN,0.0,0.0,0.0,0.0,0.0,0.0,0.0,0.0,0.4,2.3,0.0,0.0,0.0,0.0,0.0,0.0,0.0,0.0,0.0,0.2,2025-10-08 17:50:39
3511,6,Jack Westover,NE,0.0,0.0,0.0,0.0,0.0,0.0,0.0,0.0,0.3,2.2,0.0,0.0,0.0,0.0,0.0,0.0,0.0,0.0,0.0,0.2,2025-10-08 17:50:39
3512,6,Tucker Fisk,LAC,0.0,0.0,0.0,0.0,0.0,0.0,0.0,0.0,0.1,1.2,0.0,0.0,0.0,0.0,0.0,0.0,0.0,0.0,0.0,0.2,2025-10-08 17:50:39
3513,6,Tanner Hudson,CIN,0.0,0.0,0.0,0.0,0.0,0.0,0.0,0.0,0.2,1.2,0.0,0.0,0.0,0.0,0.0,0.0,0.0,0.0,0.0,0.1,2025-10-08 17:50:39
3514,6,Feleipe Franks,ATL,0.0,0.0,0.0,0.0,0.0,0.0,0.0,0.0,0.1,1.0,0.0,0.0,0.0,0.0,0.0,0.0,0.0,0.0,0.0,0.1,2025-10-08 17:50:39
3515,6,Brady Russell,SEA,0.0,0.0,0.0,0.0,0.0,0.0,0.0,0.0,0.0,0.0,0.0,0.0,0.0,0.0,0.0,0.0,0.0,0.0,0.0,0.0,2025-10-08 17:50:39
3516,6,Robert Tonyan,KC,0.0,0.0,0.0,0.0,0.0,0.0,0.0,0.0,0.0,0.0,0.0,0.0,0.0,0.0,0.0,0.0,0.0,0.0,0.0,0.0,2025-10-08 17:50:39
3517,6,Ross Dwelley,DET,0.0,0.0,0.0,0.0,0.0,0.0,0.0,0.0,0.0,0.0,0.0,0.0,0.0,0.0,0.0,0.0,0.0,0.0,0.0,0.0,2025-10-08 17:50:39
3518,6,Stephen Carlson,CHI,0.0,0.0,0.0,0.0,0.0,0.0,0.0,0.0,0.0,0.0,0.0,0.0,0.0,0.0,0.0,0.0,0.0,0.0,0.0,0.0,2025-10-08 17:50:39
3519,6,Josh Whyle,GB,0.0,0.0,0.0,0.0,0.0,0.0,0.0,0.0,0.0,0.0,0.0,0.0,0.0,0.0,0.0,0.0,0.0,0.0,0.0,0.0,2025-10-08 17:50:39
3520,6,Moliki Matavao,NO,0.0,0.0,0.0,0.0,0.0,0.0,0.0,0.0,0.0,0.0,0.0,0.0,0.0,0.0,0.0,0.0,0.0,0.0,0.0,0.0,2025-10-08 17:50:39
3521,6,James Mitchell,CAR,0.0,0.0,0.0,0.0,0.0,0.0,0.0,0.0,0.0,0.0,0.0,0.0,0.0,0.0,0.0,0.0,0.0,0.0,0.0,0.0,2025-10-08 17:50:39
3522,6,Shane Zylstra,DET,0.0,0.0,0.0,0.0,0.0,0.0,0.0,0.0,0.0,0.0,0.0,0.0,0.0,0.0,0.0,0.0,0.0,0.0,0.0,0.0,2025-10-08 17:50:39
3523,6,Lucas Krull,DEN,0.0,0.0,0.0,0.0,0.0,0.0,0.0,0.0,0.0,0.0,0.0,0.0,0.0,0.0,0.0,0.0,0.0,0.0,0.0,0.0,2025-10-08 17:50:39
3524,6,Ko Kieft,TB,0.0,0.0,0.0,0.0,0.0,0.0,0.0,0.0,0.0,0.0,0.0,0.0,0.0,0.0,0.0,0.0,0.0,0.0,0.0,0.0,2025-10-08 17:50:39
3525,6,Brayden Willis,SF,0.0,0.0,0.0,0.0,0.0,0.0,0.0,0.0,0.0,0.0,0.0,0.0,0.0,0.0,0.0,0.0,0.0,0.0,0.0,0.0,2025-10-08 17:50:39
3526,6,John Stephens Jr.,DAL,0.0,0.0,0.0,0.0,0.0,0.0,0.0,0.0,0.0,0.0,0.0,0.0,0.0,0.0,0.0,0.0,0.0,0.0,0.0,0.0,2025-10-08 17:50:39
3527,6,Tip Reiman,ARI,0.0,0.0,0.0,0.0,0.0,0.0,0.0,0.0,0.0,0.0,0.0,0.0,0.0,0.0,0.0,0.0,0.0,0.0,0.0,0.0,2025-10-08 17:50:39
3528,6,David Martin-Robinson,TEN,0.0,0.0,0.0,0.0,0.0,0.0,0.0,0.0,0.0,0.0,0.0,0.0,0.0,0.0,0.0,0.0,0.0,0.0,0.0,0.0,2025-10-08 17:50:39
3529,6,Brandon Aubrey,DAL,0.0,0.0,0.0,0.0,0.0,0.0,0.0,0.0,0.0,0.0,0.0,0.0,0.0,0.0,0.0,0.0,0.0,0.0,0.0,9.1,2025-10-08 17:50:39
3530,6,Matt Prater,BUF,0.0,0.0,0.0,0.0,0.0,0.0,0.0,0.0,0.0,0.0,0.0,0.0,0.0,0.0,0.0,0.0,0.0,0.0,0.0,8.8,2025-10-08 17:50:39
3531,6,Brandon McManus,GB,0.0,0.0,0.0,0.0,0.0,0.0,0.0,0.0,0.0,0.0,0.0,0.0,0.0,0.0,0.0,0.0,0.0,0.0,0.0,8.8,2025-10-08 17:50:39
3532,6,Michael Badgley,IND,0.0,0.0,0.0,0.0,0.0,0.0,0.0,0.0,0.0,0.0,0.0,0.0,0.0,0.0,0.0,0.0,0.0,0.0,0.0,8.4,2025-10-08 17:50:39
3533,6,Cameron Dicker,LAC,0.0,0.0,0.0,0.0,0.0,0.0,0.0,0.0,0.0,0.0,0.0,0.0,0.0,0.0,0.0,0.0,0.0,0.0,0.0,8.4,2025-10-08 17:50:39
3534,6,Matt Gay,WAS,0.0,0.0,0.0,0.0,0.0,0.0,0.0,0.0,0.0,0.0,0.0,0.0,0.0,0.0,0.0,0.0,0.0,0.0,0.0,8.3,2025-10-08 17:50:39
3535,6,Wil Lutz,DEN,0.0,0.0,0.0,0.0,0.0,0.0,0.0,0.0,0.0,0.0,0.0,0.0,0.0,0.0,0.0,0.0,0.0,0.0,0.0,8.2,2025-10-08 17:50:39
3536,6,Chase McLaughlin,TB,0.0,0.0,0.0,0.0,0.0,0.0,0.0,0.0,0.0,0.0,0.0,0.0,0.0,0.0,0.0,0.0,0.0,0.0,0.0,8.2,2025-10-08 17:50:39
3537,6,Harrison Butker,KC,0.0,0.0,0.0,0.0,0.0,0.0,0.0,0.0,0.0,0.0,0.0,0.0,0.0,0.0,0.0,0.0,0.0,0.0,0.0,8.1,2025-10-08 17:50:39
3538,6,Daniel Carlson,LV,0.0,0.0,0.0,0.0,0.0,0.0,0.0,0.0,0.0,0.0,0.0,0.0,0.0,0.0,0.0,0.0,0.0,0.0,0.0,7.9,2025-10-08 17:50:39
3539,6,Jake Bates,DET,0.0,0.0,0.0,0.0,0.0,0.0,0.0,0.0,0.0,0.0,0.0,0.0,0.0,0.0,0.0,0.0,0.0,0.0,0.0,7.9,2025-10-08 17:50:39
3540,6,Joshua Karty,LAR,0.0,0.0,0.0,0.0,0.0,0.0,0.0,0.0,0.0,0.0,0.0,0.0,0.0,0.0,0.0,0.0,0.0,0.0,0.0,7.8,2025-10-08 17:50:39
3541,6,Jake Elliott,PHI,0.0,0.0,0.0,0.0,0.0,0.0,0.0,0.0,0.0,0.0,0.0,0.0,0.0,0.0,0.0,0.0,0.0,0.0,0.0,7.7,2025-10-08 17:50:39
3542,6,Eddy Pineiro,SF,0.0,0.0,0.0,0.0,0.0,0.0,0.0,0.0,0.0,0.0,0.0,0.0,0.0,0.0,0.0,0.0,0.0,0.0,0.0,7.7,2025-10-08 17:50:39
3543,6,Chris Boswell,PIT,0.0,0.0,0.0,0.0,0.0,0.0,0.0,0.0,0.0,0.0,0.0,0.0,0.0,0.0,0.0,0.0,0.0,0.0,0.0,7.6,2025-10-08 17:50:39
3544,6,Cam Little,JAC,0.0,0.0,0.0,0.0,0.0,0.0,0.0,0.0,0.0,0.0,0.0,0.0,0.0,0.0,0.0,0.0,0.0,0.0,0.0,7.4,2025-10-08 17:50:39
3545,6,Jason Myers,SEA,0.0,0.0,0.0,0.0,0.0,0.0,0.0,0.0,0.0,0.0,0.0,0.0,0.0,0.0,0.0,0.0,0.0,0.0,0.0,7.4,2025-10-08 17:50:39
3546,6,Cairo Santos,CHI,0.0,0.0,0.0,0.0,0.0,0.0,0.0,0.0,0.0,0.0,0.0,0.0,0.0,0.0,0.0,0.0,0.0,0.0,0.0,7.3,2025-10-08 17:50:39
3547,6,Parker Romo,ATL,0.0,0.0,0.0,0.0,0.0,0.0,0.0,0.0,0.0,0.0,0.0,0.0,0.0,0.0,0.0,0.0,0.0,0.0,0.0,7.1,2025-10-08 17:50:39
3548,6,Ryan Fitzgerald,CAR,0.0,0.0,0.0,0.0,0.0,0.0,0.0,0.0,0.0,0.0,0.0,0.0,0.0,0.0,0.0,0.0,0.0,0.0,0.0,7.1,2025-10-08 17:50:39
3549,6,Chad Ryland,ARI,0.0,0.0,0.0,0.0,0.0,0.0,0.0,0.0,0.0,0.0,0.0,0.0,0.0,0.0,0.0,0.0,0.0,0.0,0.0,7.0,2025-10-08 17:50:39
3550,6,Riley Patterson,MIA,0.0,0.0,0.0,0.0,0.0,0.0,0.0,0.0,0.0,0.0,0.0,0.0,0.0,0.0,0.0,0.0,0.0,0.0,0.0,6.8,2025-10-08 17:50:39
3551,6,Andy Borregales,NE,0.0,0.0,0.0,0.0,0.0,0.0,0.0,0.0,0.0,0.0,0.0,0.0,0.0,0.0,0.0,0.0,0.0,0.0,0.0,6.7,2025-10-08 17:50:39
3552,6,Nick Folk,NYJ,0.0,0.0,0.0,0.0,0.0,0.0,0.0,0.0,0.0,0.0,0.0,0.0,0.0,0.0,0.0,0.0,0.0,0.0,0.0,6.6,2025-10-08 17:50:39
3553,6,Joey Slye,TEN,0.0,0.0,0.0,0.0,0.0,0.0,0.0,0.0,0.0,0.0,0.0,0.0,0.0,0.0,0.0,0.0,0.0,0.0,0.0,6.6,2025-10-08 17:50:39
3554,6,Blake Grupe,NO,0.0,0.0,0.0,0.0,0.0,0.0,0.0,0.0,0.0,0.0,0.0,0.0,0.0,0.0,0.0,0.0,0.0,0.0,0.0,6.5,2025-10-08 17:50:39
3555,6,Tyler Loop,BAL,0.0,0.0,0.0,0.0,0.0,0.0,0.0,0.0,0.0,0.0,0.0,0.0,0.0,0.0,0.0,0.0,0.0,0.0,0.0,6.5,2025-10-08 17:50:39
3556,6,Evan McPherson,CIN,0.0,0.0,0.0,0.0,0.0,0.0,0.0,0.0,0.0,0.0,0.0,0.0,0.0,0.0,0.0,0.0,0.0,0.0,0.0,6.1,2025-10-08 17:50:39
3557,6,Andre Szmyt,CLE,0.0,0.0,0.0,0.0,0.0,0.0,0.0,0.0,0.0,0.0,0.0,0.0,0.0,0.0,0.0,0.0,0.0,0.0,0.0,5.6,2025-10-08 17:50:39
3558,6,Jude McAtamney,NYG,0.0,0.0,0.0,0.0,0.0,0.0,0.0,0.0,0.0,0.0,0.0,0.0,0.0,0.0,0.0,0.0,0.0,0.0,0.0,5.5,2025-10-08 17:50:39
3559,6,Jason Sanders,MIA,0.0,0.0,0.0,0.0,0.0,0.0,0.0,0.0,0.0,0.0,0.0,0.0,0.0,0.0,0.0,0.0,0.0,0.0,0.0,4.1,2025-10-08 17:50:39
3560,6,Graham Gano,NYG,0.0,0.0,0.0,0.0,0.0,0.0,0.0,0.0,0.0,0.0,0.0,0.0,0.0,0.0,0.0,0.0,0.0,0.0,0.0,0.0,2025-10-08 17:50:39
3561,6,Younghoe Koo,NYG,0.0,0.0,0.0,0.0,0.0,0.0,0.0,0.0,0.0,0.0,0.0,0.0,0.0,0.0,0.0,0.0,0.0,0.0,0.0,0.0,2025-10-08 17:50:39
3562,6,Matthew Wright,TEN,0.0,0.0,0.0,0.0,0.0,0.0,0.0,0.0,0.0,0.0,0.0,0.0,0.0,0.0,0.0,0.0,0.0,0.0,0.0,0.0,2025-10-08 17:50:39
3563,6,Tyler Bass,BUF,0.0,0.0,0.0,0.0,0.0,0.0,0.0,0.0,0.0,0.0,0.0,0.0,0.0,0.0,0.0,0.0,0.0,0.0,0.0,0.0,2025-10-08 17:50:39
3564,6,Jake Moody,CHI,0.0,0.0,0.0,0.0,0.0,0.0,0.0,0.0,0.0,0.0,0.0,0.0,0.0,0.0,0.0,0.0,0.0,0.0,0.0,0.0,2025-10-08 17:50:39
3565,6,Broncos D/ST,Broncos D/ST,0.0,0.0,0.0,0.0,0.0,0.0,0.0,0.0,0.0,0.0,0.0,0.0,3.7,0.6,0.7,0.2,0.0,17.4,302.4,8.5,2025-10-08 17:50:39
3566,6,Steelers D/ST,Steelers D/ST,0.0,0.0,0.0,0.0,0.0,0.0,0.0,0.0,0.0,0.0,0.0,0.0,3.1,0.9,0.7,0.2,0.1,17.3,319.7,8.5,2025-10-08 17:50:39
3567,6,Packers D/ST,Packers D/ST,0.0,0.0,0.0,0.0,0.0,0.0,0.0,0.0,0.0,0.0,0.0,0.0,2.9,1.0,0.6,0.2,0.0,16.3,270.3,8.3,2025-10-08 17:50:39
3568,6,Eagles D/ST,Eagles D/ST,0.0,0.0,0.0,0.0,0.0,0.0,0.0,0.0,0.0,0.0,0.0,0.0,2.7,0.8,0.7,0.2,0.0,16.1,302.5,7.8,2025-10-08 17:50:39
3569,6,Raiders D/ST,Raiders D/ST,0.0,0.0,0.0,0.0,0.0,0.0,0.0,0.0,0.0,0.0,0.0,0.0,3.0,0.7,0.6,0.2,0.0,17.6,279.4,7.5,2025-10-08 17:50:39
3570,6,Rams D/ST,Rams D/ST,0.0,0.0,0.0,0.0,0.0,0.0,0.0,0.0,0.0,0.0,0.0,0.0,2.3,0.8,0.6,0.2,0.0,19.1,327.5,7.0,2025-10-08 17:50:39
3571,6,Commanders D/ST,Commanders D/ST,0.0,0.0,0.0,0.0,0.0,0.0,0.0,0.0,0.0,0.0,0.0,0.0,3.3,0.6,0.6,0.2,0.0,22.3,332.7,6.7,2025-10-08 17:50:39
3572,6,Patriots D/ST,Patriots D/ST,0.0,0.0,0.0,0.0,0.0,0.0,0.0,0.0,0.0,0.0,0.0,0.0,2.2,0.7,0.5,0.2,0.0,19.6,308.6,6.5,2025-10-08 17:50:39
3573,6,Saints D/ST,Saints D/ST,0.0,0.0,0.0,0.0,0.0,0.0,0.0,0.0,0.0,0.0,0.0,0.0,3.0,0.7,0.6,0.1,0.0,22.8,325.9,6.5,2025-10-08 17:50:39
3574,6,Colts D/ST,Colts D/ST,0.0,0.0,0.0,0.0,0.0,0.0,0.0,0.0,0.0,0.0,0.0,0.0,2.8,0.8,0.6,0.2,0.0,20.2,326.8,6.4,2025-10-08 17:50:39
3575,6,Dolphins D/ST,Dolphins D/ST,0.0,0.0,0.0,0.0,0.0,0.0,0.0,0.0,0.0,0.0,0.0,0.0,3.1,0.6,0.6,0.1,0.0,25.0,351.9,6.2,2025-10-08 17:50:39
3576,6,Buccaneers D/ST,Buccaneers D/ST,0.0,0.0,0.0,0.0,0.0,0.0,0.0,0.0,0.0,0.0,0.0,0.0,2.4,0.8,0.6,0.2,0.0,22.8,384.3,6.2,2025-10-08 17:50:39
3577,6,Titans D/ST,Titans D/ST,0.0,0.0,0.0,0.0,0.0,0.0,0.0,0.0,0.0,0.0,0.0,0.0,2.5,0.9,0.5,0.1,0.0,23.6,342.4,6.2,2025-10-08 17:50:39
3578,6,Chargers D/ST,Chargers D/ST,0.0,0.0,0.0,0.0,0.0,0.0,0.0,0.0,0.0,0.0,0.0,0.0,2.4,0.8,0.5,0.2,0.0,21.2,332.6,6.1,2025-10-08 17:50:39
3579,6,Bills D/ST,Bills D/ST,0.0,0.0,0.0,0.0,0.0,0.0,0.0,0.0,0.0,0.0,0.0,0.0,2.1,0.8,0.6,0.2,0.1,20.9,353.3,6.1,2025-10-08 17:50:39
3580,6,Jaguars D/ST,Jaguars D/ST,0.0,0.0,0.0,0.0,0.0,0.0,0.0,0.0,0.0,0.0,0.0,0.0,2.3,0.8,0.6,0.2,0.0,22.9,358.9,6.0,2025-10-08 17:50:39
3581,6,Cowboys D/ST,Cowboys D/ST,0.0,0.0,0.0,0.0,0.0,0.0,0.0,0.0,0.0,0.0,0.0,0.0,2.4,0.7,0.6,0.2,0.0,24.0,312.8,5.9,2025-10-08 17:50:39
3582,6,49ers D/ST,49ers D/ST,0.0,0.0,0.0,0.0,0.0,0.0,0.0,0.0,0.0,0.0,0.0,0.0,2.0,0.7,0.6,0.1,0.1,25.9,344.9,5.7,2025-10-08 17:50:39
3583,6,Giants D/ST,Giants D/ST,0.0,0.0,0.0,0.0,0.0,0.0,0.0,0.0,0.0,0.0,0.0,0.0,3.0,0.5,0.5,0.1,0.0,25.2,332.6,5.6,2025-10-08 17:50:39
3584,6,Lions D/ST,Lions D/ST,0.0,0.0,0.0,0.0,0.0,0.0,0.0,0.0,0.0,0.0,0.0,0.0,2.4,0.7,0.5,0.2,0.0,25.2,341.1,5.6,2025-10-08 17:50:39
3585,6,Browns D/ST,Browns D/ST,0.0,0.0,0.0,0.0,0.0,0.0,0.0,0.0,0.0,0.0,0.0,0.0,2.7,0.6,0.5,0.1,0.0,22.4,287.9,5.6,2025-10-08 17:50:39
3586,6,Seahawks D/ST,Seahawks D/ST,0.0,0.0,0.0,0.0,0.0,0.0,0.0,0.0,0.0,0.0,0.0,0.0,2.1,0.8,0.5,0.2,0.0,23.2,324.8,5.6,2025-10-08 17:50:39
3587,6,Chicago Bears,Chicago Bears,0.0,0.0,0.0,0.0,0.0,0.0,0.0,0.0,0.0,0.0,0.0,0.0,2.5,0.6,0.5,0.1,0.0,27.9,367.7,5.5,2025-10-08 17:50:39
3588,6,Chiefs D/ST,Chiefs D/ST,0.0,0.0,0.0,0.0,0.0,0.0,0.0,0.0,0.0,0.0,0.0,0.0,2.3,0.6,0.4,0.1,0.1,25.4,375.4,5.4,2025-10-08 17:50:39
3589,6,Cardinals D/ST,Cardinals D/ST,0.0,0.0,0.0,0.0,0.0,0.0,0.0,0.0,0.0,0.0,0.0,0.0,2.0,0.6,0.5,0.1,0.0,26.6,346.9,4.9,2025-10-08 17:50:39
3590,6,Ravens D/ST,Ravens D/ST,0.0,0.0,0.0,0.0,0.0,0.0,0.0,0.0,0.0,0.0,0.0,0.0,2.0,0.6,0.5,0.1,0.0,27.1,373.4,4.8,2025-10-08 17:50:39
3591,6,Panthers D/ST,Panthers D/ST,0.0,0.0,0.0,0.0,0.0,0.0,0.0,0.0,0.0,0.0,0.0,0.0,1.8,0.7,0.5,0.1,0.0,27.5,365.5,4.8,2025-10-08 17:50:39
3592,6,Jets D/ST,Jets D/ST,0.0,0.0,0.0,0.0,0.0,0.0,0.0,0.0,0.0,0.0,0.0,0.0,1.7,0.7,0.5,0.1,0.0,25.9,336.4,4.7,2025-10-08 17:50:39
3593,6,Bengals D/ST,Bengals D/ST,0.0,0.0,0.0,0.0,0.0,0.0,0.0,0.0,0.0,0.0,0.0,0.0,1.7,0.6,0.5,0.1,0.0,30.0,374.6,4.6,2025-10-08 17:50:39
3594,6,Falcons D/ST,Falcons D/ST,0.0,0.0,0.0,0.0,0.0,0.0,0.0,0.0,0.0,0.0,0.0,0.0,1.8,0.6,0.5,0.1,0.0,27.1,368.3,4.6,2025-10-08 17:50:39
