player_id,player_name,player_display_name,position,position_group,headshot_url,season,season_type,recent_team,games,completions,attempts,passing_yards,passing_tds,passing_interceptions,sacks_suffered,sack_yards_lost,sack_fumbles,sack_fumbles_lost,passing_air_yards,passing_yards_after_catch,passing_first_downs,passing_epa,passing_cpoe,passing_2pt_conversions,pacr,carries,rushing_yards,rushing_tds,rushing_fumbles,rushing_fumbles_lost,rushing_first_downs,rushing_epa,rushing_2pt_conversions,receptions,targets,receiving_yards,receiving_tds,receiving_fumbles,receiving_fumbles_lost,receiving_air_yards,receiving_yards_after_catch,receiving_first_downs,receiving_epa,receiving_2pt_conversions,racr,target_share,air_yards_share,wopr,special_teams_tds,def_tackles_solo,def_tackles_with_assist,def_tackle_assists,def_tackles_for_loss,def_tackles_for_loss_yards,def_fumbles_forced,def_sacks,def_sack_yards,def_qb_hits,def_interceptions,def_interception_yards,def_pass_defended,def_tds,def_fumbles,def_safeties,misc_yards,fumble_recovery_own,fumble_recovery_yards_own,fumble_recovery_opp,fumble_recovery_yards_opp,fumble_recovery_tds,penalties,penalty_yards,punt_returns,punt_return_yards,kickoff_returns,kickoff_return_yards,fg_made,fg_att,fg_missed,fg_blocked,fg_long,fg_pct,fg_made_0_19,fg_made_20_29,fg_made_30_39,fg_made_40_49,fg_made_50_59,fg_made_60_,fg_missed_0_19,fg_missed_20_29,fg_missed_30_39,fg_missed_40_49,fg_missed_50_59,fg_missed_60_,fg_made_list,fg_missed_list,fg_blocked_list,fg_made_distance,fg_missed_distance,fg_blocked_distance,pat_made,pat_att,pat_missed,pat_blocked,pat_pct,gwfg_made,gwfg_att,gwfg_missed,gwfg_blocked,gwfg_distance_list,fantasy_points,fantasy_points_ppr
00-0023459,A.Rodgers,Aaron Rodgers,QB,QB,"https://static.www.nfl.com/image/upload/f_auto,q_auto/league/dypvakakxhccxs67tb0y",2025,REG,PIT,10,192,289,1969,19,7,19,-121,1,0,1723,1285,85,8.52964993128855,1.1493676226504583,1,1.1427742309924551,14,26,0,1,0,2,-2.7481752712081633,0,0,0,0,0,0,0,0,0,0,NA,0,NA,0,0,0,0,0,0,0,0,0,0,0,0,0,0,0,0,0,0,0,0,1,1,0,0,0,1,10,0,0,0,0,0,0,0,0,NA,NA,0,0,0,0,0,0,0,0,0,0,0,0,NA,NA,NA,0,0,0,0,0,0,0,NA,0,0,0,0,NA,145.35999999999999,145.35999999999999
00-0023853,M.Prater,Matt Prater,K,SPEC,"https://static.www.nfl.com/image/upload/f_auto,q_auto/league/pj981bi535y4jwy6skr1",2025,REG,BUF,11,0,0,0,0,0,0,0,0,0,0,0,0,NA,NA,0,NA,0,0,0,0,0,0,NA,0,0,0,0,0,0,0,0,0,0,NA,0,NA,0,0,0,0,0,0,0,0,0,0,0,0,0,0,0,0,0,0,0,0,0,0,0,0,0,0,0,0,0,0,0,15,17,2,0,52,0.8823529411764706,0,2,6,6,1,0,0,0,1,0,1,0,25;43;32;28;52;33;48;35;31;45;45;43;39;44;38,39;52,NA,581,91,0,32,34,2,0,0.9411764705882353,1,1,0,0,32,0,0
00-0024243,M.Lewis,Marcedes Lewis,TE,TE,"https://static.www.nfl.com/image/private/f_auto,q_auto/league/ppq07tipygpftz5csipx",2025,REG,DEN,1,0,0,0,0,0,0,0,0,0,0,0,0,NA,NA,0,NA,0,0,0,0,0,0,NA,0,0,0,0,0,0,0,0,0,0,NA,0,NA,0,0,0,0,0,0,0,0,0,0,0,0,0,0,0,0,0,0,0,0,0,0,0,0,0,2,15,0,0,0,0,0,0,0,0,NA,NA,0,0,0,0,0,0,0,0,0,0,0,0,NA,NA,NA,0,0,0,0,0,0,0,NA,0,0,0,0,NA,0,0
00-0025565,N.Folk,Nick Folk,K,SPEC,"https://static.www.nfl.com/image/upload/f_auto,q_auto/league/qcfiv2cc7ky37yq9iklp",2025,REG,NYJ,11,0,0,0,0,0,0,0,0,0,0,0,0,NA,NA,0,NA,0,0,0,0,0,0,NA,0,0,0,0,0,0,0,0,0,0,NA,0,NA,0,0,0,0,0,0,0,0,0,0,0,0,0,0,0,0,0,0,0,0,0,0,0,0,0,0,0,0,0,0,0,20,20,0,0,58,1,0,4,5,6,5,0,0,0,0,0,0,0,35;51;51;38;42;58;50;25;48;52;41;38;34;47;46;25;24;26;37;42,NA,NA,810,0,0,15,15,0,0,1,0,0,0,0,NA,0,0
00-0026158,J.Flacco,Joe Flacco,QB,QB,"https://static.www.nfl.com/image/upload/f_auto,q_auto/league/vbqptn8emdlbeaz1kvmx",2025,REG,CIN,10,247,410,2451,15,10,18,-118,3,3,3028,1150,114,-39.47359481613551,-2.9264886939306636,2,0.809445178335535,16,31,1,0,0,7,3.772231804228922,0,0,0,0,0,0,0,0,0,0,NA,0,NA,0,0,0,0,0,0,0,0,0,0,0,0,0,0,0,0,0,0,0,0,0,0,0,0,0,1,10,0,0,0,0,0,0,0,0,NA,NA,0,0,0,0,0,0,0,0,0,0,0,0,NA,NA,NA,0,0,0,0,0,0,0,NA,0,0,0,0,NA,145.14000000000001,145.14000000000001
00-0026190,C.Campbell,Calais Campbell,DE,DL,"https://static.www.nfl.com/image/upload/f_auto,q_auto/league/juvpepl8uc1p9rs7upsf",2025,REG,ARI,11,0,0,0,0,0,0,0,0,0,0,0,0,NA,NA,0,NA,0,0,0,0,0,0,NA,0,0,0,0,0,0,0,0,0,0,NA,0,NA,0,0,0,0,16,2,12,8,47,0,5.5,42,14,0,0,2,0,0,0,0,0,0,0,0,0,1,15,0,0,0,0,0,0,0,0,NA,NA,0,0,0,0,0,0,0,0,0,0,0,0,NA,NA,NA,0,0,0,0,0,0,0,NA,0,0,0,0,NA,0,0
00-0026498,M.Stafford,Matthew Stafford,QB,QB,"https://static.www.nfl.com/image/upload/f_auto,q_auto/league/svxl2pk2cuqf26zrhii4",2025,REG,LA,11,248,373,2830,30,2,15,-98,1,1,3164,1093,148,91.1379739385075,2.856445427440085,0,0.8944374209860936,24,-9,0,3,1,3,-30.222097535879584,0,0,0,0,0,0,0,0,0,0,NA,0,NA,0,0,0,0,0,0,0,0,0,0,0,0,0,0,0,0,0,0,0,0,2,5,0,0,0,1,12,0,0,0,0,0,0,0,0,NA,NA,0,0,0,0,0,0,0,0,0,0,0,0,NA,NA,NA,0,0,0,0,0,0,0,NA,0,0,0,0,NA,224.29999999999998,224.29999999999998
00-0026858,G.Gano,Graham Gano,K,SPEC,"https://static.www.nfl.com/image/upload/f_auto,q_auto/league/wp5wochy7uuqcgyjcrrd",2025,REG,NYG,5,0,0,0,0,0,0,0,0,0,0,0,0,NA,NA,0,NA,0,0,0,0,0,0,NA,0,0,0,0,0,0,0,0,0,0,NA,0,NA,0,0,0,0,0,0,0,0,0,0,0,0,0,0,0,0,0,0,0,0,0,0,0,0,0,0,0,0,0,0,0,9,10,1,0,55,0.9,0,3,4,1,1,0,0,0,0,1,0,0,21;55;38;33;33;25;47;34;22,45,NA,308,45,0,9,9,0,0,1,0,0,0,0,NA,0,0
00-0027114,T.Morstead,Thomas Morstead,P,SPEC,"https://static.www.nfl.com/image/upload/f_auto,q_auto/league/uicxa9bwvrenvcwnoklm",2025,REG,SF,12,0,0,0,0,0,0,0,0,0,0,0,0,NA,NA,0,NA,0,0,0,0,0,0,NA,0,0,0,0,0,0,0,0,0,0,NA,0,NA,0,0,0,0,0,0,0,0,0,0,0,0,0,0,0,0,0,0,0,0,0,0,0,0,0,0,0,0,0,0,0,0,0,0,0,NA,NA,0,0,0,0,0,0,0,0,0,0,0,0,NA,NA,NA,0,0,0,0,0,0,0,NA,0,0,0,0,NA,0,0
00-0027224,J.Weeks,Jon Weeks,LS,SPEC,"https://static.www.nfl.com/image/upload/f_auto,q_auto/league/efqsxmef1aoqnw6co1au",2025,REG,SF,1,0,0,0,0,0,0,0,0,0,0,0,0,NA,NA,0,NA,0,0,0,0,0,0,NA,0,0,0,0,0,0,0,0,0,0,NA,0,NA,0,0,0,0,0,0,1,0,0,0,0,0,0,0,0,0,0,0,0,0,0,0,0,0,0,0,0,0,0,0,0,0,0,0,0,NA,NA,0,0,0,0,0,0,0,0,0,0,0,0,NA,NA,NA,0,0,0,0,0,0,0,NA,0,0,0,0,NA,0,0
00-0027857,T.Williams,Trent Williams,OT,OL,"https://static.www.nfl.com/image/upload/f_auto,q_auto/league/z3rgsbkzy0sripzunidx",2025,REG,SF,4,0,0,0,0,0,0,0,0,0,0,0,0,NA,NA,0,NA,0,0,0,0,0,0,NA,0,0,0,0,0,0,0,0,0,0,NA,0,NA,0,0,0,0,2,0,0,0,0,0,0,0,0,0,0,0,0,0,0,0,0,0,0,0,0,2,25,0,0,0,0,0,0,0,0,NA,NA,0,0,0,0,0,0,0,0,0,0,0,0,NA,NA,NA,0,0,0,0,0,0,0,NA,0,0,0,0,NA,0,0
00-0027940,V.Miller,Von Miller,OLB,LB,"https://static.www.nfl.com/image/upload/f_auto,q_auto/league/cqkgo6uw5ha7bjajkewf",2025,REG,WAS,8,0,0,0,0,0,0,0,0,0,0,0,0,NA,NA,0,NA,0,0,0,0,0,0,NA,0,0,0,0,0,0,0,0,0,0,NA,0,NA,0,0,0,0,7,0,6,3,17,0,5,32,9,0,0,0,0,0,0,0,0,0,0,0,0,1,4,0,0,0,0,0,0,0,0,NA,NA,0,0,0,0,0,0,0,0,0,0,0,0,NA,NA,NA,0,0,0,0,0,0,0,NA,0,0,0,0,NA,0,0
00-0027962,C.Jordan,Cameron Jordan,DE,DL,"https://static.www.nfl.com/image/upload/f_auto,q_auto/league/eauqz3xbdtl0wfoy71da",2025,REG,NO,11,0,0,0,0,0,0,0,0,0,0,0,0,NA,NA,0,NA,0,0,0,0,0,0,NA,0,0,0,0,0,0,0,0,0,0,NA,0,NA,0,0,0,0,15,2,8,7,42,1,4.5,38.5,6,0,0,1,0,1,0,0,0,0,1,1,0,0,0,0,0,0,0,0,0,0,0,NA,NA,0,0,0,0,0,0,0,0,0,0,0,0,NA,NA,NA,0,0,0,0,0,0,0,NA,0,0,0,0,NA,0,0
00-0027969,Ca.Heyward,Cameron Heyward,DT,DL,"https://static.www.nfl.com/image/upload/f_auto,q_auto/league/vfql05jp29d2pltrlwqz",2025,REG,PIT,11,0,0,0,0,0,0,0,0,0,0,0,0,NA,NA,0,NA,0,0,0,0,0,0,NA,0,0,0,0,0,0,0,0,0,0,NA,0,NA,0,0,0,0,16,1,26,3,8,1,1.5,4,5,0,0,6,0,0,0,0,0,0,0,0,0,2,10,0,0,0,0,0,0,0,0,NA,NA,0,0,0,0,0,0,0,0,0,0,0,0,NA,NA,NA,0,0,0,0,0,0,0,NA,0,0,0,0,NA,0,0
00-0027973,A.Dalton,Andy Dalton,QB,QB,"https://static.www.nfl.com/image/upload/f_auto,q_auto/league/nyjb97rajdqckaxsoniv",2025,REG,CAR,4,25,37,293,1,1,8,-54,1,1,348,90,17,-5.661670377857174,6.595920026302338,0,0.8419540229885057,5,-2,0,1,1,1,-8.659153220243752,0,0,0,0,0,0,0,0,0,0,NA,0,NA,0,0,0,0,0,0,1,0,0,0,0,0,0,0,0,0,0,0,0,0,1,1,0,0,0,0,0,0,0,0,0,0,0,0,0,NA,NA,0,0,0,0,0,0,0,0,0,0,0,0,NA,NA,NA,0,0,0,0,0,0,0,NA,0,0,0,0,NA,9.520000000000001,9.520000000000001
00-0028118,T.Taylor,Tyrod Taylor,QB,QB,"https://static.www.nfl.com/image/upload/f_auto,q_auto/league/nqpyumxuo0e9sitk0a0o",2025,REG,NYJ,4,60,97,601,4,4,12,-69,1,1,808,303,33,-5.984886328344917,0.6766765989283071,0,0.7438118811881188,19,99,0,0,0,6,1.329806735715076,0,0,0,0,0,0,0,0,0,0,NA,0,NA,0,0,0,0,0,0,0,0,0,0,0,0,0,0,0,0,0,0,0,0,0,0,0,0,0,0,0,0,0,0,0,0,0,0,0,NA,NA,0,0,0,0,0,0,0,0,0,0,0,0,NA,NA,NA,0,0,0,0,0,0,0,NA,0,0,0,0,NA,39.94,39.94
00-0028292,N.Bellore,Nick Bellore,LB,LB,"https://static.www.nfl.com/image/upload/f_auto,q_auto/league/wlj7zdf6h9p9dnhdtmih",2025,REG,WAS,5,0,0,0,0,0,0,0,0,0,0,0,0,NA,NA,0,NA,0,0,0,0,0,0,NA,0,0,0,0,0,0,0,0,0,0,NA,0,NA,0,0,0,0,3,0,5,0,0,1,0,0,0,0,0,0,0,0,0,0,0,0,0,0,0,0,0,0,0,0,0,0,0,0,0,NA,NA,0,0,0,0,0,0,0,0,0,0,0,0,NA,NA,NA,0,0,0,0,0,0,0,NA,0,0,0,0,NA,0,0
00-0028872,J.Hekker,Johnny Hekker,P,SPEC,"https://static.www.nfl.com/image/upload/f_auto,q_auto/league/qqxvnynrahubphl6gjvw",2025,REG,TEN,11,0,0,0,0,0,0,0,0,0,0,0,0,NA,NA,0,NA,0,0,0,0,0,0,NA,0,0,0,0,0,0,0,0,0,0,NA,0,NA,0,0,0,0,2,0,0,0,0,0,0,0,0,0,0,0,0,0,0,0,0,0,0,0,0,0,0,0,0,0,0,0,0,0,0,NA,NA,0,0,0,0,0,0,0,0,0,0,0,0,NA,NA,NA,0,0,0,0,0,0,0,NA,0,0,0,0,NA,0,0
00-0029008,C.Hughlett,Charley Hughlett,LS,SPEC,"https://static.www.nfl.com/image/upload/f_auto,q_auto/league/cowm2qllr7vpyktisnln",2025,REG,PHI,1,0,0,0,0,0,0,0,0,0,0,0,0,NA,NA,0,NA,0,0,0,0,0,0,NA,0,0,0,0,0,0,0,0,0,0,NA,0,NA,0,0,0,0,0,0,0,0,0,0,0,0,0,0,0,0,0,0,0,0,0,0,0,0,0,1,4,0,0,0,0,0,0,0,0,NA,NA,0,0,0,0,0,0,0,0,0,0,0,0,NA,NA,NA,0,0,0,0,0,0,0,NA,0,0,0,0,NA,0,0
00-0029255,B.Wagner,Bobby Wagner,MLB,LB,"https://static.www.nfl.com/image/upload/f_auto,q_auto/league/msulezmb9dk3klpgymoj",2025,REG,WAS,11,0,0,0,0,0,0,0,0,0,0,0,0,NA,NA,0,NA,0,0,0,0,0,0,NA,0,0,0,0,0,0,0,0,0,0,NA,0,NA,0,0,0,0,49,4,54,6,32,0,2,18,5,1,1,2,0,0,0,0,0,0,0,0,0,1,15,0,0,0,0,0,0,0,0,NA,NA,0,0,0,0,0,0,0,0,0,0,0,0,NA,NA,NA,0,0,0,0,0,0,0,NA,0,0,0,0,NA,0,0
00-0029263,R.Wilson,Russell Wilson,QB,QB,"https://static.www.nfl.com/image/upload/f_auto,q_auto/league/vkstxj0evgkjiycu4glc",2025,REG,NYG,6,69,119,831,3,3,10,-66,2,0,1058,376,32,-15.67645198924268,-1.4799695769581196,0,0.7854442344045368,18,106,0,1,0,6,-1.2863639157300102,0,0,0,0,0,0,0,0,0,0,NA,0,NA,0,0,0,0,0,0,0,0,0,0,0,0,0,0,0,0,0,0,0,0,2,2,0,0,0,1,10,0,0,0,0,0,0,0,0,NA,NA,0,0,0,0,0,0,0,0,0,0,0,0,NA,NA,NA,0,0,0,0,0,0,0,NA,0,0,0,0,NA,49.84,49.84
00-0029316,K.Beachum,Kelvin Beachum,OT,OL,"https://static.www.nfl.com/image/upload/f_auto,q_auto/league/dgul4jljoasida1h8tag",2025,REG,ARI,4,0,0,0,0,0,0,0,0,0,0,0,0,NA,NA,0,NA,0,0,0,0,0,0,NA,0,0,0,0,0,0,0,0,0,0,NA,0,NA,0,0,0,0,0,0,0,0,0,0,0,0,0,0,0,0,0,0,0,0,0,0,0,0,0,5,36,0,0,0,0,0,0,0,0,NA,NA,0,0,0,0,0,0,0,0,0,0,0,0,NA,NA,NA,0,0,0,0,0,0,0,NA,0,0,0,0,NA,0,0
00-0029562,L.David,Lavonte David,OLB,LB,"https://static.www.nfl.com/image/upload/f_auto,q_auto/league/gicyoxodiwdzvybrzddk",2025,REG,TB,11,0,0,0,0,0,0,0,0,0,0,0,0,NA,NA,0,NA,0,0,0,0,0,0,NA,0,0,0,0,0,0,0,0,0,0,NA,0,NA,0,0,0,0,36,2,40,7,25,1,2.5,18,5,1,3,2,0,0,0,0,0,0,1,1,0,1,4,0,0,0,0,0,0,0,0,NA,NA,0,0,0,0,0,0,0,0,0,0,0,0,NA,NA,NA,0,0,0,0,0,0,0,NA,0,0,0,0,NA,0,0
00-0029592,K.Zeitler,Kevin Zeitler,G,OL,"https://static.www.nfl.com/image/upload/f_auto,q_auto/league/nfb14plexvixmjo0p5ye",2025,REG,TEN,4,0,0,0,0,0,0,0,0,0,0,0,0,NA,NA,0,NA,0,0,0,0,0,0,NA,0,0,0,0,0,0,0,0,0,0,NA,0,NA,0,0,0,0,1,0,0,0,0,0,0,0,0,0,0,0,0,0,0,0,0,0,0,0,0,4,30,0,0,0,0,0,0,0,0,NA,NA,0,0,0,0,0,0,0,0,0,0,0,0,NA,NA,NA,0,0,0,0,0,0,0,NA,0,0,0,0,NA,0,0
00-0029604,K.Cousins,Kirk Cousins,QB,QB,"https://static.www.nfl.com/image/upload/f_auto,q_auto/league/hmdqr7gju0dciapvdjcv",2025,REG,ATL,4,48,75,449,2,1,4,-23,1,0,590,205,18,-16.12111514267528,-3.16464821217765,0,0.7610169491525424,5,9,0,0,0,2,0.5775392550858669,0,0,0,0,0,0,0,0,0,0,NA,0,NA,0,0,0,0,0,0,0,0,0,0,0,0,0,0,0,0,0,0,0,0,0,0,0,0,0,1,13,0,0,0,0,0,0,0,0,NA,NA,0,0,0,0,0,0,0,0,0,0,0,0,NA,NA,NA,0,0,0,0,0,0,0,NA,0,0,0,0,NA,24.86,24.86
00-0029606,H.Smith,Harrison Smith,FS,DB,"https://static.www.nfl.com/image/upload/f_auto,q_auto/league/kadw1bk0cxsarjrwbdrq",2025,REG,MIN,9,0,0,0,0,0,0,0,0,0,0,0,0,NA,NA,0,NA,0,0,0,0,0,0,NA,0,0,0,0,0,0,0,0,0,0,NA,0,NA,0,0,0,0,24,0,10,1,1,1,0,0,0,0,0,3,0,0,0,0,0,0,1,1,0,1,22,0,0,0,0,0,0,0,0,NA,NA,0,0,0,0,0,0,0,0,0,0,0,0,NA,NA,NA,0,0,0,0,0,0,0,NA,0,0,0,0,NA,0,0
00-0029607,D.Davis,Demario Davis,OLB,LB,"https://static.www.nfl.com/image/upload/f_auto,q_auto/league/fx9oohbyik0ibdlvyr8z",2025,REG,NO,11,0,0,0,0,0,0,0,0,0,0,0,0,NA,NA,0,NA,0,0,0,0,0,0,NA,0,0,0,0,0,0,0,0,0,0,NA,0,NA,0,0,0,0,45,3,54,5,10,2,0,0,1,0,0,2,0,0,0,0,0,0,1,1,0,2,17,0,0,0,0,0,0,0,0,NA,NA,0,0,0,0,0,0,0,0,0,0,0,0,NA,NA,NA,0,0,0,0,0,0,0,NA,0,0,0,0,NA,0,0
00-0029685,G.Van Roten,Greg Van Roten,G,OL,"https://static.www.nfl.com/image/upload/f_auto,q_auto/league/iey1sirxc8ggdt5yeunm",2025,REG,NYG,2,0,0,0,0,0,0,0,0,0,0,0,0,NA,NA,0,NA,0,0,0,0,0,0,NA,0,0,0,0,0,0,0,0,0,0,NA,0,NA,0,0,0,0,0,0,0,0,0,0,0,0,0,0,0,0,0,0,0,0,0,0,0,0,0,2,10,0,0,0,0,0,0,0,0,NA,NA,0,0,0,0,0,0,0,0,0,0,0,0,NA,NA,NA,0,0,0,0,0,0,0,NA,0,0,0,0,NA,0,0
00-0029692,B.Anger,Bryan Anger,P,SPEC,"https://static.www.nfl.com/image/upload/f_auto,q_auto/league/e1fozrp2fhprrkheqt0x",2025,REG,DAL,11,0,0,0,0,0,0,0,0,0,0,0,0,NA,NA,0,NA,0,0,0,0,0,0,NA,0,0,0,0,0,0,0,0,0,0,NA,0,NA,0,0,0,0,0,0,0,0,0,0,0,0,0,0,0,0,0,0,0,0,0,0,0,0,0,0,0,0,0,0,0,0,0,0,0,NA,NA,0,0,0,0,0,0,0,0,0,0,0,0,NA,NA,NA,0,0,0,0,0,0,0,NA,0,0,0,0,NA,0,0
00-0029714,A.DePaola,Andrew DePaola,LS,SPEC,"https://static.www.nfl.com/image/upload/f_auto,q_auto/league/jcrvuhkivwjhbqmzp5tm",2025,REG,MIN,1,0,0,0,0,0,0,0,0,0,0,0,0,NA,NA,0,NA,0,0,0,0,0,0,NA,0,0,0,0,0,0,0,0,0,0,NA,0,NA,0,0,0,0,0,0,1,0,0,0,0,0,0,0,0,0,0,0,0,0,0,0,0,0,0,0,0,0,0,0,0,0,0,0,0,NA,NA,0,0,0,0,0,0,0,0,0,0,0,0,NA,NA,NA,0,0,0,0,0,0,0,NA,0,0,0,0,NA,0,0
00-0029822,B.McManus,Brandon McManus,K,SPEC,"https://static.www.nfl.com/image/upload/f_auto,q_auto/league/qvwi9b1vfkn0wlmdl7ej",2025,REG,GB,8,0,0,0,0,0,0,0,0,0,0,0,0,NA,NA,0,NA,0,0,0,0,0,0,NA,0,0,0,0,0,0,0,0,0,0,NA,0,NA,0,0,0,0,2,0,0,0,0,0,0,0,0,0,0,0,0,0,0,0,0,0,0,0,0,0,0,0,0,0,0,14,20,5,1,56,0.7,0,4,6,2,2,0,0,0,0,3,1,1,34;38;22;56;39;53;34;28;25;49;27;32;30;40,48;57;44;43;64,43,507,256,43,18,19,0,1,0.9473684210526315,0,0,0,0,NA,0,0
00-0029892,K.Juszczyk,Kyle Juszczyk,FB,RB,"https://static.www.nfl.com/image/upload/f_auto,q_auto/league/qflumv1aag7yw9mgwpga",2025,REG,SF,12,0,0,0,0,0,0,0,0,0,0,0,0,NA,NA,0,NA,2,-3,0,0,0,0,-3.4974754005670547,0,18,21,160,1,0,0,84,92,7,6.408876730827615,0,1.9047619047619047,0.05172413793103448,0.02733485193621868,0.0967206032519048,0,1,0,1,0,0,0,0,0,0,0,0,0,0,0,0,0,0,0,0,0,0,0,0,0,0,0,0,0,0,0,0,NA,NA,0,0,0,0,0,0,0,0,0,0,0,0,NA,NA,NA,0,0,0,0,0,0,0,NA,0,0,0,0,NA,21.700000000000003,39.7
00-0030035,A.Thielen,Adam Thielen,WR,WR,"https://static.www.nfl.com/image/upload/f_auto,q_auto/league/pv6gajxtt6zhum2unnsl",2025,REG,MIN,9,0,0,0,0,0,0,0,0,0,0,0,0,NA,NA,0,NA,0,0,0,0,0,0,NA,0,8,18,69,0,0,0,145,10,6,1.9581305200555361,1,0.47586206896551725,0.055384615384615386,0.05182273052180129,0.11935283444218397,0,0,0,0,0,0,0,0,0,0,0,0,0,0,0,0,0,0,0,0,0,0,1,15,0,0,0,0,0,0,0,0,NA,NA,0,0,0,0,0,0,0,0,0,0,0,0,NA,NA,NA,0,0,0,0,0,0,0,NA,0,0,0,0,NA,8.9,16.9
00-0030061,Z.Ertz,Zach Ertz,TE,TE,"https://static.www.nfl.com/image/upload/f_auto,q_auto/league/xktmmeumuoglbuam75iz",2025,REG,WAS,11,0,0,0,0,0,0,0,0,0,0,0,0,NA,NA,0,NA,0,0,0,0,0,0,NA,0,39,57,387,4,1,0,517,82,19,5.983763819523698,1,0.7485493230174082,0.1958762886597938,0.20155945419103313,0.43490605092341394,0,1,0,0,0,0,0,0,0,0,0,0,0,0,0,0,0,0,0,0,0,0,5,25,0,0,0,0,0,0,0,0,NA,NA,0,0,0,0,0,0,0,0,0,0,0,0,NA,NA,NA,0,0,0,0,0,0,0,NA,0,0,0,0,NA,64.7,103.7
00-0030062,D.Slay,Darius Slay,CB,DB,"https://static.www.nfl.com/image/upload/f_auto,q_auto/league/r7dwifb7wrqvqj714dgh",2025,REG,PIT,10,0,0,0,0,0,0,0,0,0,0,0,0,NA,NA,0,NA,0,0,0,0,0,0,NA,0,0,0,0,0,0,0,0,0,0,NA,0,NA,0,0,0,0,28,0,8,1,1,0,0,0,0,0,0,3,0,0,0,0,0,0,1,1,0,0,0,0,0,0,0,0,0,0,0,NA,NA,0,0,0,0,0,0,0,0,0,0,0,0,NA,NA,NA,0,0,0,0,0,0,0,NA,0,0,0,0,NA,0,0
00-0030070,J.Jenkins,John Jenkins,DT,DL,"https://static.www.nfl.com/image/upload/f_auto,q_auto/league/cgamzernsuzy7zamg3rx",2025,REG,BAL,10,0,0,0,0,0,0,0,0,0,0,0,0,NA,NA,0,NA,0,0,0,0,0,0,NA,0,0,0,0,0,0,0,0,0,0,NA,0,NA,0,0,0,0,11,0,15,2,10,1,1,9,1,0,0,1,0,0,0,0,0,0,1,1,0,0,0,0,0,0,0,0,0,0,0,NA,NA,0,0,0,0,0,0,0,0,0,0,0,0,NA,NA,NA,0,0,0,0,0,0,0,NA,0,0,0,0,NA,0,0
00-0030092,S.Martin,Sam Martin,P,SPEC,"https://static.www.nfl.com/image/upload/f_auto,q_auto/league/hkewwfpluyhrcdgquthf",2025,REG,CAR,12,0,0,0,0,0,0,0,0,0,0,0,0,NA,NA,0,NA,0,0,0,0,0,0,NA,0,0,0,0,0,0,0,0,0,0,NA,0,NA,0,0,0,0,1,0,0,0,0,0,0,0,0,0,0,0,0,0,0,0,0,0,0,0,0,0,0,0,0,0,0,0,0,0,0,NA,NA,0,0,0,0,0,0,0,0,0,0,0,0,NA,NA,NA,0,0,0,0,0,0,0,NA,0,0,0,0,NA,0,0
00-0030114,J.Poyer,Jordan Poyer,FS,DB,"https://static.www.nfl.com/image/upload/f_auto,q_auto/league/jhigvtvtb3jielxsxiyl",2025,REG,BUF,6,0,0,0,0,0,0,0,0,0,0,0,0,NA,NA,0,NA,0,0,0,0,0,0,NA,0,0,0,0,0,0,0,0,0,0,NA,0,NA,0,0,0,0,15,0,25,0,0,0,0,0,0,0,0,2,0,0,0,0,0,0,0,0,0,1,5,0,0,0,0,0,0,0,0,NA,NA,0,0,0,0,0,0,0,0,0,0,0,0,NA,NA,NA,0,0,0,0,0,0,0,NA,0,0,0,0,NA,0,0
00-0030140,T.Way,Tress Way,P,SPEC,"https://static.www.nfl.com/image/upload/f_auto,q_auto/league/c9oijuzo666bwebj9yuj",2025,REG,WAS,11,0,0,0,0,0,0,0,0,0,0,0,0,NA,NA,0,NA,0,0,0,0,0,0,NA,0,0,0,0,0,0,0,0,0,0,NA,0,NA,0,0,0,0,0,0,0,0,0,0,0,0,0,0,0,0,0,0,0,0,0,0,0,0,0,0,0,0,0,0,0,0,0,0,0,NA,NA,0,0,0,0,0,0,0,0,0,0,0,0,NA,NA,NA,0,0,0,0,0,0,0,NA,0,0,0,0,NA,0,0
00-0030279,K.Allen,Keenan Allen,WR,WR,"https://static.www.nfl.com/image/upload/f_auto,q_auto/league/ri267r6lzfwarh89hsn6",2025,REG,LAC,11,0,0,0,0,0,0,0,0,0,0,0,0,NA,NA,0,NA,0,0,0,0,0,0,NA,0,56,86,592,4,1,0,738,175,36,28.92088519444532,0,0.8021680216802168,0.22811671087533156,0.2514480408858603,0.5181886949330995,0,3,0,0,0,0,0,0,0,0,0,0,0,0,0,0,0,1,1,0,0,0,0,0,0,0,0,0,0,0,0,0,NA,NA,0,0,0,0,0,0,0,0,0,0,0,0,NA,NA,NA,0,0,0,0,0,0,0,NA,0,0,0,0,NA,83.2,139.2
00-0030294,T.Jefferson,Tony Jefferson,S,DB,"https://static.www.nfl.com/image/upload/f_auto,q_auto/league/cbeyyjp0frs1gi1g8e3i",2025,REG,LAC,6,0,0,0,0,0,0,0,0,0,0,0,0,NA,NA,0,NA,0,0,0,0,0,0,NA,0,0,0,0,0,0,0,0,0,0,NA,0,NA,0,0,0,0,15,0,9,0,0,0,0,0,0,2,2,4,0,0,0,0,0,0,0,0,0,0,0,0,0,0,0,0,0,0,0,NA,NA,0,0,0,0,0,0,0,0,0,0,0,0,NA,NA,NA,0,0,0,0,0,0,0,NA,0,0,0,0,NA,0,0
00-0030506,T.Kelce,Travis Kelce,TE,TE,"https://static.www.nfl.com/image/upload/f_auto,q_auto/league/ebc5j60djpinc9elvlc5",2025,REG,KC,11,0,0,0,0,0,0,0,0,0,0,0,0,NA,NA,0,NA,1,1,0,0,0,1,-1.8751907240366563,0,54,72,674,4,0,0,458,354,35,38.105400963268735,1,1.4716157205240175,0.18652849740932642,0.13849410341699425,0.37673861850588564,0,0,0,1,0,0,0,0,0,0,0,0,0,0,0,0,0,0,0,0,0,0,1,3,0,0,0,0,0,0,0,0,NA,NA,0,0,0,0,0,0,0,0,0,0,0,0,NA,NA,NA,0,0,0,0,0,0,0,NA,0,0,0,0,NA,93.5,147.5
00-0030561,L.Johnson,Lane Johnson,OT,OL,"https://static.www.nfl.com/image/upload/f_auto,q_auto/league/ukibsn5yxozyzompfbxm",2025,REG,PHI,4,0,0,0,0,0,0,0,0,0,0,0,0,NA,NA,0,NA,0,0,0,0,0,0,NA,0,0,0,0,0,0,0,0,0,0,NA,0,NA,0,0,0,0,1,0,0,0,0,0,0,0,0,0,0,0,0,0,0,0,0,0,0,0,0,3,25,0,0,0,0,0,0,0,0,NA,NA,0,0,0,0,0,0,0,0,0,0,0,0,NA,NA,NA,0,0,0,0,0,0,0,NA,0,0,0,0,NA,0,0
00-0030564,D.Hopkins,DeAndre Hopkins,WR,WR,"https://static.www.nfl.com/image/upload/f_auto,q_auto/league/snvo6holyfdjmrlqxqxu",2025,REG,BAL,11,0,0,0,0,0,0,0,0,0,0,0,0,NA,NA,0,NA,0,0,0,0,0,0,NA,0,15,26,232,2,0,0,378,34,10,10.225289853970995,0,0.6137566137566137,0.09454545454545454,0.16973506960035922,0.2606327305384333,0,0,0,0,0,0,0,0,0,0,0,0,0,0,0,0,0,0,0,0,0,0,0,0,0,0,0,0,0,0,0,0,NA,NA,0,0,0,0,0,0,0,0,0,0,0,0,NA,NA,NA,0,0,0,0,0,0,0,NA,0,0,0,0,NA,35.2,50.2
00-0030565,G.Smith,Geno Smith,QB,QB,"https://static.www.nfl.com/image/upload/f_auto,q_auto/league/tqy0933vz5yogwlefb1s",2025,REG,LV,11,235,353,2367,13,13,41,-291,2,1,2195,1378,117,-64.9534757284054,-1.0781782076639268,1,1.078359908883827,37,110,0,1,0,14,0.5465151978132781,0,0,0,0,0,0,0,0,0,0,NA,0,NA,0,0,0,0,0,0,0,0,0,0,0,0,0,0,0,0,0,0,0,0,2,3,0,0,0,1,13,0,0,0,0,0,0,0,0,NA,NA,0,0,0,0,0,0,0,0,0,0,0,0,NA,NA,NA,0,0,0,0,0,0,0,NA,0,0,0,0,NA,131.68,131.68
00-0030615,J.Winchester,James Winchester,LS,SPEC,"https://static.www.nfl.com/image/upload/f_auto,q_auto/league/qw1jmfvcpwxx12cewfqg",2025,REG,KC,2,0,0,0,0,0,0,0,0,0,0,0,0,NA,NA,0,NA,0,0,0,0,0,0,NA,0,0,0,0,0,0,0,0,0,0,NA,0,NA,0,0,0,0,2,0,0,0,0,0,0,0,0,0,0,0,0,0,0,0,0,0,0,0,0,0,0,0,0,0,0,0,0,0,0,NA,NA,0,0,0,0,0,0,0,0,0,0,0,0,NA,NA,NA,0,0,0,0,0,0,0,NA,0,0,0,0,NA,0,0
00-0030725,C.Lucas,Cornelius Lucas,OT,OL,"https://static.www.nfl.com/image/upload/f_auto,q_auto/league/ii9b9lb3szz5vehvqh5a",2025,REG,CLE,2,0,0,0,0,0,0,0,0,0,0,0,0,NA,NA,0,NA,0,0,0,0,0,0,NA,0,0,0,0,0,0,0,0,0,0,NA,0,NA,0,0,0,0,0,0,0,0,0,0,0,0,0,0,0,0,0,0,0,0,0,0,0,0,0,2,15,0,0,0,0,0,0,0,0,NA,NA,0,0,0,0,0,0,0,0,0,0,0,0,NA,NA,NA,0,0,0,0,0,0,0,NA,0,0,0,0,NA,0,0
00-0030757,M.Pennel,Mike Pennel,DT,DL,"https://static.www.nfl.com/image/upload/f_auto,q_auto/league/ezpbko1gvvdrrtqhkhnu",2025,REG,KC,9,0,0,0,0,0,0,0,0,0,0,0,0,NA,NA,0,NA,0,0,0,0,0,0,NA,0,0,0,0,0,0,0,0,0,0,NA,0,NA,0,0,0,0,4,1,14,1,1,0,0,0,0,0,0,0,0,0,0,0,0,0,0,0,0,0,0,0,0,0,0,0,0,0,0,NA,NA,0,0,0,0,0,0,0,0,0,0,0,0,NA,NA,NA,0,0,0,0,0,0,0,NA,0,0,0,0,NA,0,0
00-0031040,K.Mack,Khalil Mack,OLB,LB,"https://static.www.nfl.com/image/upload/f_auto,q_auto/league/jzqh3otccfpx2aue7xys",2025,REG,LAC,7,0,0,0,0,0,0,0,0,0,0,0,0,NA,NA,0,NA,0,0,0,0,0,0,NA,0,0,0,0,0,0,0,0,0,0,NA,0,NA,0,0,0,0,12,0,2,4,30,2,4,30,5,0,0,0,0,0,1,0,0,0,0,0,0,0,0,0,0,0,0,0,0,0,0,NA,NA,0,0,0,0,0,0,0,0,0,0,0,0,NA,NA,NA,0,0,0,0,0,0,0,NA,0,0,0,0,NA,0,0
00-0031054,D.Jones,DaQuan Jones,DT,DL,"https://static.www.nfl.com/image/upload/f_auto,q_auto/league/w7qkicdj6v0figbmfp0u",2025,REG,BUF,8,0,0,0,0,0,0,0,0,0,0,0,0,NA,NA,0,NA,0,0,0,0,0,0,NA,0,0,0,0,0,0,0,0,0,0,NA,0,NA,0,0,0,0,5,1,7,3,11,1,3,8,6,0,0,1,0,0,0,0,0,0,0,0,0,0,0,0,0,0,0,0,0,0,0,NA,NA,0,0,0,0,0,0,0,0,0,0,0,0,NA,NA,NA,0,0,0,0,0,0,0,NA,0,0,0,0,NA,0,0
00-0031079,P.O'Donnell,Pat O'Donnell,P,SPEC,"https://static.www.nfl.com/image/upload/f_auto,q_auto/league/kputu02pppmvb69bkdfg",2025,REG,ARI,5,0,0,0,0,0,0,0,0,0,0,0,0,NA,NA,0,NA,0,0,0,0,0,0,NA,0,0,0,0,0,0,0,0,0,0,NA,0,NA,0,0,0,0,0,0,0,0,0,0,0,0,0,0,0,0,0,0,0,0,0,0,0,0,0,0,0,0,0,0,0,0,0,0,0,NA,NA,0,0,0,0,0,0,0,0,0,0,0,0,NA,NA,NA,0,0,0,0,0,0,0,NA,0,0,0,0,NA,0,0
00-0031136,C.Boswell,Chris Boswell,K,SPEC,"https://static.www.nfl.com/image/upload/f_auto,q_auto/league/rxbnhvnfjmheuryvdmuf",2025,REG,PIT,11,0,0,0,0,0,0,0,0,0,0,0,0,NA,NA,0,NA,0,0,0,0,0,0,NA,0,0,0,0,0,0,0,0,0,0,NA,0,NA,0,0,0,0,1,0,0,0,0,0,0,0,0,0,0,0,0,0,0,0,0,0,0,0,0,1,0,0,0,0,0,19,22,2,1,60,0.8636363636363636,0,2,2,8,6,0,0,0,0,1,1,0,56;60;48;48;45;33;44;50;48;41;56;50;48;56;25;46;59;25;30,54;45,30,868,99,30,29,29,0,0,1,0,0,0,0,NA,0,0
00-0031156,T.Ott,Tyler Ott,LS,SPEC,"https://static.www.nfl.com/image/upload/f_auto,q_auto/league/ppnihdnetdwuoapsyrnn",2025,REG,WAS,1,0,0,0,0,0,0,0,0,0,0,0,0,NA,NA,0,NA,0,0,0,0,0,0,NA,0,0,0,0,0,0,0,0,0,0,NA,0,NA,0,0,0,0,0,0,0,0,0,0,0,0,0,0,0,0,0,0,0,0,0,0,0,0,0,1,5,0,0,0,0,0,0,0,0,NA,NA,0,0,0,0,0,0,0,0,0,0,0,0,NA,NA,NA,0,0,0,0,0,0,0,NA,0,0,0,0,NA,0,0
00-0031177,B.Urban,Brent Urban,DE,DL,"https://static.www.nfl.com/image/upload/f_auto,q_auto/league/acp4qzscazxskq9efwnf",2025,REG,BAL,6,0,0,0,0,0,0,0,0,0,0,0,0,NA,NA,0,NA,0,0,0,0,0,0,NA,0,0,0,0,0,0,0,0,0,0,NA,0,NA,0,0,0,0,4,0,9,3,10,0,0.5,3,2,0,0,0,0,0,0,0,0,0,0,0,0,0,0,0,0,0,0,0,0,0,0,NA,NA,0,0,0,0,0,0,0,0,0,0,0,0,NA,NA,NA,0,0,0,0,0,0,0,NA,0,0,0,0,NA,0,0
00-0031203,C.Santos,Cairo Santos,K,SPEC,"https://static.www.nfl.com/image/upload/f_auto,q_auto/league/w5mfvjfuflbitwuji1yx",2025,REG,CHI,9,0,0,0,0,0,0,0,0,0,0,0,0,NA,NA,0,NA,0,0,0,0,0,0,NA,0,0,0,0,0,0,0,0,0,0,NA,0,NA,0,0,0,0,0,0,0,0,0,0,0,0,0,0,0,0,0,0,0,0,0,0,0,0,0,1,0,0,0,0,0,17,21,3,1,54,0.8095238095238095,0,2,6,6,3,0,0,0,0,1,2,0,42;30;46;43;52;51;32;39;47;24;36;22;38;54;33;48;47,50;58;45,47,684,153,47,25,25,0,0,1,1,1,0,0,48,0,0
00-0031236,B.Cooks,Brandin Cooks,WR,WR,"https://static.www.nfl.com/image/upload/f_auto,q_auto/league/krz3gv9jjs92arlctvqf",2025,REG,NO,9,0,0,0,0,0,0,0,0,0,0,0,0,NA,NA,0,NA,0,0,0,0,0,0,NA,0,19,25,165,0,0,0,231,37,10,9.8277475598671309,0,0.7142857142857143,0.06720430107526881,0.07437218287186091,0.15286697962320586,0,0,0,0,0,0,0,0,0,0,0,0,0,0,0,0,0,0,0,0,0,0,0,0,0,0,0,0,0,0,0,0,NA,NA,0,0,0,0,0,0,0,0,0,0,0,0,NA,NA,NA,0,0,0,0,0,0,0,NA,0,0,0,0,NA,16.5,35.5
00-0031237,T.Bridgewater,Teddy Bridgewater,QB,QB,"https://static.www.nfl.com/image/upload/f_auto,q_auto/league/wggyfg1dgyiwcgxafoen",2025,REG,TB,3,8,15,62,0,0,2,-21,0,0,98,52,2,-12.498526949668303,-16.29420667886734,0,0.6326530612244898,3,4,0,0,0,0,-0.018806083593517542,0,0,0,0,0,0,0,0,0,0,NA,0,NA,0,0,0,0,0,0,0,0,0,0,0,0,0,0,0,0,0,0,0,0,0,0,0,0,0,0,0,0,0,0,0,0,0,0,0,NA,NA,0,0,0,0,0,0,0,0,0,0,0,0,NA,NA,NA,0,0,0,0,0,0,0,NA,0,0,0,0,NA,2.88,2.88
00-0031254,D.Autry,Denico Autry,DT,DL,"https://static.www.nfl.com/image/upload/f_auto,q_auto/league/avrrswmjrzes0ggi3bsg",2025,REG,HOU,4,0,0,0,0,0,0,0,0,0,0,0,0,NA,NA,0,NA,0,0,0,0,0,0,NA,0,0,0,0,0,0,0,0,0,0,NA,0,NA,0,0,0,0,3,0,0,1,8,0,1,8,1,0,0,1,0,0,0,0,0,0,0,0,0,2,20,0,0,0,0,0,0,0,0,NA,NA,0,0,0,0,0,0,0,0,0,0,0,0,NA,NA,NA,0,0,0,0,0,0,0,NA,0,0,0,0,NA,0,0
00-0031270,S.Harris,Shelby Harris,DT,DL,"https://static.www.nfl.com/image/upload/f_auto,q_auto/league/r1lxhltzhpkmfdocupum",2025,REG,CLE,11,0,0,0,0,0,0,0,0,0,0,0,0,NA,NA,0,NA,0,0,0,0,0,0,NA,0,0,0,0,0,0,0,0,0,0,NA,0,NA,0,0,0,0,4,3,10,5,15,0,0.5,1.5,3,0,0,2,0,0,0,0,0,0,0,0,0,3,32,0,0,0,0,0,0,0,0,NA,NA,0,0,0,0,0,0,0,0,0,0,0,0,NA,NA,NA,0,0,0,0,0,0,0,NA,0,0,0,0,NA,0,0
00-0031279,J.Matthews,Jake Matthews,OT,OL,"https://static.www.nfl.com/image/upload/f_auto,q_auto/league/erhayhjdrny0fua2nizx",2025,REG,ATL,4,0,0,0,0,0,0,0,0,0,0,0,0,NA,NA,0,NA,0,0,0,0,0,0,NA,0,0,0,0,0,0,0,0,0,0,NA,0,NA,0,0,0,0,0,0,1,0,0,0,0,0,0,0,0,0,0,0,0,0,0,0,0,0,0,5,30,0,0,0,0,0,0,0,0,NA,NA,0,0,0,0,0,0,0,0,0,0,0,0,NA,NA,NA,0,0,0,0,0,0,0,NA,0,0,0,0,NA,0,0
00-0031330,M.Moses,Morgan Moses,OT,OL,"https://static.www.nfl.com/image/upload/f_auto,q_auto/league/qbq088iyxz81xdpdcnx0",2025,REG,NE,3,0,0,0,0,0,0,0,0,0,0,0,0,NA,NA,0,NA,0,0,0,0,0,0,NA,0,0,0,0,0,0,0,0,0,0,NA,0,NA,0,0,0,0,0,0,0,0,0,0,0,0,0,0,0,0,0,0,0,0,0,0,0,0,0,5,25,0,0,0,0,0,0,0,0,NA,NA,0,0,0,0,0,0,0,0,0,0,0,0,NA,NA,NA,0,0,0,0,0,0,0,NA,0,0,0,0,NA,0,0
00-0031345,J.Garoppolo,Jimmy Garoppolo,QB,QB,"https://static.www.nfl.com/image/upload/f_auto,q_auto/league/ivz3zwvjxvgcu4dzabur",2025,REG,LA,1,0,0,0,0,0,0,0,0,0,0,0,0,NA,NA,0,NA,3,-3,0,0,0,0,0,0,0,0,0,0,0,0,0,0,0,NA,0,NA,0,0,0,0,0,0,0,0,0,0,0,0,0,0,0,0,0,0,0,0,0,0,0,0,0,0,0,0,0,0,0,0,0,0,0,NA,NA,0,0,0,0,0,0,0,0,0,0,0,0,NA,NA,NA,0,0,0,0,0,0,0,NA,0,0,0,0,NA,-0.30000000000000004,-0.30000000000000004
00-0031357,C.Goodwin,C.J. Goodwin,CB,DB,"https://static.www.nfl.com/image/upload/f_auto,q_auto/league/txvnf4ecxcgg5heclsit",2025,REG,DAL,8,0,0,0,0,0,0,0,0,0,0,0,0,NA,NA,0,NA,0,0,0,0,0,0,NA,0,0,0,0,0,0,0,0,0,0,NA,0,NA,0,0,0,0,6,0,6,0,0,0,0,0,0,0,0,0,0,0,0,0,0,0,0,0,0,1,5,0,0,0,0,0,0,0,0,NA,NA,0,0,0,0,0,0,0,0,0,0,0,0,NA,NA,NA,0,0,0,0,0,0,0,NA,0,0,0,0,NA,0,0
00-0031360,K.Van Noy,Kyle Van Noy,MLB,LB,"https://static.www.nfl.com/image/upload/f_auto,q_auto/league/kxj2hipcguahh4l60vaa",2025,REG,BAL,9,0,0,0,0,0,0,0,0,0,0,0,0,NA,NA,0,NA,0,0,0,0,0,0,NA,0,0,0,0,0,0,0,0,0,0,NA,0,NA,0,0,0,0,8,0,5,4,18,0,2,15,7,0,0,1,0,0,0,0,0,0,0,0,0,1,5,0,0,0,0,0,0,0,0,NA,NA,0,0,0,0,0,0,0,0,0,0,0,0,NA,NA,NA,0,0,0,0,0,0,0,NA,0,0,0,0,NA,0,0
00-0031364,J.Clowney,Jadeveon Clowney,OLB,LB,"https://static.www.nfl.com/image/upload/f_auto,q_auto/league/iururnv6x8iuzepggwvt",2025,REG,DAL,8,0,0,0,0,0,0,0,0,0,0,0,0,NA,NA,0,NA,0,0,0,0,0,0,NA,0,0,0,0,0,0,0,0,0,0,NA,0,NA,0,0,0,0,10,0,11,3,14,0,2,10,2,0,0,3,0,0,0,0,0,0,1,1,0,3,15,0,0,0,0,0,0,0,0,NA,NA,0,0,0,0,0,0,0,0,0,0,0,0,NA,NA,NA,0,0,0,0,0,0,0,NA,0,0,0,0,NA,0,0
00-0031381,D.Adams,Davante Adams,WR,WR,"https://static.www.nfl.com/image/upload/f_auto,q_auto/league/qtonvcqpixixqhc6lhnc",2025,REG,LA,11,0,0,0,0,0,0,0,0,0,0,0,0,NA,NA,0,NA,0,0,0,0,0,0,NA,0,48,94,631,12,0,0,1176,91,40,18.56207944932479,0,0.5365646258503401,0.25824175824175827,0.37168141592920356,0.6475396285130799,0,1,0,0,0,0,0,0,0,0,0,0,0,0,0,0,0,0,0,0,0,0,0,0,0,0,0,0,0,0,0,0,NA,NA,0,0,0,0,0,0,0,0,0,0,0,0,NA,NA,NA,0,0,0,0,0,0,0,NA,0,0,0,0,NA,135.1,183.1
00-0031408,M.Evans,Mike Evans,WR,WR,"https://static.www.nfl.com/image/upload/f_auto,q_auto/league/yaxorbdsvk1ucfuiyrkj",2025,REG,TB,4,0,0,0,0,0,0,0,0,0,0,0,0,NA,NA,0,NA,0,0,0,0,0,0,NA,0,14,32,140,1,0,0,430,18,10,0.16793681125989401,0,0.32558139534883723,0.08791208791208792,0.14079895219384414,0.23042739840382276,0,0,0,0,0,0,0,0,0,0,0,0,0,0,0,0,0,0,0,0,0,0,2,20,0,0,0,0,0,0,0,0,NA,NA,0,0,0,0,0,0,0,0,0,0,0,0,NA,NA,NA,0,0,0,0,0,0,0,NA,0,0,0,0,NA,20,34
00-0031411,D.Lawrence,DeMarcus Lawrence,DE,DL,"https://static.www.nfl.com/image/upload/f_auto,q_auto/league/dqcbiti9q92w9uawqxom",2025,REG,SEA,10,0,0,0,0,0,0,0,0,0,0,0,0,NA,NA,0,NA,0,0,0,0,0,0,NA,0,0,0,0,0,0,0,0,0,0,NA,0,NA,0,0,0,0,10,1,18,8,32,0,4,25,14,0,0,0,0,0,0,8,0,0,2,2,2,1,15,0,0,0,0,0,0,0,0,NA,NA,0,0,0,0,0,0,0,0,0,0,0,0,NA,NA,NA,0,0,0,0,0,0,0,NA,0,0,0,0,NA,0,0
00-0031426,J.Bitonio,Joel Bitonio,G,OL,"https://static.www.nfl.com/image/upload/f_auto,q_auto/league/il9yy0bjrowrwhxk9ard",2025,REG,CLE,1,0,0,0,0,0,0,0,0,0,0,0,0,NA,NA,0,NA,0,0,0,0,0,0,NA,0,0,0,0,0,0,0,0,0,0,NA,0,NA,0,0,0,0,1,0,0,0,0,0,0,0,0,0,0,0,0,0,0,0,0,0,0,0,0,0,0,0,0,0,0,0,0,0,0,NA,NA,0,0,0,0,0,0,0,0,0,0,0,0,NA,NA,NA,0,0,0,0,0,0,0,NA,0,0,0,0,NA,0,0
00-0031484,C.Manhertz,Chris Manhertz,TE,TE,"https://static.www.nfl.com/image/upload/f_auto,q_auto/league/azx76rspzgxfogsqhxet",2025,REG,NYG,2,0,0,0,0,0,0,0,0,0,0,0,0,NA,NA,0,NA,0,0,0,0,0,0,NA,0,1,1,7,0,0,0,1,6,0,0.41485402529360726,0,7,0.0027100271002710027,2.9120559114735004e-4,0.004268884564209648,0,1,0,1,0,0,0,0,0,0,0,0,0,0,0,0,0,0,0,0,0,0,0,0,0,0,0,0,0,0,0,0,NA,NA,0,0,0,0,0,0,0,0,0,0,0,0,NA,NA,NA,0,0,0,0,0,0,0,NA,0,0,0,0,NA,0.7000000000000001,1.7000000000000002
00-0031492,J.Myers,Jason Myers,K,SPEC,"https://static.www.nfl.com/image/upload/f_auto,q_auto/league/rnw5znsm0hrekqvztiog",2025,REG,SEA,11,0,0,0,0,0,0,0,0,0,0,0,0,NA,NA,0,NA,0,0,0,0,0,0,NA,0,0,0,0,0,0,0,0,0,0,NA,0,NA,0,0,0,0,1,0,0,0,0,0,0,0,0,0,0,0,0,0,0,0,0,0,0,0,0,1,0,0,0,0,0,24,29,4,1,57,0.8275862068965517,0,4,8,7,5,0,0,0,1,1,1,1,48;37;54;56;46;37;44;31;52;24;53;26;47;41;46;32;34;57;30;22;29;47;30;36,36;53;44;61,53,959,194,53,36,36,0,0,1,1,2,1,0,52;61,0,0
00-0031503,J.Winston,Jameis Winston,QB,QB,"https://static.www.nfl.com/image/upload/f_auto,q_auto/league/vwikoroqsyf8iemlrohb",2025,REG,NYG,2,37,65,567,2,2,3,-11,1,1,615,210,26,16.919413180386183,-2.642944407078531,0,0.9219512195121952,7,23,1,0,0,3,4.28813393911696,0,1,1,33,1,0,0,13,20,1,3.2233546525239944,0,2.5384615384615383,0.0027100271002710027,0.0037856726849155504,0.006715011529847389,0,0,0,0,0,0,0,0,0,0,0,0,0,0,0,0,0,0,0,0,0,0,0,0,0,0,0,0,0,0,0,0,NA,NA,0,0,0,0,0,0,0,0,0,0,0,0,NA,NA,NA,0,0,0,0,0,0,0,NA,0,0,0,0,NA,42.28,43.28
00-0031550,S.Thompson,Shaq Thompson,OLB,LB,"https://static.www.nfl.com/image/upload/f_auto,q_auto/league/rk9qairtsyrzdoznvmen",2025,REG,BUF,7,0,0,0,0,0,0,0,0,0,0,0,0,NA,NA,0,NA,0,0,0,0,0,0,NA,0,0,0,0,0,0,0,0,0,0,NA,0,NA,0,0,0,0,19,0,13,3,10,1,1,2,1,0,0,2,0,0,0,0,0,0,0,0,0,2,10,0,0,0,0,0,0,0,0,NA,NA,0,0,0,0,0,0,0,0,0,0,0,0,NA,NA,NA,0,0,0,0,0,0,0,NA,0,0,0,0,NA,0,0
00-0031551,E.Goldman,Eddie Goldman,NT,DL,"https://static.www.nfl.com/image/upload/f_auto,q_auto/league/o0kwpqywuicbketxfbck",2025,REG,WAS,9,0,0,0,0,0,0,0,0,0,0,0,0,NA,NA,0,NA,0,0,0,0,0,0,NA,0,0,0,0,0,0,0,0,0,0,NA,0,NA,0,0,0,0,5,2,11,4,7,0,0,0,0,0,0,0,0,0,0,0,0,0,0,0,0,0,0,0,0,0,0,0,0,0,0,NA,NA,0,0,0,0,0,0,0,0,0,0,0,0,NA,NA,NA,0,0,0,0,0,0,0,NA,0,0,0,0,NA,0,0
00-0031557,J.Phillips,Jordan Phillips,DT,DL,"https://static.www.nfl.com/image/upload/f_auto,q_auto/league/hn887nvbphkycvlkvlms",2025,REG,BUF,6,0,0,0,0,0,0,0,0,0,0,0,0,NA,NA,0,NA,0,0,0,0,0,0,NA,0,0,0,0,0,0,0,0,0,0,NA,0,NA,0,0,0,0,5,0,2,2,8,0,1,7,1,0,0,0,0,0,0,0,0,0,0,0,0,1,5,0,0,0,0,0,0,0,0,NA,NA,0,0,0,0,0,0,0,0,0,0,0,0,NA,NA,NA,0,0,0,0,0,0,0,NA,0,0,0,0,NA,0,0
00-0031565,D.Hunter,Danielle Hunter,DE,DL,"https://static.www.nfl.com/image/upload/f_auto,q_auto/league/z2rpuzpb0tm8r6vwnfxk",2025,REG,HOU,10,0,0,0,0,0,0,0,0,0,0,0,0,NA,NA,0,NA,0,0,0,0,0,0,NA,0,0,0,0,0,0,0,0,0,0,NA,0,NA,0,0,0,0,20,0,17,11,78,2,11,83,18,0,0,1,0,0,0,0,0,0,1,1,0,1,5,0,0,0,0,0,0,0,0,NA,NA,0,0,0,0,0,0,0,0,0,0,0,0,NA,NA,NA,0,0,0,0,0,0,0,NA,0,0,0,0,NA,0,0
00-0031576,Z.Smith,Za'Darius Smith,DE,DL,"https://static.www.nfl.com/image/upload/f_auto,q_auto/league/l5t51lcflhhfvxhr1sx3",2025,REG,PHI,4,0,0,0,0,0,0,0,0,0,0,0,0,NA,NA,0,NA,0,0,0,0,0,0,NA,0,0,0,0,0,0,0,0,0,0,NA,0,NA,0,0,0,0,3,0,7,2,15,0,1.5,18.5,3,0,0,0,0,0,0,0,0,0,0,0,0,0,0,0,0,0,0,0,0,0,0,NA,NA,0,0,0,0,0,0,0,0,0,0,0,0,NA,NA,NA,0,0,0,0,0,0,0,NA,0,0,0,0,NA,0,0
00-0031583,G.Jarrett,Grady Jarrett,DT,DL,"https://static.www.nfl.com/image/upload/f_auto,q_auto/league/znqx6ghmgepgcrsfw9gm",2025,REG,CHI,7,0,0,0,0,0,0,0,0,0,0,0,0,NA,NA,0,NA,0,0,0,0,0,0,NA,0,0,0,0,0,0,0,0,0,0,NA,0,NA,0,0,0,0,3,0,14,0,0,0,0,0,5,0,0,1,0,0,0,0,0,0,0,0,0,2,11,0,0,0,0,0,0,0,0,NA,NA,0,0,0,0,0,0,0,0,0,0,0,0,NA,NA,NA,0,0,0,0,0,0,0,NA,0,0,0,0,NA,0,0
00-0031588,S.Diggs,Stefon Diggs,WR,WR,"https://static.www.nfl.com/image/upload/f_auto,q_auto/league/cemcexmscsarpvwhafln",2025,REG,NE,12,0,0,0,0,0,0,0,0,0,0,0,0,NA,NA,0,NA,0,0,0,0,0,0,NA,0,61,75,679,3,0,0,657,218,35,42.94641480678534,0,1.0334855403348555,0.21865889212827988,0.20712484237074402,0.4729757278519406,0,2,0,0,0,0,0,0,0,0,0,0,0,0,0,0,0,0,0,0,0,0,3,30,0,0,0,0,0,0,0,0,NA,NA,0,0,0,0,0,0,0,0,0,0,0,0,NA,NA,NA,0,0,0,0,0,0,0,NA,0,0,0,0,NA,85.9,146.9
00-0031608,Q.Diggs,Quandre Diggs,S,DB,"https://static.www.nfl.com/image/upload/f_auto,q_auto/league/kqasx5pfmin4wrk503uf",2025,REG,TEN,8,0,0,0,0,0,0,0,0,0,0,0,0,NA,NA,0,NA,0,0,0,0,0,0,NA,0,0,0,0,0,0,0,0,0,0,NA,0,NA,0,0,0,0,16,1,13,0,0,0,0,0,0,0,0,1,0,0,0,0,0,0,0,0,0,0,0,0,0,0,0,0,0,0,0,NA,NA,0,0,0,0,0,0,0,0,0,0,0,0,NA,NA,NA,0,0,0,0,0,0,0,NA,0,0,0,0,NA,0,0
00-0031610,D.Waller,Darren Waller,TE,TE,"https://static.www.nfl.com/image/upload/f_auto,q_auto/league/loyehiyzcu2lexjk7plq",2025,REG,MIA,4,0,0,0,0,0,0,0,0,0,0,0,0,NA,NA,0,NA,0,0,0,0,0,0,NA,0,10,12,117,4,0,0,133,27,9,19.524010848195758,0,0.8796992481203008,0.0375,0.059190031152647975,0.09768302180685356,0,0,0,0,0,0,0,0,0,0,0,0,0,0,0,0,0,0,0,0,0,0,1,5,0,0,0,0,0,0,0,0,NA,NA,0,0,0,0,0,0,0,0,0,0,0,0,NA,NA,NA,0,0,0,0,0,0,0,NA,0,0,0,0,NA,35.7,45.7
00-0031622,B.Hart,Bobby Hart,OT,OL,"https://static.www.nfl.com/image/upload/f_auto,q_auto/league/eeqftbtda7o2yyop5m5s",2025,REG,LAC,3,0,0,0,0,0,0,0,0,0,0,0,0,NA,NA,0,NA,0,0,0,0,0,0,NA,0,0,0,0,0,0,0,0,0,0,NA,0,NA,0,0,0,0,0,0,0,0,0,0,0,0,0,0,0,0,0,0,0,0,0,0,0,0,0,4,20,0,0,0,0,0,0,0,0,NA,NA,0,0,0,0,0,0,0,0,0,0,0,0,NA,NA,NA,0,0,0,0,0,0,0,NA,0,0,0,0,NA,0,0
00-0031687,R.Mostert,Raheem Mostert,RB,RB,"https://static.www.nfl.com/image/upload/f_auto,q_auto/league/fas5rkweusx2hl7abtzh",2025,REG,LV,8,0,0,0,0,0,0,0,0,0,0,0,0,NA,NA,0,NA,20,92,0,0,0,5,-7.174144931089989,0,9,9,63,0,0,0,-14,77,6,2.551408535335213,0,-4.5,0.026239067055393587,-0.006363636363636364,0.03490405512854493,0,0,0,0,0,0,0,0,0,0,0,0,0,0,0,0,0,0,0,0,0,0,0,0,0,0,17,518,0,0,0,0,NA,NA,0,0,0,0,0,0,0,0,0,0,0,0,NA,NA,NA,0,0,0,0,0,0,0,NA,0,0,0,0,NA,15.5,24.5
00-0031740,N.Hewitt,Neville Hewitt,LB,LB,"https://static.www.nfl.com/image/upload/f_auto,q_auto/league/lw2m7oyputkdykbaz0cu",2025,REG,NYG,6,0,0,0,0,0,0,0,0,0,0,0,0,NA,NA,0,NA,0,0,0,0,0,0,NA,0,0,0,0,0,0,0,0,0,0,NA,0,NA,0,0,0,0,4,0,5,0,0,0,0,0,0,0,0,0,0,0,0,0,0,0,0,0,0,0,0,0,0,0,0,0,0,0,0,NA,NA,0,0,0,0,0,0,0,0,0,0,0,0,NA,NA,NA,0,0,0,0,0,0,0,NA,0,0,0,0,NA,0,0
00-0031763,D.Carter,DeAndre Carter,WR,WR,"https://static.www.nfl.com/image/upload/f_auto,q_auto/league/jx4io3owliw3l5xve6ta",2025,REG,CLE,4,0,0,0,0,0,0,0,0,0,0,0,0,NA,NA,0,NA,0,0,0,0,0,0,NA,0,0,0,0,0,0,0,0,0,0,NA,0,NA,0,0,0,0,0,0,0,0,0,0,0,0,0,0,0,0,0,1,0,0,1,1,0,0,0,0,0,6,56,11,274,0,0,0,0,NA,NA,0,0,0,0,0,0,0,0,0,0,0,0,NA,NA,NA,0,0,0,0,0,0,0,NA,0,0,0,0,NA,0,0
00-0031898,A.Singleton,Alex Singleton,LB,LB,"https://static.www.nfl.com/image/upload/f_auto,q_auto/league/zohji3gr704zraihhqyl",2025,REG,DEN,10,0,0,0,0,0,0,0,0,0,0,0,0,NA,NA,0,NA,0,0,0,0,0,0,NA,0,0,0,0,0,0,0,0,0,0,NA,0,NA,0,0,0,0,34,2,53,3,5,1,1,1,2,0,0,1,0,0,0,0,0,0,0,0,0,0,0,0,0,0,0,0,0,0,0,NA,NA,0,0,0,0,0,0,0,0,0,0,0,0,NA,NA,NA,0,0,0,0,0,0,0,NA,0,0,0,0,NA,0,0
00-0031933,L.Williams,Leonard Williams,DE,DL,"https://static.www.nfl.com/image/upload/f_auto,q_auto/league/jhaogtinjeyrwbjsvbl4",2025,REG,SEA,11,0,0,0,0,0,0,0,0,0,0,0,0,NA,NA,0,NA,0,0,0,0,0,0,NA,0,0,0,0,0,0,0,0,0,0,NA,0,NA,0,0,0,0,23,1,21,6,28,0,6,35.5,17,0,0,1,0,0,0,0,0,0,0,0,0,5,60,0,0,0,0,0,0,0,0,NA,NA,0,0,0,0,0,0,0,0,0,0,0,0,NA,NA,NA,0,0,0,0,0,0,0,NA,0,0,0,0,NA,0,0
00-0031935,P.Smith,Preston Smith,DE,DL,"https://static.www.nfl.com/image/upload/f_auto,q_auto/league/etcwpdjr7xtc4gubw8gf",2025,REG,WAS,6,0,0,0,0,0,0,0,0,0,0,0,0,NA,NA,0,NA,0,0,0,0,0,0,NA,0,0,0,0,0,0,0,0,0,0,NA,0,NA,0,0,0,0,4,0,8,1,3,0,0,0,1,0,0,0,0,0,0,0,0,0,0,0,0,0,0,0,0,0,0,0,0,0,0,NA,NA,0,0,0,0,0,0,0,0,0,0,0,0,NA,NA,NA,0,0,0,0,0,0,0,NA,0,0,0,0,NA,0,0
00-0031957,R.Nunez-Roches,Rakeem Nunez-Roches,DT,DL,"https://static.www.nfl.com/image/upload/f_auto,q_auto/league/iugbhtbumlnt3nb8wqmi",2025,REG,NYG,8,0,0,0,0,0,0,0,0,0,0,0,0,NA,NA,0,NA,0,0,0,0,0,0,NA,0,0,0,0,0,0,0,0,0,0,NA,0,NA,0,0,0,0,6,0,16,3,22,0,3,22,4,0,0,1,0,0,0,0,0,0,0,0,0,1,5,0,0,0,0,0,0,0,0,NA,NA,0,0,0,0,0,0,0,0,0,0,0,0,NA,NA,NA,0,0,0,0,0,0,0,NA,0,0,0,0,NA,0,0
00-0032052,D.Fowler,Dante Fowler Jr.,DE,DL,"https://static.www.nfl.com/image/upload/f_auto,q_auto/league/tuvfudn3repds06zb5hi",2025,REG,DAL,10,0,0,0,0,0,0,0,0,0,0,0,0,NA,NA,0,NA,0,0,0,0,0,0,NA,0,0,0,0,0,0,0,0,0,0,NA,0,NA,0,0,0,0,7,0,2,3,20,0,2,18,9,0,0,3,0,0,0,0,0,0,0,0,0,0,0,0,0,0,0,0,0,0,0,NA,NA,0,0,0,0,0,0,0,0,0,0,0,0,NA,NA,NA,0,0,0,0,0,0,0,NA,0,0,0,0,NA,0,0
00-0032065,B.Pinion,Bradley Pinion,P,SPEC,"https://static.www.nfl.com/image/upload/f_auto,q_auto/league/g6zs1z59umevxxtqc35z",2025,REG,ATL,11,0,0,0,0,0,0,0,0,0,0,0,0,NA,NA,0,NA,0,0,0,0,0,0,NA,0,0,0,0,0,0,0,0,0,0,NA,0,NA,0,0,0,0,1,0,0,0,0,0,0,0,0,0,0,0,0,0,0,0,0,0,0,0,0,0,0,0,0,0,0,0,0,0,0,NA,NA,0,0,0,0,0,0,0,0,0,0,0,0,NA,NA,NA,0,0,0,0,0,0,0,NA,0,0,0,0,NA,0,0
00-0032071,T.Brown,Trent Brown,OT,OL,"https://static.www.nfl.com/image/upload/f_auto,q_auto/league/r0l3rruzqunyqlt0lrzm",2025,REG,HOU,3,0,0,0,0,0,0,0,0,0,0,0,0,NA,NA,0,NA,0,0,0,0,0,0,NA,0,0,0,0,0,0,0,0,0,0,NA,0,NA,0,0,0,0,0,0,0,0,0,0,0,0,0,0,0,0,0,0,0,0,0,0,0,0,0,4,30,0,0,0,0,0,0,0,0,NA,NA,0,0,0,0,0,0,0,0,0,0,0,0,NA,NA,NA,0,0,0,0,0,0,0,NA,0,0,0,0,NA,0,0
00-0032103,D.Perryman,Denzel Perryman,MLB,LB,"https://static.www.nfl.com/image/upload/f_auto,q_auto/league/fqxyjc6skhaprcaiknpj",2025,REG,LAC,5,0,0,0,0,0,0,0,0,0,0,0,0,NA,NA,0,NA,0,0,0,0,0,0,NA,0,0,0,0,0,0,0,0,0,0,NA,0,NA,0,0,0,0,14,1,7,1,3,0,0,0,0,0,0,2,0,0,0,0,0,0,0,0,0,0,0,0,0,0,0,0,0,0,0,NA,NA,0,0,0,0,0,0,0,0,0,0,0,0,NA,NA,NA,0,0,0,0,0,0,0,NA,0,0,0,0,NA,0,0
00-0032104,A.Abdullah,Ameer Abdullah,RB,RB,"https://static.www.nfl.com/image/upload/f_auto,q_auto/league/jvkgnlj5fn16mnmdyr4i",2025,REG,IND,7,0,0,0,0,0,0,0,0,0,0,0,0,NA,NA,0,NA,8,40,1,0,0,3,2.643987159477547,0,5,6,30,0,0,0,8,25,0,-1.2410309569677338,0,3.75,0.017391304347826087,0.002792321116928447,0.028041581303589046,0,2,0,0,0,0,0,0,0,0,0,0,0,0,0,0,0,0,0,0,0,0,0,0,0,0,11,358,0,0,0,0,NA,NA,0,0,0,0,0,0,0,0,0,0,0,0,NA,NA,NA,0,0,0,0,0,0,0,NA,0,0,0,0,NA,13,18
00-0032146,B.Dupree,Bud Dupree,OLB,LB,"https://static.www.nfl.com/image/upload/f_auto,q_auto/league/unn7gcyciu20lmm1bvpn",2025,REG,LAC,8,0,0,0,0,0,0,0,0,0,0,0,0,NA,NA,0,NA,0,0,0,0,0,0,NA,0,0,0,0,0,0,0,0,0,0,NA,0,NA,0,0,0,0,7,0,7,1,1,0,1,1,1,0,0,1,0,0,0,0,0,0,0,0,0,1,5,0,0,0,0,0,0,0,0,NA,NA,0,0,0,0,0,0,0,0,0,0,0,0,NA,NA,NA,0,0,0,0,0,0,0,NA,0,0,0,0,NA,0,0
00-0032164,A.Armstead,Arik Armstead,DT,DL,"https://static.www.nfl.com/image/upload/f_auto,q_auto/league/z6e5xcslnlyaz2egeke3",2025,REG,JAX,11,0,0,0,0,0,0,0,0,0,0,0,0,NA,NA,0,NA,0,0,0,0,0,0,NA,0,0,0,0,0,0,0,0,0,0,NA,0,NA,0,0,0,0,11,0,12,7,37,1,5.5,37,7,0,0,0,0,0,0,0,0,0,0,0,0,0,0,0,0,0,0,0,0,0,0,NA,NA,0,0,0,0,0,0,0,0,0,0,0,0,NA,NA,NA,0,0,0,0,0,0,0,NA,0,0,0,0,NA,0,0
00-0032203,A.Peat,Andrus Peat,G,OL,"https://static.www.nfl.com/image/upload/f_auto,q_auto/league/wlkqieesn85nhevcqcqe",2025,REG,PIT,1,0,0,0,0,0,0,0,0,0,0,0,0,NA,NA,0,NA,0,0,0,0,0,0,NA,0,0,0,0,0,0,0,0,0,0,NA,0,NA,0,0,0,0,0,0,0,0,0,0,0,0,0,0,0,0,0,0,0,0,0,0,0,0,0,1,5,0,0,0,0,0,0,0,0,NA,NA,0,0,0,0,0,0,0,0,0,0,0,0,NA,NA,NA,0,0,0,0,0,0,0,NA,0,0,0,0,NA,0,0
00-0032211,T.Lockett,Tyler Lockett,WR,WR,"https://static.www.nfl.com/image/upload/f_auto,q_auto/league/gyhvviyep9iigeaobxmi",2025,REG,LV,11,0,0,0,0,0,0,0,0,0,0,0,0,NA,NA,0,NA,0,0,0,0,0,0,NA,0,22,36,209,0,0,0,286,70,10,-3.0261717916186335,0,0.7307692307692307,0.10344827586206896,0.10369833212472807,0.2277612462804131,0,0,0,0,0,0,0,0,0,0,0,0,0,0,0,0,0,0,0,1,1,1,1,10,0,0,0,0,0,0,0,0,NA,NA,0,0,0,0,0,0,0,0,0,0,0,0,NA,NA,NA,0,0,0,0,0,0,0,NA,0,0,0,0,NA,20.900000000000002,42.900000000000006
00-0032228,J.Cardona,Joe Cardona,LS,SPEC,"https://static.www.nfl.com/image/upload/f_auto,q_auto/league/cs3qvfnrrxiubflqqw2i",2025,REG,MIA,3,0,0,0,0,0,0,0,0,0,0,0,0,NA,NA,0,NA,0,0,0,0,0,0,NA,0,0,0,0,0,0,0,0,0,0,NA,0,NA,0,0,0,0,1,0,2,0,0,0,0,0,0,0,0,0,0,0,0,0,0,0,0,0,0,0,0,0,0,0,0,0,0,0,0,NA,NA,0,0,0,0,0,0,0,0,0,0,0,0,NA,NA,NA,0,0,0,0,0,0,0,NA,0,0,0,0,NA,0,0
00-0032234,L.Tomlinson,Laken Tomlinson,G,OL,"https://static.www.nfl.com/image/upload/f_auto,q_auto/league/thhrfc9q38r0m1qvfctv",2025,REG,HOU,2,0,0,0,0,0,0,0,0,0,0,0,0,NA,NA,0,NA,0,0,0,0,0,0,NA,0,0,0,0,0,0,0,0,0,0,NA,0,NA,0,0,0,0,1,0,0,0,0,1,0,0,0,0,0,0,0,0,0,0,0,0,0,0,0,1,5,0,0,0,0,0,0,0,0,NA,NA,0,0,0,0,0,0,0,0,0,0,0,0,NA,NA,NA,0,0,0,0,0,0,0,NA,0,0,0,0,NA,0,0
00-0032242,R.Havenstein,Rob Havenstein,OT,OL,"https://static.www.nfl.com/image/upload/f_auto,q_auto/league/cqsicmerjhzvzpnz77fz",2025,REG,LA,1,0,0,0,0,0,0,0,0,0,0,0,0,NA,NA,0,NA,0,0,0,0,0,0,NA,0,0,0,0,0,0,0,0,0,0,NA,0,NA,0,0,0,0,0,0,0,0,0,0,0,0,0,0,0,0,0,0,0,0,0,0,0,0,0,1,5,0,0,0,0,0,0,0,0,NA,NA,0,0,0,0,0,0,0,0,0,0,0,0,NA,NA,NA,0,0,0,0,0,0,0,NA,0,0,0,0,NA,0,0
00-0032265,M.Edwards,Mario Edwards,DT,DL,"https://static.www.nfl.com/image/upload/f_auto,q_auto/league/cia50revbealvw5biusr",2025,REG,HOU,6,0,0,0,0,0,0,0,0,0,0,0,0,NA,NA,0,NA,0,0,0,0,0,0,NA,0,0,0,0,0,0,0,0,0,0,NA,0,NA,0,0,0,0,5,0,3,2,17,0,1.5,19.5,3,0,0,0,0,0,0,0,0,0,0,0,0,2,20,0,0,0,0,0,0,0,0,NA,NA,0,0,0,0,0,0,0,0,0,0,0,0,NA,NA,NA,0,0,0,0,0,0,0,NA,0,0,0,0,NA,0,0
00-0032268,M.Mariota,Marcus Mariota,QB,QB,"https://static.www.nfl.com/image/upload/f_auto,q_auto/league/b9ribxqudeehvmjlw0va",2025,REG,WAS,6,92,140,1065,7,5,10,-63,0,0,1236,442,46,4.237610111917871,4.388124064395305,1,0.8616504854368932,27,193,1,2,1,7,5.4154324915522665,0,0,0,0,0,0,0,0,0,0,NA,0,NA,0,0,0,0,0,0,0,0,0,0,0,0,0,0,0,0,0,0,0,0,0,0,0,0,0,2,20,0,0,0,0,0,0,0,0,NA,NA,0,0,0,0,0,0,0,0,0,0,0,0,NA,NA,NA,0,0,0,0,0,0,0,NA,0,0,0,0,NA,85.89999999999999,85.89999999999999
00-0032378,D.Buckner,DeForest Buckner,DT,DL,"https://static.www.nfl.com/image/upload/f_auto,q_auto/league/mtyogyexnz2ik3fbs3am",2025,REG,IND,9,0,0,0,0,0,0,0,0,0,0,0,0,NA,NA,0,NA,0,0,0,0,0,0,NA,0,0,0,0,0,0,0,0,0,0,NA,0,NA,0,0,0,0,26,0,16,9,47,0,4,36,13,0,0,0,0,0,0,0,0,0,0,0,0,0,0,0,0,0,0,0,0,0,0,NA,NA,0,0,0,0,0,0,0,0,0,0,0,0,NA,NA,NA,0,0,0,0,0,0,0,NA,0,0,0,0,NA,0,0
00-0032380,L.Tunsil,Laremy Tunsil,OT,OL,"https://static.www.nfl.com/image/upload/f_auto,q_auto/league/ewy0qnfl6956hfatqszj",2025,REG,WAS,4,0,0,0,0,0,0,0,0,0,0,0,0,NA,NA,0,NA,0,0,0,0,0,0,NA,0,0,0,0,0,0,0,0,0,0,NA,0,NA,0,0,0,0,0,0,0,0,0,0,0,0,0,0,0,0,0,0,0,0,0,0,0,0,0,4,29,0,0,0,0,0,0,0,0,NA,NA,0,0,0,0,0,0,0,0,0,0,0,0,NA,NA,NA,0,0,0,0,0,0,0,NA,0,0,0,0,NA,0,0
00-0032381,T.Decker,Taylor Decker,OT,OL,"https://static.www.nfl.com/image/upload/f_auto,q_auto/league/j0gbwayifwek9ggoraqm",2025,REG,DET,4,0,0,0,0,0,0,0,0,0,0,0,0,NA,NA,0,NA,0,0,0,0,0,0,NA,0,0,0,0,0,0,0,0,0,0,NA,0,NA,0,0,0,0,0,0,0,0,0,0,0,0,0,0,0,0,0,0,0,0,0,0,0,0,0,4,20,0,0,0,0,0,0,0,0,NA,NA,0,0,0,0,0,0,0,0,0,0,0,0,NA,NA,NA,0,0,0,0,0,0,0,NA,0,0,0,0,NA,0,0
00-0032385,S.Shepard,Sterling Shepard,WR,WR,"https://static.www.nfl.com/image/upload/f_auto,q_auto/league/l47czwi8aaznnit0se5h",2025,REG,TB,11,0,0,0,0,0,0,0,0,0,0,0,0,NA,NA,0,NA,4,19,0,0,0,1,0.1829167483956553,0,37,50,361,1,1,1,399,148,17,-3.311076463611359,0,0.9047619047619048,0.13736263736263737,0.13064833005893908,0.2974977870852134,0,0,0,0,0,0,0,0,0,0,0,0,0,0,0,0,0,0,0,0,0,0,2,15,0,0,0,0,0,0,0,0,NA,NA,0,0,0,0,0,0,0,0,0,0,0,0,NA,NA,NA,0,0,0,0,0,0,0,NA,0,0,0,0,NA,42,79
00-0032387,J.Reed,Jarran Reed,DT,DL,"https://static.www.nfl.com/image/upload/f_auto,q_auto/league/td7umxhgwkswls8rutk0",2025,REG,SEA,7,0,0,0,0,0,0,0,0,0,0,0,0,NA,NA,0,NA,0,0,0,0,0,0,NA,0,0,0,0,0,0,0,0,0,0,NA,0,NA,0,0,0,0,5,0,12,1,5,0,1.5,10,6,0,0,0,0,0,0,0,0,0,0,0,0,0,0,0,0,0,0,0,0,0,0,NA,NA,0,0,0,0,0,0,0,0,0,0,0,0,NA,NA,NA,0,0,0,0,0,0,0,NA,0,0,0,0,NA,0,0
00-0032388,D.Jones,Deion Jones,LB,LB,"https://static.www.nfl.com/image/upload/f_auto,q_auto/league/fpmevebnsvfm07e7xhcu",2025,REG,TB,9,0,0,0,0,0,0,0,0,0,0,0,0,NA,NA,0,NA,0,0,0,0,0,0,NA,0,0,0,0,0,0,0,0,0,0,NA,0,NA,0,0,0,0,10,1,7,0,0,0,0,0,0,0,0,0,0,0,0,0,0,0,0,0,0,0,0,0,0,0,0,0,0,0,0,NA,NA,0,0,0,0,0,0,0,0,0,0,0,0,NA,NA,NA,0,0,0,0,0,0,0,NA,0,0,0,0,NA,0,0
00-0032391,J.Thuney,Joe Thuney,G,OL,"https://static.www.nfl.com/image/upload/f_auto,q_auto/league/fstgjypwv8bcpfaae5mi",2025,REG,CHI,1,0,0,0,0,0,0,0,0,0,0,0,0,NA,NA,0,NA,0,0,0,0,0,0,NA,0,0,0,0,0,0,0,0,0,0,NA,0,NA,0,0,0,0,0,0,0,0,0,0,0,0,0,0,0,0,0,0,0,0,0,0,0,0,0,1,2,0,0,0,0,0,0,0,0,NA,NA,0,0,0,0,0,0,0,0,0,0,0,0,NA,NA,NA,0,0,0,0,0,0,0,NA,0,0,0,0,NA,0,0
00-0032392,A.Hooper,Austin Hooper,TE,TE,"https://static.www.nfl.com/image/upload/f_auto,q_auto/league/gfvav2gybtr174ckovpk",2025,REG,NE,10,0,0,0,0,0,0,0,0,0,0,0,0,NA,NA,0,NA,0,0,0,0,0,0,NA,0,16,19,213,1,0,0,169,79,11,13.950834383780602,0,1.2603550295857988,0.05539358600583091,0.05327868852459016,0.12038546097595947,0,0,0,0,0,0,0,0,0,0,0,0,0,0,0,0,0,0,0,0,0,0,2,25,0,0,0,0,0,0,0,0,NA,NA,0,0,0,0,0,0,0,0,0,0,0,0,NA,NA,NA,0,0,0,0,0,0,0,NA,0,0,0,0,NA,27.3,43.3
00-0032395,G.Glasgow,Graham Glasgow,C,OL,"https://static.www.nfl.com/image/upload/f_auto,q_auto/league/mgmeks8iieefdbtk2zob",2025,REG,DET,3,0,0,0,0,0,0,0,0,0,0,0,0,NA,NA,0,NA,0,0,0,0,0,0,NA,0,0,0,0,0,0,0,0,0,0,NA,0,NA,0,0,0,0,0,0,1,0,0,0,0,0,0,0,0,0,0,0,0,0,0,0,0,0,0,2,15,0,0,0,0,0,0,0,0,NA,NA,0,0,0,0,0,0,0,0,0,0,0,0,NA,NA,NA,0,0,0,0,0,0,0,NA,0,0,0,0,NA,0,0
00-0032398,C.Moore,Chris Moore,WR,WR,"https://static.www.nfl.com/image/upload/f_auto,q_auto/league/o0s29hnpztyxqotqdx8h",2025,REG,WAS,8,0,0,0,0,0,0,0,0,0,0,0,0,NA,NA,0,NA,1,9,0,0,0,0,0.725056131137535,0,10,22,192,1,0,0,324,46,9,9.904983995081315,0,0.5925925925925926,0.07560137457044673,0.12631578947368421,0.20182311448724904,0,3,0,0,0,0,0,0,0,0,0,0,0,0,0,0,0,0,0,0,0,0,0,0,0,0,0,0,0,0,0,0,NA,NA,0,0,0,0,0,0,0,0,0,0,0,0,NA,NA,NA,0,0,0,0,0,0,0,NA,0,0,0,0,NA,26.1,36.1
00-0032399,M.Killebrew,Miles Killebrew,SAF,DB,"https://static.www.nfl.com/image/upload/f_auto,q_auto/league/f9p5bqqqb38i6kgvqzms",2025,REG,PIT,4,0,0,0,0,0,0,0,0,0,0,0,0,NA,NA,0,NA,0,0,0,0,0,0,NA,0,0,0,0,0,0,0,0,0,0,NA,0,NA,0,0,0,0,3,0,2,0,0,0,0,0,0,0,0,0,0,0,0,0,0,0,0,0,0,0,0,0,0,0,0,0,0,0,0,NA,NA,0,0,0,0,0,0,0,0,0,0,0,0,NA,NA,NA,0,0,0,0,0,0,0,NA,0,0,0,0,NA,0,0
00-0032415,M.Judon,Matthew Judon,OLB,LB,"https://static.www.nfl.com/image/upload/f_auto,q_auto/league/xio1oo9c8qwfrouppuvk",2025,REG,MIA,8,0,0,0,0,0,0,0,0,0,0,0,0,NA,NA,0,NA,0,0,0,0,0,0,NA,0,0,0,0,0,0,0,0,0,0,NA,0,NA,0,0,0,0,5,1,8,1,1,0,0,0,1,0,0,0,0,0,0,0,0,0,0,0,0,2,10,0,0,0,0,0,0,0,0,NA,NA,0,0,0,0,0,0,0,0,0,0,0,0,NA,NA,NA,0,0,0,0,0,0,0,NA,0,0,0,0,NA,0,0
00-0032424,D.Reader,DJ Reader,DE,DL,"https://static.www.nfl.com/image/upload/f_auto,q_auto/league/gbbbyrh2pgibo9w8ahd6",2025,REG,DET,8,0,0,0,0,0,0,0,0,0,0,0,0,NA,NA,0,NA,0,0,0,0,0,0,NA,0,0,0,0,0,0,0,0,0,0,NA,0,NA,0,0,0,0,7,0,12,0,0,0,0,0,3,0,0,0,0,0,0,0,0,0,0,0,0,0,0,0,0,0,0,0,0,0,0,NA,NA,0,0,0,0,0,0,0,0,0,0,0,0,NA,NA,NA,0,0,0,0,0,0,0,NA,0,0,0,0,NA,0,0
00-0032442,E.Roberts,Elandon Roberts,OLB,LB,"https://static.www.nfl.com/image/upload/f_auto,q_auto/league/niydmsknfdiu1zyivwso",2025,REG,LV,11,0,0,0,0,0,0,0,0,0,0,0,0,NA,NA,0,NA,0,0,0,0,0,0,NA,0,0,0,0,0,0,0,0,0,0,NA,0,NA,0,0,0,0,24,2,29,3,6,0,0,0,0,0,0,0,0,0,0,0,0,0,1,1,0,1,5,0,0,0,0,0,0,0,0,NA,NA,0,0,0,0,0,0,0,0,0,0,0,0,NA,NA,NA,0,0,0,0,0,0,0,NA,0,0,0,0,NA,0,0
00-0032445,T.Karras,Ted Karras,C,OL,"https://static.www.nfl.com/image/upload/f_auto,q_auto/league/trz2xsxziqel2nertm1g",2025,REG,CIN,3,0,0,0,0,0,0,0,0,0,0,0,0,NA,NA,0,NA,0,0,0,0,0,0,NA,0,0,0,0,0,0,0,0,0,0,NA,0,NA,0,0,0,0,0,0,0,0,0,0,0,0,0,0,0,0,0,0,0,0,0,0,0,0,0,4,25,0,0,0,0,0,0,0,0,NA,NA,0,0,0,0,0,0,0,0,0,0,0,0,NA,NA,NA,0,0,0,0,0,0,0,NA,0,0,0,0,NA,0,0
00-0032464,K.Raymond,Kalif Raymond,WR,WR,"https://static.www.nfl.com/image/upload/f_auto,q_auto/league/e5z8bskwg89hqtsjwwgj",2025,REG,DET,11,0,0,0,0,0,0,0,0,0,0,0,0,NA,NA,0,NA,2,19,0,0,0,1,1.555146539467387,0,15,19,150,0,0,0,119,69,7,4.555790222291707,0,1.2605042016806722,0.05637982195845697,0.05355535553555356,0.12205848181257295,1,0,0,0,0,0,0,0,0,0,0,0,0,0,0,0,0,0,0,0,0,0,1,6,20,146,6,161,0,0,0,0,NA,NA,0,0,0,0,0,0,0,0,0,0,0,0,NA,NA,NA,0,0,0,0,0,0,0,NA,0,0,0,0,NA,22.900000000000002,37.900000000000006
00-0032497,R.Ferguson,Reid Ferguson,LS,SPEC,"https://static.www.nfl.com/image/upload/f_auto,q_auto/league/tarla9ric6f8tijjqrkz",2025,REG,BUF,1,0,0,0,0,0,0,0,0,0,0,0,0,NA,NA,0,NA,0,0,0,0,0,0,NA,0,0,0,0,0,0,0,0,0,0,NA,0,NA,0,0,0,0,0,0,0,0,0,0,0,0,0,0,0,0,0,0,0,0,0,0,0,0,0,2,15,0,0,0,0,0,0,0,0,NA,NA,0,0,0,0,0,0,0,0,0,0,0,0,NA,NA,NA,0,0,0,0,0,0,0,NA,0,0,0,0,NA,0,0
00-0032521,M.Hilton,Mike Hilton,CB,DB,"https://static.www.nfl.com/image/upload/f_auto,q_auto/league/uippdcskzxubvfqoqxlo",2025,REG,IND,2,0,0,0,0,0,0,0,0,0,0,0,0,NA,NA,0,NA,0,0,0,0,0,0,NA,0,0,0,0,0,0,0,0,0,0,NA,0,NA,0,0,0,0,4,0,1,1,10,1,0,0,0,0,0,0,0,0,0,0,0,0,0,0,0,1,8,0,0,0,0,0,0,0,0,NA,NA,0,0,0,0,0,0,0,0,0,0,0,0,NA,NA,NA,0,0,0,0,0,0,0,NA,0,0,0,0,NA,0,0
00-0032569,W.Lutz,Wil Lutz,K,SPEC,"https://static.www.nfl.com/image/upload/f_auto,q_auto/league/lcfurzhyjudmrwjxkgfs",2025,REG,DEN,11,0,0,0,0,0,0,0,0,0,0,0,0,NA,NA,0,NA,0,0,0,0,0,0,NA,0,0,0,0,0,0,0,0,0,0,NA,0,NA,0,0,0,0,0,0,0,0,0,0,0,0,0,0,0,0,0,0,0,0,0,0,0,0,0,0,0,0,0,0,0,17,20,2,1,57,0.85,0,4,8,2,3,0,0,0,0,1,1,0,39;33;42;26;55;36;57;27;39;42;34;32;29;24;38;54;35,42;59,51,642,101,51,24,24,0,0,1,3,3,0,0,39;34;35,0,0
00-0032580,J.Jones,Jonathan Jones,CB,DB,"https://static.www.nfl.com/image/upload/f_auto,q_auto/league/shh2jg4hjsp0xwlnchv1",2025,REG,WAS,6,0,0,0,0,0,0,0,0,0,0,0,0,NA,NA,0,NA,0,0,0,0,0,0,NA,0,0,0,0,0,0,0,0,0,0,NA,0,NA,0,0,0,0,11,0,5,1,12,0,1,12,1,0,0,1,0,0,0,0,0,0,0,0,0,2,38,0,0,0,0,0,0,0,0,NA,NA,0,0,0,0,0,0,0,0,0,0,0,0,NA,NA,NA,0,0,0,0,0,0,0,NA,0,0,0,0,NA,0,0
00-0032667,R.Robertson-Harris,Roy Robertson-Harris,DE,DL,"https://static.www.nfl.com/image/upload/f_auto,q_auto/league/lu3nlgnkltamn4jtdbtg",2025,REG,NYG,10,0,0,0,0,0,0,0,0,0,0,0,0,NA,NA,0,NA,0,0,0,0,0,0,NA,0,0,0,0,0,0,0,0,0,0,NA,0,NA,0,0,0,0,8,1,10,2,3,0,0,0,4,0,0,1,0,0,0,0,0,0,0,0,0,1,15,0,0,0,0,0,0,0,0,NA,NA,0,0,0,0,0,0,0,0,0,0,0,0,NA,NA,NA,0,0,0,0,0,0,0,NA,0,0,0,0,NA,0,0
00-0032688,R.Chosen,Robbie Chosen,WR,WR,"https://static.www.nfl.com/image/upload/f_auto,q_auto/league/kz2hbymqgrobo1uynciv",2025,REG,WAS,3,0,0,0,0,0,0,0,0,0,0,0,0,NA,NA,0,NA,0,0,0,0,0,0,NA,0,5,9,53,0,0,0,131,5,2,-0.27111587714171037,0,0.40458015267175573,0.030927835051546393,0.05107212475633528,0.08214223990675429,0,0,0,0,0,0,0,0,0,0,0,0,0,0,0,0,0,0,0,0,0,0,0,0,0,0,0,0,0,0,0,0,NA,NA,0,0,0,0,0,0,0,0,0,0,0,0,NA,NA,NA,0,0,0,0,0,0,0,NA,0,0,0,0,NA,5.300000000000001,10.3
00-0032701,J.Brendel,Jake Brendel,C,OL,"https://static.www.nfl.com/image/upload/f_auto,q_auto/league/fw1g79qwk1gbhmdjvhfv",2025,REG,SF,3,0,0,0,0,0,0,0,0,0,0,0,0,NA,NA,0,NA,0,0,0,0,0,0,NA,0,0,0,0,0,0,0,0,0,0,NA,0,NA,0,0,0,0,0,0,0,0,0,0,0,0,0,0,0,0,0,0,0,0,0,0,0,0,0,3,26,0,0,0,0,0,0,0,0,NA,NA,0,0,0,0,0,0,0,0,0,0,0,0,NA,NA,NA,0,0,0,0,0,0,0,NA,0,0,0,0,NA,0,0
00-0032726,K.Fairbairn,Ka'imi Fairbairn,K,SPEC,"https://static.www.nfl.com/image/upload/f_auto,q_auto/league/nbrs7doetqydf2rzhjjl",2025,REG,HOU,9,0,0,0,0,0,0,0,0,0,0,0,0,NA,NA,0,NA,0,0,0,0,0,0,NA,0,0,0,0,0,0,0,0,0,0,NA,0,NA,0,0,0,0,1,0,0,0,0,0,0,0,0,0,0,0,0,0,0,0,0,0,0,0,0,1,0,0,0,0,0,25,28,3,0,57,0.8928571428571429,0,4,8,8,5,0,0,0,0,0,3,0,51;45;53;35;53;27;47;43;50;57;34;36;46;33;34;37;30;23;41;38;40;41;24;43;26,52;54;51,NA,987,157,0,14,14,0,0,1,0,0,0,0,NA,0,0
00-0032753,L.Rhodes,Luke Rhodes,LS,SPEC,"https://static.www.nfl.com/image/upload/f_auto,q_auto/league/q0ip1kc9iwwveiuefq1x",2025,REG,IND,1,0,0,0,0,0,0,0,0,0,0,0,0,NA,NA,0,NA,0,0,0,0,0,0,NA,0,0,0,0,0,0,0,0,0,0,NA,0,NA,0,0,0,0,1,0,0,0,0,0,0,0,0,0,0,0,0,0,0,0,0,0,0,0,0,0,0,0,0,0,0,0,0,0,0,NA,NA,0,0,0,0,0,0,0,0,0,0,0,0,NA,NA,NA,0,0,0,0,0,0,0,NA,0,0,0,0,NA,0,0
00-0032759,S.Rankins,Sheldon Rankins,DT,DL,"https://static.www.nfl.com/image/upload/f_auto,q_auto/league/ec78oc2cpukwczkzhyrw",2025,REG,HOU,9,0,0,0,0,0,0,0,0,0,0,0,0,NA,NA,0,NA,0,0,0,0,0,0,NA,0,0,0,0,0,0,0,0,0,0,NA,0,NA,0,0,0,0,8,1,13,4,15,0,1,5,3,0,0,0,0,0,0,0,0,0,1,1,1,0,0,0,0,0,0,0,0,0,0,NA,NA,0,0,0,0,0,0,0,0,0,0,0,0,NA,NA,NA,0,0,0,0,0,0,0,NA,0,0,0,0,NA,0,0
00-0032762,C.Jones,Chris Jones,DE,DL,"https://static.www.nfl.com/image/upload/f_auto,q_auto/league/yrka1thykkvkfo4ixrxc",2025,REG,KC,11,0,0,0,0,0,0,0,0,0,0,0,0,NA,NA,0,NA,0,0,0,0,0,0,NA,0,0,0,0,0,0,0,0,0,0,NA,0,NA,0,0,0,0,7,1,8,6,20,0,3,16,12,0,0,1,0,0,0,0,0,0,0,0,0,4,20,0,0,0,0,0,0,0,0,NA,NA,0,0,0,0,0,0,0,0,0,0,0,0,NA,NA,NA,0,0,0,0,0,0,0,NA,0,0,0,0,NA,0,0
00-0032763,Au.Johnson,Austin Johnson,NT,DL,"https://static.www.nfl.com/image/upload/f_auto,q_auto/league/wmwnpt1s8wxxztkkqd0z",2025,REG,JAX,6,0,0,0,0,0,0,0,0,0,0,0,0,NA,NA,0,NA,0,0,0,0,0,0,NA,0,0,0,0,0,0,0,0,0,0,NA,0,NA,0,0,0,0,3,0,5,0,0,0,0,0,0,0,0,1,0,0,0,0,0,0,0,0,0,0,0,0,0,0,0,0,0,0,0,NA,NA,0,0,0,0,0,0,0,0,0,0,0,0,NA,NA,NA,0,0,0,0,0,0,0,NA,0,0,0,0,NA,0,0
00-0032764,D.Henry,Derrick Henry,RB,RB,"https://static.www.nfl.com/image/upload/f_auto,q_auto/league/jxtikemnvpkw9r0ex2wv",2025,REG,BAL,11,0,1,0,0,0,0,0,0,0,10,0,0,-0.4591185906319879,-33.69303643703461,0,0,187,871,9,3,2,44,-14.737206764062533,0,13,17,98,0,0,0,17,88,3,-4.761127701844089,0,5.764705882352941,0.06181818181818182,0.007633587786259542,0.09807078417765441,0,1,0,0,0,0,0,0,0,0,0,0,0,0,0,0,0,0,0,0,0,0,1,11,0,0,0,0,0,0,0,0,NA,NA,0,0,0,0,0,0,0,0,0,0,0,0,NA,NA,NA,0,0,0,0,0,0,0,NA,0,0,0,0,NA,146.9,159.9
00-0032775,D.Robinson,Demarcus Robinson,WR,WR,"https://static.www.nfl.com/image/upload/f_auto,q_auto/league/aynbxqjpwz1vhpxbxvv8",2025,REG,SF,9,0,0,0,0,0,0,0,0,0,0,0,0,NA,NA,0,NA,0,0,0,0,0,0,NA,0,13,24,163,0,0,0,348,23,9,-1.8590029915470418,1,0.46839080459770116,0.059113300492610835,0.11324438659290595,0.16794102135395042,0,0,0,0,0,0,0,0,0,0,0,0,0,0,0,0,0,0,0,0,0,0,0,0,0,0,0,0,0,0,0,0,NA,NA,0,0,0,0,0,0,0,0,0,0,0,0,NA,NA,NA,0,0,0,0,0,0,0,NA,0,0,0,0,NA,18.3,31.3
00-0032803,J.Mills,Jalen Mills,CB,DB,"https://static.www.nfl.com/image/upload/f_auto,q_auto/league/yc4745ngoppgf1syjghl",2025,REG,HOU,2,0,0,0,0,0,0,0,0,0,0,0,0,NA,NA,0,NA,0,0,0,0,0,0,NA,0,0,0,0,0,0,0,0,0,0,NA,0,NA,0,0,0,0,1,0,3,0,0,0,0,0,0,0,0,0,0,0,0,0,0,0,0,0,0,0,0,0,0,0,0,0,0,0,0,NA,NA,0,0,0,0,0,0,0,0,0,0,0,0,NA,NA,NA,0,0,0,0,0,0,0,NA,0,0,0,0,NA,0,0
00-0032889,A.Robinson,A'Shawn Robinson,DE,DL,"https://static.www.nfl.com/image/upload/f_auto,q_auto/league/o2si1evbe2wsnwyrypjj",2025,REG,CAR,12,0,0,0,0,0,0,0,0,0,0,0,0,NA,NA,0,NA,0,0,0,0,0,0,NA,0,0,0,0,0,0,0,0,0,0,NA,0,NA,0,0,0,0,17,0,26,3,25,0,2.5,28,6,0,0,2,0,0,0,0,0,0,0,0,0,0,0,0,0,0,0,0,0,0,0,NA,NA,0,0,0,0,0,0,0,0,0,0,0,0,NA,NA,NA,0,0,0,0,0,0,0,NA,0,0,0,0,NA,0,0
00-0032918,C.Ham,C.J. Ham,FB,RB,"https://static.www.nfl.com/image/upload/f_auto,q_auto/league/evssvutwjy6szq7dpelm",2025,REG,MIN,4,0,0,0,0,0,0,0,0,0,0,0,0,NA,NA,0,NA,0,0,0,0,0,0,NA,0,1,1,5,0,0,0,4,1,0,0.08496018312871456,0,1.25,0.003076923076923077,0.0014295925661186562,0.005616099411667674,0,3,0,3,0,0,0,0,0,0,0,0,0,0,0,0,0,0,0,0,0,0,0,0,0,0,0,0,0,0,0,0,NA,NA,0,0,0,0,0,0,0,0,0,0,0,0,NA,NA,NA,0,0,0,0,0,0,0,NA,0,0,0,0,NA,0.5,1.5
00-0032933,A.Hamilton,Antonio Hamilton,CB,DB,"https://static.www.nfl.com/image/upload/f_auto,q_auto/league/ezqh9yn3k2gnriphk8q8",2025,REG,WAS,4,0,0,0,0,0,0,0,0,0,0,0,0,NA,NA,0,NA,0,0,0,0,0,0,NA,0,0,0,0,0,0,0,0,0,0,NA,0,NA,0,0,0,0,2,0,3,0,0,0,0,0,0,0,0,0,0,0,0,0,1,1,0,0,0,0,0,0,0,0,0,0,0,0,0,NA,NA,0,0,0,0,0,0,0,0,0,0,0,0,NA,NA,NA,0,0,0,0,0,0,0,NA,0,0,0,0,NA,0,0
00-0032943,R.Dixon,Riley Dixon,P,SPEC,"https://static.www.nfl.com/image/upload/f_auto,q_auto/league/nkjfawzgxosjvjesf1ad",2025,REG,TB,11,0,0,0,0,0,0,0,0,0,0,0,0,NA,NA,0,NA,0,0,0,0,0,0,NA,0,0,0,0,0,0,0,0,0,0,NA,0,NA,0,0,0,0,0,0,0,0,0,0,0,0,0,0,0,0,0,0,0,0,0,0,0,0,0,0,0,0,0,0,0,0,0,0,0,NA,NA,0,0,0,0,0,0,0,0,0,0,0,0,NA,NA,NA,0,0,0,0,0,0,0,NA,0,0,0,0,NA,0,0
00-0032950,C.Wentz,Carson Wentz,QB,QB,"https://static.www.nfl.com/image/upload/f_auto,q_auto/league/ot6wu9gw3cgcdb2cx6is",2025,REG,MIN,5,110,169,1216,6,5,19,-125,2,0,1288,573,58,6.300602965152773,1.1112414902041463,1,0.9440993788819876,11,57,0,1,0,5,-3.248268716096775,0,0,0,0,0,0,0,0,0,0,NA,0,NA,0,0,0,0,0,0,0,0,0,0,0,0,0,0,0,0,0,0,0,0,2,3,0,0,0,2,26,0,0,0,0,0,0,0,0,NA,NA,0,0,0,0,0,0,0,0,0,0,0,0,NA,NA,NA,0,0,0,0,0,0,0,NA,0,0,0,0,NA,70.34,70.34
00-0032951,L.Treadwell,Laquon Treadwell,WR,WR,"https://static.www.nfl.com/image/upload/f_auto,q_auto/league/b6hu3zlkauy5tcrseyv2",2025,REG,IND,3,0,0,0,0,0,0,0,0,0,0,0,0,NA,NA,0,NA,0,0,0,0,0,0,NA,0,0,0,0,0,0,0,0,0,0,NA,0,NA,0,0,0,0,4,0,1,0,0,0,0,0,0,0,0,0,0,0,0,0,0,0,0,0,0,0,0,0,0,0,0,0,0,0,0,NA,NA,0,0,0,0,0,0,0,0,0,0,0,0,NA,NA,NA,0,0,0,0,0,0,0,NA,0,0,0,0,NA,0,0
00-0032965,R.Stanley,Ronnie Stanley,OT,OL,"https://static.www.nfl.com/image/upload/f_auto,q_auto/league/j91t0jvkrdhfmeoeeryr",2025,REG,BAL,2,0,0,0,0,0,0,0,0,0,0,0,0,NA,NA,0,NA,0,0,0,0,0,0,NA,0,0,0,0,0,0,0,0,0,0,NA,0,NA,0,0,0,0,0,0,0,0,0,0,0,0,0,0,0,0,0,0,0,0,0,0,0,0,0,2,15,0,0,0,0,0,0,0,0,NA,NA,0,0,0,0,0,0,0,0,0,0,0,0,NA,NA,NA,0,0,0,0,0,0,0,NA,0,0,0,0,NA,0,0
00-0033010,S.Day,Sheldon Day,DT,DL,"https://static.www.nfl.com/image/upload/f_auto,q_auto/league/cxw7fnka7letqbn7e1h3",2025,REG,WAS,4,0,0,0,0,0,0,0,0,0,0,0,0,NA,NA,0,NA,0,0,0,0,0,0,NA,0,0,0,0,0,0,0,0,0,0,NA,0,NA,0,0,0,0,6,0,5,0,0,0,0,0,1,0,0,0,0,0,0,0,0,0,0,0,0,0,0,0,0,0,0,0,0,0,0,NA,NA,0,0,0,0,0,0,0,0,0,0,0,0,NA,NA,NA,0,0,0,0,0,0,0,NA,0,0,0,0,NA,0,0
00-0033038,E.Murray,Eric Murray,S,DB,"https://static.www.nfl.com/image/upload/f_auto,q_auto/league/owvt87ldq6ygpyq7ub4h",2025,REG,JAX,7,0,0,0,0,0,0,0,0,0,0,0,0,NA,NA,0,NA,0,0,0,0,0,0,NA,0,0,0,0,0,0,0,0,0,0,NA,0,NA,0,0,0,0,18,1,15,0,0,0,0,0,1,1,12,4,0,0,0,0,0,0,0,0,0,1,15,0,0,0,0,0,0,0,0,NA,NA,0,0,0,0,0,0,0,0,0,0,0,0,NA,NA,NA,0,0,0,0,0,0,0,NA,0,0,0,0,NA,0,0
00-0033040,T.Hill,Tyreek Hill,WR,WR,"https://static.www.nfl.com/image/upload/f_auto,q_auto/league/gg73gnfivrn80oyqwazl",2025,REG,MIA,4,0,0,0,0,0,0,0,0,0,0,0,0,NA,NA,0,NA,0,0,0,0,0,0,NA,0,21,29,265,1,0,0,399,57,17,19.8345950107323,0,0.6641604010025063,0.090625,0.17757009345794392,0.26023656542056073,0,0,0,0,0,0,0,0,0,0,0,0,0,0,0,0,0,0,0,0,0,0,0,0,1,19,0,0,0,0,0,0,NA,NA,0,0,0,0,0,0,0,0,0,0,0,0,NA,NA,NA,0,0,0,0,0,0,0,NA,0,0,0,0,NA,32.5,53.5
00-0033046,J.Ward,Jihad Ward,LB,LB,"https://static.www.nfl.com/image/upload/f_auto,q_auto/league/btmkbywpoicg8fcgvfhc",2025,REG,TEN,11,0,0,0,0,0,0,0,0,0,0,0,0,NA,NA,0,NA,0,0,0,0,0,0,NA,0,0,0,0,0,0,0,0,0,0,NA,0,NA,0,0,0,0,9,1,7,3,22,0,3.5,22,13,0,0,3,0,0,0,0,0,0,0,0,0,5,28,0,0,0,0,0,0,0,0,NA,NA,0,0,0,0,0,0,0,0,0,0,0,0,NA,NA,NA,0,0,0,0,0,0,0,NA,0,0,0,0,NA,0,0
00-0033050,X.Howard,Xavien Howard,CB,DB,"https://static.www.nfl.com/image/upload/f_auto,q_auto/league/jbebiqcxa5rrf9ihaxkp",2025,REG,IND,4,0,0,0,0,0,0,0,0,0,0,0,0,NA,NA,0,NA,0,0,0,0,0,0,NA,0,0,0,0,0,0,0,0,0,0,NA,0,NA,0,0,0,0,7,0,4,0,0,0,0,0,0,0,0,0,0,0,0,0,0,0,1,1,0,4,14,0,0,0,0,0,0,0,0,NA,NA,0,0,0,0,0,0,0,0,0,0,0,0,NA,NA,NA,0,0,0,0,0,0,0,NA,0,0,0,0,NA,0,0
00-0033051,D.Onyemata,David Onyemata,DT,DL,"https://static.www.nfl.com/image/upload/f_auto,q_auto/league/zzqx9ig8ltlva2uo0cgd",2025,REG,ATL,10,0,0,0,0,0,0,0,0,0,0,0,0,NA,NA,0,NA,0,0,0,0,0,0,NA,0,0,0,0,0,0,0,0,0,0,NA,0,NA,0,0,0,0,21,0,18,4,12,0,1,8,2,0,0,0,0,0,0,0,0,0,0,0,0,0,0,0,0,0,0,0,0,0,0,NA,NA,0,0,0,0,0,0,0,0,0,0,0,0,NA,NA,NA,0,0,0,0,0,0,0,NA,0,0,0,0,NA,0,0
00-0033055,J.Ramsey,Jalen Ramsey,CB,DB,"https://static.www.nfl.com/image/upload/f_auto,q_auto/league/pjozgun3xstol72jfoow",2025,REG,PIT,11,0,0,0,0,0,0,0,0,0,0,0,0,NA,NA,0,NA,0,0,0,0,0,0,NA,0,0,0,0,0,0,0,0,0,0,NA,0,NA,0,0,0,0,31,1,24,2,11,0,2,11,3,1,2,6,0,0,0,0,0,0,0,0,0,5,34,0,0,0,0,0,0,0,0,NA,NA,0,0,0,0,0,0,0,0,0,0,0,0,NA,NA,NA,0,0,0,0,0,0,0,NA,0,0,0,0,NA,0,0
00-0033057,J.Conklin,Jack Conklin,OT,OL,"https://static.www.nfl.com/image/upload/f_auto,q_auto/league/n8bh3p91qk6myrjqmast",2025,REG,CLE,3,0,0,0,0,0,0,0,0,0,0,0,0,NA,NA,0,NA,0,0,0,0,0,0,NA,0,0,0,0,0,0,0,0,0,0,NA,0,NA,0,0,0,0,0,0,1,0,0,0,0,0,0,0,0,0,0,0,0,0,0,0,0,0,0,3,30,0,0,0,0,0,0,0,0,NA,NA,0,0,0,0,0,0,0,0,0,0,0,0,NA,NA,NA,0,0,0,0,0,0,0,NA,0,0,0,0,NA,0,0
00-0033063,Z.Wood,Zach Wood,LS,SPEC,"https://static.www.nfl.com/image/upload/f_auto,q_auto/league/vldx7g9vu0boohxmhs48",2025,REG,NO,2,0,0,0,0,0,0,0,0,0,0,0,0,NA,NA,0,NA,0,0,0,0,0,0,NA,0,0,0,0,0,0,0,0,0,0,NA,0,NA,0,0,0,0,1,0,1,0,0,0,0,0,0,0,0,0,0,0,0,0,0,0,0,0,0,0,0,0,0,0,0,0,0,0,0,NA,NA,0,0,0,0,0,0,0,0,0,0,0,0,NA,NA,NA,0,0,0,0,0,0,0,NA,0,0,0,0,NA,0,0
00-0033066,A.Billings,Andrew Billings,DT,DL,"https://static.www.nfl.com/image/upload/f_auto,q_auto/league/rfxthtnhruxgqnofnuzg",2025,REG,CHI,9,0,0,0,0,0,0,0,0,0,0,0,0,NA,NA,0,NA,0,0,0,0,0,0,NA,0,0,0,0,0,0,0,0,0,0,NA,0,NA,0,0,0,0,11,1,7,3,13,0,0,0,0,0,0,0,0,0,0,0,0,0,0,0,0,3,16,0,0,0,0,0,0,0,0,NA,NA,0,0,0,0,0,0,0,0,0,0,0,0,NA,NA,NA,0,0,0,0,0,0,0,NA,0,0,0,0,NA,0,0
00-0033072,L.Floyd,Leonard Floyd,DE,DL,"https://static.www.nfl.com/image/upload/f_auto,q_auto/league/hmojdd6skft3sfhs59ma",2025,REG,ATL,7,0,0,0,0,0,0,0,0,0,0,0,0,NA,NA,0,NA,0,0,0,0,0,0,NA,0,0,0,0,0,0,0,0,0,0,NA,0,NA,0,0,0,0,3,1,8,3,15,0,1.5,11,8,0,0,1,0,0,0,0,0,0,0,0,0,1,15,0,0,0,0,0,0,0,0,NA,NA,0,0,0,0,0,0,0,0,0,0,0,0,NA,NA,NA,0,0,0,0,0,0,0,NA,0,0,0,0,NA,0,0
00-0033073,E.Ogbah,Emmanuel Ogbah,DE,DL,"https://static.www.nfl.com/image/upload/f_auto,q_auto/league/uaj08gf9lrokgxgrbgcn",2025,REG,JAX,7,0,0,0,0,0,0,0,0,0,0,0,0,NA,NA,0,NA,0,0,0,0,0,0,NA,0,0,0,0,0,0,0,0,0,0,NA,0,NA,0,0,0,0,4,2,8,2,4,0,0.5,2.5,4,0,0,0,0,0,0,0,0,0,0,0,0,0,0,0,0,0,0,0,0,0,0,NA,NA,0,0,0,0,0,0,0,0,0,0,0,0,NA,NA,NA,0,0,0,0,0,0,0,NA,0,0,0,0,NA,0,0
00-0033077,D.Prescott,Dak Prescott,QB,QB,"https://static.www.nfl.com/image/upload/f_auto,q_auto/league/blixemm3s9sa4gmqk5yn",2025,REG,DAL,11,276,398,2941,23,7,17,-105,1,1,3052,1287,147,73.3141912673729,3.84685616056944,1,0.9636304062909568,38,126,2,3,0,12,-2.0971388285466652,0,0,0,0,0,0,0,0,0,0,NA,0,NA,0,0,0,0,1,0,0,0,0,0,0,0,0,0,0,0,0,0,0,0,3,6,0,0,0,0,0,0,0,0,0,0,0,0,0,NA,NA,0,0,0,0,0,0,0,0,0,0,0,0,NA,NA,NA,0,0,0,0,0,0,0,NA,0,0,0,0,NA,220.23999999999998,220.23999999999998
00-0033090,H.Henry,Hunter Henry,TE,TE,"https://static.www.nfl.com/image/upload/f_auto,q_auto/league/l0fsrutz9fwbohx10lcf",2025,REG,NE,12,0,0,0,0,0,0,0,0,0,0,0,0,NA,NA,0,NA,0,0,0,0,0,0,NA,0,41,63,537,5,0,0,532,231,29,22.67994206623698,0,1.0093984962406015,0.1836734693877551,0.1677175283732661,0.39291247394291895,0,0,0,0,0,0,0,0,0,0,0,0,0,0,0,0,0,0,0,0,0,0,2,10,0,0,0,0,0,0,0,0,NA,NA,0,0,0,0,0,0,0,0,0,0,0,0,NA,NA,NA,0,0,0,0,0,0,0,NA,0,0,0,0,NA,83.7,124.7
00-0033093,J.Bullard,Jonathan Bullard,DE,DL,"https://static.www.nfl.com/image/upload/f_auto,q_auto/league/z0iwn1oavvemgjupnkep",2025,REG,NO,8,0,0,0,0,0,0,0,0,0,0,0,0,NA,NA,0,NA,0,0,0,0,0,0,NA,0,0,0,0,0,0,0,0,0,0,NA,0,NA,0,0,0,0,6,2,6,2,4,0,0,0,0,0,0,1,0,0,0,0,0,0,0,0,0,2,10,0,0,0,0,0,0,0,0,NA,NA,0,0,0,0,0,0,0,0,0,0,0,0,NA,NA,NA,0,0,0,0,0,0,0,NA,0,0,0,0,NA,0,0
00-0033106,J.Goff,Jared Goff,QB,QB,"https://static.www.nfl.com/image/upload/f_auto,q_auto/league/yggfwr4ak4po9byj0qor",2025,REG,DET,11,244,352,2769,23,5,23,-147,2,2,2209,1612,137,56.759327453805724,3.064455859318433,0,1.25350837483024,12,22,0,1,0,4,-5.958113136506207,0,0,0,0,0,0,0,0,0,0,NA,0,NA,0,0,0,0,0,0,0,0,0,0,0,0,0,0,0,0,0,0,0,0,0,1,0,0,0,2,14,0,0,0,0,0,0,0,0,NA,NA,0,0,0,0,0,0,0,0,0,0,0,0,NA,NA,NA,0,0,0,0,0,0,0,NA,0,0,0,0,NA,190.95999999999998,190.95999999999998
00-0033109,J.Hargrave,Javon Hargrave,NT,DL,"https://static.www.nfl.com/image/upload/f_auto,q_auto/league/ql5febs5kjgtrpj555ex",2025,REG,MIN,11,0,0,0,0,0,0,0,0,0,0,0,0,NA,NA,0,NA,0,0,0,0,0,0,NA,0,0,0,0,0,0,0,0,0,0,NA,0,NA,0,0,0,0,16,0,24,4,22,0,3,20,4,0,0,0,0,0,0,0,0,0,0,0,0,1,5,0,0,0,0,0,0,0,0,NA,NA,0,0,0,0,0,0,0,0,0,0,0,0,NA,NA,NA,0,0,0,0,0,0,0,NA,0,0,0,0,NA,0,0
00-0033110,T.Higbee,Tyler Higbee,TE,TE,"https://static.www.nfl.com/image/upload/f_auto,q_auto/league/x1d4osiefibd04df6gow",2025,REG,LA,9,0,0,0,0,0,0,0,0,0,0,0,0,NA,NA,0,NA,0,0,0,0,0,0,NA,0,20,30,190,2,0,0,36,129,12,1.2893049233138498,0,5.277777777777778,0.08241758241758242,0.011378002528445006,0.13159097539628514,0,0,0,0,0,0,0,0,0,0,0,0,0,0,0,0,0,0,0,0,0,0,3,25,0,0,0,0,0,0,0,0,NA,NA,0,0,0,0,0,0,0,0,0,0,0,0,NA,NA,NA,0,0,0,0,0,0,0,NA,0,0,0,0,NA,31,51
00-0033119,J.Brissett,Jacoby Brissett,QB,QB,"https://static.www.nfl.com/image/upload/f_auto,q_auto/league/rdxowm5dvpbb8p3aazbc",2025,REG,ARI,8,175,262,1887,11,3,24,-187,3,3,2055,831,90,2.344053713389754,3.6409710100305257,1,0.9182481751824818,24,100,1,1,0,12,5.897008228988852,0,0,0,0,0,0,0,0,0,0,NA,0,NA,0,0,0,0,0,0,0,0,0,0,0,0,0,0,0,0,0,0,0,0,1,2,0,0,0,1,12,0,0,0,0,0,0,0,0,NA,NA,0,0,0,0,0,0,0,0,0,0,0,0,NA,NA,NA,0,0,0,0,0,0,0,NA,0,0,0,0,NA,125.48000000000002,125.48000000000002
00-0033120,K.Clark,Kenny Clark,NT,DL,"https://static.www.nfl.com/image/upload/f_auto,q_auto/league/ydhhuuqdppcs8vzi6v7d",2025,REG,DAL,10,0,0,0,0,0,0,0,0,0,0,0,0,NA,NA,0,NA,0,0,0,0,0,0,NA,0,0,0,0,0,0,0,0,0,0,NA,0,NA,0,0,0,0,13,0,11,5,23,0,3,24,6,0,0,0,0,0,0,0,0,0,0,0,0,0,0,0,0,0,0,0,0,0,0,NA,NA,0,0,0,0,0,0,0,0,0,0,0,0,NA,NA,NA,0,0,0,0,0,0,0,NA,0,0,0,0,NA,0,0
00-0033131,M.Collins,Maliek Collins,DT,DL,"https://static.www.nfl.com/image/upload/f_auto,q_auto/league/tjyv74ytq62fprrfnjrv",2025,REG,CLE,10,0,0,0,0,0,0,0,0,0,0,0,0,NA,NA,0,NA,0,0,0,0,0,0,NA,0,0,0,0,0,0,0,0,0,0,NA,0,NA,0,0,0,0,14,1,9,7,31,0,6.5,36,12,0,0,0,0,0,0,0,0,0,1,1,0,2,7,0,0,0,0,0,0,0,0,NA,NA,0,0,0,0,0,0,0,0,0,0,0,0,NA,NA,NA,0,0,0,0,0,0,0,NA,0,0,0,0,NA,0,0
00-0033132,K.Byard,Kevin Byard,FS,DB,"https://static.www.nfl.com/image/upload/f_auto,q_auto/league/ymu0jcrm7clsyhhvmcki",2025,REG,CHI,11,0,0,0,0,0,0,0,0,0,0,0,0,NA,NA,0,NA,0,0,0,0,0,0,NA,0,0,0,0,0,0,0,0,0,0,NA,0,NA,0,0,0,0,39,3,17,4,7,0,0,0,0,5,70,6,0,0,0,0,0,0,0,0,0,0,0,0,0,0,0,0,0,0,0,NA,NA,0,0,0,0,0,0,0,0,0,0,0,0,NA,NA,NA,0,0,0,0,0,0,0,NA,0,0,0,0,NA,0,0
00-0033156,J.Bosa,Joey Bosa,DE,DL,"https://static.www.nfl.com/image/upload/f_auto,q_auto/league/soo7a4n5mxia4iky4so8",2025,REG,BUF,11,0,0,0,0,0,0,0,0,0,0,0,0,NA,NA,0,NA,0,0,0,0,0,0,NA,0,0,0,0,0,0,0,0,0,0,NA,0,NA,0,0,0,0,14,0,10,7,39,4,4,31,14,0,0,0,0,0,0,0,0,0,0,0,0,2,25,0,0,0,0,0,0,0,0,NA,NA,0,0,0,0,0,0,0,0,0,0,0,0,NA,NA,NA,0,0,0,0,0,0,0,NA,0,0,0,0,NA,0,0
00-0033217,M.Alie-Cox,Mo Alie-Cox,TE,TE,"https://static.www.nfl.com/image/upload/f_auto,q_auto/league/qss1euhktuj7qje9heoi",2025,REG,IND,7,0,0,0,0,0,0,0,0,0,0,0,0,NA,NA,0,NA,0,0,0,0,0,0,NA,0,5,9,59,0,0,0,44,46,2,-5.074292890960351,0,1.3409090909090908,0.02608695652173913,0.015357766143106457,0.04988087108278321,0,1,0,0,0,0,0,0,0,0,0,0,0,0,0,0,0,0,0,0,0,0,1,10,0,0,0,0,0,0,0,0,NA,NA,0,0,0,0,0,0,0,0,0,0,0,0,NA,NA,NA,0,0,0,0,0,0,0,NA,0,0,0,0,NA,5.9,10.9
00-0033246,J.Mundt,Johnny Mundt,TE,TE,"https://static.www.nfl.com/image/upload/f_auto,q_auto/league/dnvrns7mliks2ptijfo0",2025,REG,JAX,10,0,0,0,0,0,0,0,0,0,0,0,0,NA,NA,0,NA,0,0,0,0,0,0,NA,0,8,17,95,0,0,0,74,66,5,3.6655005825450644,0,1.2837837837837838,0.04722222222222222,0.024724356832609422,0.08814038311615993,0,1,0,0,0,0,0,0,0,0,0,0,0,0,0,0,0,0,0,0,0,0,3,20,0,0,0,0,0,0,0,0,NA,NA,0,0,0,0,0,0,0,0,0,0,0,0,NA,NA,NA,0,0,0,0,0,0,0,NA,0,0,0,0,NA,9.5,17.5
00-0033260,T.Hennessy,Thomas Hennessy,LS,SPEC,"https://static.www.nfl.com/image/upload/f_auto,q_auto/league/dzwef96yf2ovfdcppbmo",2025,REG,NYJ,1,0,0,0,0,0,0,0,0,0,0,0,0,NA,NA,0,NA,0,0,0,0,0,0,NA,0,0,0,0,0,0,0,0,0,0,NA,0,NA,0,0,0,0,1,0,0,0,0,0,0,0,0,0,0,0,0,0,0,0,0,0,0,0,0,0,0,0,0,0,0,0,0,0,0,NA,NA,0,0,0,0,0,0,0,0,0,0,0,0,NA,NA,NA,0,0,0,0,0,0,0,NA,0,0,0,0,NA,0,0
00-0033269,R.Sanchez,Rigoberto Sanchez,P,SPEC,"https://static.www.nfl.com/image/upload/f_auto,q_auto/league/io2gctkkefyopm7m7mnj",2025,REG,IND,9,0,0,0,0,0,0,0,0,0,0,0,0,NA,NA,0,NA,0,0,0,0,0,0,NA,0,0,0,0,0,0,0,0,0,0,NA,0,NA,0,0,0,0,0,0,0,0,0,0,0,0,0,0,0,0,0,0,0,0,0,0,0,0,0,1,0,0,0,0,0,0,0,0,0,NA,NA,0,0,0,0,0,0,0,0,0,0,0,0,NA,NA,NA,0,0,0,0,0,0,0,NA,0,0,0,0,NA,0,0
00-0033280,C.McCaffrey,Christian McCaffrey,RB,RB,"https://static.www.nfl.com/image/upload/f_auto,q_auto/league/resjdwihunsqckohcorj",2025,REG,SF,12,0,0,0,0,0,0,0,0,0,0,0,0,NA,NA,0,NA,217,796,7,1,0,54,-20.680829791916338,0,81,103,785,5,1,0,254,618,39,36.377850127724116,0,3.090551181102362,0.2536945812807882,0.08265538561666125,0.43840064185284516,0,1,0,1,0,0,0,0,0,0,0,0,0,0,0,0,0,1,1,0,0,0,0,0,0,0,0,0,0,0,0,0,NA,NA,0,0,0,0,0,0,0,0,0,0,0,0,NA,NA,NA,0,0,0,0,0,0,0,NA,0,0,0,0,NA,230.10000000000002,311.1
00-0033281,M.Humphrey,Marlon Humphrey,CB,DB,"https://static.www.nfl.com/image/upload/f_auto,q_auto/league/zru6ellib9fzob6zq5c3",2025,REG,BAL,9,0,0,0,0,0,0,0,0,0,0,0,0,NA,NA,0,NA,0,0,0,0,0,0,NA,0,0,0,0,0,0,0,0,0,0,NA,0,NA,0,0,0,0,28,1,8,1,1,2,0,0,1,1,27,5,0,0,0,0,0,0,1,1,0,2,20,0,0,0,0,0,0,0,0,NA,NA,0,0,0,0,0,0,0,0,0,0,0,0,NA,NA,NA,0,0,0,0,0,0,0,NA,0,0,0,0,NA,0,0
00-0033282,C.Samuel,Curtis Samuel,WR,WR,"https://static.www.nfl.com/image/upload/f_auto,q_auto/league/vyibrxegz375ntjby5zs",2025,REG,BUF,6,0,0,0,0,0,0,0,0,0,0,0,0,NA,NA,0,NA,0,0,0,0,0,0,NA,0,7,9,81,1,0,0,145,27,5,8.805984938517213,0,0.5586206896551724,0.027777777777777776,0.05566218809980806,0.0806301983365323,0,1,0,0,0,0,0,0,0,0,0,0,0,0,0,0,0,0,0,0,0,0,0,0,0,0,9,223,0,0,0,0,NA,NA,0,0,0,0,0,0,0,0,0,0,0,0,NA,NA,NA,0,0,0,0,0,0,0,NA,0,0,0,0,NA,14.1,21.1
00-0033284,T.Moton,Taylor Moton,OT,OL,"https://static.www.nfl.com/image/upload/f_auto,q_auto/league/sfwnn5fqfzp64p0zkwkl",2025,REG,CAR,3,0,0,0,0,0,0,0,0,0,0,0,0,NA,NA,0,NA,0,0,0,0,0,0,NA,0,0,0,0,0,0,0,0,0,0,NA,0,NA,0,0,0,0,0,0,0,0,0,0,0,0,0,0,0,0,0,0,0,0,0,0,0,0,0,4,20,0,0,0,0,0,0,0,0,NA,NA,0,0,0,0,0,0,0,0,0,0,0,0,NA,NA,NA,0,0,0,0,0,0,0,NA,0,0,0,0,NA,0,0
00-0033288,G.Kittle,George Kittle,TE,TE,"https://static.www.nfl.com/image/upload/f_auto,q_auto/league/ztz3xqjaqgok9m4nylgs",2025,REG,SF,7,0,0,0,0,0,0,0,0,0,0,0,0,NA,NA,0,NA,1,-3,0,0,0,0,-0.9897125085117295,0,33,40,329,5,0,0,250,127,20,30.026285896718036,0,1.316,0.09852216748768473,0.08135372600065083,0.2047308594319827,0,1,0,0,0,0,0,0,0,0,0,0,0,0,0,0,0,0,0,0,0,0,0,0,0,0,0,0,0,0,0,0,NA,NA,0,0,0,0,0,0,0,0,0,0,0,0,NA,NA,NA,0,0,0,0,0,0,0,NA,0,0,0,0,NA,62.6,95.6
00-0033290,J.Eluemunor,Jermaine Eluemunor,G,OL,"https://static.www.nfl.com/image/upload/f_auto,q_auto/league/xqlquhcisz9ykfedvele",2025,REG,NYG,6,0,0,0,0,0,0,0,0,0,0,0,0,NA,NA,0,NA,0,0,0,0,0,0,NA,0,0,0,0,0,0,0,0,0,0,NA,0,NA,0,0,0,0,1,0,0,0,0,0,0,0,0,0,0,0,0,0,0,0,0,0,0,0,0,8,50,0,0,0,0,0,0,0,0,NA,NA,0,0,0,0,0,0,0,0,0,0,0,0,NA,NA,NA,0,0,0,0,0,0,0,NA,0,0,0,0,NA,0,0
00-0033293,A.Jones,Aaron Jones,RB,RB,"https://static.www.nfl.com/image/upload/f_auto,q_auto/league/bktkfvgfwujkdbzkcfim",2025,REG,MIN,7,0,0,0,0,0,0,0,0,0,0,0,0,NA,NA,0,NA,61,297,1,0,0,13,0.6880895680515096,0,16,26,128,1,0,0,20,122,7,-2.1976886324183567,0,6.4,0.08,0.007147962830593281,0.1250035739814153,0,1,0,1,0,0,0,0,0,0,0,0,0,0,0,0,0,1,1,0,0,0,0,0,0,0,0,0,0,0,0,0,NA,NA,0,0,0,0,0,0,0,0,0,0,0,0,NA,NA,NA,0,0,0,0,0,0,0,NA,0,0,0,0,NA,54.5,70.5
00-0033294,C.Clark,Chuck Clark,DB,DB,"https://static.www.nfl.com/image/upload/f_auto,q_auto/league/yv3fcxrrkt1c0tavgpq7",2025,REG,PIT,7,0,0,0,0,0,0,0,0,0,0,0,0,NA,NA,0,NA,0,0,0,0,0,0,NA,0,0,0,0,0,0,0,0,0,0,NA,0,NA,0,0,0,0,22,2,14,2,8,1,0,0,1,0,0,1,0,0,0,0,0,0,0,0,0,0,0,0,0,0,0,0,0,0,0,NA,NA,0,0,0,0,0,0,0,0,0,0,0,0,NA,NA,NA,0,0,0,0,0,0,0,NA,0,0,0,0,NA,0,0
00-0033297,D.Jones,D.J. Jones,DT,DL,"https://static.www.nfl.com/image/upload/f_auto,q_auto/league/ft4g8bxpn85mshqvp4lj",2025,REG,DEN,11,0,0,0,0,0,0,0,0,0,0,0,0,NA,NA,0,NA,0,0,0,0,0,0,NA,0,0,0,0,0,0,0,0,0,0,NA,0,NA,0,0,0,0,12,1,8,3,12,0,2,8,3,0,0,0,0,0,0,0,0,0,0,0,0,0,0,0,0,0,0,0,0,0,0,NA,NA,0,0,0,0,0,0,0,0,0,0,0,0,NA,NA,NA,0,0,0,0,0,0,0,NA,0,0,0,0,NA,0,0
00-0033303,H.Butker,Harrison Butker,K,SPEC,"https://static.www.nfl.com/image/upload/f_auto,q_auto/league/ove4pmnrtqtuyta6rrlc",2025,REG,KC,11,0,0,0,0,0,0,0,0,0,0,0,0,NA,NA,0,NA,0,0,0,0,0,0,NA,0,0,0,0,0,0,0,0,0,0,NA,0,NA,0,0,0,0,0,0,1,0,0,0,0,0,0,0,0,0,0,0,0,0,0,0,0,0,0,2,0,0,0,0,0,21,24,3,0,59,0.875,1,7,7,3,3,0,0,0,0,1,2,0,35;59;27;56;54;48;28;38;23;31;33;38;46;19;31;31;28;48;22;25;27,58;40;56,NA,747,154,0,24,28,3,1,0.8571428571428571,1,1,0,0,27,0,0
00-0033307,K.Bourne,Kendrick Bourne,WR,WR,"https://static.www.nfl.com/image/upload/f_auto,q_auto/league/mkciutibcbq7phnplozn",2025,REG,SF,9,0,0,0,0,0,0,0,0,0,0,0,0,NA,NA,0,NA,0,0,0,0,0,0,NA,0,31,42,482,0,0,0,457,149,23,25.40403130146223,0,1.0547045951859957,0.10344827586206896,0.1487146111291897,0.25927264158353625,0,0,0,0,0,0,0,0,0,0,0,0,0,0,0,0,0,0,0,0,0,0,2,15,0,0,0,0,0,0,0,0,NA,NA,0,0,0,0,0,0,0,0,0,0,0,0,NA,NA,NA,0,0,0,0,0,0,0,NA,0,0,0,0,NA,48.2,79.2
00-0033336,E.Wilson,Eric Wilson,LB,LB,"https://static.www.nfl.com/image/upload/f_auto,q_auto/league/ita0jmgsuikjagrpuqqb",2025,REG,MIN,11,0,0,0,0,0,0,0,0,0,0,0,0,NA,NA,0,NA,0,0,0,0,0,0,NA,0,0,0,0,0,0,0,0,0,0,NA,0,NA,0,0,0,0,37,4,33,10,43,3,3.5,28,5,0,0,0,0,0,0,0,0,0,0,0,0,0,0,0,0,0,0,0,0,0,0,NA,NA,0,0,0,0,0,0,0,0,0,0,0,0,NA,NA,NA,0,0,0,0,0,0,0,NA,0,0,0,0,NA,0,0
00-0033347,J.Tupou,Josh Tupou,DT,DL,"https://static.www.nfl.com/image/upload/f_auto,q_auto/league/l2qbcwd7xkczaf4yibdf",2025,REG,BAL,1,0,0,0,0,0,0,0,0,0,0,0,0,NA,NA,0,NA,0,0,0,0,0,0,NA,0,0,0,0,0,0,0,0,0,0,NA,0,NA,0,0,0,0,0,0,3,0,0,0,0,0,0,0,0,0,0,0,0,0,0,0,0,0,0,0,0,0,0,0,0,0,0,0,0,NA,NA,0,0,0,0,0,0,0,0,0,0,0,0,NA,NA,NA,0,0,0,0,0,0,0,NA,0,0,0,0,NA,0,0
00-0033357,T.Hill,Taysom Hill,TE,TE,"https://static.www.nfl.com/image/upload/f_auto,q_auto/league/q8itjlocg5do60qat4l3",2025,REG,NO,7,1,5,19,0,0,0,0,0,0,10,0,1,-7.072226748822002,-47.54791632294655,0,1.9,32,69,1,0,0,12,-1.4063827159379052,0,3,4,18,0,0,0,13,7,0,-1.8109183511696756,0,1.3846153846153846,0.010752688172043012,0.004185447520927237,0.019058845522713582,0,0,0,0,0,0,0,0,0,0,0,0,0,0,0,0,0,1,1,0,0,0,2,19,0,0,0,0,0,0,0,0,NA,NA,0,0,0,0,0,0,0,0,0,0,0,0,NA,NA,NA,0,0,0,0,0,0,0,NA,0,0,0,0,NA,15.46,18.46
00-0033375,T.Patrick,Tim Patrick,WR,WR,"https://static.www.nfl.com/image/upload/f_auto,q_auto/league/ovltsc9sdoo5e62fpa9b",2025,REG,JAX,8,0,0,0,0,0,0,0,0,0,0,0,0,NA,NA,0,NA,0,0,0,0,0,0,NA,0,7,14,83,2,0,0,154,34,5,-3.669253473617871,0,0.538961038961039,0.03888888888888889,0.05145339124624123,0.09435070720570218,0,1,0,0,0,0,0,0,0,0,0,0,0,0,0,0,0,0,0,0,0,0,1,10,0,0,0,0,0,0,0,0,NA,NA,0,0,0,0,0,0,0,0,0,0,0,0,NA,NA,NA,0,0,0,0,0,0,0,NA,0,0,0,0,NA,20.3,27.3
00-0033376,P.Ricard,Patrick Ricard,FB,RB,"https://static.www.nfl.com/image/upload/f_auto,q_auto/league/l5nzsaigpp87jl5h5mtc",2025,REG,BAL,2,0,0,0,0,0,0,0,0,0,0,0,0,NA,NA,0,NA,1,3,0,0,0,1,0.5102673803921789,0,0,0,0,0,0,0,0,0,0,NA,0,NA,0,0,0,0,1,0,0,0,0,0,0,0,0,0,0,0,0,0,0,0,0,0,0,0,0,0,0,0,0,0,0,0,0,0,0,NA,NA,0,0,0,0,0,0,0,0,0,0,0,0,NA,NA,NA,0,0,0,0,0,0,0,NA,0,0,0,0,NA,0.30000000000000004,0.30000000000000004
00-0033381,A.Butler,Adam Butler,DT,DL,"https://static.www.nfl.com/image/upload/f_auto,q_auto/league/t9cxogz67nugvjyqif73",2025,REG,LV,10,0,0,0,0,0,0,0,0,0,0,0,0,NA,NA,0,NA,0,0,0,0,0,0,NA,0,0,0,0,0,0,0,0,0,0,NA,0,NA,0,0,0,0,15,1,17,3,11,0,1,9,5,0,0,0,0,0,0,0,0,0,1,1,0,3,26,0,0,0,0,0,0,0,0,NA,NA,0,0,0,0,0,0,0,0,0,0,0,0,NA,NA,NA,0,0,0,0,0,0,0,NA,0,0,0,0,NA,0,0
00-0033393,K.Moore,Kenny Moore II,CB,DB,"https://static.www.nfl.com/image/private/f_auto,q_auto/league/ji3hdoi86xonnhxlr6gl",2025,REG,IND,8,0,0,0,0,0,0,0,0,0,0,0,0,NA,NA,0,NA,0,0,0,0,0,0,NA,0,0,0,0,0,0,0,0,0,0,NA,0,NA,0,0,0,0,18,0,13,1,3,2,1.5,3,2,1,32,5,1,0,0,0,0,0,0,0,0,3,22,0,0,0,0,0,0,0,0,NA,NA,0,0,0,0,0,0,0,0,0,0,0,0,NA,NA,NA,0,0,0,0,0,0,0,NA,0,0,0,0,NA,0,0
00-0033400,M.Haack,Matt Haack,P,SPEC,"https://static.www.nfl.com/image/private/f_auto,q_auto/league/piyf9wj7piroy6fqscvn",2025,REG,ARI,1,0,0,0,0,0,0,0,0,0,0,0,0,NA,NA,0,NA,0,0,0,0,0,0,NA,0,0,0,0,0,0,0,0,0,0,NA,0,NA,0,0,0,0,0,0,0,0,0,0,0,0,0,0,0,0,0,0,0,0,0,0,0,0,0,0,0,0,0,0,0,0,0,0,0,NA,NA,0,0,0,0,0,0,0,0,0,0,0,0,NA,NA,NA,0,0,0,0,0,0,0,NA,0,0,0,0,NA,0,0
00-0033439,P.Brown,Pharaoh Brown,TE,TE,"https://static.www.nfl.com/image/upload/f_auto,q_auto/league/hfgg6gr7aiyzmdzh4iww",2025,REG,ARI,2,0,0,0,0,0,0,0,0,0,0,0,0,NA,NA,0,NA,0,0,0,0,0,0,NA,0,0,0,0,0,0,0,0,0,0,NA,0,NA,0,0,0,0,1,0,0,0,0,0,0,0,0,0,0,0,0,0,0,0,0,0,0,0,0,2,14,0,0,0,0,0,0,0,0,NA,NA,0,0,0,0,0,0,0,0,0,0,0,0,NA,NA,NA,0,0,0,0,0,0,0,NA,0,0,0,0,NA,0,0
00-0033503,A.Maulet,Arthur Maulet,CB,DB,"https://static.www.nfl.com/image/upload/f_auto,q_auto/league/aubd7y8fpt8tdx3tci9t",2025,REG,DET,5,0,0,0,0,0,0,0,0,0,0,0,0,NA,NA,0,NA,0,0,0,0,0,0,NA,0,0,0,0,0,0,0,0,0,0,NA,0,NA,0,0,0,0,11,0,3,0,0,0,0,0,0,1,0,2,0,0,0,0,0,0,0,0,0,1,3,0,0,0,0,0,0,0,0,NA,NA,0,0,0,0,0,0,0,0,0,0,0,0,NA,NA,NA,0,0,0,0,0,0,0,NA,0,0,0,0,NA,0,0
00-0033523,J.Allen,Jonathan Allen,DE,DL,"https://static.www.nfl.com/image/upload/f_auto,q_auto/league/pri0osdjdsziyqrd14ar",2025,REG,MIN,11,0,0,0,0,0,0,0,0,0,0,0,0,NA,NA,0,NA,0,0,0,0,0,0,NA,0,0,0,0,0,0,0,0,0,0,NA,0,NA,0,0,0,0,19,1,20,5,20,0,2.5,16.5,8,0,0,0,0,0,0,0,0,0,1,1,0,1,5,0,0,0,0,0,0,0,0,NA,NA,0,0,0,0,0,0,0,0,0,0,0,0,NA,NA,NA,0,0,0,0,0,0,0,NA,0,0,0,0,NA,0,0
00-0033526,S.Perine,Samaje Perine,RB,RB,"https://static.www.nfl.com/image/upload/f_auto,q_auto/league/ur3jv6biq0pefkrgpzty",2025,REG,CIN,9,0,0,0,0,0,0,0,0,0,0,0,0,NA,NA,0,NA,32,198,1,1,1,15,7.8504770200524945,0,7,9,30,0,0,0,-11,38,2,-2.492437938156845,0,-2.727272727272727,0.023076923076923078,-0.0035865666775350504,0.03210478794111008,0,1,0,5,0,0,0,0,0,0,0,0,0,0,0,0,0,0,0,0,0,0,0,0,0,0,15,381,0,0,0,0,NA,NA,0,0,0,0,0,0,0,0,0,0,0,0,NA,NA,NA,0,0,0,0,0,0,0,NA,0,0,0,0,NA,26.8,33.8
00-0033538,G.Bolles,Garett Bolles,OT,OL,"https://static.www.nfl.com/image/upload/f_auto,q_auto/league/dpgttf9sbcrvmqvohqtn",2025,REG,DEN,3,0,0,0,0,0,0,0,0,0,0,0,0,NA,NA,0,NA,0,0,0,0,0,0,NA,0,0,1,0,0,0,0,2,0,0,-0.82037357360241,0,0,0.0027247956403269754,6.495615459564793e-4,0.004541886542659999,0,0,0,0,0,0,0,0,0,0,0,0,0,0,0,0,0,0,0,0,0,0,3,24,0,0,0,0,0,0,0,0,NA,NA,0,0,0,0,0,0,0,0,0,0,0,0,NA,NA,NA,0,0,0,0,0,0,0,NA,0,0,0,0,NA,0,0
00-0033546,D.Tomlinson,Dalvin Tomlinson,DE,DL,"https://static.www.nfl.com/image/upload/f_auto,q_auto/league/al9wtdcyop0h56lby8ba",2025,REG,ARI,10,0,0,0,0,0,0,0,0,0,0,0,0,NA,NA,0,NA,0,0,0,0,0,0,NA,0,0,0,0,0,0,0,0,0,0,NA,0,NA,0,0,0,0,9,1,8,2,5,0,0,0,2,0,0,1,0,0,0,0,0,0,0,0,0,1,5,0,0,0,0,0,0,0,0,NA,NA,0,0,0,0,0,0,0,0,0,0,0,0,NA,NA,NA,0,0,0,0,0,0,0,NA,0,0,0,0,NA,0,0
00-0033547,Z.Cunningham,Zach Cunningham,ILB,LB,"https://static.www.nfl.com/image/upload/f_auto,q_auto/league/gxugy1m0xlxbyk8dv5rr",2025,REG,DET,4,0,0,0,0,0,0,0,0,0,0,0,0,NA,NA,0,NA,0,0,0,0,0,0,NA,0,0,0,0,0,0,0,0,0,0,NA,0,NA,0,0,0,0,5,0,2,1,1,0,0,0,0,0,0,0,0,0,0,0,0,0,0,0,0,1,0,0,0,0,0,0,0,0,0,NA,NA,0,0,0,0,0,0,0,0,0,0,0,0,NA,NA,NA,0,0,0,0,0,0,0,NA,0,0,0,0,NA,0,0
00-0033548,C.Awuzie,Chidobe Awuzie,CB,DB,"https://static.www.nfl.com/image/upload/f_auto,q_auto/league/qmjzimecbg4ftseg8myr",2025,REG,BAL,9,0,0,0,0,0,0,0,0,0,0,0,0,NA,NA,0,NA,0,0,0,0,0,0,NA,0,0,0,0,0,0,0,0,0,0,NA,0,NA,0,0,0,0,15,0,12,0,0,0,0,0,1,0,0,5,0,0,0,0,0,0,0,0,0,1,38,0,0,0,0,0,0,0,0,NA,NA,0,0,0,0,0,0,0,0,0,0,0,0,NA,NA,NA,0,0,0,0,0,0,0,NA,0,0,0,0,NA,0,0
00-0033551,R.Douglas,Rasul Douglas,CB,DB,"https://static.www.nfl.com/image/upload/f_auto,q_auto/league/f2ac9dmdbhc6rvgllcbt",2025,REG,MIA,9,0,0,0,0,0,0,0,0,0,0,0,0,NA,NA,0,NA,0,0,0,0,0,0,NA,0,0,0,0,0,0,0,0,0,0,NA,0,NA,0,0,0,0,21,4,11,2,3,1,1,2,2,0,0,5,0,0,0,0,0,0,0,0,0,2,44,0,0,0,0,0,0,0,0,NA,NA,0,0,0,0,0,0,0,0,0,0,0,0,NA,NA,NA,0,0,0,0,0,0,0,NA,0,0,0,0,NA,0,0
00-0033553,J.Conner,James Conner,RB,RB,"https://static.www.nfl.com/image/upload/f_auto,q_auto/league/g5yjordcmt76j0saytzb",2025,REG,ARI,3,0,0,0,0,0,0,0,0,0,0,0,0,NA,NA,0,NA,32,95,1,1,0,7,-2.7795420848415233,0,8,9,38,1,0,0,-9,68,4,2.2344548034016043,0,-4.222222222222222,0.022167487684729065,-0.0030010003334444814,0.03115053129368246,0,0,0,0,0,0,0,0,0,0,0,0,0,0,0,0,0,0,0,0,0,0,0,0,0,0,0,0,0,0,0,0,NA,NA,0,0,0,0,0,0,0,0,0,0,0,0,NA,NA,NA,0,0,0,0,0,0,0,NA,0,0,0,0,NA,25.3,33.3
00-0033555,M.Hollins,Mack Hollins,WR,WR,"https://static.www.nfl.com/image/upload/f_auto,q_auto/league/qbz7whjzsittudcecezw",2025,REG,NE,11,0,0,0,0,0,0,0,0,0,0,0,0,NA,NA,0,NA,1,4,0,0,0,0,-0.22416954231448472,0,32,44,417,2,0,0,546,92,22,22.98840878054034,0,0.7637362637362637,0.1282798833819242,0.1721311475409836,0.3129116283515748,0,0,0,0,0,0,0,0,0,0,0,0,0,0,0,0,0,0,0,0,0,0,1,10,0,0,0,0,0,0,0,0,NA,NA,0,0,0,0,0,0,0,0,0,0,0,0,NA,NA,NA,0,0,0,0,0,0,0,NA,0,0,0,0,NA,54.1,86.1
00-0033571,M.Milano,Matt Milano,OLB,LB,"https://static.www.nfl.com/image/upload/f_auto,q_auto/league/ikmvrrbegypwn8wejcge",2025,REG,BUF,7,0,0,0,0,0,0,0,0,0,0,0,0,NA,NA,0,NA,0,0,0,0,0,0,NA,0,0,0,0,0,0,0,0,0,0,NA,0,NA,0,0,0,0,16,1,16,2,8,0,1,0,1,0,0,0,0,0,0,0,0,0,0,0,0,1,5,0,0,0,0,0,0,0,0,NA,NA,0,0,0,0,0,0,0,0,0,0,0,0,NA,NA,NA,0,0,0,0,0,0,0,NA,0,0,0,0,NA,0,0
00-0033572,J.Agnew,Jamal Agnew,WR,WR,"https://static.www.nfl.com/image/upload/f_auto,q_auto/league/buapoaxrvjzwsr4l34mq",2025,REG,ATL,9,0,0,0,0,0,0,0,0,0,0,0,0,NA,NA,0,NA,0,0,0,0,0,0,NA,0,0,0,0,0,0,0,0,0,0,NA,0,NA,0,0,0,0,0,0,0,0,0,0,0,0,0,0,0,0,0,2,0,0,1,1,0,0,0,0,0,11,101,28,699,0,0,0,0,NA,NA,0,0,0,0,0,0,0,0,0,0,0,0,NA,NA,NA,0,0,0,0,0,0,0,NA,0,0,0,0,NA,0,0
00-0033576,E.Saubert,Eric Saubert,TE,TE,"https://static.www.nfl.com/image/upload/f_auto,q_auto/league/ojoapzazehxdd01fadz6",2025,REG,SEA,5,0,0,0,0,0,0,0,0,0,0,0,0,NA,NA,0,NA,0,0,0,0,0,0,NA,0,1,1,12,0,0,0,6,6,1,1.767338192963507,0,2,0.0034965034965034965,0.0022222222222222222,0.006800310800310801,0,4,0,3,0,0,0,0,0,0,0,0,0,0,0,0,0,1,1,0,0,0,3,20,0,0,0,0,0,0,0,0,NA,NA,0,0,0,0,0,0,0,0,0,0,0,0,NA,NA,NA,0,0,0,0,0,0,0,NA,0,0,0,0,NA,1.2000000000000002,2.2
00-0033579,X.Woods,Xavier Woods,FS,DB,"https://static.www.nfl.com/image/upload/f_auto,q_auto/league/of7kdkfale5fnuz6u8gr",2025,REG,TEN,8,0,0,0,0,0,0,0,0,0,0,0,0,NA,NA,0,NA,0,0,0,0,0,0,NA,0,0,0,0,0,0,0,0,0,0,NA,0,NA,0,0,0,0,19,0,15,0,0,0,1,0,0,1,16,2,0,0,0,0,0,0,0,0,0,0,0,0,0,0,0,0,0,0,0,NA,NA,0,0,0,0,0,0,0,0,0,0,0,0,NA,NA,NA,0,0,0,0,0,0,0,NA,0,0,0,0,NA,0,0
00-0033589,D.Moore,David Moore,WR,WR,"https://static.www.nfl.com/image/upload/f_auto,q_auto/league/k2szy47lyxy9u5om7vd1",2025,REG,CAR,3,0,0,0,0,0,0,0,0,0,0,0,0,NA,NA,0,NA,1,12,0,0,0,1,1.0353833953849971,0,1,1,5,0,0,0,5,0,0,-0.30323291127569973,0,1,0.002793296089385475,0.001970055161544523,0.005568982747159378,0,0,0,0,0,0,0,0,0,0,0,0,0,0,0,0,0,0,0,0,0,0,0,0,1,0,0,0,0,0,0,0,NA,NA,0,0,0,0,0,0,0,0,0,0,0,0,NA,NA,NA,0,0,0,0,0,0,0,NA,0,0,0,0,NA,1.7000000000000002,2.7
00-0033591,N.Brown,Noah Brown,WR,WR,"https://static.www.nfl.com/image/upload/f_auto,q_auto/league/nv6ix0p8965yiugsuhwh",2025,REG,WAS,2,0,0,0,0,0,0,0,0,0,0,0,0,NA,NA,0,NA,0,0,0,0,0,0,NA,0,3,7,36,0,0,0,96,9,1,-0.5330095474782865,0,0.375,0.024054982817869417,0.03742690058479532,0.062281304636160856,0,0,0,0,0,0,0,0,0,0,0,0,0,0,0,0,0,0,0,0,0,0,1,5,0,0,0,0,0,0,0,0,NA,NA,0,0,0,0,0,0,0,0,0,0,0,0,NA,NA,NA,0,0,0,0,0,0,0,NA,0,0,0,0,NA,3.6,6.6
00-0033595,P.O'Connor,Pat O'Connor,DE,DL,"https://static.www.nfl.com/image/upload/f_auto,q_auto/league/hlyhbl1hpgksy8swksa8",2025,REG,DET,7,0,0,0,0,0,0,0,0,0,0,0,0,NA,NA,0,NA,0,0,0,0,0,0,NA,0,0,0,0,0,0,0,0,0,0,NA,0,NA,0,0,0,0,5,0,5,0,0,0,0,0,0,0,0,1,0,0,0,0,0,0,0,0,0,0,0,0,0,0,0,0,0,0,0,NA,NA,0,0,0,0,0,0,0,0,0,0,0,0,NA,NA,NA,0,0,0,0,0,0,0,NA,0,0,0,0,NA,0,0
00-0033662,C.Rush,Cooper Rush,QB,QB,"https://static.www.nfl.com/image/upload/f_auto,q_auto/league/mwrtykpswz7nbfisqlmj",2025,REG,BAL,4,34,52,303,0,4,1,-16,0,0,335,149,13,-18.84717217733835,-1.9398655377182326,0,0.9044776119402985,4,-4,0,1,1,1,-5.581122012459673,0,0,0,0,0,0,0,0,0,0,NA,0,NA,0,0,0,0,0,0,0,0,0,0,0,0,0,0,0,0,0,0,0,0,0,1,0,0,0,0,0,0,0,0,0,0,0,0,0,NA,NA,0,0,0,0,0,0,0,0,0,0,0,0,NA,NA,NA,0,0,0,0,0,0,0,NA,0,0,0,0,NA,1.720000000000001,1.720000000000001
00-0033676,E.Wilkinson,Elijah Wilkinson,OT,OL,"https://static.www.nfl.com/image/upload/f_auto,q_auto/league/vf0jyksmu8odxv2b9ich",2025,REG,ATL,7,0,0,0,0,0,0,0,0,0,0,0,0,NA,NA,0,NA,0,0,0,0,0,0,NA,0,0,0,0,0,0,0,0,0,0,NA,0,NA,0,0,0,0,0,0,1,0,0,0,0,0,0,0,0,0,0,0,0,0,1,1,0,0,0,8,50,0,0,0,0,0,0,0,0,NA,NA,0,0,0,0,0,0,0,0,0,0,0,0,NA,NA,NA,0,0,0,0,0,0,0,NA,0,0,0,0,NA,0,0
00-0033697,M.Davis,Michael Davis,CB,DB,"https://static.www.nfl.com/image/upload/f_auto,q_auto/league/bh8fcv8fcihcx1munujm",2025,REG,NO,2,0,0,0,0,0,0,0,0,0,0,0,0,NA,NA,0,NA,0,0,0,0,0,0,NA,0,0,0,0,0,0,0,0,0,0,NA,0,NA,0,0,0,0,1,0,1,0,0,0,0,0,0,0,0,0,0,0,0,0,0,0,0,0,0,0,0,0,0,0,0,0,0,0,0,NA,NA,0,0,0,0,0,0,0,0,0,0,0,0,NA,NA,NA,0,0,0,0,0,0,0,NA,0,0,0,0,NA,0,0
00-0033699,A.Ekeler,Austin Ekeler,RB,RB,"https://static.www.nfl.com/image/upload/f_auto,q_auto/league/sldndpn2zwt4uhkj2zks",2025,REG,WAS,2,0,0,0,0,0,0,0,0,0,0,0,0,NA,NA,0,NA,14,43,0,0,0,3,-1.1653470726450905,0,5,7,38,0,0,0,12,49,2,0.22969329675153594,0,3.1666666666666665,0.024054982817869417,0.004678362573099415,0.03935732802797372,0,0,0,0,0,0,0,0,0,0,0,0,0,0,0,0,0,0,0,0,0,0,1,5,0,0,0,0,0,0,0,0,NA,NA,0,0,0,0,0,0,0,0,0,0,0,0,NA,NA,NA,0,0,0,0,0,0,0,NA,0,0,0,0,NA,8.1,13.1
00-0033702,Y.Koo,Younghoe Koo,K,SPEC,"https://static.www.nfl.com/image/upload/f_auto,q_auto/league/j70hqvbaerk5ft50appk",2025,REG,NYG,4,0,0,0,0,0,0,0,0,0,0,0,0,NA,NA,0,NA,0,0,0,0,0,0,NA,0,0,0,0,0,0,0,0,0,0,NA,0,NA,0,0,0,0,2,0,1,0,0,0,0,0,0,0,0,0,0,0,0,0,0,0,0,0,0,1,0,0,0,0,0,6,7,1,0,44,0.8571428571428571,1,1,2,2,0,0,0,0,0,1,0,0,41;36;32;19;21;44,44,NA,193,44,0,9,10,1,0,0.9,0,0,0,0,NA,0,0
00-0033729,C.Johnston,Cameron Johnston,P,SPEC,"https://static.www.nfl.com/image/upload/f_auto,q_auto/league/ppcxjnntytozgd78mhzz",2025,REG,BUF,3,0,0,0,0,0,0,0,0,0,0,0,0,NA,NA,0,NA,0,0,0,0,0,0,NA,0,0,0,0,0,0,0,0,0,0,NA,0,NA,0,0,0,0,0,0,0,0,0,0,0,0,0,0,0,0,0,0,0,0,0,0,0,0,0,0,0,0,0,0,0,0,0,0,0,NA,NA,0,0,0,0,0,0,0,0,0,0,0,0,NA,NA,NA,0,0,0,0,0,0,0,NA,0,0,0,0,NA,0,0
00-0033757,R.Tonyan,Robert Tonyan,TE,TE,"https://static.www.nfl.com/image/upload/f_auto,q_auto/league/m8h8rzmxq4sjywitqnyb",2025,REG,KC,2,0,0,0,0,0,0,0,0,0,0,0,0,NA,NA,0,NA,0,0,0,0,0,0,NA,0,1,1,1,0,0,0,1,0,0,-0.5185336319264024,0,1,0.0025906735751295338,3.023888720895071e-4,0.004097682573156955,0,1,0,0,0,0,0,0,0,0,0,0,0,0,0,0,0,0,0,0,0,0,0,0,0,0,0,0,0,0,0,0,NA,NA,0,0,0,0,0,0,0,0,0,0,0,0,NA,NA,NA,0,0,0,0,0,0,0,NA,0,0,0,0,NA,0.1,1.1
00-0033783,A.Witherspoon,Ahkello Witherspoon,CB,DB,"https://static.www.nfl.com/image/upload/f_auto,q_auto/league/ub7code8rbhomboifmob",2025,REG,LA,2,0,0,0,0,0,0,0,0,0,0,0,0,NA,NA,0,NA,0,0,0,0,0,0,NA,0,0,0,0,0,0,0,0,0,0,NA,0,NA,0,0,0,0,3,0,0,0,0,0,0,0,0,0,0,1,0,0,0,0,0,0,0,0,0,1,5,0,0,0,0,0,0,0,0,NA,NA,0,0,0,0,0,0,0,0,0,0,0,0,NA,NA,NA,0,0,0,0,0,0,0,NA,0,0,0,0,NA,0,0
00-0033787,J.Elliott,Jake Elliott,K,SPEC,"https://static.www.nfl.com/image/upload/f_auto,q_auto/league/v35j7b3tofdn0kfskdhj",2025,REG,PHI,11,0,0,0,0,0,0,0,0,0,0,0,0,NA,NA,0,NA,0,0,0,0,0,0,NA,0,0,0,0,0,0,0,0,0,0,NA,0,NA,0,0,0,0,1,0,0,0,0,0,0,0,0,0,0,0,0,0,0,0,0,0,0,0,0,1,0,0,0,0,0,11,14,3,0,58,0.7857142857142857,0,1,4,3,3,0,0,0,0,1,2,0,58;58;51;39;31;42;40;39;27;34;49,42;58;56,NA,468,156,0,30,30,0,0,1,0,0,0,0,NA,0,0
00-0033831,A.Wylie,Andrew Wylie,G,OL,"https://static.www.nfl.com/image/upload/f_auto,q_auto/league/ocotasgekygqeq8tmgzh",2025,REG,WAS,1,0,0,0,0,0,0,0,0,0,0,0,0,NA,NA,0,NA,0,0,0,0,0,0,NA,0,0,0,0,0,0,0,0,0,0,NA,0,NA,0,0,0,0,0,0,0,0,0,0,0,0,0,0,0,0,0,0,0,0,0,0,0,0,0,1,10,0,0,0,0,0,0,0,0,NA,NA,0,0,0,0,0,0,0,0,0,0,0,0,NA,NA,NA,0,0,0,0,0,0,0,NA,0,0,0,0,NA,0,0
00-0033854,D.Ogunbowale,Dare Ogunbowale,RB,RB,"https://static.www.nfl.com/image/upload/f_auto,q_auto/league/bsm0k0jkytuiej2riudv",2025,REG,HOU,9,0,0,0,0,0,0,0,0,0,0,0,0,NA,NA,0,NA,3,18,0,0,0,0,-1.2419280853782722,0,5,6,36,0,1,1,7,33,1,-7.746018859074383,0,5.142857142857143,0.015789473684210527,0.002189552705661558,0.02521689742027888,0,5,0,5,0,0,0,0,0,0,0,0,0,0,0,0,0,0,0,0,0,0,0,0,0,0,0,0,0,0,0,0,NA,NA,0,0,0,0,0,0,0,0,0,0,0,0,NA,NA,NA,0,0,0,0,0,0,0,NA,0,0,0,0,NA,3.4000000000000004,8.4
00-0033857,J.Smith-Schuster,JuJu Smith-Schuster,WR,WR,"https://static.www.nfl.com/image/upload/f_auto,q_auto/league/fmjrhk2zt9z22uifctv0",2025,REG,KC,11,0,0,0,0,0,0,0,0,0,0,0,0,NA,NA,0,NA,0,0,0,0,0,0,NA,0,26,32,299,1,0,0,188,177,16,8.782802527941813,0,1.5904255319148937,0.08290155440414508,0.056849107952827334,0.16414670717319674,0,0,0,0,0,0,0,0,0,0,0,0,0,0,0,0,0,0,0,0,0,0,2,20,0,0,0,0,0,0,0,0,NA,NA,0,0,0,0,0,0,0,0,0,0,0,0,NA,NA,NA,0,0,0,0,0,0,0,NA,0,0,0,0,NA,35.900000000000006,61.900000000000006
00-0033858,J.Smith,Jonnu Smith,TE,TE,"https://static.www.nfl.com/image/upload/f_auto,q_auto/league/egd6llghj3n5wfdrqacw",2025,REG,PIT,11,0,0,0,0,0,0,0,0,0,0,0,0,NA,NA,0,NA,3,17,0,0,0,1,0.38440587162040174,0,29,41,184,2,1,0,177,146,9,3.2733525069328877,0,1.03954802259887,0.128125,0.08998474834773768,0.25517682384341633,0,0,0,0,0,0,0,0,0,0,0,0,0,0,0,0,0,0,0,0,0,0,2,10,0,0,0,0,0,0,0,0,NA,NA,0,0,0,0,0,0,0,0,0,0,0,0,NA,NA,NA,0,0,0,0,0,0,0,NA,0,0,0,0,NA,32.1,61.1
00-0033860,D.Godchaux,Davon Godchaux,DT,DL,"https://static.www.nfl.com/image/upload/f_auto,q_auto/league/ggliw5fteiagipksotkk",2025,REG,NO,10,0,0,0,0,0,0,0,0,0,0,0,0,NA,NA,0,NA,0,0,0,0,0,0,NA,0,0,0,0,0,0,0,0,0,0,NA,0,NA,0,0,0,0,8,0,21,1,1,1,0,0,0,0,0,0,0,0,0,0,0,0,0,0,0,3,20,0,0,0,0,0,0,0,0,NA,NA,0,0,0,0,0,0,0,0,0,0,0,0,NA,NA,NA,0,0,0,0,0,0,0,NA,0,0,0,0,NA,0,0
00-0033862,Z.Gonzalez,Zane Gonzalez,K,SPEC,"https://static.www.nfl.com/image/upload/f_auto,q_auto/league/tytaxive5qhdumjqy2o2",2025,REG,ATL,3,0,0,0,0,0,0,0,0,0,0,0,0,NA,NA,0,NA,0,0,0,0,0,0,NA,0,0,0,0,0,0,0,0,0,0,NA,0,NA,0,0,0,0,0,0,0,0,0,0,0,0,0,0,0,0,0,0,0,0,0,0,0,0,0,0,0,0,0,0,0,6,6,0,0,56,1,0,0,0,3,3,0,0,0,0,0,0,0,43;52;45;56;41;54,NA,NA,291,0,0,6,6,0,0,1,0,0,0,0,NA,0,0
00-0033868,M.Garrett,Myles Garrett,DE,DL,"https://static.www.nfl.com/image/private/f_auto,q_auto/league/y33rmtjxhgil7cjcftlc",2025,REG,CLE,11,0,0,0,0,0,0,0,0,0,0,0,0,NA,NA,0,NA,0,0,0,0,0,0,NA,0,0,0,0,0,0,0,0,0,0,NA,0,NA,0,0,0,0,30,3,11,26,128,3,18,120,27,0,0,0,0,0,0,0,0,0,0,0,0,4,19,0,0,0,0,0,0,0,0,NA,NA,0,0,0,0,0,0,0,0,0,0,0,0,NA,NA,NA,0,0,0,0,0,0,0,NA,0,0,0,0,NA,0,0
00-0033869,M.Trubisky,Mitchell Trubisky,QB,QB,"https://static.www.nfl.com/image/upload/f_auto,q_auto/league/fw9ec0v5pn3sorobytpb",2025,REG,BUF,3,3,6,54,0,0,0,0,0,0,56,16,3,3.249496043776162,-15.015902121861775,0,0.9642857142857143,4,1,0,0,0,0,-3.886258147773333,0,0,0,0,0,0,0,0,0,0,NA,0,NA,0,0,0,0,0,0,0,0,0,0,0,0,0,0,0,0,0,0,0,0,0,0,0,0,0,0,0,0,0,0,0,0,0,0,0,NA,NA,0,0,0,0,0,0,0,0,0,0,0,0,NA,NA,NA,0,0,0,0,0,0,0,NA,0,0,0,0,NA,2.2600000000000002,2.2600000000000002
00-0033870,S.Thomas,Solomon Thomas,DE,DL,"https://static.www.nfl.com/image/upload/f_auto,q_auto/league/pk5ozcdcbehjnw3txvu8",2025,REG,DAL,9,0,0,0,0,0,0,0,0,0,0,0,0,NA,NA,0,NA,0,0,0,0,0,0,NA,0,0,0,0,0,0,0,0,0,0,NA,0,NA,0,0,0,0,6,2,13,2,5,0,0,0,1,0,0,1,0,0,0,0,0,0,0,0,0,1,1,0,0,0,0,0,0,0,0,NA,NA,0,0,0,0,0,0,0,0,0,0,0,0,NA,NA,NA,0,0,0,0,0,0,0,NA,0,0,0,0,NA,0,0
00-0033872,J.Adams,Jamal Adams,LB,LB,"https://static.www.nfl.com/image/upload/f_auto,q_auto/league/plodzh6kwjvhpo2mf3ie",2025,REG,LV,11,0,0,0,0,0,0,0,0,0,0,0,0,NA,NA,0,NA,0,0,0,0,0,0,NA,0,0,0,0,0,0,0,0,0,0,NA,0,NA,0,0,0,0,18,1,10,2,6,0,1,4,2,0,0,0,0,0,0,0,0,0,0,0,0,1,15,0,0,0,0,0,0,0,0,NA,NA,0,0,0,0,0,0,0,0,0,0,0,0,NA,NA,NA,0,0,0,0,0,0,0,NA,0,0,0,0,NA,0,0
00-0033873,P.Mahomes,Patrick Mahomes,QB,QB,"https://static.www.nfl.com/image/upload/f_auto,q_auto/league/iireqbn32cpg9fn4sfy7",2025,REG,KC,11,262,407,2977,18,7,24,-142,3,0,3307,1574,145,79.98870705501749,1.4924468926197483,2,0.9002116722104626,52,318,4,0,0,23,18.78586678422289,0,0,0,0,0,0,0,0,0,0,NA,0,NA,0,0,0,0,1,0,0,0,0,0,0,0,0,0,0,0,0,0,0,0,3,3,0,0,0,3,25,0,0,0,0,0,0,0,0,NA,NA,0,0,0,0,0,0,0,0,0,0,0,0,NA,NA,NA,0,0,0,0,0,0,0,NA,0,0,0,0,NA,236.88,236.88
00-0033874,M.Lattimore,Marshon Lattimore,CB,DB,"https://static.www.nfl.com/image/upload/f_auto,q_auto/league/z4npwlwl5teozc1lp8ky",2025,REG,WAS,9,0,0,0,0,0,0,0,0,0,0,0,0,NA,NA,0,NA,0,0,0,0,0,0,NA,0,0,0,0,0,0,0,0,0,0,NA,0,NA,0,0,0,0,15,1,11,1,3,0,0,0,0,1,0,7,0,0,0,0,0,0,1,1,0,7,89,0,0,0,0,0,0,0,0,NA,NA,0,0,0,0,0,0,0,0,0,0,0,0,NA,NA,NA,0,0,0,0,0,0,0,NA,0,0,0,0,NA,0,0
00-0033875,H.Reddick,Haason Reddick,OLB,LB,"https://static.www.nfl.com/image/upload/f_auto,q_auto/league/to1hxe921e7wc8rarebt",2025,REG,TB,7,0,0,0,0,0,0,0,0,0,0,0,0,NA,NA,0,NA,0,0,0,0,0,0,NA,0,0,0,0,0,0,0,0,0,0,NA,0,NA,0,0,0,0,9,0,7,3,12,0,1.5,12.5,5,0,0,1,0,0,0,0,0,0,0,0,0,2,10,0,0,0,0,0,0,0,0,NA,NA,0,0,0,0,0,0,0,0,0,0,0,0,NA,NA,NA,0,0,0,0,0,0,0,NA,0,0,0,0,NA,0,0
00-0033876,D.Barnett,Derek Barnett,DE,DL,"https://static.www.nfl.com/image/upload/f_auto,q_auto/league/eh9ienpeakbbr9mw4vlm",2025,REG,HOU,10,0,0,0,0,0,0,0,0,0,0,0,0,NA,NA,0,NA,0,0,0,0,0,0,NA,0,0,0,0,0,0,0,0,0,0,NA,0,NA,0,0,0,0,6,0,4,3,21,0,2,15,5,0,0,0,0,0,0,0,0,0,0,0,0,2,30,0,0,0,0,0,0,0,0,NA,NA,0,0,0,0,0,0,0,0,0,0,0,0,NA,NA,NA,0,0,0,0,0,0,0,NA,0,0,0,0,NA,0,0
00-0033877,M.Hooker,Malik Hooker,FS,DB,"https://static.www.nfl.com/image/upload/f_auto,q_auto/league/juvd0vtnne04b8fbqaf6",2025,REG,DAL,6,0,0,0,0,0,0,0,0,0,0,0,0,NA,NA,0,NA,0,0,0,0,0,0,NA,0,0,0,0,0,0,0,0,0,0,NA,0,NA,0,0,0,0,15,1,12,1,1,0,0,0,0,0,0,1,0,0,0,0,0,0,0,0,0,0,0,0,0,0,0,0,0,0,0,NA,NA,0,0,0,0,0,0,0,0,0,0,0,0,NA,NA,NA,0,0,0,0,0,0,0,NA,0,0,0,0,NA,0,0
00-0033878,A.Jackson,Adoree' Jackson,CB,DB,"https://static.www.nfl.com/image/upload/f_auto,q_auto/league/jtskiyzkosuajjatls72",2025,REG,PHI,8,0,0,0,0,0,0,0,0,0,0,0,0,NA,NA,0,NA,0,0,0,0,0,0,NA,0,0,0,0,0,0,0,0,0,0,NA,0,NA,0,0,0,0,24,0,9,0,0,0,0,0,0,0,0,6,0,0,0,0,0,0,0,0,0,1,0,0,0,0,0,0,0,0,0,NA,NA,0,0,0,0,0,0,0,0,0,0,0,0,NA,NA,NA,0,0,0,0,0,0,0,NA,0,0,0,0,NA,0,0
00-0033881,E.Engram,Evan Engram,TE,TE,"https://static.www.nfl.com/image/upload/f_auto,q_auto/league/vsrjso6phkjqki88qw9y",2025,REG,DEN,10,0,0,0,0,0,0,0,0,0,0,0,0,NA,NA,0,NA,1,7,0,0,0,0,0.25443235179409385,0,32,50,260,1,0,0,220,178,14,2.6187937511457093,0,1.1818181818181819,0.1362397820163488,0.07145177005521273,0.2543759120631721,0,0,0,0,0,0,0,0,0,0,0,0,0,0,0,0,0,0,0,0,0,0,1,5,0,0,0,0,0,0,0,0,NA,NA,0,0,0,0,0,0,0,0,0,0,0,0,NA,NA,NA,0,0,0,0,0,0,0,NA,0,0,0,0,NA,32.7,64.7
00-0033883,J.Peppers,Jabrill Peppers,FS,DB,"https://static.www.nfl.com/image/upload/f_auto,q_auto/league/ibsp6bicwpzoghc9mofe",2025,REG,PIT,4,0,0,0,0,0,0,0,0,0,0,0,0,NA,NA,0,NA,0,0,0,0,0,0,NA,0,0,0,0,0,0,0,0,0,0,NA,0,NA,0,0,0,0,6,1,4,0,0,0,0,0,0,0,0,0,0,0,0,0,0,0,1,1,0,2,15,0,0,0,0,0,0,0,0,NA,NA,0,0,0,0,0,0,0,0,0,0,0,0,NA,NA,NA,0,0,0,0,0,0,0,NA,0,0,0,0,NA,0,0
00-0033884,T.White,Tre'Davious White,CB,DB,"https://static.www.nfl.com/image/upload/f_auto,q_auto/league/uxwbh1qimnyieywlu6ic",2025,REG,BUF,10,0,0,0,0,0,0,0,0,0,0,0,0,NA,NA,0,NA,0,0,0,0,0,0,NA,0,0,0,0,0,0,0,0,0,0,NA,0,NA,0,0,0,0,24,0,6,5,16,0,0,0,0,0,0,4,0,0,0,0,0,0,0,0,0,3,21,0,0,0,0,0,0,0,0,NA,NA,0,0,0,0,0,0,0,0,0,0,0,0,NA,NA,NA,0,0,0,0,0,0,0,NA,0,0,0,0,NA,0,0
00-0033885,D.Njoku,David Njoku,TE,TE,"https://static.www.nfl.com/image/upload/f_auto,q_auto/league/gdwtgcfz3mxj6codxdpn",2025,REG,CLE,9,0,0,0,0,0,0,0,0,0,0,0,0,NA,NA,0,NA,0,0,0,0,0,0,NA,0,30,45,288,3,0,0,250,158,10,-3.693550692350904,0,1.152,0.12534818941504178,0.09803921568627451,0.2566497351029548,0,0,0,0,0,0,0,0,0,0,0,0,0,0,0,0,0,0,0,0,0,0,0,0,0,0,0,0,0,0,0,0,NA,NA,0,0,0,0,0,0,0,0,0,0,0,0,NA,NA,NA,0,0,0,0,0,0,0,NA,0,0,0,0,NA,46.8,76.8
00-0033886,T.Watt,T.J. Watt,OLB,LB,"https://static.www.nfl.com/image/upload/f_auto,q_auto/league/aywegy4gpj1d32vrl67u",2025,REG,PIT,11,0,0,0,0,0,0,0,0,0,0,0,0,NA,NA,0,NA,0,0,0,0,0,0,NA,0,0,0,0,0,0,0,0,0,0,NA,0,NA,0,0,0,0,16,2,25,9,41,3,7,41,17,1,13,7,0,0,0,0,0,0,2,2,0,5,44,0,0,0,0,0,0,0,0,NA,NA,0,0,0,0,0,0,0,0,0,0,0,0,NA,NA,NA,0,0,0,0,0,0,0,NA,0,0,0,0,NA,0,0
00-0033889,C.Robinson,Cam Robinson,OT,OL,"https://static.www.nfl.com/image/upload/f_auto,q_auto/league/lqgjpx9ttpdhpbvswdly",2025,REG,CLE,6,0,0,0,0,0,0,0,0,0,0,0,0,NA,NA,0,NA,0,0,0,0,0,0,NA,0,0,0,0,0,0,0,0,0,0,NA,0,NA,0,0,0,0,0,0,0,0,0,0,0,0,0,0,0,0,0,0,0,0,0,0,0,0,0,7,43,0,0,0,0,0,0,0,0,NA,NA,0,0,0,0,0,0,0,0,0,0,0,0,NA,NA,NA,0,0,0,0,0,0,0,NA,0,0,0,0,NA,0,0
00-0033890,B.Baker,Budda Baker,S,DB,"https://static.www.nfl.com/image/upload/f_auto,q_auto/league/ja3tkctpkfcschgpowoe",2025,REG,ARI,11,0,0,0,0,0,0,0,0,0,0,0,0,NA,NA,0,NA,0,0,0,0,0,0,NA,0,0,0,0,0,0,0,0,0,0,NA,0,NA,0,0,0,0,35,0,43,1,2,0,0.5,3,1,1,0,3,0,0,0,0,0,0,1,1,0,2,31,0,0,0,0,0,0,0,0,NA,NA,0,0,0,0,0,0,0,0,0,0,0,0,NA,NA,NA,0,0,0,0,0,0,0,NA,0,0,0,0,NA,0,0
00-0033891,Z.Jones,Zay Jones,WR,WR,"https://static.www.nfl.com/image/upload/f_auto,q_auto/league/qihjjzfk0vwzoyrzztkq",2025,REG,ARI,6,0,0,0,0,0,0,0,0,0,0,0,0,NA,NA,0,NA,0,0,0,0,0,0,NA,0,12,18,183,0,0,0,241,36,7,5.602521057240665,0,0.7593360995850622,0.04433497536945813,0.08036012004001333,0.12275454708219652,0,0,0,0,0,0,0,0,0,0,0,0,0,0,0,0,0,0,0,0,0,0,1,15,0,0,0,0,0,0,0,0,NA,NA,0,0,0,0,0,0,0,0,0,0,0,0,NA,NA,NA,0,0,0,0,0,0,0,NA,0,0,0,0,NA,18.3,30.3
00-0033901,E.Pocic,Ethan Pocic,C,OL,"https://static.www.nfl.com/image/upload/f_auto,q_auto/league/yl6ylttfhl37pjf4iqxi",2025,REG,CLE,1,0,0,0,0,0,0,0,0,0,0,0,0,NA,NA,0,NA,0,0,0,0,0,0,NA,0,0,0,0,0,0,0,0,0,0,NA,0,NA,0,0,0,0,0,0,0,0,0,0,0,0,0,0,0,0,0,0,0,0,0,0,0,0,0,1,10,0,0,0,0,0,0,0,0,NA,NA,0,0,0,0,0,0,0,0,0,0,0,0,NA,NA,NA,0,0,0,0,0,0,0,NA,0,0,0,0,NA,0,0
00-0033902,T.Kpassagnon,Tanoh Kpassagnon,DE,DL,"https://static.www.nfl.com/image/private/f_auto,q_auto/league/ilr1bs7qesfq7fryeetc",2025,REG,CHI,4,0,0,0,0,0,0,0,0,0,0,0,0,NA,NA,0,NA,0,0,0,0,0,0,NA,0,0,0,0,0,0,0,0,0,0,NA,0,NA,0,0,0,0,4,0,1,1,6,0,1,6,2,0,0,0,0,0,0,0,0,0,0,0,0,0,0,0,0,0,0,0,0,0,0,NA,NA,0,0,0,0,0,0,0,0,0,0,0,0,NA,NA,NA,0,0,0,0,0,0,0,NA,0,0,0,0,NA,0,0
00-0033904,D.Dawkins,Dion Dawkins,OT,OL,"https://static.www.nfl.com/image/upload/f_auto,q_auto/league/wuczkzxwxypvr9ssis5h",2025,REG,BUF,7,0,0,0,0,0,0,0,0,0,0,0,0,NA,NA,0,NA,0,0,0,0,0,0,NA,0,0,0,0,0,0,0,0,0,0,NA,0,NA,0,0,0,0,0,0,0,0,0,0,0,0,0,0,0,0,0,0,0,0,0,0,0,0,0,9,55,0,0,0,0,0,0,0,0,NA,NA,0,0,0,0,0,0,0,0,0,0,0,0,NA,NA,NA,0,0,0,0,0,0,0,NA,0,0,0,0,NA,0,0
00-0033905,L.Ogunjobi,Larry Ogunjobi,DT,DL,"https://static.www.nfl.com/image/upload/f_auto,q_auto/league/gt0gj15hsswookg40d39",2025,REG,BUF,5,0,0,0,0,0,0,0,0,0,0,0,0,NA,NA,0,NA,0,0,0,0,0,0,NA,0,0,0,0,0,0,0,0,0,0,NA,0,NA,0,0,0,0,6,0,3,2,6,0,0,0,0,0,0,0,0,0,0,0,0,0,0,0,0,0,0,0,0,0,0,0,0,0,0,NA,NA,0,0,0,0,0,0,0,0,0,0,0,0,NA,NA,NA,0,0,0,0,0,0,0,NA,0,0,0,0,NA,0,0
00-0033906,A.Kamara,Alvin Kamara,RB,RB,"https://static.www.nfl.com/image/upload/f_auto,q_auto/league/uay6uo9lonegelngihki",2025,REG,NO,11,0,0,0,0,0,0,0,0,0,0,0,0,NA,NA,0,NA,131,471,1,1,1,21,-28.774972601836286,0,33,39,186,0,1,1,33,202,7,-11.671730328886465,0,5.636363636363637,0.10483870967741936,0.010624597553122988,0.16469528280331514,0,1,0,0,0,0,0,0,0,0,0,0,0,0,0,0,0,0,0,0,0,0,0,0,0,0,0,0,0,0,0,0,NA,NA,0,0,0,0,0,0,0,0,0,0,0,0,NA,NA,NA,0,0,0,0,0,0,0,NA,0,0,0,0,NA,67.7,100.7
00-0033907,D.Smoot,Dawuane Smoot,DE,DL,"https://static.www.nfl.com/image/upload/f_auto,q_auto/league/gmwsx9fddqfaqsm6dx0a",2025,REG,JAX,7,0,0,0,0,0,0,0,0,0,0,0,0,NA,NA,0,NA,0,0,0,0,0,0,NA,0,0,0,0,0,0,0,0,0,0,NA,0,NA,0,0,0,0,8,0,5,2,13,0,1,12,3,0,0,0,0,0,0,0,0,0,0,0,0,1,5,0,0,0,0,0,0,0,0,NA,NA,0,0,0,0,0,0,0,0,0,0,0,0,NA,NA,NA,0,0,0,0,0,0,0,NA,0,0,0,0,NA,0,0
00-0033908,C.Kupp,Cooper Kupp,WR,WR,"https://static.www.nfl.com/image/upload/f_auto,q_auto/league/lpaxi9rsedlg9sdr5quw",2025,REG,SEA,10,0,1,0,0,1,0,0,0,0,9,0,0,-5.370166467153467,-65.11815786361694,0,0,0,0,0,0,0,0,NA,0,31,46,414,1,0,0,362,200,18,6.666540665412567,0,1.143646408839779,0.16083916083916083,0.13407407407407407,0.3351105931105931,0,1,0,0,0,0,0,0,0,0,0,0,0,0,0,0,0,0,0,0,0,0,0,0,0,0,0,0,0,0,0,0,NA,NA,0,0,0,0,0,0,0,0,0,0,0,0,NA,NA,NA,0,0,0,0,0,0,0,NA,0,0,0,0,NA,45.400000000000006,76.4
00-0033914,A.Anzalone,Alex Anzalone,MLB,LB,"https://static.www.nfl.com/image/upload/f_auto,q_auto/league/gbqizpfxe7nsijlw4gwv",2025,REG,DET,11,0,0,0,0,0,0,0,0,0,0,0,0,NA,NA,0,NA,0,0,0,0,0,0,NA,0,0,0,0,0,0,0,0,0,0,NA,0,NA,0,0,0,0,35,0,28,2,9,0,1.5,8,5,1,14,4,0,0,0,0,0,0,0,0,0,1,4,0,0,0,0,0,0,0,0,NA,NA,0,0,0,0,0,0,0,0,0,0,0,0,NA,NA,NA,0,0,0,0,0,0,0,NA,0,0,0,0,NA,0,0
00-0033918,F.Moreau,Fabian Moreau,CB,DB,"https://static.www.nfl.com/image/upload/f_auto,q_auto/league/osj1pbe8mj5f7h47l2op",2025,REG,MIN,4,0,0,0,0,0,0,0,0,0,0,0,0,NA,NA,0,NA,0,0,0,0,0,0,NA,0,0,0,0,0,0,0,0,0,0,NA,0,NA,0,0,0,0,5,0,3,0,0,0,0,0,0,0,0,1,0,0,0,0,0,0,0,0,0,0,0,0,0,0,0,0,0,0,0,NA,NA,0,0,0,0,0,0,0,0,0,0,0,0,NA,NA,NA,0,0,0,0,0,0,0,NA,0,0,0,0,NA,0,0
00-0033921,C.Godwin,Chris Godwin Jr.,WR,WR,"https://static.www.nfl.com/image/upload/f_auto,q_auto/league/ilkheljdx4hbjpisulke",2025,REG,TB,3,0,0,0,0,0,0,0,0,0,0,0,0,NA,NA,0,NA,0,0,0,0,0,0,NA,0,8,18,61,0,0,0,198,22,4,-3.9962254127041277,0,0.30808080808080807,0.04945054945054945,0.06483300589390963,0.11955892830156091,0,0,0,0,0,0,0,0,0,0,0,0,0,0,0,0,0,0,0,0,0,0,0,0,0,0,0,0,0,0,0,0,NA,NA,0,0,0,0,0,0,0,0,0,0,0,0,NA,NA,NA,0,0,0,0,0,0,0,NA,0,0,0,0,NA,6.1000000000000005,14.100000000000001
00-0033923,K.Hunt,Kareem Hunt,RB,RB,"https://static.www.nfl.com/image/upload/f_auto,q_auto/league/hktvzf8hiupoycyg1kmc",2025,REG,KC,11,0,0,0,0,0,0,0,0,0,0,0,0,NA,NA,0,NA,116,457,7,2,1,40,9.552873416258919,0,13,16,92,1,0,0,-7,97,6,5.882317413168494,0,-13.142857142857142,0.04145077720207254,-0.0021167221046265497,0.06069446032987022,0,0,0,0,0,0,0,0,0,0,0,0,0,0,0,0,0,1,1,0,0,0,2,20,0,0,0,0,0,0,0,0,NA,NA,0,0,0,0,0,0,0,0,0,0,0,0,NA,NA,NA,0,0,0,0,0,0,0,NA,0,0,0,0,NA,100.9,113.9
00-0033926,S.Griffin,Shaquill Griffin,CB,DB,"https://static.www.nfl.com/image/upload/f_auto,q_auto/league/jybewrw2vsf17rxds4tv",2025,REG,SEA,1,0,0,0,0,0,0,0,0,0,0,0,0,NA,NA,0,NA,0,0,0,0,0,0,NA,0,0,0,0,0,0,0,0,0,0,NA,0,NA,0,0,0,0,7,0,0,0,0,0,0,0,0,0,0,0,0,0,0,0,0,0,0,0,0,0,0,0,0,0,0,0,0,0,0,NA,NA,0,0,0,0,0,0,0,0,0,0,0,0,NA,NA,NA,0,0,0,0,0,0,0,NA,0,0,0,0,NA,0,0
00-0033928,J.Lewis,Jourdan Lewis,CB,DB,"https://static.www.nfl.com/image/upload/f_auto,q_auto/league/tba0nqjehzlrgwtvlvvf",2025,REG,JAX,8,0,0,0,0,0,0,0,0,0,0,0,0,NA,NA,0,NA,0,0,0,0,0,0,NA,0,0,0,0,0,0,0,0,0,0,NA,0,NA,0,0,0,0,18,0,12,4,4,0,0,0,1,2,6,8,0,0,0,0,0,0,1,1,0,4,45,0,0,0,0,0,0,0,0,NA,NA,0,0,0,0,0,0,0,0,0,0,0,0,NA,NA,NA,0,0,0,0,0,0,0,NA,0,0,0,0,NA,0,0
00-0033935,T.Hendrickson,Trey Hendrickson,DE,DL,"https://static.www.nfl.com/image/upload/f_auto,q_auto/league/gfdlbzmukca60bgo3lr7",2025,REG,CIN,7,0,0,0,0,0,0,0,0,0,0,0,0,NA,NA,0,NA,0,0,0,0,0,0,NA,0,0,0,0,0,0,0,0,0,0,NA,0,NA,0,0,0,0,11,0,5,3,20,1,4,20,8,0,0,1,0,0,0,0,0,0,0,0,0,2,9,0,0,0,0,0,0,0,0,NA,NA,0,0,0,0,0,0,0,0,0,0,0,0,NA,NA,NA,0,0,0,0,0,0,0,NA,0,0,0,0,NA,0,0
00-0033941,R.Jenkins,Rayshawn Jenkins,SAF,DB,"https://static.www.nfl.com/image/upload/f_auto,q_auto/league/e3tppqrhd6bpipfn2k4z",2025,REG,CLE,10,0,0,0,0,0,0,0,0,0,0,0,0,NA,NA,0,NA,0,0,0,0,0,0,NA,0,0,0,0,0,0,0,0,0,0,NA,0,NA,0,0,0,0,13,0,17,0,0,0,0,0,0,1,9,1,0,0,0,0,0,0,1,1,0,0,0,0,0,0,0,0,0,0,0,NA,NA,0,0,0,0,0,0,0,0,0,0,0,0,NA,NA,NA,0,0,0,0,0,0,0,NA,0,0,0,0,NA,0,0
00-0033943,J.Reynolds,Josh Reynolds,WR,WR,"https://static.www.nfl.com/image/upload/f_auto,q_auto/league/lf1fjsagcsvxmktl0bbn",2025,REG,NYJ,5,0,0,0,0,0,0,0,0,0,0,0,0,NA,NA,0,NA,0,0,0,0,0,0,NA,0,11,21,101,0,0,0,276,14,4,-2.4222081790647936,1,0.36594202898550726,0.0726643598615917,0.12562585343650431,0.19693463719794058,0,1,0,0,0,0,0,0,0,0,0,0,0,0,0,0,0,0,0,0,0,0,0,0,0,0,0,0,0,0,0,0,NA,NA,0,0,0,0,0,0,0,0,0,0,0,0,NA,NA,NA,0,0,0,0,0,0,0,NA,0,0,0,0,NA,12.100000000000001,23.1
00-0033945,S.Ebukam,Samson Ebukam,DE,DL,"https://static.www.nfl.com/image/upload/f_auto,q_auto/league/hw0ako11hlkm45wl7cfb",2025,REG,IND,8,0,0,0,0,0,0,0,0,0,0,0,0,NA,NA,0,NA,0,0,0,0,0,0,NA,0,0,0,0,0,0,0,0,0,0,NA,0,NA,0,0,0,0,11,1,5,3,14,0,2,13,7,0,0,0,0,0,0,0,0,0,0,0,0,1,5,0,0,0,0,0,0,0,0,NA,NA,0,0,0,0,0,0,0,0,0,0,0,0,NA,NA,NA,0,0,0,0,0,0,0,NA,0,0,0,0,NA,0,0
00-0033947,D.Wise,Deatrich Wise,DE,DL,"https://static.www.nfl.com/image/upload/f_auto,q_auto/league/kmshfa3dfehklgdh1lrk",2025,REG,WAS,2,0,0,0,0,0,0,0,0,0,0,0,0,NA,NA,0,NA,0,0,0,0,0,0,NA,0,0,0,0,0,0,0,0,0,0,NA,0,NA,0,0,0,0,2,0,2,1,2,0,0,0,1,0,0,0,0,0,0,0,0,0,0,0,0,1,1,0,0,0,0,0,0,0,0,NA,NA,0,0,0,0,0,0,0,0,0,0,0,0,NA,NA,NA,0,0,0,0,0,0,0,NA,0,0,0,0,NA,0,0
00-0033949,J.Dobbs,Joshua Dobbs,QB,QB,"https://static.www.nfl.com/image/upload/f_auto,q_auto/league/twaqqjexyi0vgyfbvzis",2025,REG,NE,2,1,2,12,0,0,0,0,0,0,30,0,1,0.9203052782104351,-5.252593755722046,0,0.4,5,-4,0,0,0,0,-1.7740061114891432,0,0,0,0,0,0,0,0,0,0,NA,0,NA,0,0,0,0,0,0,0,0,0,0,0,0,0,0,0,0,0,0,0,0,0,0,0,0,0,0,0,0,0,0,0,0,0,0,0,NA,NA,0,0,0,0,0,0,0,0,0,0,0,0,NA,NA,NA,0,0,0,0,0,0,0,NA,0,0,0,0,NA,0.07999999999999996,0.07999999999999996
00-0033952,G.Stewart,Grover Stewart,DT,DL,"https://static.www.nfl.com/image/upload/f_auto,q_auto/league/n9e0hbrrdvjloopiu51z",2025,REG,IND,11,0,0,0,0,0,0,0,0,0,0,0,0,NA,NA,0,NA,0,0,0,0,0,0,NA,0,0,0,0,0,0,0,0,0,0,NA,0,NA,0,0,0,0,14,2,23,4,4,0,0.5,0,4,1,3,3,0,0,0,0,0,0,0,0,0,2,20,0,0,0,0,0,0,0,0,NA,NA,0,0,0,0,0,0,0,0,0,0,0,0,NA,NA,NA,0,0,0,0,0,0,0,NA,0,0,0,0,NA,0,0
00-0033955,J.McNichols,Jeremy McNichols,RB,RB,"https://static.www.nfl.com/image/upload/f_auto,q_auto/league/kegqjj5pv7xidm0xwtpy",2025,REG,WAS,10,0,0,0,0,0,0,0,0,0,0,0,0,NA,NA,0,NA,26,181,1,0,0,10,5.793554591597058,0,15,20,149,0,0,0,-1,154,8,2.362497200006282,0,-149,0.06872852233676977,-3.898635477582846e-4,0.10281987902172385,0,0,0,0,0,0,0,0,0,0,0,0,0,0,0,0,0,0,0,0,0,0,1,5,0,0,0,0,0,0,0,0,NA,NA,0,0,0,0,0,0,0,0,0,0,0,0,NA,NA,NA,0,0,0,0,0,0,0,NA,0,0,0,0,NA,39,54
00-0033964,A.Muhammad,Al-Quadin Muhammad,DE,DL,"https://static.www.nfl.com/image/upload/f_auto,q_auto/league/lmpiwh2pphphimm6bnxq",2025,REG,DET,9,0,0,0,0,0,0,0,0,0,0,0,0,NA,NA,0,NA,0,0,0,0,0,0,NA,0,0,0,0,0,0,0,0,0,0,NA,0,NA,0,0,0,0,10,0,8,4,24,0,6,32,12,0,0,0,0,0,0,0,0,0,0,0,0,0,0,0,0,0,0,0,0,0,0,NA,NA,0,0,0,0,0,0,0,0,0,0,0,0,NA,NA,NA,0,0,0,0,0,0,0,NA,0,0,0,0,NA,0,0
00-0034051,C.Kuntz,Christian Kuntz,LS,SPEC,"https://static.www.nfl.com/image/upload/f_auto,q_auto/league/htpzfa51x3erujnkvmre",2025,REG,PIT,1,0,0,0,0,0,0,0,0,0,0,0,0,NA,NA,0,NA,0,0,0,0,0,0,NA,0,0,0,0,0,0,0,0,0,0,NA,0,NA,0,0,0,0,1,0,0,0,0,0,0,0,0,0,0,0,0,0,0,0,0,0,0,0,0,0,0,0,0,0,0,0,0,0,0,NA,NA,0,0,0,0,0,0,0,0,0,0,0,0,NA,NA,NA,0,0,0,0,0,0,0,NA,0,0,0,0,NA,0,0
00-0034067,S.Daly,Scott Daly,LS,SPEC,"https://static.www.nfl.com/image/upload/f_auto,q_auto/league/u8klt4zjxkahyhbkwvqp",2025,REG,CHI,2,0,0,0,0,0,0,0,0,0,0,0,0,NA,NA,0,NA,0,0,0,0,0,0,NA,0,0,0,0,0,0,0,0,0,0,NA,0,NA,0,0,0,0,0,0,2,0,0,0,0,0,0,0,0,0,0,0,0,0,0,0,0,0,0,0,0,0,0,0,0,0,0,0,0,NA,NA,0,0,0,0,0,0,0,0,0,0,0,0,NA,NA,NA,0,0,0,0,0,0,0,NA,0,0,0,0,NA,0,0
00-0034073,R.Dwelley,Ross Dwelley,TE,TE,"https://static.www.nfl.com/image/upload/f_auto,q_auto/league/wf9ynmqonmnaosslkwdl",2025,REG,DET,2,0,0,0,0,0,0,0,0,0,0,0,0,NA,NA,0,NA,0,0,0,0,0,0,NA,0,0,1,0,0,0,0,0,0,0,-0.36093316989718005,0,NA,0.002967359050445104,0,0.004451038575667656,0,1,0,0,0,0,0,0,0,0,0,0,0,0,0,0,0,0,0,0,0,0,0,0,0,0,0,0,0,0,0,0,NA,NA,0,0,0,0,0,0,0,0,0,0,0,0,NA,NA,NA,0,0,0,0,0,0,0,NA,0,0,0,0,NA,0,0
00-0034084,M.Badgley,Mike Badgley,K,SPEC,"https://static.www.nfl.com/image/upload/f_auto,q_auto/league/vws2nawkkxxb8s82ny1s",2025,REG,IND,6,0,0,0,0,0,0,0,0,0,0,0,0,NA,NA,0,NA,0,0,0,0,0,0,NA,0,0,0,0,0,0,0,0,0,0,NA,0,NA,0,0,0,0,0,0,0,0,0,0,0,0,0,0,0,0,0,0,0,0,0,0,0,0,0,1,0,0,0,0,0,9,10,1,0,53,0.9,0,1,3,3,2,0,0,0,0,0,1,0,45;36;43;52;53;34;44;32;23,53,NA,362,53,0,17,19,2,0,0.8947368421052632,0,0,0,0,NA,0,0
00-0034112,A.Schlottmann,Austin Schlottmann,G,OL,"https://static.www.nfl.com/image/upload/f_auto,q_auto/league/oyncfcyyfflsqesj6xei",2025,REG,NYG,3,0,0,0,0,0,0,0,0,0,0,0,0,NA,NA,0,NA,0,0,0,0,0,0,NA,0,0,0,0,0,0,0,0,0,0,NA,0,NA,0,0,0,0,0,0,0,0,0,0,0,0,0,0,0,0,0,0,0,0,0,0,0,0,0,3,30,0,0,0,0,0,0,0,0,NA,NA,0,0,0,0,0,0,0,0,0,0,0,0,NA,NA,NA,0,0,0,0,0,0,0,NA,0,0,0,0,NA,0,0
00-0034114,C.Shelton,Coleman Shelton,C,OL,"https://static.www.nfl.com/image/upload/f_auto,q_auto/league/fbmh9dwdvja6yeu3pmj3",2025,REG,LA,2,0,0,0,0,0,0,0,0,0,0,0,0,NA,NA,0,NA,0,0,0,0,0,0,NA,0,0,0,0,0,0,0,0,0,0,NA,0,NA,0,0,0,0,0,0,0,0,0,0,0,0,0,0,0,0,0,0,0,0,0,0,0,0,0,2,20,0,0,0,0,0,0,0,0,NA,NA,0,0,0,0,0,0,0,0,0,0,0,0,NA,NA,NA,0,0,0,0,0,0,0,NA,0,0,0,0,NA,0,0
00-0034145,C.Lammons,Chris Lammons,DB,DB,"https://static.www.nfl.com/image/upload/f_auto,q_auto/league/odsa5adl0tyjcer1hnzz",2025,REG,IND,6,0,0,0,0,0,0,0,0,0,0,0,0,NA,NA,0,NA,0,0,0,0,0,0,NA,0,0,0,0,0,0,0,0,0,0,NA,0,NA,0,0,0,0,14,0,2,1,6,0,0,0,0,1,0,3,0,0,0,0,0,0,0,0,0,1,15,0,0,0,0,0,0,0,0,NA,NA,0,0,0,0,0,0,0,0,0,0,0,0,NA,NA,NA,0,0,0,0,0,0,0,NA,0,0,0,0,NA,0,0
00-0034158,B.O'Neill,Brian O'Neill,OT,OL,"https://static.www.nfl.com/image/upload/f_auto,q_auto/league/ouq6nfernugv9rsvcvwm",2025,REG,MIN,2,0,0,0,0,0,0,0,0,0,0,0,0,NA,NA,0,NA,0,0,0,0,0,0,NA,0,0,0,0,0,0,0,0,0,0,NA,0,NA,0,0,0,0,0,0,0,0,0,0,0,0,0,0,0,0,0,0,0,0,0,0,0,0,0,4,20,0,0,0,0,0,0,0,0,NA,NA,0,0,0,0,0,0,0,0,0,0,0,0,NA,NA,NA,0,0,0,0,0,0,0,NA,0,0,0,0,NA,0,0
00-0034159,W.Dissly,Will Dissly,TE,TE,"https://static.www.nfl.com/image/upload/f_auto,q_auto/league/b2s1wwxsgkenwlxmncu3",2025,REG,LAC,4,0,0,0,0,0,0,0,0,0,0,0,0,NA,NA,0,NA,0,0,0,0,0,0,NA,0,4,5,43,0,0,0,18,34,2,1.4129125364124775,0,2.388888888888889,0.013262599469496022,0.006132879045996593,0.024186914536441645,0,0,0,0,0,0,0,0,0,0,0,0,0,0,0,0,0,0,0,0,0,0,0,0,0,0,0,0,0,0,0,0,NA,NA,0,0,0,0,0,0,0,0,0,0,0,0,NA,NA,NA,0,0,0,0,0,0,0,NA,0,0,0,0,NA,4.3,8.3
00-0034160,M.Dickson,Michael Dickson,P,SPEC,"https://static.www.nfl.com/image/upload/f_auto,q_auto/league/chduw8ql98kdzegqiylt",2025,REG,SEA,10,0,0,0,0,0,0,0,0,0,0,0,0,NA,NA,0,NA,0,0,0,0,0,0,NA,0,0,0,0,0,0,0,0,0,0,NA,0,NA,0,0,0,0,0,0,0,0,0,0,0,0,0,0,0,0,0,0,0,0,0,0,0,0,0,0,0,0,0,0,0,0,0,0,0,NA,NA,0,0,0,0,0,0,0,0,0,0,0,0,NA,NA,NA,0,0,0,0,0,0,0,NA,0,0,0,0,NA,0,0
00-0034161,D.Carlson,Daniel Carlson,K,SPEC,"https://static.www.nfl.com/image/upload/f_auto,q_auto/league/gsvj7rtvqwbwdeho8whf",2025,REG,LV,11,0,0,0,0,0,0,0,0,0,0,0,0,NA,NA,0,NA,0,0,0,0,0,0,NA,0,0,0,0,0,0,0,0,0,0,NA,0,NA,0,0,0,0,1,0,0,0,0,0,0,0,0,0,0,0,0,0,0,0,0,0,0,0,0,2,0,0,0,0,0,16,21,4,1,54,0.7619047619047619,0,4,5,4,3,0,0,0,0,2,2,0,51;40;54;40;37;37;29;24;37;50;29;24;35;45;38;41,58;57;48;48,54,611,211,54,13,14,1,0,0.9285714285714286,0,1,0,1,54,0,0
00-0034162,J.Scott,J.K. Scott,P,SPEC,"https://static.www.nfl.com/image/upload/f_auto,q_auto/league/yayikawhfng99cqrosax",2025,REG,LAC,10,0,0,0,0,0,0,0,0,0,0,0,0,NA,NA,0,NA,0,0,0,0,0,0,NA,0,0,0,0,0,0,0,0,0,0,NA,0,NA,0,0,0,0,0,0,0,0,0,0,0,0,0,0,0,0,0,0,0,0,0,0,0,0,0,0,0,0,0,0,0,0,0,0,0,NA,NA,0,0,0,0,0,0,0,0,0,0,0,0,NA,NA,NA,0,0,0,0,0,0,0,NA,0,0,0,0,NA,0,0
00-0034163,J.Martin,Jacob Martin,DE,DL,"https://static.www.nfl.com/image/upload/f_auto,q_auto/league/ngm7muyzhk9xv2ofafke",2025,REG,WAS,11,0,0,0,0,0,0,0,0,0,0,0,0,NA,NA,0,NA,0,0,0,0,0,0,NA,0,0,0,0,0,0,0,0,0,0,NA,0,NA,0,0,0,0,12,0,14,3,15,0,4.5,26.5,12,0,0,0,0,0,0,0,0,0,0,0,0,1,15,0,0,0,0,0,0,0,0,NA,NA,0,0,0,0,0,0,0,0,0,0,0,0,NA,NA,NA,0,0,0,0,0,0,0,NA,0,0,0,0,NA,0,0
00-0034173,E.Pineiro,Eddy Pineiro,K,SPEC,"https://static.www.nfl.com/image/upload/f_auto,q_auto/league/l4rrfcuczjau7q02h2iz",2025,REG,SF,10,0,0,0,0,0,0,0,0,0,0,0,0,NA,NA,0,NA,0,0,0,0,0,0,NA,0,0,0,0,0,0,0,0,0,0,NA,0,NA,0,0,0,0,0,0,0,0,0,0,0,0,0,0,0,0,0,0,0,0,0,0,0,0,0,0,0,0,0,0,0,22,22,0,0,59,1,0,4,4,8,6,0,0,0,0,0,0,0,44;46;38;51;35;26;23;37;20;59;41;52;54;42;29;55;43;54;33;48;47;47,NA,NA,924,0,0,18,22,2,2,0.8181818181818182,2,2,0,0,35;41,0,0
00-0034198,T.Sieg,Trent Sieg,LS,SPEC,"https://static.www.nfl.com/image/upload/f_auto,q_auto/league/ikhujd70ky9ymcrvpjm5",2025,REG,DAL,2,0,0,0,0,0,0,0,0,0,0,0,0,NA,NA,0,NA,0,0,0,0,0,0,NA,0,0,0,0,0,0,0,0,0,0,NA,0,NA,0,0,0,0,1,0,0,0,0,0,0,0,0,0,0,0,0,0,0,0,0,0,1,1,0,0,0,0,0,0,0,0,0,0,0,NA,NA,0,0,0,0,0,0,0,0,0,0,0,0,NA,NA,NA,0,0,0,0,0,0,0,NA,0,0,0,0,NA,0,0
00-0034203,D.Williams,Darious Williams,CB,DB,"https://static.www.nfl.com/image/upload/f_auto,q_auto/league/nzrgn9doxy57s7si8uyf",2025,REG,LA,9,0,0,0,0,0,0,0,0,0,0,0,0,NA,NA,0,NA,0,0,0,0,0,0,NA,0,0,0,0,0,0,0,0,0,0,NA,0,NA,0,0,0,0,14,1,6,1,3,0,0,0,0,1,18,8,0,0,0,0,0,0,0,0,0,2,21,0,0,0,0,0,0,0,0,NA,NA,0,0,0,0,0,0,0,0,0,0,0,0,NA,NA,NA,0,0,0,0,0,0,0,NA,0,0,0,0,NA,0,0
00-0034234,P.Ford,Poona Ford,DT,DL,"https://static.www.nfl.com/image/upload/f_auto,q_auto/league/z6bvartiturag8gtidcz",2025,REG,LA,10,0,0,0,0,0,0,0,0,0,0,0,0,NA,NA,0,NA,0,0,0,0,0,0,NA,0,0,0,0,0,0,0,0,0,0,NA,0,NA,0,0,0,0,10,2,18,3,10,0,1,8,2,0,0,1,0,0,0,0,0,0,0,0,0,0,0,0,0,0,0,0,0,0,0,NA,NA,0,0,0,0,0,0,0,0,0,0,0,0,NA,NA,NA,0,0,0,0,0,0,0,NA,0,0,0,0,NA,0,0
00-0034248,E.Campbell,Elijah Campbell,DB,DB,"https://static.www.nfl.com/image/upload/f_auto,q_auto/league/niou8nbhpkmao45zccm7",2025,REG,MIA,3,0,0,0,0,0,0,0,0,0,0,0,0,NA,NA,0,NA,0,0,0,0,0,0,NA,0,0,0,0,0,0,0,0,0,0,NA,0,NA,0,0,0,0,3,0,0,0,0,0,0,0,0,0,0,0,0,0,0,0,0,0,0,0,0,0,0,0,0,0,0,0,0,0,0,NA,NA,0,0,0,0,0,0,0,0,0,0,0,0,NA,NA,NA,0,0,0,0,0,0,0,NA,0,0,0,0,NA,0,0
00-0034251,D.Ekuale,Daniel Ekuale,DT,DL,"https://static.www.nfl.com/image/upload/f_auto,q_auto/league/jlab8hsw5int8lkrevrg",2025,REG,PIT,4,0,0,0,0,0,0,0,0,0,0,0,0,NA,NA,0,NA,0,0,0,0,0,0,NA,0,0,0,0,0,0,0,0,0,0,NA,0,NA,0,0,0,0,4,0,2,0,0,0,0,0,1,0,0,1,0,0,0,0,0,0,0,0,0,0,0,0,0,0,0,0,0,0,0,NA,NA,0,0,0,0,0,0,0,0,0,0,0,0,NA,NA,NA,0,0,0,0,0,0,0,NA,0,0,0,0,NA,0,0
00-0034261,A.Corbett,Austin Corbett,C,OL,"https://static.www.nfl.com/image/upload/f_auto,q_auto/league/ry8oftk4wq0uiivdxyzw",2025,REG,CAR,2,0,0,0,0,0,0,0,0,0,0,0,0,NA,NA,0,NA,0,0,0,0,0,0,NA,0,0,0,0,0,0,0,0,0,0,NA,0,NA,0,0,0,0,0,0,0,0,0,0,0,0,0,0,0,0,0,0,0,0,0,1,0,0,0,1,5,0,0,0,0,0,0,0,0,NA,NA,0,0,0,0,0,0,0,0,0,0,0,0,NA,NA,NA,0,0,0,0,0,0,0,NA,0,0,0,0,NA,0,0
00-0034264,J.Holmes,Jalyn Holmes,DT,DL,"https://static.www.nfl.com/image/upload/f_auto,q_auto/league/vvlecpcfjc7fgkuqbcuj",2025,REG,WAS,6,0,0,0,0,0,0,0,0,0,0,0,0,NA,NA,0,NA,0,0,0,0,0,0,NA,0,0,0,0,0,0,0,0,0,0,NA,0,NA,0,0,0,0,3,0,12,0,0,0,0,0,1,0,0,0,0,0,0,0,0,0,0,0,0,0,0,0,0,0,0,0,0,0,0,NA,NA,0,0,0,0,0,0,0,0,0,0,0,0,NA,NA,NA,0,0,0,0,0,0,0,NA,0,0,0,0,NA,0,0
00-0034270,T.Conklin,Tyler Conklin,TE,TE,"https://static.www.nfl.com/image/upload/f_auto,q_auto/league/knjuzxnzsfjxwcjxp5en",2025,REG,LAC,5,0,0,0,0,0,0,0,0,0,0,0,0,NA,NA,0,NA,1,2,0,0,0,1,0.5390934753813781,0,6,9,95,0,1,0,41,55,3,-3.7900402548468692,0,2.317073170731707,0.023872679045092837,0.013969335604770016,0.04558755349097826,0,0,0,0,0,0,0,0,0,0,0,0,0,0,0,0,0,0,0,0,0,0,0,0,0,0,0,0,0,0,0,0,NA,NA,0,0,0,0,0,0,0,0,0,0,0,0,NA,NA,NA,0,0,0,0,0,0,0,NA,0,0,0,0,NA,9.700000000000001,15.700000000000001
00-0034272,M.Valdes-Scantling,Marquez Valdes-Scantling,WR,WR,"https://static.www.nfl.com/image/upload/f_auto,q_auto/league/vvk5v3hfjw0tevqxrhnf",2025,REG,SF,4,0,0,0,0,0,0,0,0,0,0,0,0,NA,NA,0,NA,0,0,0,0,0,0,NA,0,4,8,40,0,0,0,88,4,1,-0.9958343941985546,0,0.45454545454545453,0.019704433497536946,0.028636511552229092,0.049602208332865785,0,0,0,0,0,0,0,0,0,0,0,0,0,0,0,0,0,0,0,0,0,0,0,0,0,0,0,0,0,0,0,0,NA,NA,0,0,0,0,0,0,0,0,0,0,0,0,NA,NA,NA,0,0,0,0,0,0,0,NA,0,0,0,0,NA,4,8
00-0034274,P.Nickerson,Parry Nickerson,CB,DB,"https://static.www.nfl.com/image/upload/f_auto,q_auto/league/w8wujvtmfphdc3wohtry",2025,REG,PHI,1,0,0,0,0,0,0,0,0,0,0,0,0,NA,NA,0,NA,0,0,0,0,0,0,NA,0,0,0,0,0,0,0,0,0,0,NA,0,NA,0,0,0,0,2,0,0,0,0,0,0,0,0,0,0,0,0,0,0,0,0,0,0,0,0,1,10,0,0,0,0,0,0,0,0,NA,NA,0,0,0,0,0,0,0,0,0,0,0,0,NA,NA,NA,0,0,0,0,0,0,0,NA,0,0,0,0,NA,0,0
00-0034275,F.Fatukasi,Foley Fatukasi,DT,DL,"https://static.www.nfl.com/image/upload/f_auto,q_auto/league/ttcdigwndhyvmhvgof25",2025,REG,HOU,4,0,0,0,0,0,0,0,0,0,0,0,0,NA,NA,0,NA,0,0,0,0,0,0,NA,0,0,0,0,0,0,0,0,0,0,NA,0,NA,0,0,0,0,5,0,3,1,8,0,1.5,10,2,0,0,0,0,0,0,0,0,0,0,0,0,0,0,0,0,0,0,0,0,0,0,NA,NA,0,0,0,0,0,0,0,0,0,0,0,0,NA,NA,NA,0,0,0,0,0,0,0,NA,0,0,0,0,NA,0,0
00-0034277,D.Elliott,DeShon Elliott,SAF,DB,"https://static.www.nfl.com/image/upload/f_auto,q_auto/league/rprbkb3ze0jgpl5u8f2g",2025,REG,PIT,5,0,0,0,0,0,0,0,0,0,0,0,0,NA,NA,0,NA,0,0,0,0,0,0,NA,0,0,0,0,0,0,0,0,0,0,NA,0,NA,0,0,0,0,20,0,18,1,1,1,1,8,3,1,-4,2,0,0,0,0,0,0,0,0,0,1,8,0,0,0,0,0,0,0,0,NA,NA,0,0,0,0,0,0,0,0,0,0,0,0,NA,NA,NA,0,0,0,0,0,0,0,NA,0,0,0,0,NA,0,0
00-0034278,T.Smith,Tremon Smith,CB,DB,"https://static.www.nfl.com/image/upload/f_auto,q_auto/league/crjcjcsvkq0o689drl3c",2025,REG,HOU,10,0,0,0,0,0,0,0,0,0,0,0,0,NA,NA,0,NA,0,0,0,0,0,0,NA,0,0,0,0,0,0,0,0,0,0,NA,0,NA,0,0,0,0,8,0,5,1,2,0,0,0,0,0,0,1,0,0,0,0,0,0,0,0,0,1,10,0,0,13,320,0,0,0,0,NA,NA,0,0,0,0,0,0,0,0,0,0,0,0,NA,NA,NA,0,0,0,0,0,0,0,NA,0,0,0,0,NA,0,0
00-0034281,B.Bozeman,Bradley Bozeman,C,OL,"https://static.www.nfl.com/image/upload/f_auto,q_auto/league/qzomwajldexxneohmb7q",2025,REG,LAC,1,0,0,0,0,0,0,0,0,0,0,0,0,NA,NA,0,NA,0,0,0,0,0,0,NA,0,0,0,0,0,0,0,0,0,0,NA,0,NA,0,0,0,0,0,0,0,0,0,0,0,0,0,0,0,0,0,0,0,0,0,0,0,0,0,1,10,0,0,0,0,0,0,0,0,NA,NA,0,0,0,0,0,0,0,0,0,0,0,0,NA,NA,NA,0,0,0,0,0,0,0,NA,0,0,0,0,NA,0,0
00-0034285,Z.Sieler,Zach Sieler,DT,DL,"https://static.www.nfl.com/image/upload/f_auto,q_auto/league/a3mvqtjjep76e13cs353",2025,REG,MIA,11,0,0,0,0,0,0,0,0,0,0,0,0,NA,NA,0,NA,0,0,0,0,0,0,NA,0,0,0,0,0,0,0,0,0,0,NA,0,NA,0,0,0,0,19,0,11,5,12,0,1,6,4,0,0,1,0,0,0,0,0,0,0,0,0,4,40,0,0,0,0,0,0,0,0,NA,NA,0,0,0,0,0,0,0,0,0,0,0,0,NA,NA,NA,0,0,0,0,0,0,0,NA,0,0,0,0,NA,0,0
00-0034302,F.Luvu,Frankie Luvu,LB,LB,"https://static.www.nfl.com/image/upload/f_auto,q_auto/league/tirwphxxgjmqhf2ucs9h",2025,REG,WAS,11,0,0,0,0,0,0,0,0,0,0,0,0,NA,NA,0,NA,0,0,0,0,0,0,NA,0,0,0,0,0,0,0,0,0,0,NA,0,NA,0,0,0,0,26,2,30,4,17,1,2,13,3,0,0,3,0,0,0,0,0,0,0,0,0,0,0,0,0,0,0,0,0,0,0,NA,NA,0,0,0,0,0,0,0,0,0,0,0,0,NA,NA,NA,0,0,0,0,0,0,0,NA,0,0,0,0,NA,0,0
00-0034320,K.Street,Kentavius Street,DE,DL,"https://static.www.nfl.com/image/upload/f_auto,q_auto/league/r1ie0jaeux86ri5hejel",2025,REG,ATL,2,0,0,0,0,0,0,0,0,0,0,0,0,NA,NA,0,NA,0,0,0,0,0,0,NA,0,0,0,0,0,0,0,0,0,0,NA,0,NA,0,0,0,0,4,0,5,0,0,0,0,0,0,0,0,0,0,0,0,0,0,0,0,0,0,0,0,0,0,0,0,0,0,0,0,NA,NA,0,0,0,0,0,0,0,0,0,0,0,0,NA,NA,NA,0,0,0,0,0,0,0,NA,0,0,0,0,NA,0,0
00-0034333,D.Payne,Daron Payne,NT,DL,"https://static.www.nfl.com/image/upload/f_auto,q_auto/league/wyy5j7epmu2idqfwjhcr",2025,REG,WAS,10,0,0,0,0,0,0,0,0,0,0,0,0,NA,NA,0,NA,0,0,0,0,0,0,NA,0,0,0,0,0,0,0,0,0,0,NA,0,NA,0,0,0,0,11,1,18,5,25,1,1,9,5,0,0,5,0,0,1,0,0,0,0,0,0,1,1,0,0,0,0,0,0,0,0,NA,NA,0,0,0,0,0,0,0,0,0,0,0,0,NA,NA,NA,0,0,0,0,0,0,0,NA,0,0,0,0,NA,0,0
00-0034342,Q.Nelson,Quenton Nelson,G,OL,"https://static.www.nfl.com/image/upload/f_auto,q_auto/league/bzj1mpc7ykpkks4nmokp",2025,REG,IND,1,0,0,0,0,0,0,0,0,0,0,0,0,NA,NA,0,NA,0,0,0,0,0,0,NA,0,0,0,0,0,0,0,0,0,0,NA,0,NA,0,0,0,0,0,0,0,0,0,0,0,0,0,0,0,0,0,0,0,0,0,0,0,0,0,1,5,0,0,0,0,0,0,0,0,NA,NA,0,0,0,0,0,0,0,0,0,0,0,0,NA,NA,NA,0,0,0,0,0,0,0,NA,0,0,0,0,NA,0,0
00-0034344,M.Davenport,Marcus Davenport,DE,DL,"https://static.www.nfl.com/image/upload/f_auto,q_auto/league/hauze2vwdskhaiqjifk1",2025,REG,DET,2,0,0,0,0,0,0,0,0,0,0,0,0,NA,NA,0,NA,0,0,0,0,0,0,NA,0,0,0,0,0,0,0,0,0,0,NA,0,NA,0,0,0,0,2,1,2,1,8,0,1,8,1,0,0,0,0,0,0,0,0,0,0,0,0,0,0,0,0,0,0,0,0,0,0,NA,NA,0,0,0,0,0,0,0,0,0,0,0,0,NA,NA,NA,0,0,0,0,0,0,0,NA,0,0,0,0,NA,0,0
00-0034346,W.Hernandez,Will Hernandez,G,OL,"https://static.www.nfl.com/image/upload/f_auto,q_auto/league/ut7l385k6rcyhgsh7q40",2025,REG,ARI,2,0,0,0,0,0,0,0,0,0,0,0,0,NA,NA,0,NA,0,0,0,0,0,0,NA,0,0,0,0,0,0,0,0,0,0,NA,0,NA,0,0,0,0,0,0,0,0,0,0,0,0,0,0,0,0,0,0,0,0,0,0,0,0,0,2,8,0,0,0,0,0,0,0,0,NA,NA,0,0,0,0,0,0,0,0,0,0,0,0,NA,NA,NA,0,0,0,0,0,0,0,NA,0,0,0,0,NA,0,0
00-0034348,C.Sutton,Courtland Sutton,WR,WR,"https://static.www.nfl.com/image/upload/f_auto,q_auto/league/r2sr6cbma4c7wc3isejj",2025,REG,DEN,11,0,0,0,0,0,1,-5,0,0,0,0,0,-4.031719361392031,NA,0,NA,0,0,0,0,0,0,NA,0,45,74,649,4,0,0,913,162,32,32.313366386320006,1,0.7108433734939759,0.2016348773841962,0.29652484572913285,0.5100197080866873,0,2,0,0,0,0,0,0,0,0,0,0,0,0,0,0,0,0,0,0,0,0,0,0,0,0,0,0,0,0,0,0,NA,NA,0,0,0,0,0,0,0,0,0,0,0,0,NA,NA,NA,0,0,0,0,0,0,0,NA,0,0,0,0,NA,90.9,135.9
00-0034350,U.Nwosu,Uchenna Nwosu,LB,LB,"https://static.www.nfl.com/image/upload/f_auto,q_auto/league/eovri4ccfixdbtikxbyg",2025,REG,SEA,9,0,0,0,0,0,0,0,0,0,0,0,0,NA,NA,0,NA,0,0,0,0,0,0,NA,0,0,0,0,0,0,0,0,0,0,NA,0,NA,0,0,0,0,12,2,11,6,37,0,5.5,51,10,0,0,2,0,0,0,0,0,0,0,0,0,2,20,0,0,0,0,0,0,0,0,NA,NA,0,0,0,0,0,0,0,0,0,0,0,0,NA,NA,NA,0,0,0,0,0,0,0,NA,0,0,0,0,NA,0,0
00-0034351,D.Goedert,Dallas Goedert,TE,TE,"https://static.www.nfl.com/image/upload/f_auto,q_auto/league/a6ljhwvkehvyiufdx3d1",2025,REG,PHI,10,0,0,0,0,0,0,0,0,0,0,0,0,NA,NA,0,NA,0,0,0,0,0,0,NA,0,38,52,376,7,0,0,418,126,21,21.49968614050004,0,0.8995215311004785,0.17747440273037543,0.15106613661004697,0.371957899722596,0,0,0,0,0,0,0,0,0,0,0,0,0,0,0,0,0,0,0,0,0,0,0,0,0,0,0,0,0,0,0,0,NA,NA,0,0,0,0,0,0,0,0,0,0,0,0,NA,NA,NA,0,0,0,0,0,0,0,NA,0,0,0,0,NA,79.6,117.6
00-0034355,M.Stewart,M.J. Stewart,SAF,DB,"https://static.www.nfl.com/image/upload/f_auto,q_auto/league/ks5w5s7jghanmslipbfs",2025,REG,HOU,7,0,0,0,0,0,0,0,0,0,0,0,0,NA,NA,0,NA,0,0,0,0,0,0,NA,0,0,0,0,0,0,0,0,0,0,NA,0,NA,0,0,0,0,15,0,10,0,0,1,0,0,0,0,0,2,0,0,0,0,0,0,0,0,0,1,5,0,0,0,0,0,0,0,0,NA,NA,0,0,0,0,0,0,0,0,0,0,0,0,NA,NA,NA,0,0,0,0,0,0,0,NA,0,0,0,0,NA,0,0
00-0034356,D.Jackson,Donte Jackson,CB,DB,"https://static.www.nfl.com/image/upload/f_auto,q_auto/league/nliq6ydokq7tica1y1gq",2025,REG,LAC,11,0,0,0,0,0,0,0,0,0,0,0,0,NA,NA,0,NA,0,0,0,0,0,0,NA,0,0,0,0,0,0,0,0,0,0,NA,0,NA,0,0,0,0,12,0,7,1,4,0,0,0,0,3,21,8,0,0,0,0,0,0,0,0,0,1,12,0,0,0,0,0,0,0,0,NA,NA,0,0,0,0,0,0,0,0,0,0,0,0,NA,NA,NA,0,0,0,0,0,0,0,NA,0,0,0,0,NA,0,0
00-0034357,I.Oliver,Isaiah Oliver,SAF,DB,"https://static.www.nfl.com/image/upload/f_auto,q_auto/league/s5m8lnvv8xcidpvkyyd4",2025,REG,NYJ,10,0,0,0,0,0,0,0,0,0,0,0,0,NA,NA,0,NA,0,0,0,0,0,0,NA,0,0,0,0,0,0,0,0,0,0,NA,0,NA,0,0,0,0,18,0,18,0,0,0,0,0,0,0,0,0,0,0,0,0,0,0,0,0,0,1,34,0,0,0,0,0,0,0,0,NA,NA,0,0,0,0,0,0,0,0,0,0,0,0,NA,NA,NA,0,0,0,0,0,0,0,NA,0,0,0,0,NA,0,0
00-0034359,T.Lewis,Tyquan Lewis,DE,DL,"https://static.www.nfl.com/image/upload/f_auto,q_auto/league/d47ganmptjxxpyhctc8x",2025,REG,IND,6,0,0,0,0,0,0,0,0,0,0,0,0,NA,NA,0,NA,0,0,0,0,0,0,NA,0,0,0,0,0,0,0,0,0,0,NA,0,NA,0,0,0,0,4,1,3,4,19,0,3,18,3,0,0,1,0,0,0,0,0,0,0,0,0,1,15,0,0,0,0,0,0,0,0,NA,NA,0,0,0,0,0,0,0,0,0,0,0,0,NA,NA,NA,0,0,0,0,0,0,0,NA,0,0,0,0,NA,0,0
00-0034361,J.Reid,Justin Reid,S,DB,"https://static.www.nfl.com/image/upload/f_auto,q_auto/league/ysi7vrkwfhei6adamgb3",2025,REG,NO,11,0,0,0,0,0,0,0,0,0,0,0,0,NA,NA,0,NA,0,0,0,0,0,0,NA,0,0,0,0,0,0,0,0,0,0,NA,0,NA,0,0,0,0,33,0,26,1,2,0,0.5,5.5,1,1,49,4,1,0,0,0,0,0,0,0,0,2,20,0,0,0,0,0,0,0,0,NA,NA,0,0,0,0,0,0,0,0,0,0,0,0,NA,NA,NA,0,0,0,0,0,0,0,NA,0,0,0,0,NA,0,0
00-0034365,I.Thomas,Ian Thomas,TE,TE,"https://static.www.nfl.com/image/upload/f_auto,q_auto/league/gvpwnq0mjefjlekgzxro",2025,REG,LV,7,0,0,0,0,0,0,0,0,0,0,0,0,NA,NA,0,NA,0,0,0,0,0,0,NA,0,10,10,89,0,0,0,35,54,3,2.6975485548609868,0,2.5428571428571427,0.029154518950437316,0.015909090909090907,0.054868142062019606,0,0,0,1,0,0,0,0,0,0,0,0,0,0,0,0,0,0,0,0,0,0,1,10,0,0,0,0,0,0,0,0,NA,NA,0,0,0,0,0,0,0,0,0,0,0,0,NA,NA,NA,0,0,0,0,0,0,0,NA,0,0,0,0,NA,8.9,18.9
00-0034367,N.Miller-Hines,Nyheim Hines,RB,RB,"https://static.www.nfl.com/image/upload/f_auto,q_auto/league/ud1q6gh3tlkiy2w90gvm",2025,REG,LAC,3,0,0,0,0,0,0,0,0,0,0,0,0,NA,NA,0,NA,2,-2,0,0,0,0,-1.5138825021567754,0,0,0,0,0,0,0,0,0,0,NA,0,NA,0,0,0,0,0,0,0,0,0,0,0,0,0,0,0,0,0,0,0,0,0,0,0,0,0,0,0,0,0,7,195,0,0,0,0,NA,NA,0,0,0,0,0,0,0,0,0,0,0,0,NA,NA,NA,0,0,0,0,0,0,0,NA,0,0,0,0,NA,-0.2,-0.2
00-0034371,D.Hand,Da'Shawn Hand,DE,DL,"https://static.www.nfl.com/image/upload/f_auto,q_auto/league/n3ujcvyv6nl5oletxa6g",2025,REG,LAC,7,0,0,0,0,0,0,0,0,0,0,0,0,NA,NA,0,NA,0,0,0,0,0,0,NA,0,0,0,0,0,0,0,0,0,0,NA,0,NA,0,0,0,0,8,1,6,3,4,0,1,1,4,0,0,1,0,0,0,0,0,0,0,0,0,1,5,0,0,0,0,0,0,0,0,NA,NA,0,0,0,0,0,0,0,0,0,0,0,0,NA,NA,NA,0,0,0,0,0,0,0,NA,0,0,0,0,NA,0,0
00-0034373,D.Armstrong,Dorance Armstrong,DE,DL,"https://static.www.nfl.com/image/upload/f_auto,q_auto/league/cdapnpgtde1mdf7r8l5e",2025,REG,WAS,6,0,0,0,0,0,0,0,0,0,0,0,0,NA,NA,0,NA,0,0,0,0,0,0,NA,0,0,0,0,0,0,0,0,0,0,NA,0,NA,0,0,0,0,15,1,8,7,32,0,5.5,30.5,7,0,0,0,0,0,0,0,0,0,0,0,0,0,0,0,0,0,0,0,0,0,0,NA,NA,0,0,0,0,0,0,0,0,0,0,0,0,NA,NA,NA,0,0,0,0,0,0,0,NA,0,0,0,0,NA,0,0
00-0034375,K.White,Kyzir White,OLB,LB,"https://static.www.nfl.com/image/upload/f_auto,q_auto/league/n5sjtcxydtaszz7yeyqw",2025,REG,TEN,1,0,0,0,0,0,0,0,0,0,0,0,0,NA,NA,0,NA,0,0,0,0,0,0,NA,0,0,0,0,0,0,0,0,0,0,NA,0,NA,0,0,0,0,2,0,1,0,0,0,0,0,0,0,0,0,0,0,0,0,0,0,0,0,0,1,5,0,0,0,0,0,0,0,0,NA,NA,0,0,0,0,0,0,0,0,0,0,0,0,NA,NA,NA,0,0,0,0,0,0,0,NA,0,0,0,0,NA,0,0
00-0034376,Ta.Johnson,Taron Johnson,CB,DB,"https://static.www.nfl.com/image/upload/f_auto,q_auto/league/xdvo4thpmwbehsfwpedb",2025,REG,BUF,8,0,0,0,0,0,0,0,0,0,0,0,0,NA,NA,0,NA,0,0,0,0,0,0,NA,0,0,0,0,0,0,0,0,0,0,NA,0,NA,0,0,0,0,25,0,11,1,2,0,0,0,0,0,0,3,0,0,0,0,0,0,0,0,0,1,5,0,0,0,0,0,0,0,0,NA,NA,0,0,0,0,0,0,0,0,0,0,0,0,NA,NA,NA,0,0,0,0,0,0,0,NA,0,0,0,0,NA,0,0
00-0034377,A.Maddox,Avonte Maddox,CB,DB,"https://static.www.nfl.com/image/upload/f_auto,q_auto/league/j2guzeu1ggx5opajjl3h",2025,REG,DET,4,0,0,0,0,0,0,0,0,0,0,0,0,NA,NA,0,NA,0,0,0,0,0,0,NA,0,0,0,0,0,0,0,0,0,0,NA,0,NA,0,0,0,0,9,0,1,1,2,0,0,0,0,0,0,0,0,0,0,0,0,0,0,0,0,1,1,0,0,0,0,0,0,0,0,NA,NA,0,0,0,0,0,0,0,0,0,0,0,0,NA,NA,NA,0,0,0,0,0,0,0,NA,0,0,0,0,NA,0,0
00-0034381,J.Sweat,Josh Sweat,OLB,LB,"https://static.www.nfl.com/image/upload/f_auto,q_auto/league/zryjvbggvdlringt4vcn",2025,REG,ARI,11,0,0,0,0,0,0,0,0,0,0,0,0,NA,NA,0,NA,0,0,0,0,0,0,NA,0,0,0,0,0,0,0,0,0,0,NA,0,NA,0,0,0,0,15,1,5,11,67,3,9,64,15,0,0,2,0,0,0,0,0,0,1,1,0,1,15,0,0,0,0,0,0,0,0,NA,NA,0,0,0,0,0,0,0,0,0,0,0,0,NA,NA,NA,0,0,0,0,0,0,0,NA,0,0,0,0,NA,0,0
00-0034383,D.Schultz,Dalton Schultz,TE,TE,"https://static.www.nfl.com/image/upload/f_auto,q_auto/league/xbl9mhuamzv5udb4hyzj",2025,REG,HOU,11,0,0,0,0,0,0,0,0,0,0,0,0,NA,NA,0,NA,0,0,0,0,0,0,NA,0,52,72,497,1,0,0,500,230,26,22.828639751726772,0,0.994,0.18947368421052632,0.1563966218329684,0.3936881615988673,0,1,0,1,0,0,0,0,0,0,0,0,0,0,0,0,0,0,0,0,0,0,3,20,0,0,0,0,0,0,0,0,NA,NA,0,0,0,0,0,0,0,0,0,0,0,0,NA,NA,NA,0,0,0,0,0,0,0,NA,0,0,0,0,NA,55.7,107.7
00-0034384,D.Reed,D.J. Reed,CB,DB,"https://static.www.nfl.com/image/upload/f_auto,q_auto/league/haxt1fpxhgnobin0d5sx",2025,REG,DET,5,0,0,0,0,0,0,0,0,0,0,0,0,NA,NA,0,NA,0,0,0,0,0,0,NA,0,0,0,0,0,0,0,0,0,0,NA,0,NA,0,0,0,0,15,1,2,0,0,0,0,0,0,1,34,4,0,0,0,0,0,0,1,1,0,1,1,0,0,0,0,0,0,0,0,NA,NA,0,0,0,0,0,0,0,0,0,0,0,0,NA,NA,NA,0,0,0,0,0,0,0,NA,0,0,0,0,NA,0,0
00-0034386,J.Watson,Justin Watson,WR,WR,"https://static.www.nfl.com/image/upload/f_auto,q_auto/league/unqrnkfpqg7juhlbyp4v",2025,REG,HOU,2,0,0,0,0,0,0,0,0,0,0,0,0,NA,NA,0,NA,0,0,0,0,0,0,NA,0,3,4,30,0,0,0,33,14,1,1.3515022930677918,0,0.9090909090909091,0.010526315789473684,0.010322177040975915,0.02301499761289367,0,0,0,0,0,0,0,0,0,0,0,0,0,0,0,0,1,0,0,0,0,0,0,0,0,0,0,0,0,0,0,0,NA,NA,0,0,0,0,0,0,0,0,0,0,0,0,NA,NA,NA,0,0,0,0,0,0,0,NA,0,0,0,0,NA,3,6
00-0034387,B.Nichols,Bilal Nichols,DT,DL,"https://static.www.nfl.com/image/upload/f_auto,q_auto/league/ukjuxv7bxvbfnciod79v",2025,REG,ARI,1,0,0,0,0,0,0,0,0,0,0,0,0,NA,NA,0,NA,0,0,0,0,0,0,NA,0,0,0,0,0,0,0,0,0,0,NA,0,NA,0,0,0,0,0,0,1,0,0,0,0,0,0,0,0,0,0,0,0,0,0,0,0,0,0,0,0,0,0,0,0,0,0,0,0,NA,NA,0,0,0,0,0,0,0,0,0,0,0,0,NA,NA,NA,0,0,0,0,0,0,0,NA,0,0,0,0,NA,0,0
00-0034391,S.Neal,Siran Neal,CB,DB,"https://static.www.nfl.com/image/upload/f_auto,q_auto/league/kq7kbeol3boyczqkm9jx",2025,REG,SF,11,0,0,0,0,0,0,0,0,0,0,0,0,NA,NA,0,NA,0,0,0,0,0,0,NA,0,0,0,0,0,0,0,0,0,0,NA,0,NA,0,0,0,0,4,0,10,0,0,0,0,0,0,0,0,0,0,0,0,0,0,0,0,0,0,1,5,0,0,0,0,0,0,0,0,NA,NA,0,0,0,0,0,0,0,0,0,0,0,0,NA,NA,NA,0,0,0,0,0,0,0,NA,0,0,0,0,NA,0,0
00-0034397,T.Settle,Tim Settle,DT,DL,"https://static.www.nfl.com/image/upload/f_auto,q_auto/league/jhb7b9b6r8yybbltih4v",2025,REG,HOU,9,0,0,0,0,0,0,0,0,0,0,0,0,NA,NA,0,NA,0,0,0,0,0,0,NA,0,0,0,0,0,0,0,0,0,0,NA,0,NA,0,0,0,0,6,0,8,3,8,0,1,5,1,0,0,3,0,0,0,0,0,0,0,0,0,1,15,0,0,0,0,0,0,0,0,NA,NA,0,0,0,0,0,0,0,0,0,0,0,0,NA,NA,NA,0,0,0,0,0,0,0,NA,0,0,0,0,NA,0,0
00-0034399,W.Teller,Wyatt Teller,G,OL,"https://static.www.nfl.com/image/upload/f_auto,q_auto/league/cssfbsfmyuubkg0js8ni",2025,REG,CLE,4,0,0,0,0,0,0,0,0,0,0,0,0,NA,NA,0,NA,0,0,0,0,0,0,NA,0,0,0,0,0,0,0,0,0,0,NA,0,NA,0,0,0,0,0,0,0,0,0,0,0,0,0,0,0,0,0,0,0,0,1,1,0,0,0,4,40,0,0,0,0,0,0,0,0,NA,NA,0,0,0,0,0,0,0,0,0,0,0,0,NA,NA,NA,0,0,0,0,0,0,0,NA,0,0,0,0,NA,0,0
00-0034407,R.McCloud,Ray-Ray McCloud,WR,WR,"https://static.www.nfl.com/image/upload/f_auto,q_auto/league/nvwn3sdihyyd2itjt7vy",2025,REG,NYG,6,0,0,0,0,0,0,0,0,0,0,0,0,NA,NA,0,NA,0,0,0,0,0,0,NA,0,7,15,69,0,0,0,84,46,4,-9.451976196961434,0,0.8214285714285714,0.04477611940298507,0.02906574394463668,0.08751019986572328,0,1,0,0,0,0,0,0,0,0,0,0,0,0,0,0,0,0,0,0,0,0,2,15,2,0,4,91,0,0,0,0,NA,NA,0,0,0,0,0,0,0,0,0,0,0,0,NA,NA,NA,0,0,0,0,0,0,0,NA,0,0,0,0,NA,6.9,13.9
00-0034413,F.Oluokun,Foye Oluokun,LB,LB,"https://static.www.nfl.com/image/private/f_auto,q_auto/league/ldsewkhf1k2uxwcud0bj",2025,REG,JAX,11,0,0,0,0,0,0,0,0,0,0,0,0,NA,NA,0,NA,0,0,0,0,0,0,NA,0,0,0,0,0,0,0,0,0,0,NA,0,NA,0,0,0,0,42,1,47,5,14,2,1,3,2,1,0,8,0,0,0,0,0,0,1,1,0,1,5,0,0,0,0,0,0,0,0,NA,NA,0,0,0,0,0,0,0,0,0,0,0,0,NA,NA,NA,0,0,0,0,0,0,0,NA,0,0,0,0,NA,0,0
00-0034418,C.Wilson,Cedrick Wilson Jr.,WR,WR,"https://static.www.nfl.com/image/upload/f_auto,q_auto/league/cf6fmi91zijiovftx9qk",2025,REG,MIA,2,0,0,0,0,0,0,0,0,0,0,0,0,NA,NA,0,NA,0,0,0,0,0,0,NA,0,2,2,9,0,0,0,3,6,1,1.9462898824713193,0,3,0.00625,0.0013351134846461949,0.010309579439252339,0,0,0,0,0,0,0,0,0,0,0,0,0,0,0,0,0,0,0,0,0,0,0,0,0,0,0,0,0,0,0,0,NA,NA,0,0,0,0,0,0,0,0,0,0,0,0,NA,NA,NA,0,0,0,0,0,0,0,NA,0,0,0,0,NA,0.9,2.9
00-0034419,B.Berrios,Braxton Berrios,WR,WR,"https://static.www.nfl.com/image/upload/f_auto,q_auto/league/striwxmn9t0ixherw7l8",2025,REG,HOU,4,0,0,0,0,0,0,0,0,0,0,0,0,NA,NA,0,NA,0,0,0,0,0,0,NA,0,6,8,37,0,0,0,24,18,3,2.3596400750102475,0,1.5416666666666667,0.021052631578947368,0.007507037847982484,0.036833873862008794,0,0,0,0,0,0,0,0,0,0,0,0,0,0,0,0,0,0,0,0,0,0,0,0,3,25,3,81,0,0,0,0,NA,NA,0,0,0,0,0,0,0,0,0,0,0,0,NA,NA,NA,0,0,0,0,0,0,0,NA,0,0,0,0,NA,3.7,9.7
00-0034429,J.Mailata,Jordan Mailata,OT,OL,"https://static.www.nfl.com/image/upload/f_auto,q_auto/league/vpfwqsmjzkby3auc0m5q",2025,REG,PHI,4,0,0,0,0,0,0,0,0,0,0,0,0,NA,NA,0,NA,0,0,0,0,0,0,NA,0,0,0,0,0,0,0,0,0,0,NA,0,NA,0,0,0,0,0,0,0,0,0,0,0,0,0,0,0,0,0,0,0,0,0,0,0,0,0,5,35,0,0,0,0,0,0,0,0,NA,NA,0,0,0,0,0,0,0,0,0,0,0,0,NA,NA,NA,0,0,0,0,0,0,0,NA,0,0,0,0,NA,0,0
00-0034431,Z.Franklin,Zaire Franklin,OLB,LB,"https://static.www.nfl.com/image/upload/f_auto,q_auto/league/sjssdwwimkrgh3jzuo89",2025,REG,IND,11,0,0,0,0,0,0,0,0,0,0,0,0,NA,NA,0,NA,0,0,0,0,0,0,NA,0,0,0,0,0,0,0,0,0,0,NA,0,NA,0,0,0,0,38,0,36,4,29,1,2,26,6,0,0,4,0,0,0,0,0,0,0,0,0,3,36,0,0,0,0,0,0,0,0,NA,NA,0,0,0,0,0,0,0,0,0,0,0,0,NA,NA,NA,0,0,0,0,0,0,0,NA,0,0,0,0,NA,0,0
00-0034437,L.Cooke,Logan Cooke,P,SPEC,"https://static.www.nfl.com/image/upload/f_auto,q_auto/league/tm0qrnirdvbhshxsfhg2",2025,REG,JAX,10,0,0,0,0,0,0,0,0,0,0,0,0,NA,NA,0,NA,0,0,0,0,0,0,NA,0,0,0,0,0,0,0,0,0,0,NA,0,NA,0,0,0,0,0,0,0,0,0,0,0,0,0,0,0,0,0,0,0,0,0,0,0,0,0,0,0,0,0,0,0,0,0,0,0,NA,NA,0,0,0,0,0,0,0,0,0,0,0,0,NA,NA,NA,0,0,0,0,0,0,0,NA,0,0,0,0,NA,0,0
00-0034446,J.Davis,Jalen Davis,CB,DB,"https://static.www.nfl.com/image/upload/f_auto,q_auto/league/lrtxaeqg5he2bao1hbok",2025,REG,CIN,1,0,0,0,0,0,0,0,0,0,0,0,0,NA,NA,0,NA,0,0,0,0,0,0,NA,0,0,0,0,0,0,0,0,0,0,NA,0,NA,0,0,0,0,1,0,2,1,9,0,1,9,1,0,0,0,0,0,0,0,0,0,0,0,0,0,0,0,0,0,0,0,0,0,0,NA,NA,0,0,0,0,0,0,0,0,0,0,0,0,NA,NA,NA,0,0,0,0,0,0,0,NA,0,0,0,0,NA,0,0
00-0034465,J.Reaves,Jeremy Reaves,SAF,DB,"https://static.www.nfl.com/image/upload/f_auto,q_auto/league/kwmtxcogvel516q4ws86",2025,REG,WAS,11,0,0,0,0,0,0,0,0,0,0,0,0,NA,NA,0,NA,0,0,0,0,0,0,NA,0,0,0,0,0,0,0,0,0,0,NA,0,NA,0,0,0,0,35,3,25,4,8,0,1,2,2,0,0,3,0,0,0,0,0,0,0,0,0,0,0,0,0,0,0,0,0,0,0,NA,NA,0,0,0,0,0,0,0,0,0,0,0,0,NA,NA,NA,0,0,0,0,0,0,0,NA,0,0,0,0,NA,0,0
00-0034473,D.Gardeck,Dennis Gardeck,LB,LB,"https://static.www.nfl.com/image/upload/f_auto,q_auto/league/n7dgy1vckfce4ynxeoil",2025,REG,JAX,10,0,0,0,0,0,0,0,0,0,0,0,0,NA,NA,0,NA,0,0,0,0,0,0,NA,0,0,0,0,0,0,0,0,0,0,NA,0,NA,0,0,0,0,22,1,15,5,16,1,1.5,16.5,6,0,0,1,0,0,0,0,0,0,0,0,0,4,15,0,0,0,0,0,0,0,0,NA,NA,0,0,0,0,0,0,0,0,0,0,0,0,NA,NA,NA,0,0,0,0,0,0,0,NA,0,0,0,0,NA,0,0
00-0034485,J.Owens,Jonathan Owens,DB,DB,"https://static.www.nfl.com/image/upload/f_auto,q_auto/league/nefkbybdw0icaynztmxk",2025,REG,CHI,11,0,0,0,0,0,0,0,0,0,0,0,0,NA,NA,0,NA,0,0,0,0,0,0,NA,0,0,0,0,0,0,0,0,0,0,NA,0,NA,0,0,0,0,9,0,8,0,0,0,0,0,0,0,0,0,0,0,0,0,0,0,0,0,0,0,0,0,0,0,0,0,0,0,0,NA,NA,0,0,0,0,0,0,0,0,0,0,0,0,NA,NA,NA,0,0,0,0,0,0,0,NA,0,0,0,0,NA,0,0
00-0034487,T.Sherfield,Trent Sherfield,WR,WR,"https://static.www.nfl.com/image/upload/f_auto,q_auto/league/euvbflse91irfzlk7yiq",2025,REG,DEN,3,0,0,0,0,0,0,0,0,0,0,0,0,NA,NA,0,NA,0,0,0,0,0,0,NA,0,3,4,21,0,0,0,39,14,1,-0.3819690835662186,0,0.5384615384615384,0.010899182561307902,0.012666450146151347,0.02521528894426779,0,2,0,0,0,0,0,0,0,0,0,0,0,0,0,0,0,0,0,0,0,0,3,30,0,0,0,0,0,0,0,0,NA,NA,0,0,0,0,0,0,0,0,0,0,0,0,NA,NA,NA,0,0,0,0,0,0,0,NA,0,0,0,0,NA,2.1,5.1
00-0034488,T.Thomas,Tavierre Thomas,SAF,DB,"https://static.www.nfl.com/image/upload/f_auto,q_auto/league/bbljj6ltlnswmkqjhzfw",2025,REG,MIN,10,0,0,0,0,0,0,0,0,0,0,0,0,NA,NA,0,NA,0,0,0,0,0,0,NA,0,0,0,0,0,0,0,0,0,0,NA,0,NA,0,0,0,0,7,0,10,0,0,1,0,0,0,0,0,0,0,0,0,0,0,0,0,0,0,4,50,0,0,0,0,0,0,0,0,NA,NA,0,0,0,0,0,0,0,0,0,0,0,0,NA,NA,NA,0,0,0,0,0,0,0,NA,0,0,0,0,NA,0,0
00-0034495,Ev.Brown,Evan Brown,G,OL,"https://static.www.nfl.com/image/upload/f_auto,q_auto/league/tlw4pewhhoepd5998bg4",2025,REG,ARI,4,0,0,0,0,0,0,0,0,0,0,0,0,NA,NA,0,NA,0,0,0,0,0,0,NA,0,0,0,0,0,0,0,0,0,0,NA,0,NA,0,0,0,0,1,0,0,0,0,0,0,0,0,0,0,0,0,0,0,0,0,0,0,0,0,4,28,0,0,0,0,0,0,0,0,NA,NA,0,0,0,0,0,0,0,0,0,0,0,0,NA,NA,NA,0,0,0,0,0,0,0,NA,0,0,0,0,NA,0,0
00-0034521,A.Lazard,Allen Lazard,WR,WR,"https://static.www.nfl.com/image/upload/f_auto,q_auto/league/b05f33npu1zjtpozfgdk",2025,REG,NYJ,6,0,0,0,0,0,0,0,0,0,0,0,0,NA,NA,0,NA,0,0,0,0,0,0,NA,0,8,14,54,1,0,0,111,33,3,-4.597180297365412,0,0.4864864864864865,0.04844290657439446,0.050523441055985434,0.10803076860078151,0,0,0,0,0,0,0,0,0,0,0,0,0,0,0,0,0,0,0,0,0,0,1,5,0,0,0,0,0,0,0,0,NA,NA,0,0,0,0,0,0,0,0,0,0,0,0,NA,NA,NA,0,0,0,0,0,0,0,NA,0,0,0,0,NA,11.4,19.4
00-0034571,T.Scott,Trent Scott,OT,OL,"https://static.www.nfl.com/image/upload/f_auto,q_auto/league/v5tyxvb4cdtzumhdzbd0",2025,REG,WAS,1,0,0,0,0,0,0,0,0,0,0,0,0,NA,NA,0,NA,0,0,0,0,0,0,NA,0,0,0,0,0,0,0,0,0,0,NA,0,NA,0,0,0,0,0,0,0,0,0,0,0,0,0,0,0,0,0,0,0,0,0,0,0,0,0,1,5,0,0,0,0,0,0,0,0,NA,NA,0,0,0,0,0,0,0,0,0,0,0,0,NA,NA,NA,0,0,0,0,0,0,0,NA,0,0,0,0,NA,0,0
00-0034573,C.Ward,Charvarius Ward,CB,DB,"https://static.www.nfl.com/image/upload/f_auto,q_auto/league/vbxv5ynhjrayfzbe2lda",2025,REG,IND,5,0,0,0,0,0,0,0,0,0,0,0,0,NA,NA,0,NA,0,0,0,0,0,0,NA,0,0,0,0,0,0,0,0,0,0,NA,0,NA,0,0,0,0,11,0,5,0,0,0,0,0,0,0,0,4,0,0,0,0,0,0,1,1,0,2,17,0,0,0,0,0,0,0,0,NA,NA,0,0,0,0,0,0,0,0,0,0,0,0,NA,NA,NA,0,0,0,0,0,0,0,NA,0,0,0,0,NA,0,0
00-0034577,K.Allen,Kyle Allen,QB,QB,"https://static.www.nfl.com/image/upload/f_auto,q_auto/league/vq3aw57yyjtydur0divt",2025,REG,DET,2,0,2,0,0,0,0,0,0,0,10,0,0,-1.3552653677443862,-63.74935805797577,0,0,3,-3,0,0,0,0,0,0,0,0,0,0,0,0,0,0,0,NA,0,NA,0,0,0,0,0,0,0,0,0,0,0,0,0,0,0,0,0,0,0,0,0,0,0,0,0,0,0,0,0,0,0,0,0,0,0,NA,NA,0,0,0,0,0,0,0,0,0,0,0,0,NA,NA,NA,0,0,0,0,0,0,0,NA,0,0,0,0,NA,-0.30000000000000004,-0.30000000000000004
00-0034613,T.Hudson,Tanner Hudson,TE,TE,"https://static.www.nfl.com/image/upload/f_auto,q_auto/league/xe86peg3bxumjzfmtait",2025,REG,CIN,5,0,0,0,0,0,0,0,0,0,0,0,0,NA,NA,0,NA,0,0,0,0,0,0,NA,0,11,13,92,1,0,0,56,44,3,3.6414098862329065,0,1.6428571428571428,0.03333333333333333,0.018258884903814804,0.06278121943267037,0,0,0,0,0,0,0,0,0,0,0,0,0,0,0,0,0,0,0,0,0,0,1,10,0,0,0,0,0,0,0,0,NA,NA,0,0,0,0,0,0,0,0,0,0,0,0,NA,NA,NA,0,0,0,0,0,0,0,NA,0,0,0,0,NA,15.200000000000001,26.200000000000003
00-0034639,M.Ford,Mike Ford,CB,DB,"https://static.www.nfl.com/image/upload/f_auto,q_auto/league/njli78vr2hcan6rfogsb",2025,REG,ATL,7,0,0,0,0,0,0,0,0,0,0,0,0,NA,NA,0,NA,0,0,0,0,0,0,NA,0,0,0,0,0,0,0,0,0,0,NA,0,NA,0,0,0,0,9,0,5,0,0,0,0,0,0,0,0,0,0,0,0,0,0,0,1,1,0,1,10,1,0,0,0,0,0,0,0,NA,NA,0,0,0,0,0,0,0,0,0,0,0,0,NA,NA,NA,0,0,0,0,0,0,0,NA,0,0,0,0,NA,0,0
00-0034657,M.Dickerson,Matt Dickerson,DE,DL,"https://static.www.nfl.com/image/upload/f_auto,q_auto/league/swevjtjnkyxxkei5jtsm",2025,REG,JAX,1,0,0,0,0,0,0,0,0,0,0,0,0,NA,NA,0,NA,0,0,0,0,0,0,NA,0,0,0,0,0,0,0,0,0,0,NA,0,NA,0,0,0,0,0,1,1,1,1,0,0,0,0,0,0,0,0,0,0,0,0,0,0,0,0,0,0,0,0,0,0,0,0,0,0,NA,NA,0,0,0,0,0,0,0,0,0,0,0,0,NA,NA,NA,0,0,0,0,0,0,0,NA,0,0,0,0,NA,0,0
00-0034673,T.Edmunds,Tremaine Edmunds,MLB,LB,"https://static.www.nfl.com/image/upload/f_auto,q_auto/league/unz9o9leinnet5o4qlsr",2025,REG,CHI,10,0,0,0,0,0,0,0,0,0,0,0,0,NA,NA,0,NA,0,0,0,0,0,0,NA,0,0,0,0,0,0,0,0,0,0,NA,0,NA,0,0,0,0,42,4,43,3,23,0,1,10,3,4,10,9,0,0,0,0,0,0,0,0,0,1,22,0,0,0,0,0,0,0,0,NA,NA,0,0,0,0,0,0,0,0,0,0,0,0,NA,NA,NA,0,0,0,0,0,0,0,NA,0,0,0,0,NA,0,0
00-0034675,J.Bates,Jessie Bates,FS,DB,"https://static.www.nfl.com/image/upload/f_auto,q_auto/league/ypv1sfm8zjghyzvmx0a1",2025,REG,ATL,11,0,0,0,0,0,0,0,0,0,0,0,0,NA,NA,0,NA,0,0,0,0,0,0,NA,0,0,0,0,0,0,0,0,0,0,NA,0,NA,0,0,0,0,38,0,33,0,0,1,0,0,1,2,20,4,0,0,0,0,0,0,0,0,0,1,15,0,0,0,0,0,0,0,0,NA,NA,0,0,0,0,0,0,0,0,0,0,0,0,NA,NA,NA,0,0,0,0,0,0,0,NA,0,0,0,0,NA,0,0
00-0034678,A.Cappa,Alex Cappa,G,OL,"https://static.www.nfl.com/image/upload/f_auto,q_auto/league/flztjm6mqgjywtmaaioy",2025,REG,LV,3,0,0,0,0,0,0,0,0,0,0,0,0,NA,NA,0,NA,0,0,0,0,0,0,NA,0,0,1,0,0,0,0,2,0,0,-0.3397870389162563,0,0,0.0029154518950437317,9.090909090909091e-4,0.005009541478929234,0,0,0,0,0,0,0,0,0,0,0,0,0,0,0,0,0,0,0,0,0,0,2,15,0,0,0,0,0,0,0,0,NA,NA,0,0,0,0,0,0,0,0,0,0,0,0,NA,NA,NA,0,0,0,0,0,0,0,NA,0,0,0,0,NA,0,0
00-0034681,C.Edmonds,Chase Edmonds,RB,RB,"https://static.www.nfl.com/image/upload/f_auto,q_auto/league/nbnqxhjafvg2vg6lc2ls",2025,REG,WAS,1,0,0,0,0,0,0,0,0,0,0,0,0,NA,NA,0,NA,0,0,0,0,0,0,NA,0,0,0,0,0,0,0,0,0,0,NA,0,NA,0,0,0,0,0,0,0,0,0,0,0,0,0,0,0,0,0,0,0,0,0,0,0,0,0,0,0,0,0,4,93,0,0,0,0,NA,NA,0,0,0,0,0,0,0,0,0,0,0,0,NA,NA,NA,0,0,0,0,0,0,0,NA,0,0,0,0,NA,0,0
00-0034720,R.Spillane,Robert Spillane,LB,LB,"https://static.www.nfl.com/image/upload/f_auto,q_auto/league/jt2r3dnb8dmywp1azotj",2025,REG,NE,12,0,0,0,0,0,0,0,0,0,0,0,0,NA,NA,0,NA,0,0,0,0,0,0,NA,0,0,0,0,0,0,0,0,0,0,NA,0,NA,0,0,0,0,45,1,49,4,12,1,1,0,0,2,70,5,0,0,0,0,0,0,0,0,0,0,0,0,0,0,0,0,0,0,0,NA,NA,0,0,0,0,0,0,0,0,0,0,0,0,NA,NA,NA,0,0,0,0,0,0,0,NA,0,0,0,0,NA,0,0
00-0034721,C.Bojorquez,Corey Bojorquez,P,SPEC,"https://static.www.nfl.com/image/private/f_auto,q_auto/league/eiuli9dmspe6d4cwwa00",2025,REG,CLE,11,0,0,0,0,0,0,0,0,0,0,0,0,NA,NA,0,NA,0,0,0,0,0,0,NA,0,0,0,0,0,0,0,0,0,0,NA,0,NA,0,0,0,0,0,0,0,0,0,0,0,0,0,0,0,0,0,0,0,0,0,0,0,0,0,0,0,0,0,0,0,0,0,0,0,NA,NA,0,0,0,0,0,0,0,0,0,0,0,0,NA,NA,NA,0,0,0,0,0,0,0,NA,0,0,0,0,NA,0,0
00-0034728,J.Alexander,Jaire Alexander,CB,DB,"https://static.www.nfl.com/image/upload/f_auto,q_auto/league/niwxzo2rjy1uuo3aehac",2025,REG,BAL,2,0,0,0,0,0,0,0,0,0,0,0,0,NA,NA,0,NA,0,0,0,0,0,0,NA,0,0,0,0,0,0,0,0,0,0,NA,0,NA,0,0,0,0,4,0,1,0,0,0,0,0,0,0,0,0,0,0,0,0,0,0,0,0,0,1,27,0,0,0,0,0,0,0,0,NA,NA,0,0,0,0,0,0,0,0,0,0,0,0,NA,NA,NA,0,0,0,0,0,0,0,NA,0,0,0,0,NA,0,0
00-0034752,O.Brown,Orlando Brown,OT,OL,"https://static.www.nfl.com/image/private/f_auto,q_auto/league/icuytojhzdm0dqxoebo4",2025,REG,CIN,2,0,0,0,0,0,0,0,0,0,0,0,0,NA,NA,0,NA,0,0,0,0,0,0,NA,0,0,0,0,0,0,0,0,0,0,NA,0,NA,0,0,0,0,0,0,0,0,0,0,0,0,0,0,0,0,0,0,0,0,1,1,0,0,0,3,25,0,0,0,0,0,0,0,0,NA,NA,0,0,0,0,0,0,0,0,0,0,0,0,NA,NA,NA,0,0,0,0,0,0,0,NA,0,0,0,0,NA,0,0
00-0034753,M.Andrews,Mark Andrews,TE,TE,"https://static.www.nfl.com/image/upload/f_auto,q_auto/league/wzx3p0hzm3qyqsrfqznb",2025,REG,BAL,11,0,0,0,0,0,0,0,0,0,0,0,0,NA,NA,0,NA,9,45,1,0,0,6,5.871343389386311,0,33,46,285,5,1,0,331,68,19,7.498028390797263,0,0.8610271903323263,0.16727272727272727,0.1486304445442299,0.35495040209005185,0,2,0,0,0,0,0,0,0,0,0,0,0,0,0,0,0,0,0,0,0,0,4,35,0,0,0,0,0,0,0,0,NA,NA,0,0,0,0,0,0,0,0,0,0,0,0,NA,NA,NA,0,0,0,0,0,0,0,NA,0,0,0,0,NA,69,102
00-0034754,O.Burks,Oren Burks,ILB,LB,"https://static.www.nfl.com/image/upload/f_auto,q_auto/league/efcamqfjel7jozjdvbe9",2025,REG,CIN,11,0,0,0,0,0,0,0,0,0,0,0,0,NA,NA,0,NA,0,0,0,0,0,0,NA,0,0,0,0,0,0,0,0,0,0,NA,0,NA,0,0,0,0,14,0,26,1,3,1,0,0,0,0,0,1,0,0,0,0,0,0,0,0,0,1,5,0,0,0,0,0,0,0,0,NA,NA,0,0,0,0,0,0,0,0,0,0,0,0,NA,NA,NA,0,0,0,0,0,0,0,NA,0,0,0,0,NA,0,0
00-0034760,N.Shepherd,Nathan Shepherd,DT,DL,"https://static.www.nfl.com/image/upload/f_auto,q_auto/league/sl9b2jgyvmo5yn0vglok",2025,REG,NO,11,0,0,0,0,0,0,0,0,0,0,0,0,NA,NA,0,NA,0,0,0,0,0,0,NA,0,0,0,0,0,0,0,0,0,0,NA,0,NA,0,0,0,0,12,1,18,3,23,0,2,21,8,0,0,0,0,0,0,0,0,0,0,0,0,2,10,0,0,0,0,0,0,0,0,NA,NA,0,0,0,0,0,0,0,0,0,0,0,0,NA,NA,NA,0,0,0,0,0,0,0,NA,0,0,0,0,NA,0,0
00-0034771,M.Rudolph,Mason Rudolph,QB,QB,"https://static.www.nfl.com/image/upload/f_auto,q_auto/league/vaeklpqoesk72mlloora",2025,REG,PIT,4,38,49,310,2,1,2,-12,1,1,244,254,17,4.792115198242048,11.82427730249322,0,1.2704918032786885,7,6,0,0,0,2,1.3411726071499288,0,0,0,0,0,0,0,0,0,0,NA,0,NA,0,0,0,0,0,0,0,0,0,0,0,0,0,0,0,0,0,0,0,0,0,0,0,0,0,0,0,0,0,0,0,0,0,0,0,NA,NA,0,0,0,0,0,0,0,0,0,0,0,0,NA,NA,NA,0,0,0,0,0,0,0,NA,0,0,0,0,NA,17,17
00-0034773,V.Vea,Vita Vea,DT,DL,"https://static.www.nfl.com/image/upload/f_auto,q_auto/league/enh7ieutevvqmvrn13ob",2025,REG,TB,8,0,0,0,0,0,0,0,0,0,0,0,0,NA,NA,0,NA,0,0,0,0,0,0,NA,0,0,0,0,0,0,0,0,0,0,NA,0,NA,0,0,0,0,8,1,11,3,21,0,2.5,23,7,0,0,1,0,0,0,0,0,0,1,1,0,2,20,0,0,0,0,0,0,0,0,NA,NA,0,0,0,0,0,0,0,0,0,0,0,0,NA,NA,NA,0,0,0,0,0,0,0,NA,0,0,0,0,NA,0,0
00-0034775,C.Kirk,Christian Kirk,WR,WR,"https://static.www.nfl.com/image/upload/f_auto,q_auto/league/bugikrmfz5k4jvyaogza",2025,REG,HOU,7,0,0,0,0,0,0,0,0,0,0,0,0,NA,NA,0,NA,0,0,0,0,0,0,NA,0,21,37,198,1,0,0,268,91,9,-11.877154594973598,0,0.7388059701492538,0.09736842105263158,0.08382858930247107,0.20473264409067712,0,1,0,0,0,0,0,0,0,0,0,0,0,0,0,0,0,0,0,0,0,0,0,0,0,0,0,0,0,0,0,0,NA,NA,0,0,0,0,0,0,0,0,0,0,0,0,NA,NA,NA,0,0,0,0,0,0,0,NA,0,0,0,0,NA,25.8,46.8
00-0034778,C.Davis,Carlton Davis III,CB,DB,"https://static.www.nfl.com/image/upload/f_auto,q_auto/league/pzbrbbwgymysharir2ms",2025,REG,NE,12,0,0,0,0,0,0,0,0,0,0,0,0,NA,NA,0,NA,0,0,0,0,0,0,NA,0,0,0,0,0,0,0,0,0,0,NA,0,NA,0,0,0,0,26,0,21,0,0,0,0,0,1,0,0,6,0,0,0,0,0,0,0,0,0,7,75,0,0,0,0,0,0,0,0,NA,NA,0,0,0,0,0,0,0,0,0,0,0,0,NA,NA,NA,0,0,0,0,0,0,0,NA,0,0,0,0,NA,0,0
00-0034779,R.Harrison,Ronnie Harrison,LB,LB,"https://static.www.nfl.com/image/upload/f_auto,q_auto/league/mdkbai0lmyu6pbe13ovb",2025,REG,ATL,5,0,0,0,0,0,0,0,0,0,0,0,0,NA,NA,0,NA,0,0,0,0,0,0,NA,0,0,0,0,0,0,0,0,0,0,NA,0,NA,0,0,0,0,17,0,6,2,13,0,2,13,3,0,0,2,0,0,0,0,0,0,0,0,0,0,0,0,0,0,0,0,0,0,0,NA,NA,0,0,0,0,0,0,0,0,0,0,0,0,NA,NA,NA,0,0,0,0,0,0,0,NA,0,0,0,0,NA,0,0
00-0034780,I.Yiadom,Isaac Yiadom,CB,DB,"https://static.www.nfl.com/image/upload/f_auto,q_auto/league/yshnc3lfpcams5ropegx",2025,REG,NO,7,0,0,0,0,0,0,0,0,0,0,0,0,NA,NA,0,NA,0,0,0,0,0,0,NA,0,0,0,0,0,0,0,0,0,0,NA,0,NA,0,0,0,0,13,1,6,1,1,0,0,0,0,0,0,0,0,0,0,0,0,0,0,0,0,2,20,0,0,0,0,0,0,0,0,NA,NA,0,0,0,0,0,0,0,0,0,0,0,0,NA,NA,NA,0,0,0,0,0,0,0,NA,0,0,0,0,NA,0,0
00-0034782,H.Phillips,Harrison Phillips,DT,DL,"https://static.www.nfl.com/image/upload/f_auto,q_auto/league/znophhdzukalwuwsx6vx",2025,REG,NYJ,11,0,0,0,0,0,0,0,0,0,0,0,0,NA,NA,0,NA,0,0,0,0,0,0,NA,0,0,0,0,0,0,0,0,0,0,NA,0,NA,0,0,0,0,13,0,23,3,4,1,0.5,4,0,0,0,1,0,0,0,0,0,0,0,0,0,0,0,0,0,0,0,0,0,0,0,NA,NA,0,0,0,0,0,0,0,0,0,0,0,0,NA,NA,NA,0,0,0,0,0,0,0,NA,0,0,0,0,NA,0,0
00-0034787,C.Board,Chris Board,LB,LB,"https://static.www.nfl.com/image/upload/f_auto,q_auto/league/xrhz4xljlfr6cpmfbgjw",2025,REG,NYG,1,0,0,0,0,0,0,0,0,0,0,0,0,NA,NA,0,NA,0,0,0,0,0,0,NA,0,0,0,0,0,0,0,0,0,0,NA,0,NA,0,0,0,0,2,0,1,0,0,0,0,0,0,0,0,0,0,0,0,0,0,0,0,0,0,0,0,0,0,0,0,0,0,0,0,NA,NA,0,0,0,0,0,0,0,0,0,0,0,0,NA,NA,NA,0,0,0,0,0,0,0,NA,0,0,0,0,NA,0,0
00-0034789,M.Fitzpatrick,Minkah Fitzpatrick,FS,DB,"https://static.www.nfl.com/image/upload/f_auto,q_auto/league/umy9w1ayh5lnhjc10mmq",2025,REG,MIA,11,0,0,0,0,0,0,0,0,0,0,0,0,NA,NA,0,NA,0,0,0,0,0,0,NA,0,0,0,0,0,0,0,0,0,0,NA,0,NA,0,0,0,0,46,2,17,2,4,0,0,0,1,1,7,6,0,0,0,0,0,0,2,2,0,3,34,0,0,0,0,0,0,0,0,NA,NA,0,0,0,0,0,0,0,0,0,0,0,0,NA,NA,NA,0,0,0,0,0,0,0,NA,0,0,0,0,NA,0,0
00-0034790,D.James,Derwin James,FS,DB,"https://static.www.nfl.com/image/upload/f_auto,q_auto/league/z9au0ajgcwoeozfdu0ec",2025,REG,LAC,10,0,0,0,0,0,0,0,0,0,0,0,0,NA,NA,0,NA,0,0,0,0,0,0,NA,0,0,0,0,0,0,0,0,0,0,NA,0,NA,0,0,0,0,34,1,30,5,15,0,1.5,9,7,1,21,4,0,0,0,0,0,0,0,0,0,1,6,0,0,0,0,0,0,0,0,NA,NA,0,0,0,0,0,0,0,0,0,0,0,0,NA,NA,NA,0,0,0,0,0,0,0,NA,0,0,0,0,NA,0,0
00-0034791,N.Chubb,Nick Chubb,RB,RB,"https://static.www.nfl.com/image/upload/f_auto,q_auto/league/h5y74trx6l8ivpkbmrkt",2025,REG,HOU,11,0,0,0,0,0,0,0,0,0,0,0,0,NA,NA,0,NA,105,435,2,0,0,20,-10.356951739740214,0,12,19,58,0,0,0,11,58,1,-3.4504244313575327,0,5.2727272727272725,0.05,0.003440725680325305,0.07740850797622773,0,1,0,0,0,0,0,0,0,0,0,0,0,0,0,0,0,0,0,0,0,0,0,0,0,0,0,0,0,0,0,0,NA,NA,0,0,0,0,0,0,0,0,0,0,0,0,NA,NA,NA,0,0,0,0,0,0,0,NA,0,0,0,0,NA,61.300000000000004,73.30000000000001
00-0034792,C.Armstrong,Cornell Armstrong,DB,DB,"https://static.www.nfl.com/image/upload/f_auto,q_auto/league/aslfjfnirvlt7u6z8hkn",2025,REG,MIA,2,0,0,0,0,0,0,0,0,0,0,0,0,NA,NA,0,NA,0,0,0,0,0,0,NA,0,0,0,0,0,0,0,0,0,0,NA,0,NA,0,0,0,0,1,0,1,0,0,0,0,0,0,0,0,0,0,0,0,0,0,0,0,0,0,0,0,0,0,0,0,0,0,0,0,NA,NA,0,0,0,0,0,0,0,0,0,0,0,0,NA,NA,NA,0,0,0,0,0,0,0,NA,0,0,0,0,NA,0,0
00-0034796,L.Jackson,Lamar Jackson,QB,QB,"https://static.www.nfl.com/image/upload/f_auto,q_auto/league/cruqs6qpbykh7a2whd7p",2025,REG,BAL,8,130,195,1595,15,3,24,-162,2,1,1587,687,75,20.036659668334597,3.603036067587269,1,1.0050409577819786,46,237,1,0,0,15,11.811356511958548,0,0,0,0,0,0,0,0,0,0,NA,0,NA,0,0,0,0,1,0,0,0,0,0,0,0,0,0,0,0,0,0,0,0,2,2,0,0,0,1,16,0,0,0,0,0,0,0,0,NA,NA,0,0,0,0,0,0,0,0,0,0,0,0,NA,NA,NA,0,0,0,0,0,0,0,NA,0,0,0,0,NA,147.5,147.5
00-0034797,J.Baker,Jerome Baker,OLB,LB,"https://static.www.nfl.com/image/upload/f_auto,q_auto/league/wdo4k5bdufnhhu8izyj4",2025,REG,CLE,11,0,0,0,0,0,0,0,0,0,0,0,0,NA,NA,0,NA,0,0,0,0,0,0,NA,0,0,0,0,0,0,0,0,0,0,NA,0,NA,0,0,0,0,6,0,16,2,19,1,1.5,11.5,1,0,0,0,0,0,0,0,0,0,0,0,0,2,20,0,0,0,0,0,0,0,0,NA,NA,0,0,0,0,0,0,0,0,0,0,0,0,NA,NA,NA,0,0,0,0,0,0,0,NA,0,0,0,0,NA,0,0
00-0034798,D.Smythe,Durham Smythe,TE,TE,"https://static.www.nfl.com/image/upload/f_auto,q_auto/league/qmpveaqrfntryixpjqq2",2025,REG,CHI,3,0,0,0,0,0,0,0,0,0,0,0,0,NA,NA,0,NA,0,0,0,0,0,0,NA,0,2,4,12,0,0,0,22,4,0,-0.8613983201794326,0,0.5454545454545454,0.011494252873563218,0.006821705426356589,0.02201657310879444,0,0,0,0,0,0,0,0,0,0,0,0,0,0,0,0,0,0,0,0,0,0,2,15,0,0,0,0,0,0,0,0,NA,NA,0,0,0,0,0,0,0,0,0,0,0,0,NA,NA,NA,0,0,0,0,0,0,0,NA,0,0,0,0,NA,1.2000000000000002,3.2
00-0034800,B.Hill,B.J. Hill,DE,DL,"https://static.www.nfl.com/image/upload/f_auto,q_auto/league/t5d3t2wt1goqgv5njdqa",2025,REG,CIN,11,0,0,0,0,0,0,0,0,0,0,0,0,NA,NA,0,NA,0,0,0,0,0,0,NA,0,0,0,0,0,0,0,0,0,0,NA,0,NA,0,0,0,0,19,0,22,3,15,0,2,13,4,0,0,0,0,0,0,0,0,0,0,0,0,1,5,0,0,0,0,0,0,0,0,NA,NA,0,0,0,0,0,0,0,0,0,0,0,0,NA,NA,NA,0,0,0,0,0,0,0,NA,0,0,0,0,NA,0,0
00-0034801,J.Woods,Josh Woods,LB,LB,"https://static.www.nfl.com/image/upload/f_auto,q_auto/league/p6wltly2bismav4hvfvb",2025,REG,ATL,5,0,0,0,0,0,0,0,0,0,0,0,0,NA,NA,0,NA,0,0,0,0,0,0,NA,0,0,0,0,0,0,0,0,0,0,NA,0,NA,0,0,0,0,5,0,5,0,0,0,0,0,0,0,0,0,0,0,0,0,0,0,0,0,0,1,10,0,0,0,0,0,0,0,0,NA,NA,0,0,0,0,0,0,0,0,0,0,0,0,NA,NA,NA,0,0,0,0,0,0,0,NA,0,0,0,0,NA,0,0
00-0034803,J.Noteboom,Joe Noteboom,OT,OL,"https://static.www.nfl.com/image/upload/f_auto,q_auto/league/dn3tttcun4lwo7dbwsbq",2025,REG,BAL,1,0,0,0,0,0,0,0,0,0,0,0,0,NA,NA,0,NA,0,0,0,0,0,0,NA,0,0,0,0,0,0,0,0,0,0,NA,0,NA,0,0,0,0,1,0,0,0,0,0,0,0,0,0,0,0,0,0,0,0,0,0,0,0,0,0,0,0,0,0,0,0,0,0,0,NA,NA,0,0,0,0,0,0,0,0,0,0,0,0,NA,NA,NA,0,0,0,0,0,0,0,NA,0,0,0,0,NA,0,0
00-0034805,J.Franklin-Myers,John Franklin-Myers,DE,DL,"https://static.www.nfl.com/image/upload/f_auto,q_auto/league/uddpcfoopacmfjcovnvi",2025,REG,DEN,9,0,0,0,0,0,0,0,0,0,0,0,0,NA,NA,0,NA,0,0,0,0,0,0,NA,0,0,0,0,0,0,0,0,0,0,NA,0,NA,0,0,0,0,9,0,10,4,28,0,4.5,26.5,8,0,0,0,0,0,0,0,0,0,0,0,0,5,40,0,0,0,0,0,0,0,0,NA,NA,0,0,0,0,0,0,0,0,0,0,0,0,NA,NA,NA,0,0,0,0,0,0,0,NA,0,0,0,0,NA,0,0
00-0034810,S.Joseph,Sebastian Joseph-Day,DE,DL,"https://static.www.nfl.com/image/upload/f_auto,q_auto/league/clutt16odnru2dvidv9w",2025,REG,TEN,10,0,0,0,0,0,0,0,0,0,0,0,0,NA,NA,0,NA,0,0,0,0,0,0,NA,0,0,0,0,0,0,0,0,0,0,NA,0,NA,0,0,0,0,15,4,14,6,26,0,2,19,4,0,0,0,0,0,0,0,0,0,1,1,0,0,0,0,0,0,0,0,0,0,0,NA,NA,0,0,0,0,0,0,0,0,0,0,0,0,NA,NA,NA,0,0,0,0,0,0,0,NA,0,0,0,0,NA,0,0
00-0034815,F.Warner,Fred Warner,MLB,LB,"https://static.www.nfl.com/image/upload/f_auto,q_auto/league/u3en19iyyfc64d3vprh6",2025,REG,SF,6,0,0,0,0,0,0,0,0,0,0,0,0,NA,NA,0,NA,0,0,0,0,0,0,NA,0,0,0,0,0,0,0,0,0,0,NA,0,NA,0,0,0,0,27,1,23,2,2,2,0,0,0,0,0,3,0,0,0,0,0,0,1,1,0,0,0,0,0,0,0,0,0,0,0,NA,NA,0,0,0,0,0,0,0,0,0,0,0,0,NA,NA,NA,0,0,0,0,0,0,0,NA,0,0,0,0,NA,0,0
00-0034818,D.Nnadi,Derrick Nnadi,NT,DL,"https://static.www.nfl.com/image/upload/f_auto,q_auto/league/dbzhxihrdflpqcgcn7z4",2025,REG,KC,7,0,0,0,0,0,0,0,0,0,0,0,0,NA,NA,0,NA,0,0,0,0,0,0,NA,0,0,0,0,0,0,0,0,0,0,NA,0,NA,0,0,0,0,5,0,4,0,0,0,0,0,0,0,0,0,0,0,0,0,0,0,0,0,0,1,5,0,0,0,0,0,0,0,0,NA,NA,0,0,0,0,0,0,0,0,0,0,0,0,NA,NA,NA,0,0,0,0,0,0,0,NA,0,0,0,0,NA,0,0
00-0034825,A.Key,Arden Key,LB,LB,"https://static.www.nfl.com/image/upload/f_auto,q_auto/league/wgnbernjlxpmk5rhgkhn",2025,REG,TEN,7,0,0,0,0,0,0,0,0,0,0,0,0,NA,NA,0,NA,0,0,0,0,0,0,NA,0,0,0,0,0,0,0,0,0,0,NA,0,NA,0,0,0,0,6,0,5,5,23,0,4,26,9,0,0,0,0,0,0,0,0,0,0,0,0,0,0,0,0,0,0,0,0,0,0,NA,NA,0,0,0,0,0,0,0,0,0,0,0,0,NA,NA,NA,0,0,0,0,0,0,0,NA,0,0,0,0,NA,0,0
00-0034827,D.Moore,DJ Moore,WR,WR,"https://static.www.nfl.com/image/upload/f_auto,q_auto/league/qphturmeiifnqrnf5pax",2025,REG,CHI,11,1,1,2,1,0,0,0,0,0,2,0,1,3.8681936897919513,46.21419906616211,0,1,13,57,1,0,0,3,2.6601229849038646,0,36,58,485,3,0,0,611,196,22,11.066378186639461,0,0.7937806873977087,0.16666666666666666,0.18945736434108526,0.3826201550387597,0,1,0,0,0,0,0,0,0,0,0,0,0,0,0,0,0,0,0,0,0,0,3,24,0,0,0,0,0,0,0,0,NA,NA,0,0,0,0,0,0,0,0,0,0,0,0,NA,NA,NA,0,0,0,0,0,0,0,NA,0,0,0,0,NA,82.28,118.28
00-0034828,H.Landry,Harold Landry III,LB,LB,"https://static.www.nfl.com/image/upload/f_auto,q_auto/league/u4vo0zlxvsph3annhc4f",2025,REG,NE,12,0,0,0,0,0,0,0,0,0,0,0,0,NA,NA,0,NA,0,0,0,0,0,0,NA,0,0,0,0,0,0,0,0,0,0,NA,0,NA,0,0,0,0,21,1,19,8,39,1,6.5,39,16,0,0,0,0,0,0,0,0,0,0,0,0,3,15,0,0,0,0,0,0,0,0,NA,NA,0,0,0,0,0,0,0,0,0,0,0,0,NA,NA,NA,0,0,0,0,0,0,0,NA,0,0,0,0,NA,0,0
00-0034829,M.Gesicki,Mike Gesicki,TE,TE,"https://static.www.nfl.com/image/upload/f_auto,q_auto/league/mfswo0trev4oi2gnb41e",2025,REG,CIN,6,0,0,0,0,0,0,0,0,0,0,0,0,NA,NA,0,NA,0,0,0,0,0,0,NA,0,12,22,96,0,0,0,195,17,6,-14.261005858919816,0,0.49230769230769234,0.05641025641025641,0.06358004564721226,0.1291214165684332,0,1,0,0,0,0,0,0,0,0,0,0,0,0,0,0,0,0,0,0,0,0,1,5,0,0,0,0,0,0,0,0,NA,NA,0,0,0,0,0,0,0,0,0,0,0,0,NA,NA,NA,0,0,0,0,0,0,0,NA,0,0,0,0,NA,9.600000000000001,21.6
00-0034832,B.Chubb,Bradley Chubb,OLB,LB,"https://static.www.nfl.com/image/upload/f_auto,q_auto/league/u0hpsvirbf0ksqqrr4of",2025,REG,MIA,11,0,0,0,0,0,0,0,0,0,0,0,0,NA,NA,0,NA,0,0,0,0,0,0,NA,0,0,0,0,0,0,0,0,0,0,NA,0,NA,0,0,0,0,17,0,13,5,32,1,5,36,13,0,0,0,0,0,0,0,0,0,1,1,0,2,20,0,0,0,0,0,0,0,0,NA,NA,0,0,0,0,0,0,0,0,0,0,0,0,NA,NA,NA,0,0,0,0,0,0,0,NA,0,0,0,0,NA,0,0
00-0034836,B.Smith,Braden Smith,OT,OL,"https://static.www.nfl.com/image/upload/f_auto,q_auto/league/xajcpouicrecoyupypyw",2025,REG,IND,4,0,0,0,0,0,0,0,0,0,0,0,0,NA,NA,0,NA,0,0,0,0,0,0,NA,0,0,0,0,0,0,0,0,0,0,NA,0,NA,0,0,0,0,0,0,0,0,0,0,0,0,0,0,0,0,0,0,0,0,0,0,0,0,0,4,30,0,0,0,0,0,0,0,0,NA,NA,0,0,0,0,0,0,0,0,0,0,0,0,NA,NA,NA,0,0,0,0,0,0,0,NA,0,0,0,0,NA,0,0
00-0034837,C.Ridley,Calvin Ridley,WR,WR,"https://static.www.nfl.com/image/upload/f_auto,q_auto/league/l96rlegwqz7qfakbdtlp",2025,REG,TEN,7,0,0,0,0,0,0,0,0,0,0,0,0,NA,NA,0,NA,0,0,0,0,0,0,NA,0,17,36,303,0,0,0,453,84,13,12.221225031865272,0,0.6688741721854304,0.10344827586206896,0.16424945612762873,0.2701470330824436,0,0,0,0,0,0,0,0,0,0,0,0,0,0,0,0,0,0,0,0,0,0,0,0,0,0,0,0,0,0,0,0,NA,NA,0,0,0,0,0,0,0,0,0,0,0,0,NA,NA,NA,0,0,0,0,0,0,0,NA,0,0,0,0,NA,30.3,47.3
00-0034842,T.Bryan,Taven Bryan,DT,DL,"https://static.www.nfl.com/image/upload/f_auto,q_auto/league/sbozolhejczr8npyyvas",2025,REG,BAL,2,0,0,0,0,0,0,0,0,0,0,0,0,NA,NA,0,NA,0,0,0,0,0,0,NA,0,0,0,0,0,0,0,0,0,0,NA,0,NA,0,0,0,0,0,0,1,0,0,0,0.5,4,2,0,0,0,0,0,0,0,0,0,0,0,0,0,0,0,0,0,0,0,0,0,0,NA,NA,0,0,0,0,0,0,0,0,0,0,0,0,NA,NA,NA,0,0,0,0,0,0,0,NA,0,0,0,0,NA,0,0
00-0034843,M.Hughes,Mike Hughes,CB,DB,"https://static.www.nfl.com/image/upload/f_auto,q_auto/league/fzxie6iznr3i8qc2pmnv",2025,REG,ATL,9,0,0,0,0,0,0,0,0,0,0,0,0,NA,NA,0,NA,0,0,0,0,0,0,NA,0,0,0,0,0,0,0,0,0,0,NA,0,NA,0,0,0,0,27,1,11,0,0,0,0,0,0,0,0,6,0,0,0,0,0,0,0,0,0,2,26,0,0,0,0,0,0,0,0,NA,NA,0,0,0,0,0,0,0,0,0,0,0,0,NA,NA,NA,0,0,0,0,0,0,0,NA,0,0,0,0,NA,0,0
00-0034844,S.Barkley,Saquon Barkley,RB,RB,"https://static.www.nfl.com/image/upload/f_auto,q_auto/league/ern1nbhivkmwkg82c7v1",2025,REG,PHI,11,0,0,0,0,0,0,0,0,0,0,0,0,NA,NA,0,NA,185,684,4,0,0,29,-25.323517392179077,0,35,41,259,2,1,1,30,279,11,0.1513632899732329,0,8.633333333333333,0.13993174061433447,0.01084206722081677,0.21748705797607346,0,1,0,0,0,0,0,0,0,0,0,0,0,0,0,0,0,1,1,0,0,0,1,4,0,0,0,0,0,0,0,0,NA,NA,0,0,0,0,0,0,0,0,0,0,0,0,NA,NA,NA,0,0,0,0,0,0,0,NA,0,0,0,0,NA,128.3,163.3
00-0034847,M.McGlinchey,Mike McGlinchey,OT,OL,"https://static.www.nfl.com/image/upload/f_auto,q_auto/league/rlmc7tqeolzj5btkdicj",2025,REG,DEN,5,0,0,0,0,0,0,0,0,0,0,0,0,NA,NA,0,NA,0,0,0,0,0,0,NA,0,0,0,0,0,0,0,0,0,0,NA,0,NA,0,0,0,0,1,0,0,0,0,0,0,0,0,0,0,0,0,0,0,0,0,0,0,0,0,4,25,0,0,0,0,0,0,0,0,NA,NA,0,0,0,0,0,0,0,0,0,0,0,0,NA,NA,NA,0,0,0,0,0,0,0,NA,0,0,0,0,NA,0,0
00-0034854,K.Hodge,KhaDarel Hodge,WR,WR,"https://static.www.nfl.com/image/upload/f_auto,q_auto/league/r6vyxamrbb62lcccap2r",2025,REG,ATL,7,0,0,0,0,0,0,0,0,0,0,0,0,NA,NA,0,NA,0,0,0,0,0,0,NA,0,3,10,31,0,0,0,150,9,2,-2.7921620294217515,0,0.20666666666666667,0.029850746268656716,0.05190311418685121,0.08110829933378091,0,4,0,4,0,0,0,0,0,0,0,0,0,0,0,0,0,0,0,0,0,0,1,10,0,0,0,0,0,0,0,0,NA,NA,0,0,0,0,0,0,0,0,0,0,0,0,NA,NA,NA,0,0,0,0,0,0,0,NA,0,0,0,0,NA,3.1,6.1
00-0034855,B.Mayfield,Baker Mayfield,QB,QB,"https://static.www.nfl.com/image/upload/f_auto,q_auto/league/i2uufyghiphx4oihgucm",2025,REG,TB,11,225,359,2406,18,5,22,-155,6,2,2956,1244,109,-7.044996766925934,-3.3328330091067655,1,0.8139377537212449,31,216,1,1,0,19,27.533352154042035,0,0,0,0,0,0,0,0,0,0,NA,0,NA,0,0,0,0,0,0,0,0,0,0,0,0,0,0,0,0,0,0,0,0,2,2,0,0,0,0,0,0,0,0,0,0,0,0,0,NA,NA,0,0,0,0,0,0,0,0,0,0,0,0,NA,NA,NA,0,0,0,0,0,0,0,NA,0,0,0,0,NA,183.84,183.84
00-0034856,D.Ward,Denzel Ward,CB,DB,"https://static.www.nfl.com/image/upload/f_auto,q_auto/league/mmp5gacrbeeolrsgg5wm",2025,REG,CLE,11,0,0,0,0,0,0,0,0,0,0,0,0,NA,NA,0,NA,0,0,0,0,0,0,NA,0,0,0,0,0,0,0,0,0,0,NA,0,NA,0,0,0,0,24,2,6,2,6,0,0,0,0,1,13,8,0,0,0,0,0,0,0,0,0,3,31,0,0,0,0,0,0,0,0,NA,NA,0,0,0,0,0,0,0,0,0,0,0,0,NA,NA,NA,0,0,0,0,0,0,0,NA,0,0,0,0,NA,0,0
00-0034857,J.Allen,Josh Allen,QB,QB,"https://static.www.nfl.com/image/upload/f_auto,q_auto/league/servs1fpsynfxep4rz2z",2025,REG,BUF,11,228,327,2709,18,9,28,-182,0,0,2549,1408,128,57.677149664245526,3.7130402600240373,0,1.0627697136131817,70,371,10,5,2,33,24.16217963984272,0,0,0,0,0,0,0,0,0,0,NA,0,NA,0,0,0,0,0,0,0,0,0,0,0,0,0,0,0,0,0,0,0,0,1,4,0,0,0,3,29,0,0,0,0,0,0,0,0,NA,NA,0,0,0,0,0,0,0,0,0,0,0,0,NA,NA,NA,0,0,0,0,0,0,0,NA,0,0,0,0,NA,255.46000000000004,255.46000000000004
00-0034860,D.Pettis,Dante Pettis,WR,WR,"https://static.www.nfl.com/image/upload/f_auto,q_auto/league/xz70t2ahl2ak2q9mqtia",2025,REG,NO,2,0,0,0,0,0,0,0,0,0,0,0,0,NA,NA,0,NA,0,0,0,0,0,0,NA,0,1,1,14,0,0,0,14,0,0,-1.826296362967696,0,1,0.002688172043010753,0.004507405022537025,0.007187441580292046,0,0,0,0,0,0,0,0,0,0,0,0,0,0,0,0,0,0,0,0,0,0,0,0,5,18,3,79,0,0,0,0,NA,NA,0,0,0,0,0,0,0,0,0,0,0,0,NA,NA,NA,0,0,0,0,0,0,0,NA,0,0,0,0,NA,1.4000000000000001,2.4000000000000004
00-0034867,M.Turner,Malik Turner,WR,WR,"https://static.www.nfl.com/image/private/f_auto,q_auto/league/r7wv14bgrb5ohjmqsf9p",2025,REG,SF,2,0,0,0,0,0,0,0,0,0,0,0,0,NA,NA,0,NA,0,0,0,0,0,0,NA,0,0,1,0,0,0,0,-5,0,0,-0.5652746770065278,0,0,0.0024630541871921183,-0.0016270745200130166,0.002555629116779066,0,3,0,0,0,0,0,0,0,0,0,0,0,0,0,0,0,0,0,0,0,0,0,0,0,0,0,0,0,0,0,0,NA,NA,0,0,0,0,0,0,0,0,0,0,0,0,NA,NA,NA,0,0,0,0,0,0,0,NA,0,0,0,0,NA,0,0
00-0034869,S.Darnold,Sam Darnold,QB,QB,"https://static.www.nfl.com/image/upload/f_auto,q_auto/league/s5t8m6bhedjwwtfw3ild",2025,REG,SEA,11,207,298,2785,19,10,11,-67,4,3,2686,1075,121,74.06573461229036,8.785550032101618,0,1.0368577810871185,16,49,0,1,1,5,-5.963735855406855,0,0,0,0,0,0,0,0,0,0,NA,0,NA,0,0,0,0,1,0,0,0,0,0,0,0,0,0,0,0,0,0,0,0,0,0,0,0,0,0,0,0,0,0,0,0,0,0,0,NA,NA,0,0,0,0,0,0,0,0,0,0,0,0,NA,NA,NA,0,0,0,0,0,0,0,NA,0,0,0,0,NA,164.3,164.3
00-0034874,R.Smith,Roquan Smith,ILB,LB,"https://static.www.nfl.com/image/upload/f_auto,q_auto/league/ru4idxsvmhlpiwx6za9a",2025,REG,BAL,9,0,0,0,0,0,0,0,0,0,0,0,0,NA,NA,0,NA,0,0,0,0,0,0,NA,0,0,0,0,0,0,0,0,0,0,NA,0,NA,0,0,0,0,50,1,28,4,16,0,0,0,4,0,0,3,0,0,0,0,0,0,1,1,1,2,14,0,0,0,0,0,0,0,0,NA,NA,0,0,0,0,0,0,0,0,0,0,0,0,NA,NA,NA,0,0,0,0,0,0,0,NA,0,0,0,0,NA,0,0
00-0034941,M.Wishnowsky,Mitch Wishnowsky,P,SPEC,"https://static.www.nfl.com/image/upload/f_auto,q_auto/league/kjifuyh2rm6dygczcv4f",2025,REG,BUF,7,0,0,0,0,0,0,0,0,0,0,0,0,NA,NA,0,NA,0,0,0,0,0,0,NA,0,0,0,0,0,0,0,0,0,0,NA,0,NA,0,0,0,0,0,0,0,0,0,0,0,0,0,0,0,0,0,0,0,0,0,0,0,0,0,0,0,0,0,0,0,0,0,0,0,NA,NA,0,0,0,0,0,0,0,0,0,0,0,0,NA,NA,NA,0,0,0,0,0,0,0,NA,0,0,0,0,NA,0,0
00-0034951,F.Johnson,Fred Johnson,OT,OL,"https://static.www.nfl.com/image/private/f_auto,q_auto/league/unogqelkwjhl0qwfbyu5",2025,REG,PHI,2,0,0,0,0,0,0,0,0,0,0,0,0,NA,NA,0,NA,0,0,0,0,0,0,NA,0,0,0,0,0,0,0,0,0,0,NA,0,NA,0,0,0,0,0,0,0,0,0,0,0,0,0,0,0,0,0,0,0,0,0,0,0,0,0,3,20,0,0,0,0,0,0,0,0,NA,NA,0,0,0,0,0,0,0,0,0,0,0,0,NA,NA,NA,0,0,0,0,0,0,0,NA,0,0,0,0,NA,0,0
00-0034955,B.Rypien,Brett Rypien,QB,QB,"https://static.www.nfl.com/image/upload/f_auto,q_auto/league/aagqym9xmd5rligbbacq",2025,REG,CIN,1,0,0,0,0,0,1,-2,0,0,0,0,0,-1.2378779940772802,NA,0,NA,0,0,0,0,0,0,NA,0,0,0,0,0,0,0,0,0,0,NA,0,NA,0,0,0,0,0,0,0,0,0,0,0,0,0,0,0,0,0,0,0,0,0,0,0,0,0,0,0,0,0,0,0,0,0,0,0,NA,NA,0,0,0,0,0,0,0,0,0,0,0,0,NA,NA,NA,0,0,0,0,0,0,0,NA,0,0,0,0,NA,0,0
00-0034959,A.Beck,Andrew Beck,RB,RB,"https://static.www.nfl.com/image/upload/f_auto,q_auto/league/cgfleml3vlakevf285n3",2025,REG,NYJ,7,0,0,0,0,0,0,0,0,0,0,0,0,NA,NA,0,NA,0,0,0,0,0,0,NA,0,4,5,26,1,0,0,12,15,2,-1.1407462623319589,0,2.1666666666666665,0.01730103806228374,0.005461993627674101,0.029774952632797478,0,3,0,2,0,0,0,0,0,0,0,0,0,0,0,0,0,0,0,0,0,0,0,0,0,0,0,0,0,0,0,0,NA,NA,0,0,0,0,0,0,0,0,0,0,0,0,NA,NA,NA,0,0,0,0,0,0,0,NA,0,0,0,0,NA,8.6,12.6
00-0034960,J.Meyers,Jakobi Meyers,WR,WR,"https://static.www.nfl.com/image/upload/f_auto,q_auto/league/qui5ajbevlk7pfjpcufz",2025,REG,JAX,10,0,0,0,0,0,0,0,0,0,0,0,0,NA,NA,0,NA,0,0,0,0,0,0,NA,0,45,64,507,1,0,0,592,193,24,1.123739192754348,0,0.856418918918919,0.18658892128279883,0.2690909090909091,0.46824701828783466,0,0,0,1,0,0,0,0,0,0,0,0,0,0,0,0,0,0,0,0,0,0,1,10,0,0,0,0,0,0,0,0,NA,NA,0,0,0,0,0,0,0,0,0,0,0,0,NA,NA,NA,0,0,0,0,0,0,0,NA,0,0,0,0,NA,56.7,101.7
00-0034966,D.Ross,D'Angelo Ross,CB,DB,"https://static.www.nfl.com/image/upload/f_auto,q_auto/league/knsvo3gypaqfo3vtnt1o",2025,REG,CLE,1,0,0,0,0,0,0,0,0,0,0,0,0,NA,NA,0,NA,0,0,0,0,0,0,NA,0,0,0,0,0,0,0,0,0,0,NA,0,NA,0,0,0,0,1,0,0,0,0,0,0,0,0,0,0,0,0,0,0,0,0,0,0,0,0,0,0,0,0,0,0,0,0,0,0,NA,NA,0,0,0,0,0,0,0,0,0,0,0,0,NA,NA,NA,0,0,0,0,0,0,0,NA,0,0,0,0,NA,0,0
00-0034967,R.Gary,Rashan Gary,DE,DL,"https://static.www.nfl.com/image/private/f_auto,q_auto/league/t4clz4xe8sfxszmvohfo",2025,REG,GB,11,0,0,0,0,0,0,0,0,0,0,0,0,NA,NA,0,NA,0,0,0,0,0,0,NA,0,0,0,0,0,0,0,0,0,0,NA,0,NA,0,0,0,0,19,0,18,7,41,1,7.5,44,15,0,0,1,0,0,0,0,0,0,1,1,0,0,0,0,0,0,0,0,0,0,0,NA,NA,0,0,0,0,0,0,0,0,0,0,0,0,NA,NA,NA,0,0,0,0,0,0,0,NA,0,0,0,0,NA,0,0
00-0034968,D.Savage,Darnell Savage,SAF,DB,"https://static.www.nfl.com/image/upload/f_auto,q_auto/league/oahujzgwcvkeyc9qpqrb",2025,REG,WAS,8,0,0,0,0,0,0,0,0,0,0,0,0,NA,NA,0,NA,0,0,0,0,0,0,NA,0,0,0,0,0,0,0,0,0,0,NA,0,NA,0,0,0,0,10,0,6,0,0,1,0,0,0,0,0,1,0,0,0,0,0,0,0,0,0,0,0,0,0,0,0,0,0,0,0,NA,NA,0,0,0,0,0,0,0,0,0,0,0,0,NA,NA,NA,0,0,0,0,0,0,0,NA,0,0,0,0,NA,0,0
00-0034973,M.Crosby,Maxx Crosby,DE,DL,"https://static.www.nfl.com/image/upload/f_auto,q_auto/league/eradjc0noknlab2smu1e",2025,REG,LV,11,0,0,0,0,0,0,0,0,0,0,0,0,NA,NA,0,NA,0,0,0,0,0,0,NA,0,0,0,0,0,0,0,0,0,0,NA,0,NA,0,0,0,0,29,2,19,19,69,2,6,33,15,1,19,6,0,0,0,0,0,0,0,0,0,3,14,0,0,0,0,0,0,0,0,NA,NA,0,0,0,0,0,0,0,0,0,0,0,0,NA,NA,NA,0,0,0,0,0,0,0,NA,0,0,0,0,NA,0,0
00-0034974,J.Love,Julian Love,SAF,DB,"https://static.www.nfl.com/image/upload/f_auto,q_auto/league/s3fvfslhz6hpmf6fzv2u",2025,REG,SEA,3,0,0,0,0,0,0,0,0,0,0,0,0,NA,NA,0,NA,0,0,0,0,0,0,NA,0,0,0,0,0,0,0,0,0,0,NA,0,NA,0,0,0,0,14,1,3,1,12,0,1,12,1,0,0,2,0,0,0,0,0,0,0,0,0,1,5,0,0,0,0,0,0,0,0,NA,NA,0,0,0,0,0,0,0,0,0,0,0,0,NA,NA,NA,0,0,0,0,0,0,0,NA,0,0,0,0,NA,0,0
00-0034975,J.Hill,Justice Hill,RB,RB,"https://static.www.nfl.com/image/upload/f_auto,q_auto/league/h6p9crhra8ehxju3ubza",2025,REG,BAL,10,0,0,0,0,0,0,0,0,0,0,0,0,NA,NA,0,NA,18,93,2,1,0,4,-1.254315791418776,0,21,27,169,1,0,0,-6,184,6,0.4214971602195874,0,-28.166666666666668,0.09818181818181818,-0.002694207453973956,0.1453867820549455,0,0,0,0,0,0,0,0,0,0,0,0,0,0,0,0,0,1,1,0,0,0,0,0,0,0,7,188,0,0,0,0,NA,NA,0,0,0,0,0,0,0,0,0,0,0,0,NA,NA,NA,0,0,0,0,0,0,0,NA,0,0,0,0,NA,44.2,65.2
00-0034978,B.Powers,Ben Powers,G,OL,"https://static.www.nfl.com/image/upload/f_auto,q_auto/league/fajb5zieqq91lh0ymlws",2025,REG,DEN,2,0,0,0,0,0,0,0,0,0,0,0,0,NA,NA,0,NA,0,0,0,0,0,0,NA,0,0,0,0,0,0,0,0,0,0,NA,0,NA,0,0,0,0,0,0,0,0,0,0,0,0,0,0,0,0,0,0,0,0,0,0,0,0,0,2,15,0,0,0,0,0,0,0,0,NA,NA,0,0,0,0,0,0,0,0,0,0,0,0,NA,NA,NA,0,0,0,0,0,0,0,NA,0,0,0,0,NA,0,0
00-0034981,F.Moreau,Foster Moreau,TE,TE,"https://static.www.nfl.com/image/upload/f_auto,q_auto/league/esc21tsccagvyy1ctaoc",2025,REG,NO,4,0,0,0,0,0,0,0,0,0,0,0,0,NA,NA,0,NA,0,0,0,0,0,0,NA,0,3,6,25,0,0,0,5,15,1,-5.940242380136624,0,5,0.016129032258064516,0.0016097875080489374,0.02532039964273103,0,0,0,0,0,0,0,0,0,0,0,0,0,0,0,0,0,0,0,0,0,0,0,0,0,0,0,0,0,0,0,0,NA,NA,0,0,0,0,0,0,0,0,0,0,0,0,NA,NA,NA,0,0,0,0,0,0,0,NA,0,0,0,0,NA,2.5,5.5
00-0034982,D.Greenlaw,Dre Greenlaw,LB,LB,"https://static.www.nfl.com/image/upload/f_auto,q_auto/league/twmm0to7fptnq71n75iz",2025,REG,DEN,4,0,0,0,0,0,0,0,0,0,0,0,0,NA,NA,0,NA,0,0,0,0,0,0,NA,0,0,0,0,0,0,0,0,0,0,NA,0,NA,0,0,0,0,5,0,18,1,7,1,1,0,2,0,0,1,0,0,0,0,0,0,0,0,0,0,0,0,0,0,0,0,0,0,0,NA,NA,0,0,0,0,0,0,0,0,0,0,0,0,NA,NA,NA,0,0,0,0,0,0,0,NA,0,0,0,0,NA,0,0
00-0034983,H.Renfrow,Hunter Renfrow,WR,WR,"https://static.www.nfl.com/image/upload/f_auto,q_auto/league/sgrqk1a6fm34swazm2bx",2025,REG,CAR,6,0,0,0,0,0,0,0,0,0,0,0,0,NA,NA,0,NA,0,0,0,0,0,0,NA,0,15,26,89,2,0,0,194,24,8,-2.002839822307898,0,0.4587628865979381,0.07262569832402235,0.0764381402679275,0.16244524567358276,0,0,0,0,0,0,0,0,0,0,0,0,0,0,0,0,0,0,0,0,0,0,0,0,2,13,0,0,0,0,0,0,NA,NA,0,0,0,0,0,0,0,0,0,0,0,0,NA,NA,NA,0,0,0,0,0,0,0,NA,0,0,0,0,NA,20.9,35.9
00-0034987,E.Speed,E.J. Speed,LB,LB,"https://static.www.nfl.com/image/upload/f_auto,q_auto/league/lpqe7elzi8tbt8rjzozd",2025,REG,HOU,10,0,0,0,0,0,0,0,0,0,0,0,0,NA,NA,0,NA,0,0,0,0,0,0,NA,0,0,0,0,0,0,0,0,0,0,NA,0,NA,0,0,0,0,25,1,17,1,1,0,0,0,2,0,0,1,0,0,0,0,0,0,0,0,0,3,15,0,0,0,0,0,0,0,0,NA,NA,0,0,0,0,0,0,0,0,0,0,0,0,NA,NA,NA,0,0,0,0,0,0,0,NA,0,0,0,0,NA,0,0
00-0034989,J.Skule,Justin Skule,OT,OL,"https://static.www.nfl.com/image/upload/f_auto,q_auto/league/qhgittdykajfsjsznegg",2025,REG,MIN,1,0,0,0,0,0,0,0,0,0,0,0,0,NA,NA,0,NA,0,0,0,0,0,0,NA,0,0,0,0,0,0,0,0,0,0,NA,0,NA,0,0,0,0,0,0,0,0,0,0,0,0,0,0,0,0,0,0,0,0,0,0,0,0,0,1,10,0,0,0,0,0,0,0,0,NA,NA,0,0,0,0,0,0,0,0,0,0,0,0,NA,NA,NA,0,0,0,0,0,0,0,NA,0,0,0,0,NA,0,0
00-0034993,M.Epps,Marcus Epps,SAF,DB,"https://static.www.nfl.com/image/upload/f_auto,q_auto/league/buqwodgcsy5ndrrxtpga",2025,REG,PHI,5,0,0,0,0,0,0,0,0,0,0,0,0,NA,NA,0,NA,0,0,0,0,0,0,NA,0,0,0,0,0,0,0,0,0,0,NA,0,NA,0,0,0,0,5,0,1,0,0,0,0,0,0,0,0,0,0,0,0,0,0,0,0,0,0,1,5,0,0,0,0,0,0,0,0,NA,NA,0,0,0,0,0,0,0,0,0,0,0,0,NA,NA,NA,0,0,0,0,0,0,0,NA,0,0,0,0,NA,0,0
00-0034994,O.Udoh,Olisaemeka Udoh,OT,OL,"https://static.www.nfl.com/image/upload/f_auto,q_auto/league/i4odgbpj1mebaq92mpo2",2025,REG,TEN,1,0,0,0,0,0,0,0,0,0,0,0,0,NA,NA,0,NA,0,0,0,0,0,0,NA,0,0,0,0,0,0,0,0,0,0,NA,0,NA,0,0,0,0,0,0,0,0,0,0,0,0,0,0,0,0,0,0,0,0,0,0,0,0,0,1,10,0,0,0,0,0,0,0,0,NA,NA,0,0,0,0,0,0,0,0,0,0,0,0,NA,NA,NA,0,0,0,0,0,0,0,NA,0,0,0,0,NA,0,0
00-0034999,T.Summers,Ty Summers,LB,LB,"https://static.www.nfl.com/image/upload/f_auto,q_auto/league/gx55memu9ifriore7bzy",2025,REG,DET,1,0,0,0,0,0,0,0,0,0,0,0,0,NA,NA,0,NA,0,0,0,0,0,0,NA,0,0,0,0,0,0,0,0,0,0,NA,0,NA,0,0,0,0,0,0,1,0,0,0,0,0,0,0,0,0,0,0,0,0,0,0,0,0,0,0,0,0,0,0,0,0,0,0,0,NA,NA,0,0,0,0,0,0,0,0,0,0,0,0,NA,NA,NA,0,0,0,0,0,0,0,NA,0,0,0,0,NA,0,0
00-0035000,Q.Bell,Quinton Bell,LB,LB,"https://static.www.nfl.com/image/upload/f_auto,q_auto/league/zjs3eeybw4lxtljzm8lf",2025,REG,MIA,1,0,0,0,0,0,0,0,0,0,0,0,0,NA,NA,0,NA,0,0,0,0,0,0,NA,0,0,0,0,0,0,0,0,0,0,NA,0,NA,0,0,0,0,0,0,1,0,0,0,0,0,0,0,0,0,0,0,0,0,0,0,0,0,0,0,0,0,0,0,0,0,0,0,0,NA,NA,0,0,0,0,0,0,0,0,0,0,0,0,NA,NA,NA,0,0,0,0,0,0,0,NA,0,0,0,0,NA,0,0
00-0035020,D.Flannigan-Fowles,Demetrius Flannigan-Fowles,LB,LB,"https://static.www.nfl.com/image/upload/f_auto,q_auto/league/elhj5qgby9zxlasenqjb",2025,REG,NYG,5,0,0,0,0,0,0,0,0,0,0,0,0,NA,NA,0,NA,0,0,0,0,0,0,NA,0,0,0,0,0,0,0,0,0,0,NA,0,NA,0,0,0,0,15,2,7,2,4,0,0,0,1,0,0,1,0,0,0,0,0,0,0,0,0,0,0,0,0,0,0,0,0,0,0,NA,NA,0,0,0,0,0,0,0,0,0,0,0,0,NA,NA,NA,0,0,0,0,0,0,0,NA,0,0,0,0,NA,0,0
00-0035021,A.Dulin,Ashton Dulin,WR,WR,"https://static.www.nfl.com/image/upload/f_auto,q_auto/league/tfiokr6nyal5c5qgdj1c",2025,REG,IND,10,0,0,0,0,0,0,0,0,0,0,0,0,NA,NA,0,NA,3,44,0,0,0,2,3.9105675144819543,0,5,8,106,0,0,0,105,53,4,6.951571413257625,0,1.0095238095238095,0.02318840579710145,0.03664921465968586,0.060437058957432274,0,5,0,3,0,0,0,0,0,0,0,0,0,0,0,0,0,0,0,0,0,0,1,6,0,0,11,328,0,0,0,0,NA,NA,0,0,0,0,0,0,0,0,0,0,0,0,NA,NA,NA,0,0,0,0,0,0,0,NA,0,0,0,0,NA,15,20
00-0035026,K.Givens,Kevin Givens,DT,DL,"https://static.www.nfl.com/image/upload/f_auto,q_auto/league/dpbmpsyvi88lpb4xebly",2025,REG,SF,2,0,0,0,0,0,0,0,0,0,0,0,0,NA,NA,0,NA,0,0,0,0,0,0,NA,0,0,0,0,0,0,0,0,0,0,NA,0,NA,0,0,0,0,1,0,1,0,0,0,0,0,0,0,0,0,0,0,0,0,0,0,0,0,0,0,0,0,0,0,0,0,0,0,0,NA,NA,0,0,0,0,0,0,0,0,0,0,0,0,NA,NA,NA,0,0,0,0,0,0,0,NA,0,0,0,0,NA,0,0
00-0035042,J.Gillan,Jamie Gillan,P,SPEC,"https://static.www.nfl.com/image/upload/f_auto,q_auto/league/kxwddoiqqghc1kxaajco",2025,REG,NYG,12,0,0,0,0,0,0,0,0,0,0,0,0,NA,NA,0,NA,0,0,0,0,0,0,NA,0,0,0,0,0,0,0,0,0,0,NA,0,NA,0,0,0,0,1,0,0,0,0,0,0,0,0,0,0,0,0,0,0,0,0,0,0,0,0,4,0,0,0,0,0,0,0,0,0,NA,NA,0,0,0,0,0,0,0,0,0,0,0,0,NA,NA,NA,0,0,0,0,1,0,1,0,0,0,0,0,NA,0,0
00-0035084,Y.Nijman,Yosh Nijman,OT,OL,"https://static.www.nfl.com/image/upload/f_auto,q_auto/league/zkc4avbq8cmmqo9flz4z",2025,REG,CAR,1,0,0,0,0,0,0,0,0,0,0,0,0,NA,NA,0,NA,0,0,0,0,0,0,NA,0,0,0,0,0,0,0,0,0,0,NA,0,NA,0,0,0,0,0,0,0,0,0,0,0,0,0,0,0,0,0,0,0,0,0,0,0,0,0,1,5,0,0,0,0,0,0,0,0,NA,NA,0,0,0,0,0,0,0,0,0,0,0,0,NA,NA,NA,0,0,0,0,0,0,0,NA,0,0,0,0,NA,0,0
00-0035100,J.Browning,Jake Browning,QB,QB,"https://static.www.nfl.com/image/upload/f_auto,q_auto/league/kzyh6yum2w3c6xrkndla",2025,REG,CIN,5,81,125,771,6,8,9,-60,1,0,959,367,33,-38.38703885115973,0.37570503850778075,0,0.8039624608967675,9,39,1,0,0,5,6.786059658799786,0,0,0,0,0,0,0,0,0,0,NA,0,NA,0,0,0,0,0,0,0,0,0,0,0,0,0,0,0,0,0,0,0,0,0,0,0,0,0,0,0,0,0,0,0,0,0,0,0,NA,NA,0,0,0,0,0,0,0,0,0,0,0,0,NA,NA,NA,0,0,0,0,0,0,0,NA,0,0,0,0,NA,48.74,48.74
00-0035112,P.Mekari,Patrick Mekari,OT,OL,"https://static.www.nfl.com/image/upload/f_auto,q_auto/league/vvvuokcp8hwm8i9j9ctb",2025,REG,JAX,6,0,0,0,0,0,0,0,0,0,0,0,0,NA,NA,0,NA,0,0,0,0,0,0,NA,0,0,0,0,0,0,0,0,0,0,NA,0,NA,0,0,0,0,0,0,0,0,0,0,0,0,0,0,0,0,0,0,0,0,0,0,0,0,0,7,60,0,0,0,0,0,0,0,0,NA,NA,0,0,0,0,0,0,0,0,0,0,0,0,NA,NA,NA,0,0,0,0,0,0,0,NA,0,0,0,0,NA,0,0
00-0035118,M.Orzech,Matthew Orzech,LS,SPEC,"https://static.www.nfl.com/image/upload/f_auto,q_auto/league/kfuljmbcfkwx1quqoklv",2025,REG,GB,2,0,0,0,0,0,0,0,0,0,0,0,0,NA,NA,0,NA,0,0,0,0,0,0,NA,0,0,0,0,0,0,0,0,0,0,NA,0,NA,0,0,0,0,2,0,1,0,0,0,0,0,0,0,0,0,0,0,0,0,0,0,0,0,0,0,0,0,0,0,0,0,0,0,0,NA,NA,0,0,0,0,0,0,0,0,0,0,0,0,NA,NA,NA,0,0,0,0,0,0,0,NA,0,0,0,0,NA,0,0
00-0035125,A.Ingold,Alec Ingold,FB,RB,"https://static.www.nfl.com/image/upload/f_auto,q_auto/league/comhknenryrjabyifcqe",2025,REG,MIA,6,0,0,0,0,0,0,0,0,0,0,0,0,NA,NA,0,NA,2,9,0,0,0,1,0.45087128586601466,0,5,7,36,0,0,0,25,29,3,-0.11179179325699806,0,1.44,0.021875,0.011125945705384957,0.040600661993769466,0,0,0,0,0,0,0,0,0,0,0,0,0,0,0,0,0,0,0,0,0,0,1,5,0,0,0,0,0,0,0,0,NA,NA,0,0,0,0,0,0,0,0,0,0,0,0,NA,NA,NA,0,0,0,0,0,0,0,NA,0,0,0,0,NA,4.5,9.5
00-0035133,K.Nixon,Keisean Nixon,CB,DB,"https://static.www.nfl.com/image/upload/f_auto,q_auto/league/vl34o93l5u7ins8ioebi",2025,REG,GB,11,0,0,0,0,0,0,0,0,0,0,0,0,NA,NA,0,NA,0,0,0,0,0,0,NA,0,0,0,0,0,0,0,0,0,0,NA,0,NA,0,0,0,0,39,2,8,2,9,0,0,0,0,0,0,14,0,1,0,37,0,0,1,1,0,7,52,3,3,0,0,0,0,0,0,NA,NA,0,0,0,0,0,0,0,0,0,0,0,0,NA,NA,NA,0,0,0,0,0,0,0,NA,0,0,0,0,NA,0,0
00-0035140,M.Hardman,Mecole Hardman,WR,WR,"https://static.www.nfl.com/image/upload/f_auto,q_auto/league/eqpggfutvltdsovymjpb",2025,REG,BUF,1,0,0,0,0,0,0,0,0,0,0,0,0,NA,NA,0,NA,0,0,0,0,0,0,NA,0,0,1,0,0,0,0,46,0,0,-0.5083634960465133,0,0,0.0030864197530864196,0.017658349328214973,0.016990474159380112,0,0,0,0,0,0,0,0,0,0,0,0,0,0,1,0,0,0,0,0,0,0,0,0,1,0,1,61,0,0,0,0,NA,NA,0,0,0,0,0,0,0,0,0,0,0,0,NA,NA,NA,0,0,0,0,0,0,0,NA,0,0,0,0,NA,0,0
00-0035142,U.Amadi,Ugo Amadi,CB,DB,"https://static.www.nfl.com/image/upload/f_auto,q_auto/league/xo6ierx4ousz4wxuye0z",2025,REG,NO,1,0,0,0,0,0,0,0,0,0,0,0,0,NA,NA,0,NA,0,0,0,0,0,0,NA,0,0,0,0,0,0,0,0,0,0,NA,0,NA,0,0,0,0,0,0,0,0,0,0,0,0,0,0,0,0,0,0,0,0,0,0,0,0,0,1,10,0,0,0,0,0,0,0,0,NA,NA,0,0,0,0,0,0,0,0,0,0,0,0,NA,NA,NA,0,0,0,0,0,0,0,NA,0,0,0,0,NA,0,0
00-0035144,Ma.Wilson,Mack Wilson,LB,LB,"https://static.www.nfl.com/image/upload/f_auto,q_auto/league/zjazfilpr7k2agiwqpxn",2025,REG,ARI,8,0,0,0,0,0,0,0,0,0,0,0,0,NA,NA,0,NA,0,0,0,0,0,0,NA,0,0,0,0,0,0,0,0,0,0,NA,0,NA,0,0,0,0,31,3,26,3,10,1,0,0,1,1,9,6,0,0,0,0,0,0,0,0,0,1,0,0,0,0,0,0,0,0,0,NA,NA,0,0,0,0,0,0,0,0,0,0,0,0,NA,NA,NA,0,0,0,0,0,0,0,NA,0,0,0,0,NA,0,0
00-0035149,N.Allegretti,Nick Allegretti,G,OL,"https://static.www.nfl.com/image/upload/f_auto,q_auto/league/vblrphfqfohxa2hycuue",2025,REG,WAS,2,0,0,0,0,0,0,0,0,0,0,0,0,NA,NA,0,NA,0,0,0,0,0,0,NA,0,0,0,0,0,0,0,0,0,0,NA,0,NA,0,0,0,0,0,0,0,0,0,0,0,0,0,0,0,0,0,0,0,0,0,0,0,0,0,3,25,0,0,0,0,0,0,0,0,NA,NA,0,0,0,0,0,0,0,0,0,0,0,0,NA,NA,NA,0,0,0,0,0,0,0,NA,0,0,0,0,NA,0,0
00-0035156,J.Fox,Jack Fox,P,SPEC,"https://static.www.nfl.com/image/upload/f_auto,q_auto/league/oxbywegffnm7lrwl2map",2025,REG,DET,10,0,0,0,0,0,0,0,0,0,0,0,0,NA,NA,0,NA,0,0,0,0,0,0,NA,0,0,0,0,0,0,0,0,0,0,NA,0,NA,0,0,0,0,2,0,0,0,0,0,0,0,0,0,0,0,0,0,0,0,0,0,0,0,0,0,0,0,0,0,0,0,0,0,0,NA,NA,0,0,0,0,0,0,0,0,0,0,0,0,NA,NA,NA,0,0,0,0,0,0,0,NA,0,0,0,0,NA,0,0
00-0035157,D.Harris,Darius Harris,LB,LB,"https://static.www.nfl.com/image/upload/f_auto,q_auto/league/hhjpzik4tly0h4mwsigq",2025,REG,NE,2,0,0,0,0,0,0,0,0,0,0,0,0,NA,NA,0,NA,0,0,0,0,0,0,NA,0,0,0,0,0,0,0,0,0,0,NA,0,NA,0,0,0,0,2,0,2,0,0,0,0,0,0,0,0,0,0,0,0,0,0,0,0,0,0,0,0,0,0,0,0,0,0,0,0,NA,NA,0,0,0,0,0,0,0,0,0,0,0,0,NA,NA,NA,0,0,0,0,0,0,0,NA,0,0,0,0,NA,0,0
00-0035166,A.Al-Shaair,Azeez Al-Shaair,LB,LB,"https://static.www.nfl.com/image/upload/f_auto,q_auto/league/gtnnl92squxvzhhydeq8",2025,REG,HOU,11,0,0,0,0,0,0,0,0,0,0,0,0,NA,NA,0,NA,0,0,0,0,0,0,NA,0,0,0,0,0,0,0,0,0,0,NA,0,NA,0,0,0,0,34,0,37,1,2,1,0,0,2,0,0,7,0,0,0,0,0,0,1,1,0,1,11,0,0,0,0,0,0,0,0,NA,NA,0,0,0,0,0,0,0,0,0,0,0,0,NA,NA,NA,0,0,0,0,0,0,0,NA,0,0,0,0,NA,0,0
00-0035189,M.Wright,Matthew Wright,K,SPEC,"https://static.www.nfl.com/image/upload/f_auto,q_auto/league/htrs1hrrfok88fllrtex",2025,REG,HOU,4,0,0,0,0,0,0,0,0,0,0,0,0,NA,NA,0,NA,0,0,0,0,0,0,NA,0,0,0,0,0,0,0,0,0,0,NA,0,NA,0,0,0,0,0,0,0,0,0,0,0,0,0,0,0,0,0,0,0,0,0,0,0,0,0,0,0,0,0,0,0,5,5,0,0,46,1,0,1,1,3,0,0,0,0,0,0,0,0,46;23;41;43;35,NA,NA,188,0,0,4,4,0,0,1,1,1,0,0,35,0,0
00-0035190,A.Cole,AJ Cole,P,SPEC,"https://static.www.nfl.com/image/upload/f_auto,q_auto/league/t6ah2u0wptbb8n22tehr",2025,REG,LV,11,0,0,0,0,0,0,0,0,0,0,0,0,NA,NA,0,NA,0,0,0,0,0,0,NA,0,0,0,0,0,0,0,0,0,0,NA,0,NA,0,0,0,0,1,0,0,0,0,0,0,0,0,0,0,0,0,0,0,0,1,1,0,0,0,1,14,0,0,0,0,0,0,0,0,NA,NA,0,0,0,0,0,0,0,0,0,0,0,0,NA,NA,NA,0,0,0,0,0,0,0,NA,0,0,0,0,NA,0,0
00-0035192,J.Slye,Joey Slye,K,SPEC,"https://static.www.nfl.com/image/upload/f_auto,q_auto/league/xokfs27mtqrbb0y47ahn",2025,REG,TEN,10,0,0,0,0,0,0,0,0,0,0,0,0,NA,NA,0,NA,0,0,0,0,0,0,NA,0,0,0,0,0,0,0,0,0,0,NA,0,NA,0,0,0,0,1,0,2,0,0,0,0,0,0,0,0,0,0,0,0,0,0,0,0,0,0,2,0,0,0,0,0,20,25,4,1,57,0.8,0,2,5,6,7,0,0,0,0,2,1,1,50;33;42;35;55;37;57;35;57;42;44;51;29;49;50;49;37;56;47;22,64;41;43;58,62,877,206,62,13,14,1,0,0.9285714285714286,1,1,0,0,29,0,0
00-0035202,D.Phillips,Del'Shawn Phillips,LB,LB,"https://static.www.nfl.com/image/upload/f_auto,q_auto/league/plnsixu8jpozw1grxuvc",2025,REG,LAC,7,0,0,0,0,0,0,0,0,0,0,0,0,NA,NA,0,NA,0,0,0,0,0,0,NA,0,0,0,0,0,0,0,0,0,0,NA,0,NA,0,0,0,0,5,0,8,0,0,0,0,0,0,0,0,0,0,0,0,0,0,0,1,1,0,1,15,0,0,0,0,0,0,0,0,NA,NA,0,0,0,0,0,0,0,0,0,0,0,0,NA,NA,NA,0,0,0,0,0,0,0,NA,0,0,0,0,NA,0,0
00-0035208,O.Zaccheaus,Olamide Zaccheaus,WR,WR,"https://static.www.nfl.com/image/upload/f_auto,q_auto/league/ucpai2odeunecbe6o1dj",2025,REG,CHI,10,0,0,0,0,0,0,0,0,0,0,0,0,NA,NA,0,NA,4,25,0,0,0,1,0.6340966686257161,0,33,51,254,1,0,0,333,107,11,-5.0422731890895935,0,0.7627627627627628,0.14655172413793102,0.10325581395348837,0.2921066559743384,0,0,0,0,0,0,0,0,0,0,0,0,0,0,0,0,0,0,0,0,0,0,1,10,0,0,0,0,0,0,0,0,NA,NA,0,0,0,0,0,0,0,0,0,0,0,0,NA,NA,NA,0,0,0,0,0,0,0,NA,0,0,0,0,NA,33.900000000000006,66.9
00-0035227,P.Locke,P.J. Locke,SAF,DB,"https://static.www.nfl.com/image/upload/f_auto,q_auto/league/ojoaoxeadc6x0iekj3my",2025,REG,DEN,3,0,0,0,0,0,0,0,0,0,0,0,0,NA,NA,0,NA,0,0,0,0,0,0,NA,0,0,0,0,0,0,0,0,0,0,NA,0,NA,0,0,0,0,3,0,1,0,0,0,0,0,0,0,0,1,0,0,0,0,0,0,0,0,0,0,0,0,0,0,0,0,0,0,0,NA,NA,0,0,0,0,0,0,0,0,0,0,0,0,NA,NA,NA,0,0,0,0,0,0,0,NA,0,0,0,0,NA,0,0
00-0035228,K.Murray,Kyler Murray,QB,QB,"https://static.www.nfl.com/image/upload/f_auto,q_auto/league/flezsremqighwuiyu77f",2025,REG,ARI,5,110,161,962,6,3,16,-111,0,0,941,545,50,5.720591125738409,-0.5287806509406698,0,1.022316684378321,29,173,1,1,1,12,4.088747776171658,0,0,0,0,0,0,0,0,0,0,NA,0,NA,0,0,0,0,0,0,0,0,0,0,0,0,0,0,0,0,0,0,0,0,0,1,0,0,0,2,22,0,0,0,0,0,0,0,0,NA,NA,0,0,0,0,0,0,0,0,0,0,0,0,NA,NA,NA,0,0,0,0,0,0,0,NA,0,0,0,0,NA,77.78,77.78
00-0035229,T.Hockenson,T.J. Hockenson,TE,TE,"https://static.www.nfl.com/image/upload/f_auto,q_auto/league/rs8o65x0u0n9xzde0fd6",2025,REG,MIN,11,0,0,0,0,0,0,0,0,0,0,0,0,NA,NA,0,NA,1,0,0,0,0,0,-1.1067849059472792,0,38,51,299,2,0,0,231,160,14,5.08680492743726,0,1.2943722943722944,0.15692307692307692,0.0825589706933524,0.29317589486996204,0,1,0,0,0,0,0,0,0,0,0,0,0,0,0,0,0,0,0,0,0,0,1,5,0,0,0,0,0,0,0,0,NA,NA,0,0,0,0,0,0,0,0,0,0,0,0,NA,NA,NA,0,0,0,0,0,0,0,NA,0,0,0,0,NA,41.900000000000006,79.9
00-0035230,E.Oliver,Ed Oliver,DT,DL,"https://static.www.nfl.com/image/upload/f_auto,q_auto/league/wqmheiax6xnk7pvcdzav",2025,REG,BUF,3,0,0,0,0,0,0,0,0,0,0,0,0,NA,NA,0,NA,0,0,0,0,0,0,NA,0,0,0,0,0,0,0,0,0,0,NA,0,NA,0,0,0,0,9,1,2,7,54,1,3,37,5,0,0,0,0,0,0,0,0,0,0,0,0,1,5,0,0,0,0,0,0,0,0,NA,NA,0,0,0,0,0,0,0,0,0,0,0,0,NA,NA,NA,0,0,0,0,0,0,0,NA,0,0,0,0,NA,0,0
00-0035234,T.Howard,Tytus Howard,OT,OL,"https://static.www.nfl.com/image/upload/f_auto,q_auto/league/dsxhasekno62of0prulo",2025,REG,HOU,4,0,0,0,0,0,0,0,0,0,0,0,0,NA,NA,0,NA,0,0,0,0,0,0,NA,0,0,0,0,0,0,0,0,0,0,NA,0,NA,0,0,0,0,0,0,0,0,0,0,0,0,0,0,0,0,0,0,0,0,0,0,0,0,0,5,45,0,0,0,0,0,0,0,0,NA,NA,0,0,0,0,0,0,0,0,0,0,0,0,NA,NA,NA,0,0,0,0,0,0,0,NA,0,0,0,0,NA,0,0
00-0035236,B.Murphy,Byron Murphy,CB,DB,"https://static.www.nfl.com/image/upload/f_auto,q_auto/league/secfzfwznyhcgiow4rvq",2025,REG,MIN,11,0,0,0,0,0,0,0,0,0,0,0,0,NA,NA,0,NA,0,0,0,0,0,0,NA,0,0,0,0,0,0,0,0,0,0,NA,0,NA,0,0,0,0,36,0,14,1,1,0,0,0,0,0,0,3,0,0,0,0,0,0,0,0,0,5,30,0,0,0,0,0,0,0,0,NA,NA,0,0,0,0,0,0,0,0,0,0,0,0,NA,NA,NA,0,0,0,0,0,0,0,NA,0,0,0,0,NA,0,0
00-0035237,J.Taylor,Jawaan Taylor,OT,OL,"https://static.www.nfl.com/image/upload/f_auto,q_auto/league/honwntzfepzenss8uqhw",2025,REG,KC,6,0,0,0,0,0,0,0,0,0,0,0,0,NA,NA,0,NA,0,0,0,0,0,0,NA,0,0,0,0,0,0,0,0,0,0,NA,0,NA,0,0,0,0,0,0,0,0,0,0,0,0,0,0,0,0,0,0,0,0,0,0,0,0,0,10,80,0,0,0,0,0,0,0,0,NA,NA,0,0,0,0,0,0,0,0,0,0,0,0,NA,NA,NA,0,0,0,0,0,0,0,NA,0,0,0,0,NA,0,0
00-0035240,J.Tavai,Jahlani Tavai,LB,LB,"https://static.www.nfl.com/image/upload/f_auto,q_auto/league/srlewkb9utcfby1x0bhh",2025,REG,NE,7,0,0,0,0,0,0,0,0,0,0,0,0,NA,NA,0,NA,0,0,0,0,0,0,NA,0,0,0,0,0,0,0,0,0,0,NA,0,NA,0,0,0,0,9,1,9,1,1,0,0,0,0,0,0,0,0,0,0,0,0,0,0,0,0,3,25,0,0,0,0,0,0,0,0,NA,NA,0,0,0,0,0,0,0,0,0,0,0,0,NA,NA,NA,0,0,0,0,0,0,0,NA,0,0,0,0,NA,0,0
00-0035242,E.McCoy,Erik McCoy,C,OL,"https://static.www.nfl.com/image/upload/f_auto,q_auto/league/w5kp02xeo5pg9shcddoz",2025,REG,NO,3,0,0,0,0,0,0,0,0,0,0,0,0,NA,NA,0,NA,0,0,0,0,0,0,NA,0,0,0,0,0,0,0,0,0,0,NA,0,NA,0,0,0,0,0,0,0,0,0,0,0,0,0,0,0,0,0,0,0,0,1,1,0,0,0,2,15,0,0,0,0,0,0,0,0,NA,NA,0,0,0,0,0,0,0,0,0,0,0,0,NA,NA,NA,0,0,0,0,0,0,0,NA,0,0,0,0,NA,0,0
00-0035243,M.Sanders,Miles Sanders,RB,RB,"https://static.www.nfl.com/image/upload/f_auto,q_auto/league/niyjjkzmxjmesftgjs8y",2025,REG,DAL,4,0,0,0,0,0,0,0,0,0,0,0,0,NA,NA,0,NA,20,117,1,1,1,6,-1.8873982272925787,0,8,8,30,0,0,0,-14,44,0,-1.5148692699835666,0,-2.142857142857143,0.020151133501259445,-0.004420587306599305,0.027132289137269654,0,0,0,0,0,0,0,0,0,0,0,0,0,0,0,0,0,0,0,0,0,0,0,0,0,0,3,68,0,0,0,0,NA,NA,0,0,0,0,0,0,0,0,0,0,0,0,NA,NA,NA,0,0,0,0,0,0,0,NA,0,0,0,0,NA,18.700000000000003,26.700000000000003
00-0035244,L.Johnson,Lonnie Johnson,SAF,DB,"https://static.www.nfl.com/image/upload/f_auto,q_auto/league/a25iox2kpt2faeivak0g",2025,REG,LV,3,0,0,0,0,0,0,0,0,0,0,0,0,NA,NA,0,NA,0,0,0,0,0,0,NA,0,0,0,0,0,0,0,0,0,0,NA,0,NA,0,0,0,0,3,0,4,0,0,0,0,0,0,0,0,1,0,0,0,0,0,0,0,0,0,1,5,0,0,0,0,0,0,0,0,NA,NA,0,0,0,0,0,0,0,0,0,0,0,0,NA,NA,NA,0,0,0,0,0,0,0,NA,0,0,0,0,NA,0,0
00-0035248,Z.Allen,Zach Allen,DE,DL,"https://static.www.nfl.com/image/upload/f_auto,q_auto/league/alnctfzlh2giup65i5zt",2025,REG,DEN,11,0,0,0,0,0,0,0,0,0,0,0,0,NA,NA,0,NA,0,0,0,0,0,0,NA,0,0,0,0,0,0,0,0,0,0,NA,0,NA,0,0,0,0,10,0,19,3,22,0,6,35,30,0,0,6,0,0,0,0,0,0,0,0,0,1,5,0,0,0,0,0,0,0,0,NA,NA,0,0,0,0,0,0,0,0,0,0,0,0,NA,NA,NA,0,0,0,0,0,0,0,NA,0,0,0,0,NA,0,0
00-0035249,J.Oliver,Josh Oliver,TE,TE,"https://static.www.nfl.com/image/upload/f_auto,q_auto/league/pfvhbfguzu6wv9ikluop",2025,REG,MIN,7,0,0,0,0,0,0,0,0,0,0,0,0,NA,NA,0,NA,0,0,0,0,0,0,NA,0,7,9,62,2,0,0,16,43,2,3.0415503318510018,0,3.875,0.027692307692307693,0.005718370264474625,0.04554132072359378,0,0,0,0,0,0,0,0,0,0,0,0,0,0,0,0,0,1,1,0,0,0,2,15,0,0,0,0,0,0,0,0,NA,NA,0,0,0,0,0,0,0,0,0,0,0,0,NA,NA,NA,0,0,0,0,0,0,0,NA,0,0,0,0,NA,18.2,25.2
00-0035250,D.Singletary,Devin Singletary,RB,RB,"https://static.www.nfl.com/image/upload/f_auto,q_auto/league/wqw8ee4nsxsisqb3bagw",2025,REG,NYG,12,0,0,0,0,0,0,0,0,0,0,0,0,NA,NA,0,NA,74,238,2,0,0,15,-5.763465458760038,0,9,10,92,0,0,0,8,83,2,1.0249736599784498,0,11.5,0.02710027100271003,0.0023296447291788003,0.0422811578144902,0,1,0,0,0,0,0,0,0,0,0,0,0,0,0,0,0,0,0,0,0,0,0,0,0,0,9,238,0,0,0,0,NA,NA,0,0,0,0,0,0,0,0,0,0,0,0,NA,NA,NA,0,0,0,0,0,0,0,NA,0,0,0,0,NA,45,54
00-0035253,C.Gardner-Johnson,C.J. Gardner-Johnson,SAF,DB,"https://static.www.nfl.com/image/upload/f_auto,q_auto/league/lgbewdwm0p4wnwfbcock",2025,REG,CHI,7,0,0,0,0,0,0,0,0,0,0,0,0,NA,NA,0,NA,0,0,0,0,0,0,NA,0,0,0,0,0,0,0,0,0,0,NA,0,NA,0,0,0,0,25,1,9,4,27,1,3,24,5,0,0,0,0,0,0,0,0,0,0,0,0,0,0,0,0,0,0,0,0,0,0,NA,NA,0,0,0,0,0,0,0,0,0,0,0,0,NA,NA,NA,0,0,0,0,0,0,0,NA,0,0,0,0,NA,0,0
00-0035254,A.Nelson,Anthony Nelson,LB,LB,"https://static.www.nfl.com/image/upload/f_auto,q_auto/league/p7ot8uy26tblyhgpwcdv",2025,REG,TB,11,0,0,0,0,0,0,0,0,0,0,0,0,NA,NA,0,NA,0,0,0,0,0,0,NA,0,0,0,0,0,0,0,0,0,0,NA,0,NA,0,0,0,0,18,0,14,3,14,2,3,11,4,1,3,1,1,0,0,0,0,0,0,0,0,2,20,0,0,0,0,0,0,0,0,NA,NA,0,0,0,0,0,0,0,0,0,0,0,0,NA,NA,NA,0,0,0,0,0,0,0,NA,0,0,0,0,NA,0,0
00-0035255,K.Sheffield,Kendall Sheffield,DB,DB,"https://static.www.nfl.com/image/upload/f_auto,q_auto/league/ukj6kbovqjqrinpgeysa",2025,REG,MIA,1,0,0,0,0,0,0,0,0,0,0,0,0,NA,NA,0,NA,0,0,0,0,0,0,NA,0,0,0,0,0,0,0,0,0,0,NA,0,NA,0,0,0,0,1,0,0,0,0,0,0,0,0,0,0,0,0,0,0,0,0,0,0,0,0,0,0,0,0,0,0,0,0,0,0,NA,NA,0,0,0,0,0,0,0,0,0,0,0,0,NA,NA,NA,0,0,0,0,0,0,0,NA,0,0,0,0,NA,0,0
00-0035258,H.Froholdt,Hjalte Froholdt,C,OL,"https://static.www.nfl.com/image/upload/f_auto,q_auto/league/w29pfmjsyr2ylmbvedol",2025,REG,ARI,5,0,0,0,0,0,0,0,0,0,0,0,0,NA,NA,0,NA,0,0,0,0,0,0,NA,0,0,0,0,0,0,0,0,0,0,NA,0,NA,0,0,0,0,2,0,0,0,0,1,0,0,0,0,0,0,0,0,0,0,1,1,0,0,0,3,30,0,0,0,0,0,0,0,0,NA,NA,0,0,0,0,0,0,0,0,0,0,0,0,NA,NA,NA,0,0,0,0,0,0,0,NA,0,0,0,0,NA,0,0
00-0035261,T.Pollard,Tony Pollard,RB,RB,"https://static.www.nfl.com/image/upload/f_auto,q_auto/league/dvpdczetkdhrqpm8izmd",2025,REG,TEN,11,0,0,0,0,0,0,0,0,0,0,0,0,NA,NA,0,NA,140,522,2,2,2,27,-31.81684879200572,0,26,32,168,0,0,0,14,153,8,-6.1731882925758175,0,12,0.09195402298850575,0.005076142131979695,0.1414843339751444,0,0,0,0,0,0,0,0,0,0,0,0,0,0,0,0,0,1,1,0,0,0,0,0,0,0,0,0,0,0,0,0,NA,NA,0,0,0,0,0,0,0,0,0,0,0,0,NA,NA,NA,0,0,0,0,0,0,0,NA,0,0,0,0,NA,77,103
00-0035262,D.Tranquill,Drue Tranquill,LB,LB,"https://static.www.nfl.com/image/upload/f_auto,q_auto/league/azjrwh0rdddskgckydsq",2025,REG,KC,11,0,0,0,0,0,0,0,0,0,0,0,0,NA,NA,0,NA,0,0,0,0,0,0,NA,0,0,0,0,0,0,0,0,0,0,NA,0,NA,0,0,0,0,27,2,21,7,24,0,2,13,2,0,0,1,0,0,0,0,0,0,1,1,0,0,0,0,0,0,0,0,0,0,0,NA,NA,0,0,0,0,0,0,0,0,0,0,0,0,NA,NA,NA,0,0,0,0,0,0,0,NA,0,0,0,0,NA,0,0
00-0035264,J.Stidham,Jarrett Stidham,QB,QB,"https://static.www.nfl.com/image/upload/f_auto,q_auto/league/hlq7q7zkusdhmudwbodl",2025,REG,DEN,1,0,0,0,0,0,0,0,0,0,0,0,0,NA,NA,0,NA,1,-1,0,0,0,0,0,0,0,0,0,0,0,0,0,0,0,NA,0,NA,0,0,0,0,0,0,0,0,0,0,0,0,0,0,0,0,0,0,0,0,0,0,0,0,0,0,0,0,0,0,0,0,0,0,0,NA,NA,0,0,0,0,0,0,0,0,0,0,0,0,NA,NA,NA,0,0,0,0,0,0,0,NA,0,0,0,0,NA,-0.1,-0.1
00-0035269,M.Gay,Matt Gay,K,SPEC,"https://static.www.nfl.com/image/upload/f_auto,q_auto/league/qeca8ofwxhytcioy29wc",2025,REG,SF,11,0,0,0,0,0,0,0,0,0,0,0,0,NA,NA,0,NA,0,0,0,0,0,0,NA,0,0,0,0,0,0,0,0,0,0,NA,0,NA,0,0,0,0,0,0,0,0,0,0,0,0,0,0,0,0,0,0,0,0,0,0,0,0,0,2,0,0,0,0,0,15,21,6,0,56,0.7142857142857143,0,3,2,6,4,0,0,0,1,0,5,0,51;46;56;43;52;41;42;29;36;53;44;26;30;47;29,58;52;37;50;51;56,NA,625,304,0,24,24,0,0,1,0,0,0,0,NA,0,0
00-0035270,A.Oruwariye,Amani Oruwariye,CB,DB,"https://static.www.nfl.com/image/upload/f_auto,q_auto/league/rfqlsxmwdqnfcxng5oli",2025,REG,BAL,1,0,0,0,0,0,0,0,0,0,0,0,0,NA,NA,0,NA,0,0,0,0,0,0,NA,0,0,0,0,0,0,0,0,0,0,NA,0,NA,0,0,0,0,0,0,1,0,0,0,0,0,0,0,0,0,0,0,0,0,0,0,0,0,0,0,0,0,0,0,0,0,0,0,0,NA,NA,0,0,0,0,0,0,0,0,0,0,0,0,NA,NA,NA,0,0,0,0,0,0,0,NA,0,0,0,0,NA,0,0
00-0035272,A.Van Ginkel,Andrew Van Ginkel,OLB,LB,"https://static.www.nfl.com/image/upload/f_auto,q_auto/league/vbpdlib647tcpzz59wyt",2025,REG,MIN,6,0,0,0,0,0,0,0,0,0,0,0,0,NA,NA,0,NA,0,0,0,0,0,0,NA,0,0,0,0,0,0,0,0,0,0,NA,0,NA,0,0,0,0,13,1,13,6,31,0,3,21,4,0,0,5,0,0,0,0,0,0,0,0,0,0,0,0,0,0,0,0,0,0,0,NA,NA,0,0,0,0,0,0,0,0,0,0,0,0,NA,NA,NA,0,0,0,0,0,0,0,NA,0,0,0,0,NA,0,0
00-0035276,B.Cashman,Blake Cashman,LB,LB,"https://static.www.nfl.com/image/upload/f_auto,q_auto/league/mvui8tjkoewkupyncbok",2025,REG,MIN,7,0,0,0,0,0,0,0,0,0,0,0,0,NA,NA,0,NA,0,0,0,0,0,0,NA,0,0,0,0,0,0,0,0,0,0,NA,0,NA,0,0,0,0,33,1,40,2,4,1,0,0,1,0,0,0,0,0,0,0,0,0,0,0,0,0,0,0,0,0,0,0,0,0,0,NA,NA,0,0,0,0,0,0,0,0,0,0,0,0,NA,NA,NA,0,0,0,0,0,0,0,NA,0,0,0,0,NA,0,0
00-0035277,M.Jackson,Mike Jackson,CB,DB,"https://static.www.nfl.com/image/upload/f_auto,q_auto/league/cqvxm9n1ncjq7hd2dtqb",2025,REG,CAR,12,0,0,0,0,0,0,0,0,0,0,0,0,NA,NA,0,NA,0,0,0,0,0,0,NA,0,0,0,0,0,0,0,0,0,0,NA,0,NA,0,0,0,0,33,1,7,2,4,0,0,0,0,2,54,12,0,0,0,0,0,0,0,0,0,1,38,0,0,0,0,0,0,0,0,NA,NA,0,0,0,0,0,0,0,0,0,0,0,0,NA,NA,NA,0,0,0,0,0,0,0,NA,0,0,0,0,NA,0,0
00-0035279,C.Omenihu,Charles Omenihu,DE,DL,"https://static.www.nfl.com/image/upload/f_auto,q_auto/league/eqdzy6rghyb0sywwbd8i",2025,REG,KC,9,0,0,0,0,0,0,0,0,0,0,0,0,NA,NA,0,NA,0,0,0,0,0,0,NA,0,0,0,0,0,0,0,0,0,0,NA,0,NA,0,0,0,0,11,0,6,4,8,0,2,6,6,0,0,0,0,0,0,0,0,0,0,0,0,4,40,0,0,0,0,0,0,0,0,NA,NA,0,0,0,0,0,0,0,0,0,0,0,0,NA,NA,NA,0,0,0,0,0,0,0,NA,0,0,0,0,NA,0,0
00-0035280,J.Bailey,Jake Bailey,P,SPEC,"https://static.www.nfl.com/image/upload/f_auto,q_auto/league/xgqo8pwrwqtmfhoaproq",2025,REG,MIA,11,0,0,0,0,0,0,0,0,0,0,0,0,NA,NA,0,NA,0,0,0,0,0,0,NA,0,0,0,0,0,0,0,0,0,0,NA,0,NA,0,0,0,0,0,0,0,0,0,0,0,0,0,0,0,0,0,0,0,0,0,0,0,0,0,0,0,0,0,0,0,0,0,0,0,NA,NA,0,0,0,0,0,0,0,0,0,0,0,0,NA,NA,NA,0,0,0,0,0,0,0,NA,0,0,0,0,NA,0,0
00-0035286,C.Holcomb,Cole Holcomb,LB,LB,"https://static.www.nfl.com/image/upload/f_auto,q_auto/league/hhhvsv4sv9zreuedr7lj",2025,REG,PIT,7,0,0,0,0,0,0,0,0,0,0,0,0,NA,NA,0,NA,0,0,0,0,0,0,NA,0,0,0,0,0,0,0,0,0,0,NA,0,NA,0,0,0,0,19,0,7,0,0,1,0,0,0,0,0,0,0,0,0,0,0,0,0,0,0,0,0,0,0,0,0,0,0,0,0,NA,NA,0,0,0,0,0,0,0,0,0,0,0,0,NA,NA,NA,0,0,0,0,0,0,0,NA,0,0,0,0,NA,0,0
00-0035289,G.Minshew,Gardner Minshew,QB,QB,"https://static.www.nfl.com/image/upload/f_auto,q_auto/league/lggwtoj1m0jxxiawtzpw",2025,REG,KC,2,0,0,0,0,0,0,0,0,0,0,0,0,NA,NA,0,NA,5,-6,0,0,0,0,-0.07120083086192608,0,0,0,0,0,0,0,0,0,0,NA,0,NA,0,0,0,0,0,0,0,0,0,0,0,0,0,0,0,0,0,0,0,0,0,0,0,0,0,0,0,0,0,0,0,0,0,0,0,NA,NA,0,0,0,0,0,0,0,0,0,0,0,0,NA,NA,NA,0,0,0,0,0,0,0,NA,0,0,0,0,NA,-0.6000000000000001,-0.6000000000000001
00-0035291,T.Williams,Trayveon Williams,RB,RB,"https://static.www.nfl.com/image/upload/f_auto,q_auto/league/zwei0idpruplnhlmpfkr",2025,REG,LAC,2,0,0,0,0,0,0,0,0,0,0,0,0,NA,NA,0,NA,3,-1,0,0,0,0,-1.8809362561441958,0,1,1,0,0,0,0,-1,1,0,-2.754948128014803,0,-0,0.002652519893899204,-3.4071550255536625e-4,0.00374027898906005,0,0,0,0,0,0,0,0,0,0,0,0,0,0,0,0,0,0,0,0,0,0,0,0,0,0,3,73,0,0,0,0,NA,NA,0,0,0,0,0,0,0,0,0,0,0,0,NA,NA,NA,0,0,0,0,0,0,0,NA,0,0,0,0,NA,-0.1,0.9
00-0035298,S.Miller,Scott Miller,WR,WR,"https://static.www.nfl.com/image/upload/f_auto,q_auto/league/mlx2xhjvzt6pqwgoloqa",2025,REG,PIT,2,0,0,0,0,0,0,0,0,0,0,0,0,NA,NA,0,NA,0,0,0,0,0,0,NA,0,1,2,9,0,0,0,7,10,0,-0.11477654715642194,0,1.2857142857142858,0.00625,0.0035587188612099642,0.011866103202846976,0,0,0,0,0,0,0,0,0,0,0,0,0,0,0,0,0,0,0,0,0,0,0,0,0,0,0,0,0,0,0,0,NA,NA,0,0,0,0,0,0,0,0,0,0,0,0,NA,NA,NA,0,0,0,0,0,0,0,NA,0,0,0,0,NA,0.9,1.9
00-0035301,D.Wilson,Donovan Wilson,SAF,DB,"https://static.www.nfl.com/image/upload/f_auto,q_auto/league/fl10d0bhrvfrqkjamcgp",2025,REG,DAL,9,0,0,0,0,0,0,0,0,0,0,0,0,NA,NA,0,NA,0,0,0,0,0,0,NA,0,0,0,0,0,0,0,0,0,0,NA,0,NA,0,0,0,0,28,0,16,0,0,0,0,0,0,2,21,4,0,0,0,0,0,0,0,0,0,1,21,0,0,0,0,0,0,0,0,NA,NA,0,0,0,0,0,0,0,0,0,0,0,0,NA,NA,NA,0,0,0,0,0,0,0,NA,0,0,0,0,NA,0,0
00-0035316,K.Elliss,Kaden Elliss,LB,LB,"https://static.www.nfl.com/image/upload/f_auto,q_auto/league/b7jmlakbznkeusvsztgo",2025,REG,ATL,11,0,0,0,0,0,0,0,0,0,0,0,0,NA,NA,0,NA,0,0,0,0,0,0,NA,0,0,0,0,0,0,0,0,0,0,NA,0,NA,0,0,0,0,41,2,31,9,30,1,3.5,21,10,1,16,4,0,0,0,0,0,0,0,0,0,0,0,0,0,0,0,0,0,0,0,NA,NA,0,0,0,0,0,0,0,0,0,0,0,0,NA,NA,NA,0,0,0,0,0,0,0,NA,0,0,0,0,NA,0,0
00-0035330,A.Pittman,Anthony Pittman,LB,LB,"https://static.www.nfl.com/image/upload/f_auto,q_auto/league/eitmt82nhdoeyeemklmi",2025,REG,DET,1,0,0,0,0,0,0,0,0,0,0,0,0,NA,NA,0,NA,0,0,0,0,0,0,NA,0,0,0,0,0,0,0,0,0,0,NA,0,NA,0,0,0,0,1,0,0,0,0,0,0,0,0,0,0,0,0,0,0,0,0,0,0,0,0,0,0,0,0,0,0,0,0,0,0,NA,NA,0,0,0,0,0,0,0,0,0,0,0,0,NA,NA,NA,0,0,0,0,0,0,0,NA,0,0,0,0,NA,0,0
00-0035352,T.Dodson,Tyrel Dodson,LB,LB,"https://static.www.nfl.com/image/upload/f_auto,q_auto/league/ssfyc6yarlegh112xeoa",2025,REG,MIA,10,0,0,0,0,0,0,0,0,0,0,0,0,NA,NA,0,NA,0,0,0,0,0,0,NA,0,0,0,0,0,0,0,0,0,0,NA,0,NA,0,0,0,0,48,1,38,7,36,1,4,33,5,0,0,1,0,0,0,0,0,0,1,1,0,1,4,0,0,0,0,0,0,0,0,NA,NA,0,0,0,0,0,0,0,0,0,0,0,0,NA,NA,NA,0,0,0,0,0,0,0,NA,0,0,0,0,NA,0,0
00-0035355,B.Hance,Blake Hance,OL,OL,"https://static.www.nfl.com/image/upload/f_auto,q_auto/league/hdxdmuvnrlz3tykblysu",2025,REG,TEN,1,0,0,0,0,0,0,0,0,0,0,0,0,NA,NA,0,NA,0,0,0,0,0,0,NA,0,0,0,0,0,0,0,0,0,0,NA,0,NA,0,0,0,0,0,0,0,0,0,0,0,0,0,0,0,0,0,0,0,0,0,0,0,0,0,1,5,0,0,0,0,0,0,0,0,NA,NA,0,0,0,0,0,0,0,0,0,0,0,0,NA,NA,NA,0,0,0,0,0,0,0,NA,0,0,0,0,NA,0,0
00-0035357,C.Lewis,Cam Lewis,CB,DB,"https://static.www.nfl.com/image/upload/f_auto,q_auto/league/zjktx8s1xlcacohcfimq",2025,REG,BUF,11,0,0,0,0,0,0,0,0,0,0,0,0,NA,NA,0,NA,0,0,0,0,0,0,NA,0,0,0,0,0,0,0,0,0,0,NA,0,NA,0,0,0,0,20,0,8,1,1,2,0,0,0,0,0,3,0,0,0,0,0,0,0,0,0,2,19,0,0,0,0,0,0,0,0,NA,NA,0,0,0,0,0,0,0,0,0,0,0,0,NA,NA,NA,0,0,0,0,0,0,0,NA,0,0,0,0,NA,0,0
00-0035358,C.McLaughlin,Chase McLaughlin,K,SPEC,"https://static.www.nfl.com/image/upload/f_auto,q_auto/league/vwefhtevyn2qxauchan5",2025,REG,TB,11,0,0,0,0,0,0,0,0,0,0,0,0,NA,NA,0,NA,0,0,0,0,0,0,NA,0,0,0,0,0,0,0,0,0,0,NA,0,NA,0,0,0,0,0,0,1,0,0,0,0,0,0,0,0,0,0,0,0,0,0,0,0,0,0,1,0,0,0,0,0,20,24,3,1,65,0.8333333333333334,0,3,6,3,7,1,0,0,1,2,0,0,48;54;33;28;55;36;42;65;58;30;36;39;45;53;55;52;54;36;23;24,44;38;49,43,866,131,43,21,22,1,0,0.9545454545454546,2,2,0,0,36;39,0,0
00-0035359,D.Sills,David Sills,WR,WR,"https://static.www.nfl.com/image/upload/f_auto,q_auto/league/b0vacwlg3vcau2vzg3ry",2025,REG,ATL,6,0,0,0,0,0,0,0,0,0,0,0,0,NA,NA,0,NA,0,0,0,0,0,0,NA,0,6,12,50,1,0,0,142,9,2,-0.02526908740401268,0,0.352112676056338,0.03582089552238806,0.04913494809688582,0.08812580695140215,0,0,0,0,0,0,0,0,0,0,0,0,0,0,0,0,0,0,0,0,0,0,0,0,0,0,0,0,0,0,0,0,NA,NA,0,0,0,0,0,0,0,0,0,0,0,0,NA,NA,NA,0,0,0,0,0,0,0,NA,0,0,0,0,NA,11,17
00-0035363,J.Giles-Harris,Joe Giles-Harris,LB,LB,"https://static.www.nfl.com/image/upload/f_auto,q_auto/league/eh3338umczzrrmolwpur",2025,REG,CIN,3,0,0,0,0,0,0,0,0,0,0,0,0,NA,NA,0,NA,0,0,0,0,0,0,NA,0,0,0,0,0,0,0,0,0,0,NA,0,NA,0,0,0,0,3,0,4,0,0,0,0,0,0,0,0,1,0,0,0,0,0,0,0,0,0,1,10,0,0,0,0,0,0,0,0,NA,NA,0,0,0,0,0,0,0,0,0,0,0,0,NA,NA,NA,0,0,0,0,0,0,0,NA,0,0,0,0,NA,0,0
00-0035378,A.Wingard,Andrew Wingard,SAF,DB,"https://static.www.nfl.com/image/upload/f_auto,q_auto/league/vumoaka528nab6au7caj",2025,REG,JAX,11,0,0,0,0,0,0,0,0,0,0,0,0,NA,NA,0,NA,0,0,0,0,0,0,NA,0,0,0,0,0,0,0,0,0,0,NA,0,NA,0,0,0,0,36,2,31,1,5,0,0,0,1,1,39,6,0,0,0,0,0,0,1,1,0,2,29,0,0,0,0,0,0,0,0,NA,NA,0,0,0,0,0,0,0,0,0,0,0,0,NA,NA,NA,0,0,0,0,0,0,0,NA,0,0,0,0,NA,0,0
00-0035386,T.Edwards,T.J. Edwards,LB,LB,"https://static.www.nfl.com/image/upload/f_auto,q_auto/league/tqu3uz4nzkcq4crcepj3",2025,REG,CHI,5,0,0,0,0,0,0,0,0,0,0,0,0,NA,NA,0,NA,0,0,0,0,0,0,NA,0,0,0,0,0,0,0,0,0,0,NA,0,NA,0,0,0,0,12,0,19,1,2,0,0,0,0,0,0,3,0,0,0,0,0,0,0,0,0,0,0,0,0,0,0,0,0,0,0,NA,NA,0,0,0,0,0,0,0,0,0,0,0,0,NA,NA,NA,0,0,0,0,0,0,0,NA,0,0,0,0,NA,0,0
00-0035402,C.Granderson,Carl Granderson,DE,DL,"https://static.www.nfl.com/image/upload/f_auto,q_auto/league/qubwfcjeareypbdlvwnb",2025,REG,NO,11,0,0,0,0,0,0,0,0,0,0,0,0,NA,NA,0,NA,0,0,0,0,0,0,NA,0,0,0,0,0,0,0,0,0,0,NA,0,NA,0,0,0,0,22,2,11,6,22,0,4.5,19.5,6,0,0,2,0,0,0,0,0,0,0,0,0,3,30,0,0,0,0,0,0,0,0,NA,NA,0,0,0,0,0,0,0,0,0,0,0,0,NA,NA,NA,0,0,0,0,0,0,0,NA,0,0,0,0,NA,0,0
00-0035406,L.Humphrey,Lil'Jordan Humphrey,WR,WR,"https://static.www.nfl.com/image/upload/f_auto,q_auto/league/n83el0rguze0nukvitdw",2025,REG,NYG,2,0,0,0,0,0,0,0,0,0,0,0,0,NA,NA,0,NA,0,0,0,0,0,0,NA,0,4,10,55,0,0,0,146,2,2,1.2524704267270863,0,0.3767123287671233,0.02710027100271003,0.0425160163075131,0.07041161791932421,0,0,0,0,0,0,0,0,0,0,0,0,0,0,0,0,0,0,0,0,0,0,1,5,0,0,0,0,0,0,0,0,NA,NA,0,0,0,0,0,0,0,0,0,0,0,0,NA,NA,NA,0,0,0,0,0,0,0,NA,0,0,0,0,NA,5.5,9.5
00-0035409,S.Tuttle,Shy Tuttle,DT,DL,"https://static.www.nfl.com/image/upload/f_auto,q_auto/league/dbtt4xlpqoytpgiswgal",2025,REG,TEN,7,0,0,0,0,0,0,0,0,0,0,0,0,NA,NA,0,NA,0,0,0,0,0,0,NA,0,0,0,0,0,0,0,0,0,0,NA,0,NA,0,0,0,0,6,0,5,1,2,0,0,0,0,0,0,0,0,0,0,0,0,0,0,0,0,0,0,0,0,0,0,0,0,0,0,NA,NA,0,0,0,0,0,0,0,0,0,0,0,0,NA,NA,NA,0,0,0,0,0,0,0,NA,0,0,0,0,NA,0,0
00-0035413,L.Gifford,Luke Gifford,LB,LB,"https://static.www.nfl.com/image/upload/f_auto,q_auto/league/zuskjpnniq2xwnao6tuk",2025,REG,SF,10,0,0,0,0,0,0,0,0,0,0,0,0,NA,NA,0,NA,0,0,0,0,0,0,NA,0,0,0,0,0,0,0,0,0,0,NA,0,NA,0,0,0,0,9,0,19,0,0,0,0,0,0,0,0,1,0,0,0,0,0,0,0,0,0,0,0,0,0,0,0,0,0,0,0,NA,NA,0,0,0,0,0,0,0,0,0,0,0,0,NA,NA,NA,0,0,0,0,0,0,0,NA,0,0,0,0,NA,0,0
00-0035500,G.Dortch,Greg Dortch,WR,WR,"https://static.www.nfl.com/image/upload/f_auto,q_auto/league/jt4lbkjxkkrw3f644sft",2025,REG,ARI,11,0,0,0,0,0,0,0,0,0,0,0,0,NA,NA,0,NA,7,15,1,0,0,1,-1.388912864116719,0,27,31,192,3,0,0,61,177,9,3.004869030443838,0,3.1475409836065573,0.07635467980295567,0.020340113371123708,0.1287700990642201,0,1,0,1,0,0,0,0,0,0,0,0,0,0,0,0,0,1,1,0,0,0,1,5,13,179,30,781,0,0,0,0,NA,NA,0,0,0,0,0,0,0,0,0,0,0,0,NA,NA,NA,0,0,0,0,0,0,0,NA,0,0,0,0,NA,44.7,71.7
00-0035525,D.Bush,Devin Bush,LB,LB,"https://static.www.nfl.com/image/upload/f_auto,q_auto/league/pgpf5oeyel2jgsz2luaq",2025,REG,CLE,11,0,0,0,0,0,0,0,0,0,0,0,0,NA,NA,0,NA,0,0,0,0,0,0,NA,0,0,0,0,0,0,0,0,0,0,NA,0,NA,0,0,0,0,40,2,33,6,27,1,2,17,4,1,23,5,1,0,0,0,0,0,1,1,0,1,5,0,0,0,0,0,0,0,0,NA,NA,0,0,0,0,0,0,0,0,0,0,0,0,NA,NA,NA,0,0,0,0,0,0,0,NA,0,0,0,0,NA,0,0
00-0035526,E.Jenkins,Elgton Jenkins,C,OL,"https://static.www.nfl.com/image/upload/f_auto,q_auto/league/wrahpqtdvxipwmrepiyl",2025,REG,GB,2,0,0,0,0,0,0,0,0,0,0,0,0,NA,NA,0,NA,0,0,0,0,0,0,NA,0,0,0,0,0,0,0,0,0,0,NA,0,NA,0,0,0,0,0,0,0,0,0,0,0,0,0,0,0,0,0,0,0,0,0,0,0,0,0,3,18,0,0,0,0,0,0,0,0,NA,NA,0,0,0,0,0,0,0,0,0,0,0,0,NA,NA,NA,0,0,0,0,0,0,0,NA,0,0,0,0,NA,0,0
00-0035535,D.Slayton,Darius Slayton,WR,WR,"https://static.www.nfl.com/image/upload/f_auto,q_auto/league/fyjkvaekv40jn72d0b3q",2025,REG,NYG,9,0,0,0,0,0,0,0,0,0,0,0,0,NA,NA,0,NA,0,0,0,0,0,0,NA,0,24,36,366,0,1,1,519,133,12,10.993915071128868,0,0.7052023121387283,0.0975609756097561,0.15113570180547467,0.25213645467846646,0,0,0,0,0,0,0,0,0,0,0,0,0,0,0,0,0,0,0,0,0,0,3,25,0,0,0,0,0,0,0,0,NA,NA,0,0,0,0,0,0,0,0,0,0,0,0,NA,NA,NA,0,0,0,0,0,0,0,NA,0,0,0,0,NA,34.6,58.6
00-0035537,Ty.Johnson,Ty Johnson,RB,RB,"https://static.www.nfl.com/image/upload/f_auto,q_auto/league/hmnzcfm56ojey6myomjg",2025,REG,BUF,11,0,0,0,0,0,0,0,0,0,0,0,0,NA,NA,0,NA,21,90,1,0,0,3,1.5646054605022073,0,11,16,161,1,1,0,0,174,6,9.292043145222124,0,0,0.04938271604938271,0,0.07407407407407407,0,1,0,1,0,0,0,0,0,0,0,0,0,0,0,0,0,1,1,0,0,0,1,15,0,0,8,173,0,0,0,0,NA,NA,0,0,0,0,0,0,0,0,0,0,0,0,NA,NA,NA,0,0,0,0,0,0,0,NA,0,0,0,0,NA,37.1,48.1
00-0035567,C.Reynolds,Craig Reynolds,RB,RB,"https://static.www.nfl.com/image/upload/f_auto,q_auto/league/f5zuttg3hinfqgronrsg",2025,REG,DET,5,0,0,0,0,0,0,0,0,0,0,0,0,NA,NA,0,NA,3,4,0,0,0,0,-2.3583893680479378,0,0,0,0,0,0,0,0,0,0,NA,0,NA,0,0,0,0,4,0,2,0,0,0,0,0,0,0,0,0,0,0,0,0,0,0,0,0,0,1,5,0,0,5,118,0,0,0,0,NA,NA,0,0,0,0,0,0,0,0,0,0,0,0,NA,NA,NA,0,0,0,0,0,0,0,NA,0,0,0,0,NA,0.4,0.4
00-0035588,G.Bradbury,Garrett Bradbury,C,OL,"https://static.www.nfl.com/image/upload/f_auto,q_auto/league/ww9iafyxzq6olacamaow",2025,REG,NE,2,0,0,0,0,0,0,0,0,0,0,0,0,NA,NA,0,NA,0,0,0,0,0,0,NA,0,0,0,0,0,0,0,0,0,0,NA,0,NA,0,0,0,0,0,0,0,0,0,0,0,0,0,0,0,0,0,0,0,0,0,2,0,0,0,0,0,0,0,0,0,0,0,0,0,NA,NA,0,0,0,0,0,0,0,0,0,0,0,0,NA,NA,NA,0,0,0,0,0,0,0,NA,0,0,0,0,NA,0,0
00-0035594,T.Homer,Travis Homer,RB,RB,"https://static.www.nfl.com/image/upload/f_auto,q_auto/league/dyyclvfaagspov2ydf3i",2025,REG,CHI,4,0,0,0,0,0,0,0,0,0,0,0,0,NA,NA,0,NA,1,-2,0,0,0,0,-1.3661332725416906,0,0,0,0,0,0,0,0,0,0,NA,0,NA,0,0,0,0,3,0,2,0,0,0,0,0,0,0,0,0,0,0,0,0,0,0,0,0,0,0,0,0,0,0,0,0,0,0,0,NA,NA,0,0,0,0,0,0,0,0,0,0,0,0,NA,NA,NA,0,0,0,0,0,0,0,NA,0,0,0,0,NA,-0.2,-0.2
00-0035602,A.Bachman,Alex Bachman,WR,WR,"https://static.www.nfl.com/image/upload/f_auto,q_auto/league/xebxem8tzjm0yyygaklg",2025,REG,LV,7,0,0,0,0,0,0,0,0,0,0,0,0,NA,NA,0,NA,0,0,0,0,0,0,NA,0,1,2,9,0,0,0,11,2,1,-0.013953625049907714,0,0.8181818181818182,0.0058309037900874635,0.005,0.012246355685131195,0,0,0,2,0,0,0,0,0,0,0,0,0,0,0,0,0,0,0,0,0,0,0,0,10,73,0,0,0,0,0,0,NA,NA,0,0,0,0,0,0,0,0,0,0,0,0,NA,NA,NA,0,0,0,0,0,0,0,NA,0,0,0,0,NA,0.9,1.9
00-0035617,T.Reeder,Troy Reeder,LB,LB,"https://static.www.nfl.com/image/upload/f_auto,q_auto/league/laiuwnorvmneuwvav61k",2025,REG,LA,9,0,0,0,0,0,0,0,0,0,0,0,0,NA,NA,0,NA,0,0,0,0,0,0,NA,0,0,0,0,0,0,0,0,0,0,NA,0,NA,0,0,0,0,10,0,6,0,0,0,0,0,0,0,0,1,0,0,0,0,0,0,0,0,0,1,10,0,0,0,0,0,0,0,0,NA,NA,0,0,0,0,0,0,0,0,0,0,0,0,NA,NA,NA,0,0,0,0,0,0,0,NA,0,0,0,0,NA,0,0
00-0035625,J.Thornhill,Juan Thornhill,SAF,DB,"https://static.www.nfl.com/image/upload/f_auto,q_auto/league/os3bpcmalytfuwosxpzj",2025,REG,PIT,8,0,0,0,0,0,0,0,0,0,0,0,0,NA,NA,0,NA,0,0,0,0,0,0,NA,0,0,0,0,0,0,0,0,0,0,NA,0,NA,0,0,0,0,23,0,15,1,1,0,0,0,0,0,0,1,0,0,0,0,1,1,0,0,0,0,0,0,0,0,0,0,0,0,0,NA,NA,0,0,0,0,0,0,0,0,0,0,0,0,NA,NA,NA,0,0,0,0,0,0,0,NA,0,0,0,0,NA,0,0
00-0035628,D.Johnson,D'Ernest Johnson,RB,RB,"https://static.www.nfl.com/image/upload/f_auto,q_auto/league/gbe2eojaxid4n3pmo0rj",2025,REG,NE,3,0,0,0,0,0,0,0,0,0,0,0,0,NA,NA,0,NA,5,7,0,0,0,0,-1.8409309423877858,0,0,0,0,0,0,0,0,0,0,NA,0,NA,0,0,0,0,0,0,0,0,0,0,0,0,0,0,0,0,0,0,0,0,0,0,0,0,0,0,0,0,0,0,0,0,0,0,0,NA,NA,0,0,0,0,0,0,0,0,0,0,0,0,NA,NA,NA,0,0,0,0,0,0,0,NA,0,0,0,0,NA,0.7000000000000001,0.7000000000000001
00-0035629,J.Williams,Jonah Williams,OT,OL,"https://static.www.nfl.com/image/upload/f_auto,q_auto/league/ton1hb2fidrdk6zv8erf",2025,REG,ARI,4,0,0,0,0,0,0,0,0,0,0,0,0,NA,NA,0,NA,0,0,0,0,0,0,NA,0,0,0,0,0,0,0,0,0,0,NA,0,NA,0,0,0,0,1,0,0,0,0,0,0,0,0,0,0,0,0,0,0,0,0,0,0,0,0,4,25,0,0,0,0,0,0,0,0,NA,NA,0,0,0,0,0,0,0,0,0,0,0,0,NA,NA,NA,0,0,0,0,0,0,0,NA,0,0,0,0,NA,0,0
00-0035630,C.Lindstrom,Chris Lindstrom,G,OL,"https://static.www.nfl.com/image/upload/f_auto,q_auto/league/siocu1rimlusd0x8ut1w",2025,REG,ATL,1,0,0,0,0,0,0,0,0,0,0,0,0,NA,NA,0,NA,0,0,0,0,0,0,NA,0,0,0,0,0,0,0,0,0,0,NA,0,NA,0,0,0,0,0,0,0,0,0,0,0,0,0,0,0,0,0,0,0,0,0,0,0,0,0,2,14,0,0,0,0,0,0,0,0,NA,NA,0,0,0,0,0,0,0,0,0,0,0,0,NA,NA,NA,0,0,0,0,0,0,0,NA,0,0,0,0,NA,0,0
00-0035631,D.Sample,Drew Sample,TE,TE,"https://static.www.nfl.com/image/upload/f_auto,q_auto/league/dvq8fanrbrpfgf2j3kpm",2025,REG,CIN,7,0,0,0,0,0,0,0,0,0,0,0,0,NA,NA,0,NA,0,0,0,0,0,0,NA,0,6,10,24,1,0,0,-3,24,2,-1.6561610474600457,0,0,0.02564102564102564,-9.7815454841865e-4,0.03777683027764541,0,0,0,1,0,0,0,0,0,0,0,0,0,0,0,0,0,0,0,0,0,0,1,10,0,0,0,0,0,0,0,0,NA,NA,0,0,0,0,0,0,0,0,0,0,0,0,NA,NA,NA,0,0,0,0,0,0,0,NA,0,0,0,0,NA,8.4,14.4
00-0035632,A.Hooker,Amani Hooker,SAF,DB,"https://static.www.nfl.com/image/upload/f_auto,q_auto/league/u9zrvmlfnvzmgttdcsn6",2025,REG,TEN,11,0,0,0,0,0,0,0,0,0,0,0,0,NA,NA,0,NA,0,0,0,0,0,0,NA,0,0,0,0,0,0,0,0,0,0,NA,0,NA,0,0,0,0,45,0,14,2,10,0,1,8,1,0,0,7,0,0,0,0,0,0,0,0,0,1,15,0,0,0,0,0,0,0,0,NA,NA,0,0,0,0,0,0,0,0,0,0,0,0,NA,NA,NA,0,0,0,0,0,0,0,NA,0,0,0,0,NA,0,0
00-0035633,C.Ballentine,Corey Ballentine,DB,DB,"https://static.www.nfl.com/image/upload/f_auto,q_auto/league/p1pbz0j3iviqhqtltudy",2025,REG,DAL,2,0,0,0,0,0,0,0,0,0,0,0,0,NA,NA,0,NA,0,0,0,0,0,0,NA,0,0,0,0,0,0,0,0,0,0,NA,0,NA,0,0,0,0,0,0,2,0,0,0,0,0,0,0,0,0,0,0,0,0,0,0,0,0,0,0,0,0,0,0,0,0,0,0,0,NA,NA,0,0,0,0,0,0,0,0,0,0,0,0,NA,NA,NA,0,0,0,0,0,0,0,NA,0,0,0,0,NA,0,0
00-0035636,L.Collier,L.J. Collier,DE,DL,"https://static.www.nfl.com/image/private/f_auto,q_auto/league/i39nt3smr30rgznvlal3",2025,REG,ARI,1,0,0,0,0,0,0,0,0,0,0,0,0,NA,NA,0,NA,0,0,0,0,0,0,NA,0,0,0,0,0,0,0,0,0,0,NA,0,NA,0,0,0,0,1,0,0,0,0,0,0,0,0,0,0,0,0,0,0,0,0,0,0,0,0,0,0,0,0,0,0,0,0,0,0,NA,NA,0,0,0,0,0,0,0,0,0,0,0,0,NA,NA,NA,0,0,0,0,0,0,0,NA,0,0,0,0,NA,0,0
00-0035637,R.Ya-Sin,Rock Ya-Sin,CB,DB,"https://static.www.nfl.com/image/upload/f_auto,q_auto/league/ezahxzran7e2ohnmtndh",2025,REG,DET,10,0,0,0,0,0,0,0,0,0,0,0,0,NA,NA,0,NA,0,0,0,0,0,0,NA,0,0,0,0,0,0,0,0,0,0,NA,0,NA,0,0,0,0,16,1,9,0,0,0,0,0,0,0,0,7,0,0,0,0,0,0,0,0,0,5,74,0,0,0,0,0,0,0,0,NA,NA,0,0,0,0,0,0,0,0,0,0,0,0,NA,NA,NA,0,0,0,0,0,0,0,NA,0,0,0,0,NA,0,0
00-0035639,P.Campbell,Parris Campbell,WR,WR,"https://static.www.nfl.com/image/upload/f_auto,q_auto/league/pmb3ypquiy5a2qzzmio4",2025,REG,DAL,1,0,0,0,0,0,0,0,0,0,0,0,0,NA,NA,0,NA,0,0,0,0,0,0,NA,0,0,0,0,0,0,0,0,0,0,NA,0,NA,0,0,0,0,0,0,1,0,0,0,0,0,0,0,0,0,0,0,0,0,0,0,0,0,0,0,0,0,0,0,0,0,0,0,0,NA,NA,0,0,0,0,0,0,0,0,0,0,0,0,NA,NA,NA,0,0,0,0,0,0,0,NA,0,0,0,0,NA,0,0
00-0035640,D.Metcalf,DK Metcalf,WR,WR,"https://static.www.nfl.com/image/upload/f_auto,q_auto/league/tknefloqsleltfmslj2y",2025,REG,PIT,11,0,0,0,0,0,0,0,0,0,0,0,0,NA,NA,0,NA,2,12,1,0,0,1,1.6868094765814021,0,42,70,573,5,0,0,716,321,28,14.774832033716258,0,0.80027932960893855,0.21875,0.36400610066090494,0.5829292704626334,0,4,0,0,0,0,0,0,0,0,0,0,0,0,0,0,0,0,0,0,0,0,6,60,0,0,0,0,0,0,0,0,NA,NA,0,0,0,0,0,0,0,0,0,0,0,0,NA,NA,NA,0,0,0,0,0,0,0,NA,0,0,0,0,NA,94.5,136.5
00-0035642,J.Hines-Allen,Josh Hines-Allen,DE,DL,"https://static.www.nfl.com/image/upload/f_auto,q_auto/league/frooc3vy4adlwpkdnyks",2025,REG,JAX,11,0,0,0,0,0,0,0,0,0,0,0,0,NA,NA,0,NA,0,0,0,0,0,0,NA,0,0,0,0,0,0,0,0,0,0,NA,0,NA,0,0,0,0,15,2,13,7,34,0,4,29.5,16,0,0,2,0,0,0,0,0,0,0,0,0,2,19,0,0,0,0,0,0,0,0,NA,NA,0,0,0,0,0,0,0,0,0,0,0,0,NA,NA,NA,0,0,0,0,0,0,0,NA,0,0,0,0,NA,0,0
00-0035643,J.Simmons,Jeffery Simmons,DT,DL,"https://static.www.nfl.com/image/upload/f_auto,q_auto/league/gi2z8wipg8w9vnxwbav0",2025,REG,TEN,9,0,0,0,0,0,0,0,0,0,0,0,0,NA,NA,0,NA,0,0,0,0,0,0,NA,0,0,0,0,0,0,0,0,0,0,NA,0,NA,0,0,0,0,24,0,11,9,46,1,5.5,42,13,0,0,0,0,0,0,0,0,0,0,0,0,3,27,0,0,0,0,0,0,0,0,NA,NA,0,0,0,0,0,0,0,0,0,0,0,0,NA,NA,NA,0,0,0,0,0,0,0,NA,0,0,0,0,NA,0,0
00-0035644,N.Fant,Noah Fant,TE,TE,"https://static.www.nfl.com/image/upload/f_auto,q_auto/league/s4idwk38z6bin9lnnw9f",2025,REG,CIN,9,0,0,0,0,0,0,0,0,0,0,0,0,NA,NA,0,NA,0,0,0,0,0,0,NA,0,31,35,265,3,2,2,117,153,12,-1.8447054626627475,0,2.264957264957265,0.08974358974358974,0.03814802738832736,0.16131900378721375,0,0,0,0,0,0,0,0,0,0,0,0,0,0,0,0,0,0,0,0,0,0,1,4,0,0,0,0,0,0,0,0,NA,NA,0,0,0,0,0,0,0,0,0,0,0,0,NA,NA,NA,0,0,0,0,0,0,0,NA,0,0,0,0,NA,40.5,71.5
00-0035645,G.Olszewski,Gunner Olszewski,WR,WR,"https://static.www.nfl.com/image/upload/f_auto,q_auto/league/q6fs5e2eotgeh47xeo74",2025,REG,NYG,12,1,1,33,1,0,0,0,0,0,13,20,1,3.2233546525239944,35.397881269454956,0,2.5384615384615383,0,0,0,0,0,0,NA,0,1,3,24,1,0,0,51,1,1,2.1846454157685335,0,0.47058823529411764,0.008130081300813009,0.01485148514851485,0.022591161555179907,0,0,0,0,0,0,0,0,0,0,0,0,0,0,0,0,0,0,0,0,0,0,0,0,19,166,20,557,0,0,0,0,NA,NA,0,0,0,0,0,0,0,0,0,0,0,0,NA,NA,NA,0,0,0,0,0,0,0,NA,0,0,0,0,NA,13.72,14.72
00-0035647,M.Sweat,Montez Sweat,DE,DL,"https://static.www.nfl.com/image/upload/f_auto,q_auto/league/lmaq9dyixaolzxleqb5e",2025,REG,CHI,11,0,0,0,0,0,0,0,0,0,0,0,0,NA,NA,0,NA,0,0,0,0,0,0,NA,0,0,0,0,0,0,0,0,0,0,NA,0,NA,0,0,0,0,20,5,10,11,37,3,7.5,33,12,0,0,5,0,0,0,0,0,0,1,1,0,1,15,0,0,0,0,0,0,0,0,NA,NA,0,0,0,0,0,0,0,0,0,0,0,0,NA,NA,NA,0,0,0,0,0,0,0,NA,0,0,0,0,NA,0,0
00-0035655,W.Harris,Will Harris,SAF,DB,"https://static.www.nfl.com/image/upload/f_auto,q_auto/league/u5dy7qow1rg8c8768koq",2025,REG,WAS,3,0,0,0,0,0,0,0,0,0,0,0,0,NA,NA,0,NA,0,0,0,0,0,0,NA,0,0,0,0,0,0,0,0,0,0,NA,0,NA,0,0,0,0,7,0,4,0,0,1,0,0,0,0,0,1,0,0,0,0,0,0,0,0,0,0,0,0,0,0,0,0,0,0,0,NA,NA,0,0,0,0,0,0,0,0,0,0,0,0,NA,NA,NA,0,0,0,0,0,0,0,NA,0,0,0,0,NA,0,0
00-0035656,K.Saunders,Khalen Saunders,DT,DL,"https://static.www.nfl.com/image/upload/f_auto,q_auto/league/z9u175bmqffwqtlfzbtw",2025,REG,JAX,2,0,0,0,0,0,0,0,0,0,0,0,0,NA,NA,0,NA,0,0,0,0,0,0,NA,0,0,0,0,0,0,0,0,0,0,NA,0,NA,0,0,0,0,0,0,3,0,0,0,0,0,0,0,0,0,0,0,0,0,0,0,0,0,0,0,0,0,0,0,0,0,0,0,0,NA,NA,0,0,0,0,0,0,0,0,0,0,0,0,NA,NA,NA,0,0,0,0,0,0,0,NA,0,0,0,0,NA,0,0
00-0035659,T.McLaurin,Terry McLaurin,WR,WR,"https://static.www.nfl.com/image/upload/f_auto,q_auto/league/wokz1etv1wj1vhbmvxgs",2025,REG,WAS,4,0,0,0,0,0,0,0,0,0,0,0,0,NA,NA,0,NA,0,0,0,0,0,0,NA,0,13,21,203,1,0,0,326,35,11,8.587124383662193,0,0.6226993865030674,0.07216494845360824,0.1270955165692008,0.1972142842788529,0,0,0,0,0,0,0,0,0,0,0,0,0,0,0,0,0,0,0,0,0,0,1,5,0,0,0,0,0,0,0,0,NA,NA,0,0,0,0,0,0,0,0,0,0,0,0,NA,NA,NA,0,0,0,0,0,0,0,NA,0,0,0,0,NA,26.3,39.3
00-0035662,M.Brown,Marquise Brown,WR,WR,"https://static.www.nfl.com/image/upload/f_auto,q_auto/league/ixuddegcphzmvjn4jq6r",2025,REG,KC,11,0,0,0,0,0,0,0,0,0,0,0,0,NA,NA,0,NA,0,0,0,0,0,0,NA,0,39,58,439,4,1,0,573,138,23,21.189718696859785,0,0.7661431064572426,0.15025906735751296,0.17326882370728758,0.3466767776313707,0,1,0,0,0,0,0,0,0,0,0,0,0,0,0,0,0,0,0,0,0,0,1,15,0,0,0,0,0,0,0,0,NA,NA,0,0,0,0,0,0,0,0,0,0,0,0,NA,NA,NA,0,0,0,0,0,0,0,NA,0,0,0,0,NA,67.9,106.9
00-0035663,T.Rapp,Taylor Rapp,SAF,DB,"https://static.www.nfl.com/image/upload/f_auto,q_auto/league/olasn9vezmd1uvomkpws",2025,REG,BUF,6,0,0,0,0,0,0,0,0,0,0,0,0,NA,NA,0,NA,0,0,0,0,0,0,NA,0,0,0,0,0,0,0,0,0,0,NA,0,NA,0,0,0,0,17,0,9,0,0,0,0,0,0,0,0,0,0,0,0,0,0,0,0,0,0,0,0,0,0,0,0,0,0,0,0,NA,NA,0,0,0,0,0,0,0,0,0,0,0,0,NA,NA,NA,0,0,0,0,0,0,0,NA,0,0,0,0,NA,0,0
00-0035667,G.Gaines,Greg Gaines,DT,DL,"https://static.www.nfl.com/image/upload/f_auto,q_auto/league/zo3aqstf8ng4tju17tid",2025,REG,TB,8,0,0,0,0,0,0,0,0,0,0,0,0,NA,NA,0,NA,0,0,0,0,0,0,NA,0,0,0,0,0,0,0,0,0,0,NA,0,NA,0,0,0,0,6,0,4,1,8,0,1,8,1,0,0,0,0,0,0,0,0,0,0,0,0,1,15,0,0,0,0,0,0,0,0,NA,NA,0,0,0,0,0,0,0,0,0,0,0,0,NA,NA,NA,0,0,0,0,0,0,0,NA,0,0,0,0,NA,0,0
00-0035668,D.Edwards,David Edwards,G,OL,"https://static.www.nfl.com/image/upload/f_auto,q_auto/league/bqypawezfqwbjzic4qty",2025,REG,BUF,1,0,0,0,0,0,0,0,0,0,0,0,0,NA,NA,0,NA,0,0,0,0,0,0,NA,0,0,0,0,0,0,0,0,0,0,NA,0,NA,0,0,0,0,0,0,0,0,0,0,0,0,0,0,0,0,0,0,0,0,0,0,0,0,0,1,5,0,0,0,0,0,0,0,0,NA,NA,0,0,0,0,0,0,0,0,0,0,0,0,NA,NA,NA,0,0,0,0,0,0,0,NA,0,0,0,0,NA,0,0
00-0035669,N.Scott,Nick Scott,SAF,DB,"https://static.www.nfl.com/image/upload/f_auto,q_auto/league/cjfueipnys7gl5bby6gc",2025,REG,CAR,12,0,0,0,0,0,0,0,0,0,0,0,0,NA,NA,0,NA,0,0,0,0,0,0,NA,0,0,0,0,0,0,0,0,0,0,NA,0,NA,0,0,0,0,32,1,33,0,0,0,0,0,0,0,0,2,0,0,0,0,0,0,1,1,0,2,25,0,0,0,0,0,0,0,0,NA,NA,0,0,0,0,0,0,0,0,0,0,0,0,NA,NA,NA,0,0,0,0,0,0,0,NA,0,0,0,0,NA,0,0
00-0035672,C.Barton,Cody Barton,LB,LB,"https://static.www.nfl.com/image/upload/f_auto,q_auto/league/wbbjzgrgoi4nbgyqmjcs",2025,REG,TEN,11,0,0,0,0,0,0,0,0,0,0,0,0,NA,NA,0,NA,0,0,0,0,0,0,NA,0,0,0,0,0,0,0,0,0,0,NA,0,NA,0,0,0,0,28,2,30,3,20,0,1,11,1,3,25,7,1,0,0,0,0,0,0,0,0,0,0,0,0,0,0,0,0,0,0,NA,NA,0,0,0,0,0,0,0,0,0,0,0,0,NA,NA,NA,0,0,0,0,0,0,0,NA,0,0,0,0,NA,0,0
00-0035674,J.Tillery,Jerry Tillery,DT,DL,"https://static.www.nfl.com/image/upload/f_auto,q_auto/league/hyof95ttrz9czoqaxac7",2025,REG,KC,6,0,0,0,0,0,0,0,0,0,0,0,0,NA,NA,0,NA,0,0,0,0,0,0,NA,0,0,0,0,0,0,0,0,0,0,NA,0,NA,0,0,0,0,7,0,4,2,4,0,1,3,1,0,0,0,0,0,0,0,0,0,1,1,0,0,0,0,0,0,0,0,0,0,0,NA,NA,0,0,0,0,0,0,0,0,0,0,0,0,NA,NA,NA,0,0,0,0,0,0,0,NA,0,0,0,0,NA,0,0
00-0035676,A.Brown,A.J. Brown,WR,WR,"https://static.www.nfl.com/image/private/f_auto,q_auto/league/a014sgzctarbvhwb35lw",2025,REG,PHI,10,0,0,0,0,0,0,0,0,0,0,0,0,NA,NA,0,NA,0,0,0,0,0,0,NA,0,46,75,567,4,0,0,858,146,24,21.680539670355103,0,0.6608391608391608,0.25597269624573377,0.3100831225153596,0.6010172301293524,0,0,0,0,0,0,0,0,0,0,0,0,0,0,0,0,0,0,0,0,0,0,5,36,0,0,0,0,0,0,0,0,NA,NA,0,0,0,0,0,0,0,0,0,0,0,0,NA,NA,NA,0,0,0,0,0,0,0,NA,0,0,0,0,NA,80.7,126.7
00-0035678,D.Jones,Dre'Mont Jones,LB,LB,"https://static.www.nfl.com/image/upload/f_auto,q_auto/league/tfkjcyycf2wcwb87ddjw",2025,REG,BAL,12,0,0,0,0,0,0,0,0,0,0,0,0,NA,NA,0,NA,0,0,0,0,0,0,NA,0,0,0,0,0,0,0,0,0,0,NA,0,NA,0,0,0,0,15,1,15,6,36,0,6,39,15,0,0,1,0,0,0,0,0,0,1,1,0,2,8,0,0,0,0,0,0,0,0,NA,NA,0,0,0,0,0,0,0,0,0,0,0,0,NA,NA,NA,0,0,0,0,0,0,0,NA,0,0,0,0,NA,0,0
00-0035679,C.McGovern,Connor McGovern,C,OL,"https://static.www.nfl.com/image/upload/f_auto,q_auto/league/ahtkw1j1fygkhnbzv5ax",2025,REG,BUF,1,0,0,0,0,0,0,0,0,0,0,0,0,NA,NA,0,NA,0,0,0,0,0,0,NA,0,0,0,0,0,0,0,0,0,0,NA,0,NA,0,0,0,0,0,0,0,0,0,0,0,0,0,0,0,0,0,0,0,0,0,0,0,0,0,2,17,0,0,0,0,0,0,0,0,NA,NA,0,0,0,0,0,0,0,0,0,0,0,0,NA,NA,NA,0,0,0,0,0,0,0,NA,0,0,0,0,NA,0,0
00-0035680,Qu.Williams,Quincy Williams,LB,LB,"https://static.www.nfl.com/image/upload/f_auto,q_auto/league/ukxxxlah4iappss0ro9e",2025,REG,NYJ,7,0,0,0,0,0,0,0,0,0,0,0,0,NA,NA,0,NA,0,0,0,0,0,0,NA,0,0,0,0,0,0,0,0,0,0,NA,0,NA,0,0,0,0,24,1,19,6,33,0,2.5,21,4,0,0,4,0,0,0,0,0,0,0,0,0,1,15,0,0,0,0,0,0,0,0,NA,NA,0,0,0,0,0,0,0,0,0,0,0,0,NA,NA,NA,0,0,0,0,0,0,0,NA,0,0,0,0,NA,0,0
00-0035683,D.Lawrence,Dexter Lawrence,DT,DL,"https://static.www.nfl.com/image/upload/f_auto,q_auto/league/t204hku4pnzartvixi2m",2025,REG,NYG,12,0,0,0,0,0,0,0,0,0,0,0,0,NA,NA,0,NA,0,0,0,0,0,0,NA,0,0,0,0,0,0,0,0,0,0,NA,0,NA,0,0,0,0,9,1,14,2,2,0,0.5,3.5,7,1,37,3,0,0,0,0,0,0,0,0,0,2,10,0,0,0,0,0,0,0,0,NA,NA,0,0,0,0,0,0,0,0,0,0,0,0,NA,NA,NA,0,0,0,0,0,0,0,NA,0,0,0,0,NA,0,0
00-0035685,D.Montgomery,David Montgomery,RB,RB,"https://static.www.nfl.com/image/upload/f_auto,q_auto/league/xeb6fq4zimgkksq7uari",2025,REG,DET,11,1,1,3,1,0,0,0,0,0,3,0,1,1.373055194679182,49.4532585144043,0,1,115,511,5,1,1,25,-6.344550582114607,1,18,22,135,0,0,0,5,144,8,0.4958585714369299,0,27,0.06528189910979229,0.0022502250225022503,0.09949800618044001,0,0,0,0,0,0,0,0,0,0,0,0,0,0,0,0,0,0,0,0,0,0,0,0,0,0,0,0,0,0,0,0,NA,NA,0,0,0,0,0,0,0,0,0,0,0,0,NA,NA,NA,0,0,0,0,0,0,0,NA,0,0,0,0,NA,98.72000000000001,116.72000000000001
00-0035687,B.Okereke,Bobby Okereke,ILB,LB,"https://static.www.nfl.com/image/upload/f_auto,q_auto/league/q5gc9nwmikqcyza7m3ku",2025,REG,NYG,12,0,0,0,0,0,0,0,0,0,0,0,0,NA,NA,0,NA,0,0,0,0,0,0,NA,0,0,0,0,0,0,0,0,0,0,NA,0,NA,0,0,0,0,54,2,47,1,3,0,1,0,1,0,0,3,0,0,0,0,0,0,0,0,0,2,20,0,0,0,0,0,0,0,0,NA,NA,0,0,0,0,0,0,0,0,0,0,0,0,NA,NA,NA,0,0,0,0,0,0,0,NA,0,0,0,0,NA,0,0
00-0035688,T.Pipkins,Trey Pipkins,OT,OL,"https://static.www.nfl.com/image/upload/f_auto,q_auto/league/nhze2mywnxrcmwyck0x4",2025,REG,LAC,3,0,0,0,0,0,0,0,0,0,0,0,0,NA,NA,0,NA,0,0,0,0,0,0,NA,0,0,0,0,0,0,0,0,0,0,NA,0,NA,0,0,0,0,0,0,0,0,0,0,0,0,0,0,0,0,0,0,0,0,0,0,0,0,0,5,28,0,0,0,0,0,0,0,0,NA,NA,0,0,0,0,0,0,0,0,0,0,0,0,NA,NA,NA,0,0,0,0,0,0,0,NA,0,0,0,0,NA,0,0
00-0035689,D.Knox,Dawson Knox,TE,TE,"https://static.www.nfl.com/image/upload/f_auto,q_auto/league/mswln16dmfhi7m7pzh7q",2025,REG,BUF,10,0,0,0,0,0,0,0,0,0,0,0,0,NA,NA,0,NA,0,0,0,0,0,0,NA,0,16,25,195,1,0,0,200,77,9,3.6926927780441474,0,0.975,0.07716049382716049,0.07677543186180422,0.16948354304400368,0,1,0,0,0,0,0,0,0,0,0,0,0,0,0,0,0,0,0,0,0,0,1,10,0,0,0,0,0,0,0,0,NA,NA,0,0,0,0,0,0,0,0,0,0,0,0,NA,NA,NA,0,0,0,0,0,0,0,NA,0,0,0,0,NA,25.5,41.5
00-0035692,C.Ferrell,Clelin Ferrell,DE,DL,"https://static.www.nfl.com/image/upload/f_auto,q_auto/league/rskwfp5ry0pabky8h4qs",2025,REG,SF,4,0,0,0,0,0,0,0,0,0,0,0,0,NA,NA,0,NA,0,0,0,0,0,0,NA,0,0,0,0,0,0,0,0,0,0,NA,0,NA,0,0,0,0,3,0,3,2,13,0,2,13,2,0,0,0,0,0,0,0,0,0,0,0,0,1,5,0,0,0,0,0,0,0,0,NA,NA,0,0,0,0,0,0,0,0,0,0,0,0,NA,NA,NA,0,0,0,0,0,0,0,NA,0,0,0,0,NA,0,0
00-0035697,G.Pratt,Germaine Pratt,LB,LB,"https://static.www.nfl.com/image/upload/f_auto,q_auto/league/genaletbuldhonkf0zlc",2025,REG,IND,10,0,0,0,0,0,0,0,0,0,0,0,0,NA,NA,0,NA,0,0,0,0,0,0,NA,0,0,0,0,0,0,0,0,0,0,NA,0,NA,0,0,0,0,43,1,38,5,17,0,0,0,0,0,0,5,0,0,0,0,0,0,1,1,0,1,5,0,0,0,0,0,0,0,0,NA,NA,0,0,0,0,0,0,0,0,0,0,0,0,NA,NA,NA,0,0,0,0,0,0,0,NA,0,0,0,0,NA,0,0
00-0035698,C.Edoga,Chuma Edoga,OT,OL,"https://static.www.nfl.com/image/upload/f_auto,q_auto/league/cjz3anx4ehf8eny1p11v",2025,REG,JAX,3,0,0,0,0,0,0,0,0,0,0,0,0,NA,NA,0,NA,0,0,0,0,0,0,NA,0,0,0,0,0,0,0,0,0,0,NA,0,NA,0,0,0,0,0,0,0,0,0,0,0,0,0,0,0,0,0,0,0,0,0,0,0,0,0,4,25,0,0,0,0,0,0,0,0,NA,NA,0,0,0,0,0,0,0,0,0,0,0,0,NA,NA,NA,0,0,0,0,0,0,0,NA,0,0,0,0,NA,0,0
00-0035699,J.Dean,Jamel Dean,CB,DB,"https://static.www.nfl.com/image/private/f_auto,q_auto/league/s0k1zs9nyl2cqsjwf5cs",2025,REG,TB,8,0,0,0,0,0,0,0,0,0,0,0,0,NA,NA,0,NA,0,0,0,0,0,0,NA,0,0,0,0,0,0,0,0,0,0,NA,0,NA,0,0,0,0,24,0,4,1,5,2,1,8,2,3,74,6,1,0,0,0,0,0,0,0,0,3,35,0,0,0,0,0,0,0,0,NA,NA,0,0,0,0,0,0,0,0,0,0,0,0,NA,NA,NA,0,0,0,0,0,0,0,NA,0,0,0,0,NA,0,0
00-0035700,J.Jacobs,Josh Jacobs,RB,RB,"https://static.www.nfl.com/image/upload/f_auto,q_auto/league/drtobqw2mk7yw3edjgwo",2025,REG,GB,10,0,0,0,0,0,0,0,0,0,0,0,0,NA,NA,0,NA,169,648,11,2,1,42,-1.2207006305306543,0,28,35,237,0,0,0,-49,269,7,8.55941380126751,0,-4.836734693877551,0.11182108626198083,-0.0181953212031192,0.1549949045507878,0,0,0,0,0,0,0,0,0,0,0,0,0,0,0,0,0,1,1,0,0,0,1,5,0,0,0,0,0,0,0,0,NA,NA,0,0,0,0,0,0,0,0,0,0,0,0,NA,NA,NA,0,0,0,0,0,0,0,NA,0,0,0,0,NA,152.5,180.5
00-0035702,D.Risner,Dalton Risner,G,OL,"https://static.www.nfl.com/image/upload/f_auto,q_auto/league/zjxm9sjrgpebfesh1b0h",2025,REG,CIN,1,0,0,0,0,0,0,0,0,0,0,0,0,NA,NA,0,NA,0,0,0,0,0,0,NA,0,0,0,0,0,0,0,0,0,0,NA,0,NA,0,0,0,0,0,0,0,0,0,0,0,0,0,0,0,0,0,0,0,0,0,0,0,0,0,1,4,0,0,0,0,0,0,0,0,NA,NA,0,0,0,0,0,0,0,0,0,0,0,0,NA,NA,NA,0,0,0,0,0,0,0,NA,0,0,0,0,NA,0,0
00-0035704,D.Lock,Drew Lock,QB,QB,"https://static.www.nfl.com/image/upload/f_auto,q_auto/league/e0xz0hu8s0lpbwlr0bzj",2025,REG,SEA,2,2,3,15,0,0,0,0,0,0,5,16,1,-0.8927228087559342,-14.289780457814533,0,3,5,-5,0,1,0,1,-0.45176620164420456,0,0,0,0,0,0,0,0,0,0,NA,0,NA,0,0,0,0,0,0,0,0,0,0,0,0,0,0,0,0,0,0,0,0,1,1,0,0,0,0,0,0,0,0,0,0,0,0,0,NA,NA,0,0,0,0,0,0,0,0,0,0,0,0,NA,NA,NA,0,0,0,0,0,0,0,NA,0,0,0,0,NA,0.09999999999999998,0.09999999999999998
00-0035705,J.Thompson,Jalen Thompson,SAF,DB,"https://static.www.nfl.com/image/upload/f_auto,q_auto/league/gbb1sb2kkjlihuax2cud",2025,REG,ARI,11,0,0,0,0,0,0,0,0,0,0,0,0,NA,NA,0,NA,0,0,0,0,0,0,NA,0,0,0,0,0,0,0,0,0,0,NA,0,NA,0,0,0,0,42,1,28,2,6,1,1,5,0,0,0,4,0,0,0,0,0,0,0,0,0,1,5,0,0,0,0,0,0,0,0,NA,NA,0,0,0,0,0,0,0,0,0,0,0,0,NA,NA,NA,0,0,0,0,0,0,0,NA,0,0,0,0,NA,0,0
00-0035707,D.White,Devin White,LB,LB,"https://static.www.nfl.com/image/upload/f_auto,q_auto/league/oqv87a7jn67zgnlplnbp",2025,REG,LV,11,0,0,0,0,0,0,0,0,0,0,0,0,NA,NA,0,NA,0,0,0,0,0,0,NA,0,0,0,0,0,0,0,0,0,0,NA,0,NA,0,0,0,0,52,5,46,8,22,1,1,10,4,1,0,2,0,0,0,0,0,0,0,0,0,2,20,0,0,0,0,0,0,0,0,NA,NA,0,0,0,0,0,0,0,0,0,0,0,0,NA,NA,NA,0,0,0,0,0,0,0,NA,0,0,0,0,NA,0,0
00-0035710,D.Jones,Daniel Jones,QB,QB,"https://static.www.nfl.com/image/upload/f_auto,q_auto/league/nhuiypfjzpkisxllinyv",2025,REG,IND,11,242,350,2840,17,7,21,-152,6,3,2814,1270,137,65.8832564214506,3.045112995807731,1,1.0092395167022032,43,159,5,1,0,20,16.920585731001047,0,0,0,0,0,0,0,0,0,0,NA,0,NA,0,0,0,0,1,0,0,0,0,0,0,0,0,0,0,0,0,0,0,0,2,2,0,0,0,0,0,0,0,0,0,0,0,0,0,NA,NA,0,0,0,0,0,0,0,0,0,0,0,0,NA,NA,NA,0,0,0,0,0,0,0,NA,0,0,0,0,NA,209.50000000000003,209.50000000000003
00-0035713,B.Burns,Brian Burns,LB,LB,"https://static.www.nfl.com/image/upload/f_auto,q_auto/league/glmrmpqkmsc0jiyicmlg",2025,REG,NYG,12,0,0,0,0,0,0,0,0,0,0,0,0,NA,NA,0,NA,0,0,0,0,0,0,NA,0,0,0,0,0,0,0,0,0,0,NA,0,NA,0,0,0,0,34,0,20,17,113,2,13,106,21,0,0,7,0,0,0,0,0,0,0,0,0,1,5,0,0,0,0,0,0,0,0,NA,NA,0,0,0,0,0,0,0,0,0,0,0,0,NA,NA,NA,0,0,0,0,0,0,0,NA,0,0,0,0,NA,0,0
00-0035717,N.Bosa,Nick Bosa,DE,DL,"https://static.www.nfl.com/image/upload/f_auto,q_auto/league/d41bo71xbojqb4picswi",2025,REG,SF,3,0,0,0,0,0,0,0,0,0,0,0,0,NA,NA,0,NA,0,0,0,0,0,0,NA,0,0,0,0,0,0,0,0,0,0,NA,0,NA,0,0,0,0,9,0,8,4,20,2,2,9,3,0,0,0,0,0,0,0,0,0,1,1,0,0,0,0,0,0,0,0,0,0,0,NA,NA,0,0,0,0,0,0,0,0,0,0,0,0,NA,NA,NA,0,0,0,0,0,0,0,NA,0,0,0,0,NA,0,0
00-0035718,Q.Williams,Quinnen Williams,DT,DL,"https://static.www.nfl.com/image/upload/f_auto,q_auto/league/iag4dppbwkghvogebnpc",2025,REG,DAL,10,0,0,0,0,0,0,0,0,0,0,0,0,NA,NA,0,NA,0,0,0,0,0,0,NA,0,0,0,0,0,0,0,0,0,0,NA,0,NA,0,0,0,0,18,1,18,9,29,3,2.5,15.5,9,0,0,0,0,0,0,0,0,0,0,0,0,3,25,0,0,0,0,0,0,0,0,NA,NA,0,0,0,0,0,0,0,0,0,0,0,0,NA,NA,NA,0,0,0,0,0,0,0,NA,0,0,0,0,NA,0,0
00-0035719,D.Samuel,Deebo Samuel Sr.,WR,WR,"https://static.www.nfl.com/image/upload/f_auto,q_auto/league/ntgyhqg6hq7fanhhsqiw",2025,REG,WAS,10,0,0,0,0,0,0,0,0,0,0,0,0,NA,NA,0,NA,11,52,1,0,0,3,2.2694088837015443,0,53,68,470,5,1,0,367,294,19,16.056353682965504,0,1.2806539509536785,0.23367697594501718,0.14307992202729045,0.4506714093366291,0,2,0,0,0,0,0,0,0,0,0,0,0,0,0,0,0,1,1,0,0,0,1,10,0,0,7,251,0,0,0,0,NA,NA,0,0,0,0,0,0,0,0,0,0,0,0,NA,NA,NA,0,0,0,0,0,0,0,NA,0,0,0,0,NA,88.2,141.2
00-0035726,J.Johnson,Jakob Johnson,RB,RB,"https://static.www.nfl.com/image/upload/f_auto,q_auto/league/awuzhbfuubbmxzxxdtsb",2025,REG,HOU,2,0,0,0,0,0,0,0,0,0,0,0,0,NA,NA,0,NA,0,0,0,0,0,0,NA,0,0,0,0,0,0,0,0,0,0,NA,0,NA,0,0,0,0,1,0,0,0,0,0,0,0,0,0,0,0,0,0,0,0,0,0,0,0,0,0,0,0,0,0,0,0,0,0,0,NA,NA,0,0,0,0,0,0,0,0,0,0,0,0,NA,NA,NA,0,0,0,0,0,0,0,NA,0,0,0,0,NA,0,0
00-0035743,B.Toth,Brett Toth,G,OL,"https://static.www.nfl.com/image/upload/f_auto,q_auto/league/zizzehbd7dm27rhfeu0d",2025,REG,PHI,3,0,0,0,0,0,0,0,0,0,0,0,0,NA,NA,0,NA,0,0,0,0,0,0,NA,0,0,0,0,0,0,0,0,0,0,NA,0,NA,0,0,0,0,0,0,0,0,0,0,0,0,0,0,0,0,0,0,0,0,0,0,0,0,0,3,25,0,0,0,0,0,0,0,0,NA,NA,0,0,0,0,0,0,0,0,0,0,0,0,NA,NA,NA,0,0,0,0,0,0,0,NA,0,0,0,0,NA,0,0
00-0035757,J.Bobenmoyer,Jacob Bobenmoyer,LS,SPEC,"https://static.www.nfl.com/image/upload/f_auto,q_auto/league/cjpwsinxkggwwfhaahga",2025,REG,LV,4,0,0,0,0,0,0,0,0,0,0,0,0,NA,NA,0,NA,0,0,0,0,0,0,NA,0,0,0,0,0,0,0,0,0,0,NA,0,NA,0,0,0,0,1,0,3,0,0,0,0,0,0,0,0,0,0,0,0,0,0,0,0,0,0,0,0,0,0,0,0,0,0,0,0,NA,NA,0,0,0,0,0,0,0,0,0,0,0,0,NA,NA,NA,0,0,0,0,0,0,0,NA,0,0,0,0,NA,0,0
00-0035763,M.Roach,Malcolm Roach,DT,DL,"https://static.www.nfl.com/image/upload/f_auto,q_auto/league/oxcd8veodm7hkiualglu",2025,REG,DEN,6,0,0,0,0,0,0,0,0,0,0,0,0,NA,NA,0,NA,0,0,0,0,0,0,NA,0,0,0,0,0,0,0,0,0,0,NA,0,NA,0,0,0,0,6,0,15,0,0,0,2,2,3,0,0,0,0,0,0,0,0,0,0,0,0,1,12,0,0,0,0,0,0,0,0,NA,NA,0,0,0,0,0,0,0,0,0,0,0,0,NA,NA,NA,0,0,0,0,0,0,0,NA,0,0,0,0,NA,0,0
00-0035795,J.Pierre,James Pierre,CB,DB,"https://static.www.nfl.com/image/upload/f_auto,q_auto/league/zasdorlctouussgqzvwm",2025,REG,PIT,7,0,0,0,0,0,0,0,0,0,0,0,0,NA,NA,0,NA,0,0,0,0,0,0,NA,0,0,0,0,0,0,0,0,0,0,NA,0,NA,0,0,0,0,8,0,12,1,2,0,0,0,0,0,0,9,0,0,0,0,0,0,1,1,1,0,0,0,0,0,0,0,0,0,0,NA,NA,0,0,0,0,0,0,0,0,0,0,0,0,NA,NA,NA,0,0,0,0,0,0,0,NA,0,0,0,0,NA,0,0
00-0035821,C.Waitman,Corliss Waitman,P,SPEC,"https://static.www.nfl.com/image/upload/f_auto,q_auto/league/ob1q154g57ksxc5iskbw",2025,REG,PIT,11,0,0,0,0,0,0,0,0,0,0,0,0,NA,NA,0,NA,0,0,0,0,0,0,NA,0,0,0,0,0,0,0,0,0,0,NA,0,NA,0,0,0,0,0,0,0,0,0,0,0,0,0,0,0,0,0,0,0,0,0,0,0,0,0,0,0,0,0,0,0,0,0,0,0,NA,NA,0,0,0,0,0,0,0,0,0,0,0,0,NA,NA,NA,0,0,0,0,0,0,0,NA,0,0,0,0,NA,0,0
00-0035827,R.Matiscik,Ross Matiscik,LS,SPEC,"https://static.www.nfl.com/image/upload/f_auto,q_auto/league/peerx3z23y51k34wfqps",2025,REG,JAX,2,0,0,0,0,0,0,0,0,0,0,0,0,NA,NA,0,NA,0,0,0,0,0,0,NA,0,0,0,0,0,0,0,0,0,0,NA,0,NA,0,0,0,0,1,0,1,0,0,0,0,0,0,0,0,0,0,0,0,0,0,0,0,0,0,0,0,0,0,0,0,0,0,0,0,NA,NA,0,0,0,0,0,0,0,0,0,0,0,0,NA,NA,NA,0,0,0,0,0,0,0,NA,0,0,0,0,NA,0,0
00-0035841,B.Jones,Benito Jones,DT,DL,"https://static.www.nfl.com/image/upload/f_auto,q_auto/league/mjruxqws2pnnpe4e0u2r",2025,REG,MIA,7,0,0,0,0,0,0,0,0,0,0,0,0,NA,NA,0,NA,0,0,0,0,0,0,NA,0,0,0,0,0,0,0,0,0,0,NA,0,NA,0,0,0,0,5,1,6,2,11,0,1,10,1,0,0,0,0,0,0,0,0,0,0,0,0,2,10,0,0,0,0,0,0,0,0,NA,NA,0,0,0,0,0,0,0,0,0,0,0,0,NA,NA,NA,0,0,0,0,0,0,0,NA,0,0,0,0,NA,0,0
00-0035857,Ch.Williams,Chris Williams,DL,DL,"https://static.www.nfl.com/image/upload/f_auto,q_auto/league/bbjvbvpdww9kquh969zh",2025,REG,CHI,7,0,0,0,0,0,0,0,0,0,0,0,0,NA,NA,0,NA,0,0,0,0,0,0,NA,0,0,0,0,0,0,0,0,0,0,NA,0,NA,0,0,0,0,4,0,5,0,0,0,1,0,2,0,0,0,0,0,0,0,0,0,0,0,0,0,0,0,0,0,0,0,0,0,0,NA,NA,0,0,0,0,0,0,0,0,0,0,0,0,NA,NA,NA,0,0,0,0,0,0,0,NA,0,0,0,0,NA,0,0
00-0035859,B.Gillikin,Blake Gillikin,P,SPEC,"https://static.www.nfl.com/image/upload/f_auto,q_auto/league/idkikmdoy9mz7fw2dgl0",2025,REG,ARI,5,0,0,0,0,0,0,0,0,0,0,0,0,NA,NA,0,NA,0,0,0,0,0,0,NA,0,0,0,0,0,0,0,0,0,0,NA,0,NA,0,0,0,0,0,0,0,0,0,0,0,0,0,0,0,0,0,0,0,0,0,0,0,0,0,0,0,0,0,0,0,0,0,0,0,NA,NA,0,0,0,0,0,0,0,0,0,0,0,0,NA,NA,NA,0,0,0,0,0,0,0,NA,0,0,0,0,NA,0,0
00-0035876,A.Baccellia,Andre Baccellia,WR,WR,"https://static.www.nfl.com/image/upload/f_auto,q_auto/league/uaqykjil87rj71rkyz70",2025,REG,ARI,1,0,0,0,0,0,0,0,0,0,0,0,0,NA,NA,0,NA,0,0,0,0,0,0,NA,0,1,1,5,0,0,0,5,0,0,-0.014267234364524484,0,1,0.0024630541871921183,0.0016672224074691564,0.004861636966016587,0,0,0,0,0,0,0,0,0,0,0,0,0,0,0,0,0,0,0,0,0,0,0,0,0,0,3,74,0,0,0,0,NA,NA,0,0,0,0,0,0,0,0,0,0,0,0,NA,NA,NA,0,0,0,0,0,0,0,NA,0,0,0,0,NA,0.5,1.5
00-0035889,T.Townsend,Tommy Townsend,P,SPEC,"https://static.www.nfl.com/image/upload/f_auto,q_auto/league/ct2iphnvz4vl1tdy5wym",2025,REG,HOU,11,0,0,0,0,0,0,0,0,0,0,0,0,NA,NA,0,NA,0,0,0,0,0,0,NA,0,0,0,0,0,0,0,0,0,0,NA,0,NA,0,0,0,0,0,0,0,0,0,0,0,0,0,0,0,0,0,0,0,0,0,0,0,0,0,0,0,0,0,0,0,0,0,0,0,NA,NA,0,0,0,0,0,0,0,0,0,0,0,0,NA,NA,NA,0,0,0,0,0,0,0,NA,0,0,0,0,NA,0,0
00-0035890,T.Wharton,Tershawn Wharton,DE,DL,"https://static.www.nfl.com/image/upload/f_auto,q_auto/league/mj9xqaj2jvv5unjgxomd",2025,REG,CAR,8,0,0,0,0,0,0,0,0,0,0,0,0,NA,NA,0,NA,0,0,0,0,0,0,NA,0,0,0,0,0,0,0,0,0,0,NA,0,NA,0,0,0,0,10,1,24,2,9,0,2,8,3,0,0,1,0,0,0,0,0,0,0,0,0,1,5,0,0,0,0,0,0,0,0,NA,NA,0,0,0,0,0,0,0,0,0,0,0,0,NA,NA,NA,0,0,0,0,0,0,0,NA,0,0,0,0,NA,0,0
00-0035891,C.White,Cody White,WR,WR,"https://static.www.nfl.com/image/upload/f_auto,q_auto/league/tt9wl5yecg6zcnfnledb",2025,REG,SEA,5,0,0,0,0,0,0,0,0,0,0,0,0,NA,NA,0,NA,0,0,0,0,0,0,NA,0,1,2,60,1,0,0,25,42,1,1.2171209492953494,0,2.4,0.006993006993006993,0.009259259259259259,0.016970991970991972,0,3,0,2,0,0,0,0,0,0,0,0,0,0,0,0,0,0,0,0,0,0,0,0,0,0,4,106,0,0,0,0,NA,NA,0,0,0,0,0,0,0,0,0,0,0,0,NA,NA,NA,0,0,0,0,0,0,0,NA,0,0,0,0,NA,12,13
00-0035895,J.Bachie,Joe Bachie,LB,LB,"https://static.www.nfl.com/image/upload/f_auto,q_auto/league/jystq5jdj84wi0pwqzbi",2025,REG,TEN,7,0,0,0,0,0,0,0,0,0,0,0,0,NA,NA,0,NA,0,0,0,0,0,0,NA,0,0,0,0,0,0,0,0,0,0,NA,0,NA,0,0,0,0,12,0,15,0,0,0,0,0,0,0,0,1,0,0,0,0,0,0,0,0,0,3,35,0,0,0,0,0,0,0,0,NA,NA,0,0,0,0,0,0,0,0,0,0,0,0,NA,NA,NA,0,0,0,0,0,0,0,NA,0,0,0,0,NA,0,0
00-0035933,M.Hoecht,Michael Hoecht,LB,LB,"https://static.www.nfl.com/image/upload/f_auto,q_auto/league/zpg40jv0kwikhxtmcfsi",2025,REG,BUF,2,0,0,0,0,0,0,0,0,0,0,0,0,NA,NA,0,NA,0,0,0,0,0,0,NA,0,0,0,0,0,0,0,0,0,0,NA,0,NA,0,0,0,0,2,0,3,1,4,1,2,10.5,2,0,0,0,0,0,0,0,0,0,0,0,0,1,15,0,0,0,0,0,0,0,0,NA,NA,0,0,0,0,0,0,0,0,0,0,0,0,NA,NA,NA,0,0,0,0,0,0,0,NA,0,0,0,0,NA,0,0
00-0035942,C.Rozeboom,Christian Rozeboom,LB,LB,"https://static.www.nfl.com/image/upload/f_auto,q_auto/league/kobbnik0wg5amqr1imnr",2025,REG,CAR,11,0,0,0,0,0,0,0,0,0,0,0,0,NA,NA,0,NA,0,0,0,0,0,0,NA,0,0,0,0,0,0,0,0,0,0,NA,0,NA,0,0,0,0,40,3,48,5,9,1,0,0,0,0,0,1,0,0,0,0,0,0,0,0,0,1,15,0,0,0,0,0,0,0,0,NA,NA,0,0,0,0,0,0,0,0,0,0,0,0,NA,NA,NA,0,0,0,0,0,0,0,NA,0,0,0,0,NA,0,0
00-0035944,J.Williams,Jonah Williams,DE,DL,"https://static.www.nfl.com/image/upload/f_auto,q_auto/league/d5yxodbic254mvmcqvel",2025,REG,NO,5,0,0,0,0,0,0,0,0,0,0,0,0,NA,NA,0,NA,0,0,0,0,0,0,NA,0,0,0,0,0,0,0,0,0,0,NA,0,NA,0,0,0,0,1,1,3,2,11,0,1,6,3,0,0,0,0,0,0,0,0,0,0,0,0,1,15,0,0,0,0,0,0,0,0,NA,NA,0,0,0,0,0,0,0,0,0,0,0,0,NA,NA,NA,0,0,0,0,0,0,0,NA,0,0,0,0,NA,0,0
00-0035961,K.Barnes,Krys Barnes,LB,LB,"https://static.www.nfl.com/image/upload/f_auto,q_auto/league/xgq5wwfuk5s2frsx0ha0",2025,REG,CAR,2,0,0,0,0,0,0,0,0,0,0,0,0,NA,NA,0,NA,0,0,0,0,0,0,NA,0,0,0,0,0,0,0,0,0,0,NA,0,NA,0,0,0,0,3,0,9,0,0,0,0,0,0,0,0,0,0,0,0,0,0,0,0,0,0,0,0,0,0,0,0,0,0,0,0,NA,NA,0,0,0,0,0,0,0,0,0,0,0,0,NA,NA,NA,0,0,0,0,0,0,0,NA,0,0,0,0,NA,0,0
00-0035993,T.Huntley,Tyler Huntley,QB,QB,"https://static.www.nfl.com/image/upload/f_auto,q_auto/league/zqrzxwprqfsh4t4aa8lk",2025,REG,BAL,2,27,37,254,1,0,6,-31,0,0,295,77,11,-1.9402209733646707,10.970359402043481,0,0.8610169491525423,11,92,0,0,0,7,9.025840296817478,0,0,0,0,0,0,0,0,0,0,NA,0,NA,0,0,0,0,0,0,0,0,0,0,0,0,0,0,0,0,0,0,0,0,0,0,0,0,0,0,0,0,0,0,0,0,0,0,0,NA,NA,0,0,0,0,0,0,0,0,0,0,0,0,NA,NA,NA,0,0,0,0,0,0,0,NA,0,0,0,0,NA,23.36,23.36
00-0036036,T.Steele,Terence Steele,OT,OL,"https://static.www.nfl.com/image/upload/f_auto,q_auto/league/ezmoh6joqsserp3ogcqc",2025,REG,DAL,2,0,0,0,0,0,0,0,0,0,0,0,0,NA,NA,0,NA,0,0,0,0,0,0,NA,0,0,0,0,0,0,0,0,0,0,NA,0,NA,0,0,0,0,0,0,0,0,0,0,0,0,0,0,0,0,0,0,0,0,0,0,0,0,0,2,20,0,0,0,0,0,0,0,0,NA,NA,0,0,0,0,0,0,0,0,0,0,0,0,NA,NA,NA,0,0,0,0,0,0,0,NA,0,0,0,0,NA,0,0
00-0036037,S.Franklin,Sam Franklin Jr.,SAF,DB,"https://static.www.nfl.com/image/upload/f_auto,q_auto/league/djoisg0rjwm8t8dlskvn",2025,REG,BUF,8,0,0,0,0,0,0,0,0,0,0,0,0,NA,NA,0,NA,0,0,0,0,0,0,NA,0,0,0,0,0,0,0,0,0,0,NA,0,NA,0,0,0,0,7,0,2,0,0,0,0,0,0,0,0,0,0,0,0,0,0,0,0,0,0,2,25,0,0,0,0,0,0,0,0,NA,NA,0,0,0,0,0,0,0,0,0,0,0,0,NA,NA,NA,0,0,0,0,0,0,0,NA,0,0,0,0,NA,0,0
00-0036040,J.Johnson,Juwan Johnson,TE,TE,"https://static.www.nfl.com/image/upload/f_auto,q_auto/league/wuyyzdqkh5fve8t7kfuv",2025,REG,NO,11,0,0,0,0,0,0,0,0,0,0,0,0,NA,NA,0,NA,0,0,0,0,0,0,NA,0,49,67,537,3,1,1,496,234,26,19.251975600384526,0,1.0826612903225807,0.18010752688172044,0.1596909207984546,0.38194493488149883,0,0,0,0,0,0,0,0,0,0,0,0,0,0,0,0,0,0,0,0,0,0,1,5,0,0,0,0,0,0,0,0,NA,NA,0,0,0,0,0,0,0,0,0,0,0,0,NA,NA,NA,0,0,0,0,0,0,0,NA,0,0,0,0,NA,69.7,118.7
00-0036081,B.Washington,Broderick Washington,DT,DL,"https://static.www.nfl.com/image/upload/f_auto,q_auto/league/p5tkzkh6v2hda70lwojk",2025,REG,BAL,2,0,0,0,0,0,0,0,0,0,0,0,0,NA,NA,0,NA,0,0,0,0,0,0,NA,0,0,0,0,0,0,0,0,0,0,NA,0,NA,0,0,0,0,1,0,3,0,0,0,0,0,0,0,0,1,0,0,0,0,0,0,0,0,0,0,0,0,0,0,0,0,0,0,0,NA,NA,0,0,0,0,0,0,0,0,0,0,0,0,NA,NA,NA,0,0,0,0,0,0,0,NA,0,0,0,0,NA,0,0
00-0036087,M.Bryant,Myles Bryant,CB,DB,"https://static.www.nfl.com/image/upload/f_auto,q_auto/league/mslszzwcbmt6hafvvu7r",2025,REG,HOU,3,0,0,0,0,0,0,0,0,0,0,0,0,NA,NA,0,NA,0,0,0,0,0,0,NA,0,0,0,0,0,0,0,0,0,0,NA,0,NA,0,0,0,0,9,0,8,1,3,0,0,0,0,0,0,0,0,0,0,0,0,0,0,0,0,0,0,0,0,0,0,0,0,0,0,NA,NA,0,0,0,0,0,0,0,0,0,0,0,0,NA,NA,NA,0,0,0,0,0,0,0,NA,0,0,0,0,NA,0,0
00-0036123,B.Walton,Brandon Walton,OT,OL,"https://static.www.nfl.com/image/upload/f_auto,q_auto/league/lc7g4r7lftzp99vwtvqv",2025,REG,CAR,1,0,0,0,0,0,0,0,0,0,0,0,0,NA,NA,0,NA,0,0,0,0,0,0,NA,0,0,0,0,0,0,0,0,0,0,NA,0,NA,0,0,0,0,0,0,0,0,0,0,0,0,0,0,0,0,0,0,0,0,0,0,0,0,0,1,0,0,0,0,0,0,0,0,0,NA,NA,0,0,0,0,0,0,0,0,0,0,0,0,NA,NA,NA,0,0,0,0,0,0,0,NA,0,0,0,0,NA,0,0
00-0036124,K.Dorsey,Khalil Dorsey,CB,DB,"https://static.www.nfl.com/image/upload/f_auto,q_auto/league/wmeizkmh4vdsbkf4uclw",2025,REG,DET,4,0,0,0,0,0,0,0,0,0,0,0,0,NA,NA,0,NA,0,0,0,0,0,0,NA,0,0,0,0,0,0,0,0,0,0,NA,0,NA,0,0,0,0,4,0,0,0,0,0,0,0,0,0,0,0,0,0,0,0,0,0,0,0,0,0,0,0,0,0,0,0,0,0,0,NA,NA,0,0,0,0,0,0,0,0,0,0,0,0,NA,NA,NA,0,0,0,0,0,0,0,NA,0,0,0,0,NA,0,0
00-0036130,N.Madubuike,Nnamdi Madubuike,DT,DL,"https://static.www.nfl.com/image/upload/f_auto,q_auto/league/zvqf4b2ks5pwfkzynt5d",2025,REG,BAL,2,0,0,0,0,0,0,0,0,0,0,0,0,NA,NA,0,NA,0,0,0,0,0,0,NA,0,0,0,0,0,0,0,0,0,0,NA,0,NA,0,0,0,0,5,0,2,2,12,0,2,12,3,0,0,0,0,0,0,0,0,0,0,0,0,1,5,0,0,0,0,0,0,0,0,NA,NA,0,0,0,0,0,0,0,0,0,0,0,0,NA,NA,NA,0,0,0,0,0,0,0,NA,0,0,0,0,NA,0,0
00-0036132,B.Bredeson,Ben Bredeson,G,OL,"https://static.www.nfl.com/image/upload/f_auto,q_auto/league/i5wt8frcymm1gjbwhlzy",2025,REG,TB,2,0,0,0,0,0,0,0,0,0,0,0,0,NA,NA,0,NA,0,0,0,0,0,0,NA,0,0,0,0,0,0,0,0,0,0,NA,0,NA,0,0,0,0,0,0,0,0,0,0,0,0,0,0,0,0,0,0,0,0,0,0,0,0,0,3,20,0,0,0,0,0,0,0,0,NA,NA,0,0,0,0,0,0,0,0,0,0,0,0,NA,NA,NA,0,0,0,0,0,0,0,NA,0,0,0,0,NA,0,0
00-0036133,J.Proche,James Proche,WR,WR,"https://static.www.nfl.com/image/upload/f_auto,q_auto/league/s1jyxzrzgn2od1sempye",2025,REG,TEN,1,0,0,0,0,0,0,0,0,0,0,0,0,NA,NA,0,NA,0,0,0,0,0,0,NA,0,3,3,42,0,0,0,40,2,2,4.95666008075932,0,1.05,0.008620689655172414,0.014503263234227702,0.023083318746718012,0,0,0,0,0,0,0,0,0,0,0,0,0,0,0,0,0,0,0,0,0,0,0,0,0,0,0,0,0,0,0,0,NA,NA,0,0,0,0,0,0,0,0,0,0,0,0,NA,NA,NA,0,0,0,0,0,0,0,NA,0,0,0,0,NA,4.2,7.2
00-0036139,R.Dowdle,Rico Dowdle,RB,RB,"https://static.www.nfl.com/image/upload/f_auto,q_auto/league/cvnrzndsiaojvvxz8vo5",2025,REG,CAR,12,0,0,0,0,0,0,0,0,0,0,0,0,NA,NA,0,NA,174,871,5,0,0,43,11.026371551297247,0,27,34,233,1,0,0,-29,260,12,2.1562866714498967,0,-8.03448275862069,0.09497206703910614,-0.011426319936958234,0.13445967660278843,0,3,0,0,0,0,0,0,0,0,0,0,0,0,0,0,0,1,1,0,0,0,3,33,0,0,7,174,0,0,0,0,NA,NA,0,0,0,0,0,0,0,0,0,0,0,0,NA,NA,NA,0,0,0,0,0,0,0,NA,0,0,0,0,NA,146.4,173.4
00-0036151,B.Huff,Bryce Huff,DE,DL,"https://static.www.nfl.com/image/upload/f_auto,q_auto/league/pminx3vvyt9laihkxk55",2025,REG,SF,10,0,0,0,0,0,0,0,0,0,0,0,0,NA,NA,0,NA,0,0,0,0,0,0,NA,0,0,0,0,0,0,0,0,0,0,NA,0,NA,0,0,0,0,11,1,9,6,43,2,4,31,13,0,0,1,0,0,0,0,0,0,0,0,0,1,5,0,0,0,0,0,0,0,0,NA,NA,0,0,0,0,0,0,0,0,0,0,0,0,NA,NA,NA,0,0,0,0,0,0,0,NA,0,0,0,0,NA,0,0
00-0036157,K.Welch,Kristian Welch,LB,LB,"https://static.www.nfl.com/image/upload/f_auto,q_auto/league/ctdrib67gqytr9v2bnpn",2025,REG,GB,1,0,0,0,0,0,0,0,0,0,0,0,0,NA,NA,0,NA,0,0,0,0,0,0,NA,0,0,0,0,0,0,0,0,0,0,NA,0,NA,0,0,0,0,0,0,1,0,0,0,0,0,0,0,0,0,0,0,0,0,0,0,0,0,0,0,0,0,0,0,0,0,0,0,0,NA,NA,0,0,0,0,0,0,0,0,0,0,0,0,NA,NA,NA,0,0,0,0,0,0,0,NA,0,0,0,0,NA,0,0
00-0036158,J.Dobbins,J.K. Dobbins,RB,RB,"https://static.www.nfl.com/image/upload/f_auto,q_auto/league/cevotvl3ho5h1mioruyg",2025,REG,DEN,10,0,0,0,0,0,0,0,0,0,0,0,0,NA,NA,0,NA,153,772,4,0,0,38,4.184236817905912,0,11,14,37,0,0,0,-30,56,0,-4.985711282643024,0,-1.2333333333333334,0.03814713896457766,-0.00974342318934719,0.05040031221432345,0,0,0,0,0,0,0,0,0,0,0,0,0,0,0,0,0,0,0,0,0,0,1,5,0,0,0,0,0,0,0,0,NA,NA,0,0,0,0,0,0,0,0,0,0,0,0,NA,NA,NA,0,0,0,0,0,0,0,NA,0,0,0,0,NA,104.9,115.9
00-0036159,J.Uche,Joshua Uche,LB,LB,"https://static.www.nfl.com/image/upload/f_auto,q_auto/league/t7ahfah5ks9tispkebd5",2025,REG,PHI,10,0,0,0,0,0,0,0,0,0,0,0,0,NA,NA,0,NA,0,0,0,0,0,0,NA,0,0,0,0,0,0,0,0,0,0,NA,0,NA,0,0,0,0,10,1,7,2,9,0,1,8,3,0,0,1,0,0,0,0,0,0,0,0,0,2,25,0,0,0,0,0,0,0,0,NA,NA,0,0,0,0,0,0,0,0,0,0,0,0,NA,NA,NA,0,0,0,0,0,0,0,NA,0,0,0,0,NA,0,0
00-0036165,I.Hodgins,Isaiah Hodgins,WR,WR,"https://static.www.nfl.com/image/upload/f_auto,q_auto/league/bnh1wumwsfg9jpgcb1h2",2025,REG,NYG,2,0,0,0,0,0,0,0,0,0,0,0,0,NA,NA,0,NA,0,0,0,0,0,0,NA,0,7,12,99,1,0,0,134,9,6,8.775829679507297,0,0.7388059701492538,0.032520325203252036,0.039021549213744906,0.07609557225449948,0,0,0,0,0,0,0,0,0,0,0,0,0,0,0,0,0,0,0,0,0,0,0,0,0,0,0,0,0,0,0,0,NA,NA,0,0,0,0,0,0,0,0,0,0,0,0,NA,NA,NA,0,0,0,0,0,0,0,NA,0,0,0,0,NA,15.9,22.9
00-0036166,D.Jackson,Dane Jackson,CB,DB,"https://static.www.nfl.com/image/upload/f_auto,q_auto/league/pd5hj8idoykjrnwurduz",2025,REG,BUF,1,0,0,0,0,0,0,0,0,0,0,0,0,NA,NA,0,NA,0,0,0,0,0,0,NA,0,0,0,0,0,0,0,0,0,0,NA,0,NA,0,0,0,0,0,0,3,0,0,0,0,0,0,0,0,0,0,0,0,0,0,0,0,0,0,0,0,0,0,0,0,0,0,0,0,NA,NA,0,0,0,0,0,0,0,0,0,0,0,0,NA,NA,NA,0,0,0,0,0,0,0,NA,0,0,0,0,NA,0,0
00-0036171,A.Brewer,Aaron Brewer,C,OL,"https://static.www.nfl.com/image/upload/f_auto,q_auto/league/acczyg9uo4jbervsjb4o",2025,REG,MIA,2,0,0,0,0,0,0,0,0,0,0,0,0,NA,NA,0,NA,0,0,0,0,0,0,NA,0,0,0,0,0,0,0,0,0,0,NA,0,NA,0,0,0,0,1,0,0,0,0,0,0,0,0,0,0,0,0,0,0,0,0,0,0,0,0,5,40,0,0,0,0,0,0,0,0,NA,NA,0,0,0,0,0,0,0,0,0,0,0,0,NA,NA,NA,0,0,0,0,0,0,0,NA,0,0,0,0,NA,0,0
00-0036176,M.Kinsey,Mason Kinsey,WR,WR,"https://static.www.nfl.com/image/upload/f_auto,q_auto/league/hbslm9pimpxgoeti32jf",2025,REG,TEN,4,0,0,0,0,0,0,0,0,0,0,0,0,NA,NA,0,NA,0,0,0,0,0,0,NA,0,1,3,14,0,0,0,59,2,1,1.2201938092475757,0,0.23728813559322035,0.008620689655172414,0.02139231327048586,0.02790565377209872,0,2,0,1,0,0,0,0,0,0,0,0,0,0,0,0,0,0,0,0,0,0,0,0,1,1,0,0,0,0,0,0,NA,NA,0,0,0,0,0,0,0,0,0,0,0,0,NA,NA,NA,0,0,0,0,0,0,0,NA,0,0,0,0,NA,1.4000000000000001,2.4000000000000004
00-0036181,T.Tart,Teair Tart,DT,DL,"https://static.www.nfl.com/image/upload/f_auto,q_auto/league/arx3xgdgct71ljt18bqa",2025,REG,LAC,11,0,0,0,0,0,0,0,0,0,0,0,0,NA,NA,0,NA,0,0,0,0,0,0,NA,0,0,0,0,0,0,0,0,0,0,NA,0,NA,0,0,0,0,14,0,6,3,13,1,0,0,1,0,0,2,0,0,0,0,0,0,1,1,0,4,39,0,0,0,0,0,0,0,0,NA,NA,0,0,0,0,0,0,0,0,0,0,0,0,NA,NA,NA,0,0,0,0,0,0,0,NA,0,0,0,0,NA,0,0
00-0036182,N.Westbrook-Ikhine,Nick Westbrook-Ikhine,WR,WR,"https://static.www.nfl.com/image/upload/f_auto,q_auto/league/plgwfjcbl5quoi2jrass",2025,REG,MIA,9,0,0,0,0,0,0,0,0,0,0,0,0,NA,NA,0,NA,0,0,0,0,0,0,NA,0,11,19,89,0,0,0,105,28,8,1.2204475007019937,0,0.8476190476190476,0.059375,0.04672897196261682,0.12177278037383177,0,3,0,1,0,0,0,0,0,0,0,0,0,0,0,0,0,0,0,0,0,0,0,0,0,0,0,0,0,0,0,0,NA,NA,0,0,0,0,0,0,0,0,0,0,0,0,NA,NA,NA,0,0,0,0,0,0,0,NA,0,0,0,0,NA,8.9,19.9
00-0036187,R.Gilliam,Reggie Gilliam,FB,RB,"https://static.www.nfl.com/image/upload/f_auto,q_auto/league/nizwldzesen1vg31inu1",2025,REG,BUF,6,0,0,0,0,0,0,0,0,0,0,0,0,NA,NA,0,NA,0,0,0,0,0,0,NA,0,1,1,2,0,0,0,1,1,0,-1.3782087681610138,0,2,0.0030864197530864196,3.8387715930902113e-4,0.004898343641145944,0,3,0,6,0,0,0,0,0,0,0,0,0,0,0,0,0,0,0,0,0,0,0,0,0,0,0,0,0,0,0,0,NA,NA,0,0,0,0,0,0,0,0,0,0,0,0,NA,NA,NA,0,0,0,0,0,0,0,NA,0,0,0,0,NA,0.2,1.2
00-0036192,A.Epenesa,A.J. Epenesa,DE,DL,"https://static.www.nfl.com/image/upload/f_auto,q_auto/league/t85moy0mhdu6pzxwzgxt",2025,REG,BUF,10,0,0,0,0,0,0,0,0,0,0,0,0,NA,NA,0,NA,0,0,0,0,0,0,NA,0,0,0,0,0,0,0,0,0,0,NA,0,NA,0,0,0,0,12,0,9,2,15,0,2.5,16,6,1,24,2,0,0,0,0,0,0,1,1,0,1,15,0,0,0,0,0,0,0,0,NA,NA,0,0,0,0,0,0,0,0,0,0,0,0,NA,NA,NA,0,0,0,0,0,0,0,NA,0,0,0,0,NA,0,0
00-0036193,A.Jennings,Anfernee Jennings,LB,LB,"https://static.www.nfl.com/image/upload/f_auto,q_auto/league/dzstvcdjsmn7imc1eabs",2025,REG,NE,8,0,0,0,0,0,0,0,0,0,0,0,0,NA,NA,0,NA,0,0,0,0,0,0,NA,0,0,0,0,0,0,0,0,0,0,NA,0,NA,0,0,0,0,6,1,6,1,11,0,1,11,2,0,0,0,0,0,0,0,0,0,1,1,0,0,0,0,0,0,0,0,0,0,0,NA,NA,0,0,0,0,0,0,0,0,0,0,0,0,NA,NA,NA,0,0,0,0,0,0,0,NA,0,0,0,0,NA,0,0
00-0036195,C.Heck,Charlie Heck,OT,OL,"https://static.www.nfl.com/image/upload/f_auto,q_auto/league/yfjfvnswxtkpiqqv3b16",2025,REG,TB,2,0,0,0,0,0,0,0,0,0,0,0,0,NA,NA,0,NA,0,0,0,0,0,0,NA,0,0,0,0,0,0,0,0,0,0,NA,0,NA,0,0,0,0,0,0,0,0,0,0,0,0,0,0,0,0,0,0,0,0,0,0,0,0,0,2,10,0,0,0,0,0,0,0,0,NA,NA,0,0,0,0,0,0,0,0,0,0,0,0,NA,NA,NA,0,0,0,0,0,0,0,NA,0,0,0,0,NA,0,0
00-0036196,G.Davis,Gabe Davis,WR,WR,"https://static.www.nfl.com/image/upload/f_auto,q_auto/league/rlmgjtfct5qjtbwcjqg6",2025,REG,BUF,2,0,0,0,0,0,0,0,0,0,0,0,0,NA,NA,0,NA,0,0,0,0,0,0,NA,0,4,6,62,0,0,0,70,17,4,6.065612051461358,0,0.8857142857142857,0.018518518518518517,0.026871401151631478,0.04658775858391981,0,0,0,0,0,0,0,0,0,0,0,0,0,0,0,0,0,0,0,0,0,0,0,0,0,0,0,0,0,0,0,0,NA,NA,0,0,0,0,0,0,0,0,0,0,0,0,NA,NA,NA,0,0,0,0,0,0,0,NA,0,0,0,0,NA,6.2,10.2
00-0036198,M.Onwenu,Mike Onwenu,G,OL,"https://static.www.nfl.com/image/upload/f_auto,q_auto/league/l8gnydhcpahpd20mqqlh",2025,REG,NE,2,0,0,0,0,0,0,0,0,0,0,0,0,NA,NA,0,NA,0,0,0,0,0,0,NA,0,0,0,0,0,0,0,0,0,0,NA,0,NA,0,0,0,0,1,0,0,0,0,0,0,0,0,0,0,0,0,0,0,0,0,0,0,0,0,2,9,0,0,0,0,0,0,0,0,NA,NA,0,0,0,0,0,0,0,0,0,0,0,0,NA,NA,NA,0,0,0,0,0,0,0,NA,0,0,0,0,NA,0,0
00-0036199,G.Stone,Geno Stone,SAF,DB,"https://static.www.nfl.com/image/upload/f_auto,q_auto/league/upbrq8aqe7yff3pn8a69",2025,REG,CIN,11,0,0,0,0,0,0,0,0,0,0,0,0,NA,NA,0,NA,0,0,0,0,0,0,NA,0,0,0,0,0,0,0,0,0,0,NA,0,NA,0,0,0,0,45,1,34,2,5,0,1,3,3,2,57,3,1,0,0,0,0,0,0,0,0,0,0,0,0,0,0,0,0,0,0,NA,NA,0,0,0,0,0,0,0,0,0,0,0,0,NA,NA,NA,0,0,0,0,0,0,0,NA,0,0,0,0,NA,0,0
00-0036204,L.London,LaCale London,DT,DL,"https://static.www.nfl.com/image/upload/f_auto,q_auto/league/cbkqmopy7d6b20m7nu2d",2025,REG,ATL,4,0,0,0,0,0,0,0,0,0,0,0,0,NA,NA,0,NA,0,0,0,0,0,0,NA,0,0,0,0,0,0,0,0,0,0,NA,0,NA,0,0,0,0,11,0,1,4,12,1,3,11,2,0,0,0,0,0,0,0,0,0,0,0,0,0,0,0,0,0,0,0,0,0,0,NA,NA,0,0,0,0,0,0,0,0,0,0,0,0,NA,NA,NA,0,0,0,0,0,0,0,NA,0,0,0,0,NA,0,0
00-0036212,T.Tagovailoa,Tua Tagovailoa,QB,QB,"https://static.www.nfl.com/image/upload/f_auto,q_auto/league/ktqj3s5vofexl2dwrrp4",2025,REG,MIA,11,213,312,2123,17,13,21,-133,1,1,2115,1126,111,18.137995810795232,1.8564645225638603,1,1.0037825059101655,14,38,0,4,0,5,-3.8636888676113847,0,0,0,0,0,0,0,0,0,0,NA,0,NA,0,0,0,0,0,0,0,0,0,0,0,0,0,0,0,0,0,0,0,0,3,6,0,0,0,1,10,0,0,0,0,0,0,0,0,NA,NA,0,0,0,0,0,0,0,0,0,0,0,0,NA,NA,NA,0,0,0,0,0,0,0,NA,0,0,0,0,NA,130.72000000000003,130.72000000000003
00-0036220,D.Brown,Derrick Brown,DE,DL,"https://static.www.nfl.com/image/upload/f_auto,q_auto/league/nneryzn7ehs21yeed5ny",2025,REG,CAR,11,0,0,0,0,0,0,0,0,0,0,0,0,NA,NA,0,NA,0,0,0,0,0,0,NA,0,0,0,0,0,0,0,0,0,0,NA,0,NA,0,0,0,0,19,1,23,3,12,0,3,15.5,8,0,0,6,0,0,0,0,0,0,0,0,0,2,20,0,0,0,0,0,0,0,0,NA,NA,0,0,0,0,0,0,0,0,0,0,0,0,NA,NA,NA,0,0,0,0,0,0,0,NA,0,0,0,0,NA,0,0
00-0036221,B.Jones,Brandon Jones,SAF,DB,"https://static.www.nfl.com/image/upload/f_auto,q_auto/league/qcgihmzgbq4osnqywbng",2025,REG,DEN,11,0,0,0,0,0,0,0,0,0,0,0,0,NA,NA,0,NA,0,0,0,0,0,0,NA,0,0,0,0,0,0,0,0,0,0,NA,0,NA,0,0,0,0,33,1,31,0,0,0,0.5,6,2,1,0,7,0,0,0,0,0,0,1,1,0,2,16,0,0,0,0,0,0,0,0,NA,NA,0,0,0,0,0,0,0,0,0,0,0,0,NA,NA,NA,0,0,0,0,0,0,0,NA,0,0,0,0,NA,0,0
00-0036222,I.Rodgers,Isaiah Rodgers,CB,DB,"https://static.www.nfl.com/image/upload/f_auto,q_auto/league/uekaq7hovbb6iz95phej",2025,REG,MIN,11,0,0,0,0,0,0,0,0,0,0,0,0,NA,NA,0,NA,0,0,0,0,0,0,NA,0,0,0,0,0,0,0,0,0,0,NA,0,NA,0,0,0,0,31,0,11,3,7,2,0,0,0,1,87,3,1,0,0,41,0,0,1,1,1,0,0,0,0,0,0,0,0,0,0,NA,NA,0,0,0,0,0,0,0,0,0,0,0,0,NA,NA,NA,0,0,0,0,0,0,0,NA,0,0,0,0,NA,0,0
00-0036223,J.Taylor,Jonathan Taylor,RB,RB,"https://static.www.nfl.com/image/upload/f_auto,q_auto/league/uwmnrhwtwug0wrgkomjk",2025,REG,IND,11,0,0,0,0,0,0,0,0,0,0,0,0,NA,NA,0,NA,205,1197,15,0,0,63,34.54550408324742,1,32,35,268,2,1,0,-38,308,11,9.259474230304594,0,-7.052631578947368,0.10144927536231885,-0.013263525305410123,0.1428894453296912,0,1,0,0,0,0,0,0,0,0,0,0,0,0,0,0,0,1,1,0,0,0,0,0,0,0,0,0,0,0,0,0,NA,NA,0,0,0,0,0,0,0,0,0,0,0,0,NA,NA,NA,0,0,0,0,0,0,0,NA,0,0,0,0,NA,250.5,282.5
00-0036224,J.Greenard,Jonathan Greenard,LB,LB,"https://static.www.nfl.com/image/upload/f_auto,q_auto/league/z49ugsnmbfkldervsiws",2025,REG,MIN,9,0,0,0,0,0,0,0,0,0,0,0,0,NA,NA,0,NA,0,0,0,0,0,0,NA,0,0,0,0,0,0,0,0,0,0,NA,0,NA,0,0,0,0,17,2,12,10,33,1,2,15,9,0,0,3,0,0,0,0,0,0,0,0,0,2,10,0,0,0,0,0,0,0,0,NA,NA,0,0,0,0,0,0,0,0,0,0,0,0,NA,NA,NA,0,0,0,0,0,0,0,NA,0,0,0,0,NA,0,0
00-0036231,K.Dugger,Kyle Dugger,SAF,DB,"https://static.www.nfl.com/image/upload/f_auto,q_auto/league/jqbpdmdm5kvw8qq6qeoe",2025,REG,PIT,11,0,0,0,0,0,0,0,0,0,0,0,0,NA,NA,0,NA,0,0,0,0,0,0,NA,0,0,0,0,0,0,0,0,0,0,NA,0,NA,0,0,0,0,15,0,20,1,2,0,0,0,0,1,73,3,1,0,0,0,0,0,0,0,0,0,0,0,0,0,0,0,0,0,0,NA,NA,0,0,0,0,0,0,0,0,0,0,0,0,NA,NA,NA,0,0,0,0,0,0,0,NA,0,0,0,0,NA,0,0
00-0036232,H.Bryant,Harrison Bryant,TE,TE,"https://static.www.nfl.com/image/upload/f_auto,q_auto/league/gmguayurr96nolimwmyn",2025,REG,HOU,5,0,0,0,0,0,0,0,0,0,0,0,0,NA,NA,0,NA,0,0,0,0,0,0,NA,0,2,6,7,0,0,0,58,0,1,-3.335865856264718,0,0.1206896551724138,0.015789473684210527,0.018142008132624336,0.03638361621915283,0,1,0,0,0,0,0,0,0,0,0,0,0,0,0,0,0,0,0,0,0,0,0,0,0,0,0,0,0,0,0,0,NA,NA,0,0,0,0,0,0,0,0,0,0,0,0,NA,NA,NA,0,0,0,0,0,0,0,NA,0,0,0,0,NA,0.7000000000000001,2.7
00-0036237,L.Murchison,Larrell Murchison,DE,DL,"https://static.www.nfl.com/image/upload/f_auto,q_auto/league/b0h5qpz02cuycf85isw4",2025,REG,LA,5,0,0,0,0,0,0,0,0,0,0,0,0,NA,NA,0,NA,0,0,0,0,0,0,NA,0,0,0,0,0,0,0,0,0,0,NA,0,NA,0,0,0,0,2,0,5,2,15,0,2,15,2,0,0,0,0,0,0,0,0,0,0,0,0,0,0,0,0,0,0,0,0,0,0,NA,NA,0,0,0,0,0,0,0,0,0,0,0,0,NA,NA,NA,0,0,0,0,0,0,0,NA,0,0,0,0,NA,0,0
00-0036244,C.Parkinson,Colby Parkinson,TE,TE,"https://static.www.nfl.com/image/upload/f_auto,q_auto/league/b1qzivnz0zqa8cjgah8r",2025,REG,LA,8,0,0,0,0,0,0,0,0,0,0,0,0,NA,NA,0,NA,0,0,0,0,0,0,NA,0,19,21,164,3,1,1,54,117,11,9.702462242275942,0,3.037037037037037,0.057692307692307696,0.01706700379266751,0.09848536419332879,0,0,0,0,0,0,0,0,0,0,0,0,0,0,0,0,0,0,0,0,0,0,2,15,0,0,0,0,0,0,0,0,NA,NA,0,0,0,0,0,0,0,0,0,0,0,0,NA,NA,NA,0,0,0,0,0,0,0,NA,0,0,0,0,NA,32.400000000000006,51.400000000000006
00-0036246,J.Runyan,Jon Runyan,G,OL,"https://static.www.nfl.com/image/upload/f_auto,q_auto/league/kauh0olqkhebxe8gf1if",2025,REG,NYG,3,0,0,0,0,0,0,0,0,0,0,0,0,NA,NA,0,NA,0,0,0,0,0,0,NA,0,0,0,0,0,0,0,0,0,0,NA,0,NA,0,0,0,0,0,0,0,0,0,0,0,0,0,0,0,0,0,0,0,0,0,0,0,0,0,3,17,0,0,0,0,0,0,0,0,NA,NA,0,0,0,0,0,0,0,0,0,0,0,0,NA,NA,NA,0,0,0,0,0,0,0,NA,0,0,0,0,NA,0,0
00-0036252,M.Pittman,Michael Pittman,WR,WR,"https://static.www.nfl.com/image/upload/f_auto,q_auto/league/z78xpye9hing1e7wke8b",2025,REG,IND,11,0,0,0,0,0,0,0,0,0,0,0,0,NA,NA,0,NA,0,0,0,0,0,0,NA,0,59,78,607,7,0,0,623,195,36,30.061870461357728,1,0.9743178170144462,0.22608695652173913,0.2174520069808028,0.49134683966917064,0,0,0,0,0,0,0,0,0,0,0,0,0,0,0,0,0,0,0,0,0,0,1,10,0,0,0,0,0,0,0,0,NA,NA,0,0,0,0,0,0,0,0,0,0,0,0,NA,NA,NA,0,0,0,0,0,0,0,NA,0,0,0,0,NA,104.7,163.7
00-0036253,J.Blackmon,Julian Blackmon,SAF,DB,"https://static.www.nfl.com/image/upload/f_auto,q_auto/league/n0wfy5rqjhlshhn0kaqk",2025,REG,NO,1,0,0,0,0,0,0,0,0,0,0,0,0,NA,NA,0,NA,0,0,0,0,0,0,NA,0,0,0,0,0,0,0,0,0,0,NA,0,NA,0,0,0,0,4,0,3,0,0,0,0,0,0,0,0,1,0,0,0,0,0,0,0,0,0,0,0,0,0,0,0,0,0,0,0,NA,NA,0,0,0,0,0,0,0,0,0,0,0,0,NA,NA,NA,0,0,0,0,0,0,0,NA,0,0,0,0,NA,0,0
00-0036256,C.McKivitz,Colton McKivitz,OT,OL,"https://static.www.nfl.com/image/upload/f_auto,q_auto/league/ljxuxdusiz3j2raspwst",2025,REG,SF,5,0,0,0,0,0,0,0,0,0,0,0,0,NA,NA,0,NA,0,0,0,0,0,0,NA,0,0,0,0,0,0,0,0,0,0,NA,0,NA,0,0,0,0,2,0,1,0,0,0,0,0,0,0,0,0,0,0,0,0,1,1,0,0,0,5,30,0,0,0,0,0,0,0,0,NA,NA,0,0,0,0,0,0,0,0,0,0,0,0,NA,NA,NA,0,0,0,0,0,0,0,NA,0,0,0,0,NA,0,0
00-0036258,J.Jackson,Jonah Jackson,G,OL,"https://static.www.nfl.com/image/upload/f_auto,q_auto/league/wm6av5ujifr8uvmdykj7",2025,REG,CHI,3,0,0,0,0,0,0,0,0,0,0,0,0,NA,NA,0,NA,0,0,0,0,0,0,NA,0,0,0,0,0,0,0,0,0,0,NA,0,NA,0,0,0,0,1,0,0,0,0,0,0,0,0,0,0,0,0,0,0,0,0,0,0,0,0,3,20,0,0,0,0,0,0,0,0,NA,NA,0,0,0,0,0,0,0,0,0,0,0,0,NA,NA,NA,0,0,0,0,0,0,0,NA,0,0,0,0,NA,0,0
00-0036259,J.Jennings,Jauan Jennings,WR,WR,"https://static.www.nfl.com/image/upload/f_auto,q_auto/league/cdx9mq3iglzog9mkqvdr",2025,REG,SF,10,0,0,0,0,0,0,0,0,0,0,0,0,NA,NA,0,NA,0,0,0,0,0,0,NA,0,37,63,419,4,1,1,645,132,21,-13.960485400384528,1,0.6496124031007752,0.15517241379310345,0.20989261308167914,0.37968344984683056,0,1,0,0,0,0,0,0,0,0,0,0,0,0,0,0,0,0,0,0,0,0,4,35,0,0,0,0,0,0,0,0,NA,NA,0,0,0,0,0,0,0,0,0,0,0,0,NA,NA,NA,0,0,0,0,0,0,0,NA,0,0,0,0,NA,65.9,102.9
00-0036260,J.Kinlaw,Javon Kinlaw,DT,DL,"https://static.www.nfl.com/image/upload/f_auto,q_auto/league/lxyzkmqmy5sgrjktwq80",2025,REG,WAS,11,0,0,0,0,0,0,0,0,0,0,0,0,NA,NA,0,NA,0,0,0,0,0,0,NA,0,0,0,0,0,0,0,0,0,0,NA,0,NA,0,0,0,0,12,0,13,3,4,0,0,0,3,0,0,0,0,0,0,0,0,0,0,0,0,4,29,0,0,0,0,0,0,0,0,NA,NA,0,0,0,0,0,0,0,0,0,0,0,0,NA,NA,NA,0,0,0,0,0,0,0,NA,0,0,0,0,NA,0,0
00-0036262,D.Hamilton,DaVon Hamilton,DT,DL,"https://static.www.nfl.com/image/upload/f_auto,q_auto/league/ncq2nx5rlstdnbaokw76",2025,REG,JAX,9,0,0,0,0,0,0,0,0,0,0,0,0,NA,NA,0,NA,0,0,0,0,0,0,NA,0,0,0,0,0,0,0,0,0,0,NA,0,NA,0,0,0,0,7,1,17,2,8,0,1,7,3,0,0,0,0,0,0,0,0,0,0,0,0,0,0,0,0,0,0,0,0,0,0,NA,NA,0,0,0,0,0,0,0,0,0,0,0,0,NA,NA,NA,0,0,0,0,0,0,0,NA,0,0,0,0,NA,0,0
00-0036264,J.Love,Jordan Love,QB,QB,"https://static.www.nfl.com/image/upload/f_auto,q_auto/league/uneiwen9drvci9ahuebp",2025,REG,GB,11,224,331,2560,15,3,17,-126,2,2,2689,1247,125,86.66988185749904,5.662714877436232,2,0.952026775753068,36,160,0,2,0,12,9.840080751843894,0,0,0,0,0,0,0,0,0,0,NA,0,NA,0,0,0,0,1,0,0,0,0,0,0,0,0,0,0,0,0,0,0,0,4,5,0,0,0,0,0,0,0,0,0,0,0,0,0,NA,NA,0,0,0,0,0,0,0,0,0,0,0,0,NA,NA,NA,0,0,0,0,0,0,0,NA,0,0,0,0,NA,172.4,172.4
00-0036265,A.Dillon,AJ Dillon,RB,RB,"https://static.www.nfl.com/image/upload/f_auto,q_auto/league/nknt5pckn5mzq9ll660i",2025,REG,PHI,5,0,0,0,0,0,0,0,0,0,0,0,0,NA,NA,0,NA,12,60,0,0,0,4,-0.17249367164913565,0,2,2,18,0,1,1,9,9,0,-4.046990365139209,0,2,0.006825938566552901,0.0032526201662450307,0.012515741966200873,0,1,0,0,0,0,0,0,0,0,0,0,0,0,0,0,0,0,0,0,0,0,0,0,0,0,2,25,0,0,0,0,NA,NA,0,0,0,0,0,0,0,0,0,0,0,0,NA,NA,NA,0,0,0,0,0,0,0,NA,0,0,0,0,NA,5.800000000000001,7.800000000000001
00-0036266,J.Elliott,Jordan Elliott,DT,DL,"https://static.www.nfl.com/image/upload/f_auto,q_auto/league/vkl6igrusm0srrkge1d9",2025,REG,SF,11,0,0,0,0,0,0,0,0,0,0,0,0,NA,NA,0,NA,0,0,0,0,0,0,NA,0,0,0,0,0,0,0,0,0,0,NA,0,NA,0,0,0,0,7,0,18,1,1,0,0,0,0,0,0,0,0,0,0,0,0,0,0,0,0,3,11,0,0,0,0,0,0,0,0,NA,NA,0,0,0,0,0,0,0,0,0,0,0,0,NA,NA,NA,0,0,0,0,0,0,0,NA,0,0,0,0,NA,0,0
00-0036274,J.Okudah,Jeff Okudah,CB,DB,"https://static.www.nfl.com/image/upload/f_auto,q_auto/league/spqqvbna344r34sgvpdk",2025,REG,MIN,6,0,0,0,0,0,0,0,0,0,0,0,0,NA,NA,0,NA,0,0,0,0,0,0,NA,0,0,0,0,0,0,0,0,0,0,NA,0,NA,0,0,0,0,12,0,2,0,0,0,0,0,0,0,0,0,0,0,0,0,0,0,1,1,0,1,15,0,0,0,0,0,0,0,0,NA,NA,0,0,0,0,0,0,0,0,0,0,0,0,NA,NA,NA,0,0,0,0,0,0,0,NA,0,0,0,0,NA,0,0
00-0036275,D.Swift,D'Andre Swift,RB,RB,"https://static.www.nfl.com/image/upload/f_auto,q_auto/league/owpmwzoilitcodc6cmxo",2025,REG,CHI,10,0,0,0,0,0,0,0,0,0,0,0,0,NA,NA,0,NA,142,649,4,2,2,39,-2.2791787705261752,0,24,34,224,1,0,0,-14,271,8,0.8471001276629977,0,-16,0.09770114942528736,-0.004341085271317829,0.14351296444800857,0,0,0,0,0,0,0,0,0,0,0,0,0,0,0,0,0,0,0,0,0,0,2,20,0,0,0,0,0,0,0,0,NA,NA,0,0,0,0,0,0,0,0,0,0,0,0,NA,NA,NA,0,0,0,0,0,0,0,NA,0,0,0,0,NA,113.30000000000001,137.3
00-0036280,M.Harrison,Malik Harrison,LB,LB,"https://static.www.nfl.com/image/upload/f_auto,q_auto/league/d6ttadigndjeor6gwc8m",2025,REG,PIT,5,0,0,0,0,0,0,0,0,0,0,0,0,NA,NA,0,NA,0,0,0,0,0,0,NA,0,0,0,0,0,0,0,0,0,0,NA,0,NA,0,0,0,0,8,0,8,1,1,0,0,0,0,0,0,0,0,0,0,0,0,0,0,0,0,0,0,0,0,0,0,0,0,0,0,NA,NA,0,0,0,0,0,0,0,0,0,0,0,0,NA,NA,NA,0,0,0,0,0,0,0,NA,0,0,0,0,NA,0,0
00-0036282,G.Delpit,Grant Delpit,SAF,DB,"https://static.www.nfl.com/image/upload/f_auto,q_auto/league/vfp5ffmtbfgobosxlxjj",2025,REG,CLE,11,0,0,0,0,0,0,0,0,0,0,0,0,NA,NA,0,NA,0,0,0,0,0,0,NA,0,0,0,0,0,0,0,0,0,0,NA,0,NA,0,0,0,0,28,1,25,2,9,1,1,6,3,1,25,4,0,0,0,0,0,0,2,2,0,1,14,0,0,0,0,0,0,0,0,NA,NA,0,0,0,0,0,0,0,0,0,0,0,0,NA,NA,NA,0,0,0,0,0,0,0,NA,0,0,0,0,NA,0,0
00-0036284,M.Becton,Mekhi Becton,G,OL,"https://static.www.nfl.com/image/upload/f_auto,q_auto/league/y8g95wptr3ozqhtj6urd",2025,REG,LAC,4,0,0,0,0,0,0,0,0,0,0,0,0,NA,NA,0,NA,0,0,0,0,0,0,NA,0,0,0,0,0,0,0,0,0,0,NA,0,NA,0,0,0,0,0,0,0,0,0,0,0,0,0,0,0,0,0,0,0,0,0,0,0,0,0,4,30,0,0,0,0,0,0,0,0,NA,NA,0,0,0,0,0,0,0,0,0,0,0,0,NA,NA,NA,0,0,0,0,0,0,0,NA,0,0,0,0,NA,0,0
00-0036285,A.Terrell,A.J. Terrell,CB,DB,"https://static.www.nfl.com/image/upload/f_auto,q_auto/league/etcev3yjoqtp5tay2ndo",2025,REG,ATL,9,0,0,0,0,0,0,0,0,0,0,0,0,NA,NA,0,NA,0,0,0,0,0,0,NA,0,0,0,0,0,0,0,0,0,0,NA,0,NA,0,0,0,0,28,0,13,0,0,0,0,0,0,0,0,6,0,0,0,0,0,0,0,0,0,3,24,0,0,0,0,0,0,0,0,NA,NA,0,0,0,0,0,0,0,0,0,0,0,0,NA,NA,NA,0,0,0,0,0,0,0,NA,0,0,0,0,NA,0,0
00-0036286,K.Chaisson,K'Lavon Chaisson,LB,LB,"https://static.www.nfl.com/image/upload/f_auto,q_auto/league/gc9qqj4piwlwse4spobk",2025,REG,NE,11,0,0,0,0,0,0,0,0,0,0,0,0,NA,NA,0,NA,0,0,0,0,0,0,NA,0,0,0,0,0,0,0,0,0,0,NA,0,NA,0,0,0,0,10,0,8,8,41,1,6.5,39,13,0,0,1,0,0,0,0,0,0,1,1,1,5,25,0,0,0,0,0,0,0,0,NA,NA,0,0,0,0,0,0,0,0,0,0,0,0,NA,NA,NA,0,0,0,0,0,0,0,NA,0,0,0,0,NA,0,0
00-0036287,N.Igbinoghene,Noah Igbinoghene,CB,DB,"https://static.www.nfl.com/image/upload/f_auto,q_auto/league/hyu05mp0m5bstdoi0wdx",2025,REG,WAS,4,0,0,0,0,0,0,0,0,0,0,0,0,NA,NA,0,NA,0,0,0,0,0,0,NA,0,0,0,0,0,0,0,0,0,0,NA,0,NA,0,0,0,0,5,0,5,0,0,0,0,0,0,0,0,2,0,0,0,0,0,0,0,0,0,1,10,0,0,7,191,0,0,0,0,NA,NA,0,0,0,0,0,0,0,0,0,0,0,0,NA,NA,NA,0,0,0,0,0,0,0,NA,0,0,0,0,NA,0,0
00-0036288,Y.Gross-Matos,Yetur Gross-Matos,DE,DL,"https://static.www.nfl.com/image/upload/f_auto,q_auto/league/w1xhz0qsd0rr5hczbpb8",2025,REG,SF,4,0,0,0,0,0,0,0,0,0,0,0,0,NA,NA,0,NA,0,0,0,0,0,0,NA,0,0,0,0,0,0,0,0,0,0,NA,0,NA,0,0,0,0,1,0,3,0,0,0,0,0,1,0,0,1,0,0,0,0,0,0,0,0,0,0,0,0,0,0,0,0,0,0,0,NA,NA,0,0,0,0,0,0,0,0,0,0,0,0,NA,NA,NA,0,0,0,0,0,0,0,NA,0,0,0,0,NA,0,0
00-0036290,C.Kmet,Cole Kmet,TE,TE,"https://static.www.nfl.com/image/upload/f_auto,q_auto/league/ysnui8mzlu2fo70ub0yt",2025,REG,CHI,10,0,1,0,0,0,0,0,0,0,13,0,0,-0.4927360210567713,-63.29410672187805,0,0,0,0,0,0,0,0,NA,0,17,29,195,1,0,0,271,72,9,6.131145348132122,0,0.7195571955719557,0.08333333333333333,0.08403100775193799,0.1838217054263566,0,0,0,1,0,0,0,0,0,0,0,0,0,0,0,0,0,0,0,0,0,0,3,14,0,0,0,0,0,0,0,0,NA,NA,0,0,0,0,0,0,0,0,0,0,0,0,NA,NA,NA,0,0,0,0,0,0,0,NA,0,0,0,0,NA,25.5,42.5
00-0036292,J.Johnson,Jaylon Johnson,CB,DB,"https://static.www.nfl.com/image/upload/f_auto,q_auto/league/mee0icza276avcisghdk",2025,REG,CHI,1,0,0,0,0,0,0,0,0,0,0,0,0,NA,NA,0,NA,0,0,0,0,0,0,NA,0,0,0,0,0,0,0,0,0,0,NA,0,NA,0,0,0,0,1,1,0,0,0,0,0,0,0,0,0,0,0,0,0,0,0,0,0,0,0,0,0,0,0,0,0,0,0,0,0,NA,NA,0,0,0,0,0,0,0,0,0,0,0,0,NA,NA,NA,0,0,0,0,0,0,0,NA,0,0,0,0,NA,0,0
00-0036293,J.Chinn,Jeremy Chinn,SAF,DB,"https://static.www.nfl.com/image/upload/f_auto,q_auto/league/qdvollzto5i4xs6q9gov",2025,REG,LV,11,0,0,0,0,0,0,0,0,0,0,0,0,NA,NA,0,NA,0,0,0,0,0,0,NA,0,0,0,0,0,0,0,0,0,0,NA,0,NA,0,0,0,0,45,0,32,3,4,2,0,0,0,0,0,2,0,0,0,0,0,0,0,0,0,1,3,0,0,0,0,0,0,0,0,NA,NA,0,0,0,0,0,0,0,0,0,0,0,0,NA,NA,NA,0,0,0,0,0,0,0,NA,0,0,0,0,NA,0,0
00-0036294,L.Wilson,Logan Wilson,LB,LB,"https://static.www.nfl.com/image/upload/f_auto,q_auto/league/yricskcpoyoucmgfauek",2025,REG,DAL,10,0,0,0,0,0,0,0,0,0,0,0,0,NA,NA,0,NA,0,0,0,0,0,0,NA,0,0,0,0,0,0,0,0,0,0,NA,0,NA,0,0,0,0,22,1,27,0,0,0,0,0,0,0,0,4,0,0,0,0,0,0,1,1,0,0,0,0,0,0,0,0,0,0,0,NA,NA,0,0,0,0,0,0,0,0,0,0,0,0,NA,NA,NA,0,0,0,0,0,0,0,NA,0,0,0,0,NA,0,0
00-0036298,A.Davis-Gaither,Akeem Davis-Gaither,LB,LB,"https://static.www.nfl.com/image/upload/f_auto,q_auto/league/bh8mbyhyngomfqg3hf2a",2025,REG,ARI,11,0,0,0,0,0,0,0,0,0,0,0,0,NA,NA,0,NA,0,0,0,0,0,0,NA,0,0,0,0,0,0,0,0,0,0,NA,0,NA,0,0,0,0,34,1,41,2,3,1,0,0,1,1,0,4,0,0,0,0,0,0,1,1,0,2,15,0,0,0,0,0,0,0,0,NA,NA,0,0,0,0,0,0,0,0,0,0,0,0,NA,NA,NA,0,0,0,0,0,0,0,NA,0,0,0,0,NA,0,0
00-0036300,M.Walker,Mykal Walker,LB,LB,"https://static.www.nfl.com/image/upload/f_auto,q_auto/league/tbysjdwb1ea5ya03wnfz",2025,REG,NYJ,6,0,0,0,0,0,0,0,0,0,0,0,0,NA,NA,0,NA,0,0,0,0,0,0,NA,0,0,0,0,0,0,0,0,0,0,NA,0,NA,0,0,0,0,3,0,6,0,0,0,0,0,0,0,0,0,0,0,0,0,0,0,0,0,0,0,0,0,0,0,0,0,0,0,0,NA,NA,0,0,0,0,0,0,0,0,0,0,0,0,NA,NA,NA,0,0,0,0,0,0,0,NA,0,0,0,0,NA,0,0
00-0036302,J.Hawkins,Jaylinn Hawkins,SAF,DB,"https://static.www.nfl.com/image/upload/f_auto,q_auto/league/x6aoovce6sz0dxstlb4u",2025,REG,NE,10,0,0,0,0,0,0,0,0,0,0,0,0,NA,NA,0,NA,0,0,0,0,0,0,NA,0,0,0,0,0,0,0,0,0,0,NA,0,NA,0,0,0,0,33,1,13,3,9,0,1.5,9,3,2,1,2,0,0,0,0,0,0,1,1,0,2,20,0,0,0,0,0,0,0,0,NA,NA,0,0,0,0,0,0,0,0,0,0,0,0,NA,NA,NA,0,0,0,0,0,0,0,NA,0,0,0,0,NA,0,0
00-0036305,T.Gipson,Trevis Gipson,DE,DL,"https://static.www.nfl.com/image/upload/f_auto,q_auto/league/mdrrrg7fr2sos9veyyin",2025,REG,CAR,7,0,0,0,0,0,0,0,0,0,0,0,0,NA,NA,0,NA,0,0,0,0,0,0,NA,0,0,0,0,0,0,0,0,0,0,NA,0,NA,0,0,0,0,4,0,6,0,0,0,0,0,0,0,0,0,0,0,0,0,0,0,1,1,0,0,0,0,0,0,0,0,0,0,0,NA,NA,0,0,0,0,0,0,0,0,0,0,0,0,NA,NA,NA,0,0,0,0,0,0,0,NA,0,0,0,0,NA,0,0
00-0036306,D.Thomas,Daniel Thomas,SAF,DB,"https://static.www.nfl.com/image/upload/f_auto,q_auto/league/qbw8gam5wiinqegq213p",2025,REG,DET,3,0,0,0,0,0,0,0,0,0,0,0,0,NA,NA,0,NA,0,0,0,0,0,0,NA,0,0,0,0,0,0,0,0,0,0,NA,0,NA,0,0,0,0,2,0,1,0,0,0,0,0,0,0,0,0,0,0,0,0,0,0,0,0,0,0,0,0,0,0,0,0,0,0,0,NA,NA,0,0,0,0,0,0,0,0,0,0,0,0,NA,NA,NA,0,0,0,0,0,0,0,NA,0,0,0,0,NA,0,0
00-0036307,K.Vildor,Kindle Vildor,CB,DB,"https://static.www.nfl.com/image/upload/f_auto,q_auto/league/f1loty6bu2jaxt9bwcbx",2025,REG,TB,3,0,0,0,0,0,0,0,0,0,0,0,0,NA,NA,0,NA,0,0,0,0,0,0,NA,0,0,0,0,0,0,0,0,0,0,NA,0,NA,0,0,0,0,8,0,4,0,0,0,0,0,0,1,13,3,0,0,0,0,0,0,0,0,0,0,0,0,0,0,0,0,0,0,0,NA,NA,0,0,0,0,0,0,0,0,0,0,0,0,NA,NA,NA,0,0,0,0,0,0,0,NA,0,0,0,0,NA,0,0
00-0036309,D.Mooney,Darnell Mooney,WR,WR,"https://static.www.nfl.com/image/upload/f_auto,q_auto/league/eaejonwaflt9drrs9ika",2025,REG,ATL,9,0,0,0,0,0,0,0,0,0,0,0,0,NA,NA,0,NA,0,0,0,0,0,0,NA,0,19,45,298,1,1,0,699,32,16,1.0178369194937193,0,0.4263233190271817,0.13432835820895522,0.24186851211072663,0.37080049579094143,0,0,0,0,0,0,0,0,0,0,0,0,0,0,0,0,0,0,0,0,0,0,0,0,0,0,0,0,0,0,0,0,NA,NA,0,0,0,0,0,0,0,0,0,0,0,0,NA,NA,NA,0,0,0,0,0,0,0,NA,0,0,0,0,NA,35.8,54.8
00-0036313,B.Mann,Braden Mann,P,SPEC,"https://static.www.nfl.com/image/upload/f_auto,q_auto/league/eizeojehmxkvvfahj1tk",2025,REG,PHI,11,0,0,0,0,0,0,0,0,0,0,0,0,NA,NA,0,NA,1,-34,0,0,0,0,-1.951239154965151,0,0,0,0,0,0,0,0,0,0,NA,0,NA,0,0,0,0,0,0,0,0,0,0,0,0,0,0,0,0,0,0,0,0,0,0,0,0,0,0,0,0,0,0,0,0,0,0,0,NA,NA,0,0,0,0,0,0,0,0,0,0,0,0,NA,NA,NA,0,0,0,0,0,0,0,NA,0,0,0,0,NA,-3.4000000000000004,-3.4000000000000004
00-0036321,C.Young,Chase Young,DE,DL,"https://static.www.nfl.com/image/upload/f_auto,q_auto/league/oeg7zkuy6zte74pe8pxl",2025,REG,NO,6,0,0,0,0,0,0,0,0,0,0,0,0,NA,NA,0,NA,0,0,0,0,0,0,NA,0,0,0,0,0,0,0,0,0,0,NA,0,NA,0,0,0,0,8,0,9,3,22,1,4,31.5,7,0,0,3,0,0,0,0,0,0,1,1,0,1,5,0,0,0,0,0,0,0,0,NA,NA,0,0,0,0,0,0,0,0,0,0,0,0,NA,NA,NA,0,0,0,0,0,0,0,NA,0,0,0,0,NA,0,0
00-0036322,J.Jefferson,Justin Jefferson,WR,WR,"https://static.www.nfl.com/image/upload/f_auto,q_auto/league/f0ccavu3ppzcs51e1cuv",2025,REG,MIN,11,0,0,0,0,0,0,0,0,0,0,0,0,NA,NA,0,NA,1,4,0,0,0,0,-0.06732257106341422,0,60,99,795,2,0,0,1131,321,34,-13.460649752707859,0,0.7029177718832891,0.3046153846153846,0.40421729807005,0.739875185572112,0,1,0,0,0,0,0,0,0,0,0,0,0,0,0,0,0,0,0,0,0,0,1,5,0,0,0,0,0,0,0,0,NA,NA,0,0,0,0,0,0,0,0,0,0,0,0,NA,NA,NA,0,0,0,0,0,0,0,NA,0,0,0,0,NA,91.9,151.9
00-0036323,P.Queen,Patrick Queen,LB,LB,"https://static.www.nfl.com/image/upload/f_auto,q_auto/league/doxpcjbw3vigxuj4xdqu",2025,REG,PIT,11,0,0,0,0,0,0,0,0,0,0,0,0,NA,NA,0,NA,0,0,0,0,0,0,NA,0,0,0,0,0,0,0,0,0,0,NA,0,NA,0,0,0,0,32,1,50,5,14,1,1,8,4,0,0,4,0,0,0,0,0,0,0,0,0,1,5,0,0,0,0,0,0,0,0,NA,NA,0,0,0,0,0,0,0,0,0,0,0,0,NA,NA,NA,0,0,0,0,0,0,0,NA,0,0,0,0,NA,0,0
00-0036325,R.Hunt,Robert Hunt,OT,OL,"https://static.www.nfl.com/image/upload/f_auto,q_auto/league/i7mowb5kq5lqz7tjpstc",2025,REG,CAR,1,0,0,0,0,0,0,0,0,0,0,0,0,NA,NA,0,NA,0,0,0,0,0,0,NA,0,0,0,0,0,0,0,0,0,0,NA,0,NA,0,0,0,0,1,0,0,0,0,0,0,0,0,0,0,0,0,0,0,0,0,0,0,0,0,0,0,0,0,0,0,0,0,0,0,NA,NA,0,0,0,0,0,0,0,0,0,0,0,0,NA,NA,NA,0,0,0,0,0,0,0,NA,0,0,0,0,NA,0,0
00-0036327,E.Cleveland,Ezra Cleveland,G,OL,"https://static.www.nfl.com/image/upload/f_auto,q_auto/league/wofagulp593x7i5pjxis",2025,REG,JAX,1,0,0,0,0,0,0,0,0,0,0,0,0,NA,NA,0,NA,0,0,0,0,0,0,NA,0,0,0,0,0,0,0,0,0,0,NA,0,NA,0,0,0,0,0,0,0,0,0,0,0,0,0,0,0,0,0,0,0,0,0,0,0,0,0,1,10,0,0,0,0,0,0,0,0,NA,NA,0,0,0,0,0,0,0,0,0,0,0,0,NA,NA,NA,0,0,0,0,0,0,0,NA,0,0,0,0,NA,0,0
00-0036328,A.Gibson,Antonio Gibson,RB,RB,"https://static.www.nfl.com/image/upload/f_auto,q_auto/league/j7ixpkm7u4tdoqwzmbt4",2025,REG,NE,5,0,0,0,0,0,0,0,0,0,0,0,0,NA,NA,0,NA,25,106,1,1,1,6,-4.7015184177435,0,2,3,6,0,0,0,-6,16,0,-1.2350232505705208,0,-1,0.008746355685131196,-0.0018915510718789407,0.011795447777381535,1,0,0,0,0,0,0,0,0,0,0,0,0,0,0,0,0,0,0,0,0,0,0,0,0,0,12,342,0,0,0,0,NA,NA,0,0,0,0,0,0,0,0,0,0,0,0,NA,NA,NA,0,0,0,0,0,0,0,NA,0,0,0,0,NA,21.200000000000003,23.200000000000003
00-0036329,A.Davis,Ashtyn Davis,SAF,DB,"https://static.www.nfl.com/image/upload/f_auto,q_auto/league/f1yyvajikoqdnqunml6i",2025,REG,MIA,7,0,0,0,0,0,0,0,0,0,0,0,0,NA,NA,0,NA,0,0,0,0,0,0,NA,0,0,0,0,0,0,0,0,0,0,NA,0,NA,0,0,0,0,21,1,11,2,3,1,0,0,0,0,0,1,0,0,0,0,0,0,0,0,0,0,0,0,0,0,0,0,0,0,0,NA,NA,0,0,0,0,0,0,0,0,0,0,0,0,NA,NA,NA,0,0,0,0,0,0,0,NA,0,0,0,0,NA,0,0
00-0036331,D.Duvernay,Devin Duvernay,WR,WR,"https://static.www.nfl.com/image/upload/f_auto,q_auto/league/rhqvgqqfokrv6omkw0lg",2025,REG,CHI,11,0,0,0,0,0,0,0,0,0,0,0,0,NA,NA,0,NA,0,0,0,0,0,0,NA,0,1,3,2,0,0,0,48,0,0,-2.026138919933508,0,0.041666666666666664,0.008620689655172414,0.014883720930232559,0.02334963913392141,0,1,0,0,0,0,0,0,0,0,0,0,0,0,0,0,0,0,0,0,0,0,0,0,15,153,30,778,0,0,0,0,NA,NA,0,0,0,0,0,0,0,0,0,0,0,0,NA,NA,NA,0,0,0,0,0,0,0,NA,0,0,0,0,NA,0.2,1.2
00-0036332,J.Deguara,Josiah Deguara,TE,TE,"https://static.www.nfl.com/image/upload/f_auto,q_auto/league/wivlyvbmlm0aogcvl2yz",2025,REG,ARI,3,0,0,0,0,0,0,0,0,0,0,0,0,NA,NA,0,NA,0,0,0,0,0,0,NA,0,1,1,6,0,0,0,5,1,0,0.10833293292671442,0,1.2,0.0024630541871921183,0.0016672224074691564,0.004861636966016587,0,1,0,0,0,0,0,0,0,0,0,0,0,0,0,0,0,0,0,0,0,0,1,10,0,0,0,0,0,0,0,0,NA,NA,0,0,0,0,0,0,0,0,0,0,0,0,NA,NA,NA,0,0,0,0,0,0,0,NA,0,0,0,0,NA,0.6000000000000001,1.6
00-0036333,A.Highsmith,Alex Highsmith,LB,LB,"https://static.www.nfl.com/image/upload/f_auto,q_auto/league/cczpmknwul24lusvhzyf",2025,REG,PIT,7,0,0,0,0,0,0,0,0,0,0,0,0,NA,NA,0,NA,0,0,0,0,0,0,NA,0,0,0,0,0,0,0,0,0,0,NA,0,NA,0,0,0,0,15,0,9,6,30,1,5.5,31,10,0,0,1,0,0,0,0,0,0,0,0,0,1,5,0,0,0,0,0,0,0,0,NA,NA,0,0,0,0,0,0,0,0,0,0,0,0,NA,NA,NA,0,0,0,0,0,0,0,NA,0,0,0,0,NA,0,0
00-0036335,D.Wonnum,D.J. Wonnum,LB,LB,"https://static.www.nfl.com/image/upload/f_auto,q_auto/league/i4vqp3hdkbfiakcdmnmo",2025,REG,CAR,11,0,0,0,0,0,0,0,0,0,0,0,0,NA,NA,0,NA,0,0,0,0,0,0,NA,0,0,0,0,0,0,0,0,0,0,NA,0,NA,0,0,0,0,11,0,17,2,3,0,0,0,1,1,0,2,0,0,0,0,0,0,0,0,0,0,0,0,0,0,0,0,0,0,0,NA,NA,0,0,0,0,0,0,0,0,0,0,0,0,NA,NA,NA,0,0,0,0,0,0,0,NA,0,0,0,0,NA,0,0
00-0036337,J.Lynch,James Lynch,DT,DL,"https://static.www.nfl.com/image/upload/f_auto,q_auto/league/d4funuhosghah7ved424",2025,REG,TEN,10,0,0,0,0,0,0,0,0,0,0,0,0,NA,NA,0,NA,0,0,0,0,0,0,NA,0,0,0,0,0,0,0,0,0,0,NA,0,NA,0,0,0,0,8,2,7,1,1,0,0,0,2,0,0,0,0,0,0,0,0,0,0,0,0,1,5,0,0,0,0,0,0,0,0,NA,NA,0,0,0,0,0,0,0,0,0,0,0,0,NA,NA,NA,0,0,0,0,0,0,0,NA,0,0,0,0,NA,0,0
00-0036338,T.Dye,Troy Dye,LB,LB,"https://static.www.nfl.com/image/upload/f_auto,q_auto/league/szcqhlzfkobuu2vh8s7v",2025,REG,LAC,9,0,0,0,0,0,0,0,0,0,0,0,0,NA,NA,0,NA,0,0,0,0,0,0,NA,0,0,0,0,0,0,0,0,0,0,NA,0,NA,0,0,0,0,20,2,27,4,6,0,1,0,1,0,0,1,0,0,0,0,0,0,0,0,0,1,5,0,0,0,0,0,0,0,0,NA,NA,0,0,0,0,0,0,0,0,0,0,0,0,NA,NA,NA,0,0,0,0,0,0,0,NA,0,0,0,0,NA,0,0
00-0036339,K.Dotson,Kevin Dotson,G,OL,"https://static.www.nfl.com/image/upload/f_auto,q_auto/league/nv2c9f4jr08wvzyog86n",2025,REG,LA,2,0,0,0,0,0,0,0,0,0,0,0,0,NA,NA,0,NA,0,0,0,0,0,0,NA,0,0,0,0,0,0,0,0,0,0,NA,0,NA,0,0,0,0,0,0,0,0,0,0,0,0,0,0,0,0,0,0,0,0,0,0,0,0,0,3,20,0,0,0,0,0,0,0,0,NA,NA,0,0,0,0,0,0,0,0,0,0,0,0,NA,NA,NA,0,0,0,0,0,0,0,NA,0,0,0,0,NA,0,0
00-0036341,K.Kareem,Khalid Kareem,LB,LB,"https://static.www.nfl.com/image/upload/f_auto,q_auto/league/wv4cxlitwh8mxxpzvka5",2025,REG,ATL,1,0,0,0,0,0,0,0,0,0,0,0,0,NA,NA,0,NA,0,0,0,0,0,0,NA,0,0,0,0,0,0,0,0,0,0,NA,0,NA,0,0,0,0,1,0,0,0,0,0,0,0,0,0,0,1,0,0,0,0,0,0,0,0,0,0,0,0,0,0,0,0,0,0,0,NA,NA,0,0,0,0,0,0,0,0,0,0,0,0,NA,NA,NA,0,0,0,0,0,0,0,NA,0,0,0,0,NA,0,0
00-0036347,B.Brandel,Blake Brandel,C,OL,"https://static.www.nfl.com/image/upload/f_auto,q_auto/league/njhqqbqvkymgl8fenuwr",2025,REG,MIN,4,0,0,0,0,0,0,0,0,0,0,0,0,NA,NA,0,NA,0,0,0,0,0,0,NA,0,0,0,0,0,0,0,0,0,0,NA,0,NA,0,0,0,0,0,0,1,0,0,0,0,0,0,0,0,0,0,0,0,0,1,2,0,0,0,3,20,0,0,0,0,0,0,0,0,NA,NA,0,0,0,0,0,0,0,0,0,0,0,0,NA,NA,NA,0,0,0,0,0,0,0,NA,0,0,0,0,NA,0,0
00-0036348,J.Metellus,Josh Metellus,SAF,DB,"https://static.www.nfl.com/image/upload/f_auto,q_auto/league/gmb2ahv4eq0jphammw2h",2025,REG,MIN,11,0,0,0,0,0,0,0,0,0,0,0,0,NA,NA,0,NA,0,0,0,0,0,0,NA,0,0,0,0,0,0,0,0,0,0,NA,0,NA,0,0,0,0,33,2,36,1,2,0,0.5,0,2,2,0,4,0,0,0,0,0,0,0,0,0,2,40,0,0,0,0,0,0,0,0,NA,NA,0,0,0,0,0,0,0,0,0,0,0,0,NA,NA,NA,0,0,0,0,0,0,0,NA,0,0,0,0,NA,0,0
00-0036349,K.Curl,Kam Curl,SAF,DB,"https://static.www.nfl.com/image/upload/f_auto,q_auto/league/tm9ahrg1kvnyyghpj5sy",2025,REG,LA,11,0,0,0,0,0,0,0,0,0,0,0,0,NA,NA,0,NA,0,0,0,0,0,0,NA,0,0,0,0,0,0,0,0,0,0,NA,0,NA,0,0,0,0,55,4,28,2,3,0,1,2,1,2,0,4,0,0,0,0,0,0,0,0,0,1,5,0,0,0,0,0,0,0,0,NA,NA,0,0,0,0,0,0,0,0,0,0,0,0,NA,NA,NA,0,0,0,0,0,0,0,NA,0,0,0,0,NA,0,0
00-0036355,J.Herbert,Justin Herbert,QB,QB,"https://static.www.nfl.com/image/upload/f_auto,q_auto/league/s1oelyaroiaalgilbeqk",2025,REG,LAC,11,250,376,2691,19,9,35,-213,0,0,2802,1244,124,9.090902251175685,0.5640009957584542,0,0.9603854389721628,54,345,1,2,1,28,14.435348608116534,1,0,0,0,0,0,0,0,0,0,NA,0,NA,0,0,0,0,1,0,1,0,0,0,0,0,0,0,0,0,0,0,0,0,0,2,0,0,0,2,20,0,0,0,0,0,0,0,0,NA,NA,0,0,0,0,0,0,0,0,0,0,0,0,NA,NA,NA,0,0,0,0,0,0,0,NA,0,0,0,0,NA,206.14,206.14
00-0036358,C.Lamb,CeeDee Lamb,WR,WR,"https://static.www.nfl.com/image/upload/f_auto,q_auto/league/ijxzvtumjhqu3zva1bwc",2025,REG,DAL,7,0,0,0,0,0,0,0,0,0,0,0,0,NA,NA,0,NA,1,2,0,0,0,0,-0.2478505993494764,0,44,72,632,2,0,0,869,192,25,5.071496555646048,0,0.7272727272727273,0.181360201511335,0.2743921692453426,0.46411482073874233,0,1,0,0,0,0,0,0,0,0,0,0,0,0,0,0,0,0,0,0,0,0,2,15,0,0,0,0,0,0,0,0,NA,NA,0,0,0,0,0,0,0,0,0,0,0,0,NA,NA,NA,0,0,0,0,0,0,0,NA,0,0,0,0,NA,75.4,119.4
00-0036359,D.Arnette,Damon Arnette,CB,DB,"https://static.www.nfl.com/image/upload/f_auto,q_auto/league/fd2gstkm1skm5r3fxca5",2025,REG,HOU,2,0,0,0,0,0,0,0,0,0,0,0,0,NA,NA,0,NA,0,0,0,0,0,0,NA,0,0,0,0,0,0,0,0,0,0,NA,0,NA,0,0,0,0,3,0,0,0,0,0,0,0,0,0,0,0,0,0,0,0,0,0,0,0,0,0,0,0,0,0,0,0,0,0,0,NA,NA,0,0,0,0,0,0,0,0,0,0,0,0,NA,NA,NA,0,0,0,0,0,0,0,NA,0,0,0,0,NA,0,0
00-0036360,C.Edwards-Helaire,Clyde Edwards-Helaire,RB,RB,"https://static.www.nfl.com/image/upload/f_auto,q_auto/league/er6tfnyxampiwn74zrui",2025,REG,KC,2,0,0,0,0,0,0,0,0,0,0,0,0,NA,NA,0,NA,7,13,0,0,0,1,-2.6603865438955836,0,2,2,9,0,0,0,-4,13,0,1.5574801142211072,0,-2.25,0.0051813471502590676,-0.0012095554883580285,0.006925331883537981,0,0,0,0,0,0,0,0,0,0,0,0,0,0,0,0,0,0,0,0,0,0,0,0,0,0,0,0,0,0,0,0,NA,NA,0,0,0,0,0,0,0,0,0,0,0,0,NA,NA,NA,0,0,0,0,0,0,0,NA,0,0,0,0,NA,2.2,4.2
00-0036361,T.Diggs,Trevon Diggs,CB,DB,"https://static.www.nfl.com/image/upload/f_auto,q_auto/league/ktdcor3rnkwpgehtwldn",2025,REG,DAL,6,0,0,0,0,0,0,0,0,0,0,0,0,NA,NA,0,NA,0,0,0,0,0,0,NA,0,0,0,0,0,0,0,0,0,0,NA,0,NA,0,0,0,0,13,0,5,1,3,0,0,0,0,0,0,0,0,0,0,0,0,0,0,0,0,1,15,0,0,0,0,0,0,0,0,NA,NA,0,0,0,0,0,0,0,0,0,0,0,0,NA,NA,NA,0,0,0,0,0,0,0,NA,0,0,0,0,NA,0,0
00-0036362,W.Gay,Willie Gay Jr.,LB,LB,"https://static.www.nfl.com/image/upload/f_auto,q_auto/league/vf0j6vpgfr1vg5wsd7uh",2025,REG,MIA,4,0,0,0,0,0,0,0,0,0,0,0,0,NA,NA,0,NA,0,0,0,0,0,0,NA,0,0,0,0,0,0,0,0,0,0,NA,0,NA,0,0,0,0,5,0,5,2,11,0,1,5,1,0,0,0,0,0,0,0,0,0,0,0,0,0,0,0,0,0,0,0,0,0,0,NA,NA,0,0,0,0,0,0,0,0,0,0,0,0,NA,NA,NA,0,0,0,0,0,0,0,NA,0,0,0,0,NA,0,0
00-0036366,N.Gallimore,Neville Gallimore,DT,DL,"https://static.www.nfl.com/image/upload/f_auto,q_auto/league/qwrxmtnfxfkhenqgsnjp",2025,REG,IND,10,0,0,0,0,0,0,0,0,0,0,0,0,NA,NA,0,NA,0,0,0,0,0,0,NA,0,0,0,0,0,0,0,0,0,0,NA,0,NA,0,0,0,0,11,0,14,4,20,0,3.5,20.5,6,0,0,2,0,0,0,0,0,0,0,0,0,1,15,0,0,0,0,0,0,0,0,NA,NA,0,0,0,0,0,0,0,0,0,0,0,0,NA,NA,NA,0,0,0,0,0,0,0,NA,0,0,0,0,NA,0,0
00-0036369,J.Simpson,John Simpson,G,OL,"https://static.www.nfl.com/image/upload/f_auto,q_auto/league/wv8eiewgjjgiedjzsnmh",2025,REG,NYJ,5,0,0,0,0,0,0,0,0,0,0,0,0,NA,NA,0,NA,0,0,0,0,0,0,NA,0,0,0,0,0,0,0,0,0,0,NA,0,NA,0,0,0,0,0,0,0,0,0,0,0,0,0,0,0,0,0,0,0,0,0,0,0,0,0,7,67,0,0,0,0,0,0,0,0,NA,NA,0,0,0,0,0,0,0,0,0,0,0,0,NA,NA,NA,0,0,0,0,0,0,0,NA,0,0,0,0,NA,0,0
00-0036371,L.Fotu,Leki Fotu,DT,DL,"https://static.www.nfl.com/image/upload/f_auto,q_auto/league/nvivcl9hxccojvuexvmw",2025,REG,LV,3,0,0,0,0,0,0,0,0,0,0,0,0,NA,NA,0,NA,0,0,0,0,0,0,NA,0,0,0,0,0,0,0,0,0,0,NA,0,NA,0,0,0,0,2,1,3,3,13,0,1,9,1,0,0,0,0,0,0,0,0,0,0,0,0,0,0,0,0,0,0,0,0,0,0,NA,NA,0,0,0,0,0,0,0,0,0,0,0,0,NA,NA,NA,0,0,0,0,0,0,0,NA,0,0,0,0,NA,0,0
00-0036374,L.Sneed,L'Jarius Sneed,CB,DB,"https://static.www.nfl.com/image/upload/f_auto,q_auto/league/ft4szbihb9vyadwkiszf",2025,REG,TEN,7,0,0,0,0,0,0,0,0,0,0,0,0,NA,NA,0,NA,0,0,0,0,0,0,NA,0,0,0,0,0,0,0,0,0,0,NA,0,NA,0,0,0,0,17,1,8,0,0,0,0,0,0,0,0,3,0,0,0,0,0,0,0,0,0,4,12,0,0,0,0,0,0,0,0,NA,NA,0,0,0,0,0,0,0,0,0,0,0,0,NA,NA,NA,0,0,0,0,0,0,0,NA,0,0,0,0,NA,0,0
00-0036375,A.Robertson,Amik Robertson,CB,DB,"https://static.www.nfl.com/image/upload/f_auto,q_auto/league/htqmihuu8sds0x3qre8g",2025,REG,DET,11,0,0,0,0,0,0,0,0,0,0,0,0,NA,NA,0,NA,0,0,0,0,0,0,NA,0,0,0,0,0,0,0,0,0,0,NA,0,NA,0,0,0,0,30,1,2,2,2,2,0,0,0,1,2,6,0,0,0,0,0,0,0,0,0,2,10,0,0,0,0,0,0,0,0,NA,NA,0,0,0,0,0,0,0,0,0,0,0,0,NA,NA,NA,0,0,0,0,0,0,0,NA,0,0,0,0,NA,0,0
00-0036376,T.Biadasz,Tyler Biadasz,C,OL,"https://static.www.nfl.com/image/upload/f_auto,q_auto/league/ls6xqzbvxs8pwkhwjwph",2025,REG,WAS,1,0,0,0,0,0,0,0,0,0,0,0,0,NA,NA,0,NA,0,0,0,0,0,0,NA,0,0,0,0,0,0,0,0,0,0,NA,0,NA,0,0,0,0,0,0,0,0,0,0,0,0,0,0,0,0,0,0,0,0,0,0,0,0,0,1,15,0,0,0,0,0,0,0,0,NA,NA,0,0,0,0,0,0,0,0,0,0,0,0,NA,NA,NA,0,0,0,0,0,0,0,NA,0,0,0,0,NA,0,0
00-0036378,M.Danna,Michael Danna,DE,DL,"https://static.www.nfl.com/image/private/f_auto,q_auto/league/oiywq8es1rm2rjnpbouw",2025,REG,KC,7,0,0,0,0,0,0,0,0,0,0,0,0,NA,NA,0,NA,0,0,0,0,0,0,NA,0,0,0,0,0,0,0,0,0,0,NA,0,NA,0,0,0,0,3,1,9,2,11,0,1,10,3,1,10,1,0,0,0,0,0,0,0,0,0,0,0,0,0,0,0,0,0,0,0,NA,NA,0,0,0,0,0,0,0,0,0,0,0,0,NA,NA,NA,0,0,0,0,0,0,0,NA,0,0,0,0,NA,0,0
00-0036380,A.Gilman,Alohi Gilman,SAF,DB,"https://static.www.nfl.com/image/upload/f_auto,q_auto/league/t5twpgxuuzuhasid5jzg",2025,REG,BAL,11,0,0,0,0,0,0,0,0,0,0,0,0,NA,NA,0,NA,0,0,0,0,0,0,NA,0,0,0,0,0,0,0,0,0,0,NA,0,NA,0,0,0,0,24,0,24,0,0,1,0,0,1,0,0,5,0,0,0,0,0,0,2,2,0,1,5,0,0,0,0,0,0,0,0,NA,NA,0,0,0,0,0,0,0,0,0,0,0,0,NA,NA,NA,0,0,0,0,0,0,0,NA,0,0,0,0,NA,0,0
00-0036386,A.Thomas,Andrew Thomas,OT,OL,"https://static.www.nfl.com/image/upload/f_auto,q_auto/league/yuy9qansfewdhoxsi9fq",2025,REG,NYG,3,0,0,0,0,0,0,0,0,0,0,0,0,NA,NA,0,NA,0,0,0,0,0,0,NA,0,0,0,0,0,0,0,0,0,0,NA,0,NA,0,0,0,0,0,0,0,0,0,0,0,0,0,0,0,0,0,0,0,0,1,1,0,0,0,2,20,0,0,0,0,0,0,0,0,NA,NA,0,0,0,0,0,0,0,0,0,0,0,0,NA,NA,NA,0,0,0,0,0,0,0,NA,0,0,0,0,NA,0,0
00-0036388,X.McKinney,Xavier McKinney,SAF,DB,"https://static.www.nfl.com/image/upload/f_auto,q_auto/league/vvjc67dqz3mjghgkdr8v",2025,REG,GB,11,0,0,0,0,0,0,0,0,0,0,0,0,NA,NA,0,NA,0,0,0,0,0,0,NA,0,0,0,0,0,0,0,0,0,0,NA,0,NA,0,0,0,0,30,2,35,0,0,1,1,0,1,2,0,5,0,0,0,0,0,0,0,0,0,2,18,0,0,0,0,0,0,0,0,NA,NA,0,0,0,0,0,0,0,0,0,0,0,0,NA,NA,NA,0,0,0,0,0,0,0,NA,0,0,0,0,NA,0,0
00-0036389,J.Hurts,Jalen Hurts,QB,QB,"https://static.www.nfl.com/image/upload/f_auto,q_auto/league/c47i9v6gmokkun9cat9s",2025,REG,PHI,11,207,308,2284,17,1,27,-159,2,1,2767,913,101,33.122149045194845,4.639178117794397,0,0.82544271774485,80,298,8,3,1,34,11.326944253960392,0,0,0,0,0,0,0,0,0,0,NA,0,NA,0,0,0,0,0,0,0,0,0,0,0,0,0,0,0,0,0,0,0,0,1,2,0,0,0,0,0,0,0,0,0,0,0,0,0,NA,NA,0,0,0,0,0,0,0,0,0,0,0,0,NA,NA,NA,0,0,0,0,0,0,0,NA,0,0,0,0,NA,231.16000000000003,231.16000000000003
00-0036391,L.Cushenberry,Lloyd Cushenberry III,C,OL,"https://static.www.nfl.com/image/upload/f_auto,q_auto/league/qfwevbrfaklbqmatvwat",2025,REG,TEN,3,0,0,0,0,0,0,0,0,0,0,0,0,NA,NA,0,NA,0,0,0,0,0,0,NA,0,0,0,0,0,0,0,0,0,0,NA,0,NA,0,0,0,0,0,0,0,0,0,0,0,0,0,0,0,0,0,0,0,0,0,0,0,0,0,3,20,0,0,0,0,0,0,0,0,NA,NA,0,0,0,0,0,0,0,0,0,0,0,0,NA,NA,NA,0,0,0,0,0,0,0,NA,0,0,0,0,NA,0,0
00-0036392,M.Peart,Matt Peart,OT,OL,"https://static.www.nfl.com/image/upload/f_auto,q_auto/league/zcjwk9shhxnhv8vwjej7",2025,REG,DEN,1,0,0,0,0,0,0,0,0,0,0,0,0,NA,NA,0,NA,0,0,0,0,0,0,NA,0,0,0,0,0,0,0,0,0,0,NA,0,NA,0,0,0,0,0,0,0,0,0,0,0,0,0,0,0,0,0,0,0,0,0,0,0,0,0,3,25,0,0,0,0,0,0,0,0,NA,NA,0,0,0,0,0,0,0,0,0,0,0,0,NA,NA,NA,0,0,0,0,0,0,0,NA,0,0,0,0,NA,0,0
00-0036394,D.Holmes,Darnay Holmes,CB,DB,"https://static.www.nfl.com/image/upload/f_auto,q_auto/league/pubbkwys2ishkc7i2ljb",2025,REG,LV,9,0,0,0,0,0,0,0,0,0,0,0,0,NA,NA,0,NA,0,0,0,0,0,0,NA,0,0,0,0,0,0,0,0,0,0,NA,0,NA,0,0,0,0,10,0,5,0,0,0,0,0,0,0,0,0,0,0,0,0,0,0,0,0,0,2,32,0,0,0,0,0,0,0,0,NA,NA,0,0,0,0,0,0,0,0,0,0,0,0,NA,NA,NA,0,0,0,0,0,0,0,NA,0,0,0,0,NA,0,0
00-0036406,T.Wirfs,Tristan Wirfs,OT,OL,"https://static.www.nfl.com/image/upload/f_auto,q_auto/league/jiuxi430mkpqe39ikuze",2025,REG,TB,3,0,0,0,0,0,0,0,0,0,0,0,0,NA,NA,0,NA,0,0,0,0,0,0,NA,0,0,0,0,0,0,0,0,0,0,NA,0,NA,0,0,0,0,0,0,0,0,0,0,0,0,0,0,0,0,0,0,0,0,1,1,0,0,0,3,20,0,0,0,0,0,0,0,0,NA,NA,0,0,0,0,0,0,0,0,0,0,0,0,NA,NA,NA,0,0,0,0,0,0,0,NA,0,0,0,0,NA,0,0
00-0036407,J.Jeudy,Jerry Jeudy,WR,WR,"https://static.www.nfl.com/image/upload/f_auto,q_auto/league/szca1v9butuqkjs7ekpm",2025,REG,CLE,11,0,0,0,0,0,0,0,0,0,0,0,0,NA,NA,0,NA,0,0,0,0,0,0,NA,0,32,76,395,1,1,1,907,108,21,-35.01147473858575,0,0.4355016538037486,0.2116991643454039,0.35568627450980395,0.5665291386749686,0,1,0,0,0,0,0,0,0,0,0,0,0,0,0,0,0,0,0,0,0,0,1,15,0,0,0,0,0,0,0,0,NA,NA,0,0,0,0,0,0,0,0,0,0,0,0,NA,NA,NA,0,0,0,0,0,0,0,NA,0,0,0,0,NA,43.5,75.5
00-0036408,C.Ruiz,Cesar Ruiz,G,OL,"https://static.www.nfl.com/image/upload/f_auto,q_auto/league/i0hu869tzhne0frnt7fx",2025,REG,NO,3,0,0,0,0,0,0,0,0,0,0,0,0,NA,NA,0,NA,0,0,0,0,0,0,NA,0,0,0,0,0,0,0,0,0,0,NA,0,NA,0,0,0,0,0,0,0,0,0,0,0,0,0,0,0,0,0,0,0,0,1,1,0,0,0,3,20,0,0,0,0,0,0,0,0,NA,NA,0,0,0,0,0,0,0,0,0,0,0,0,NA,NA,NA,0,0,0,0,0,0,0,NA,0,0,0,0,NA,0,0
00-0036409,J.Brooks,Jordyn Brooks,LB,LB,"https://static.www.nfl.com/image/upload/f_auto,q_auto/league/fqpdggqc3fngvkta63zy",2025,REG,MIA,11,0,0,0,0,0,0,0,0,0,0,0,0,NA,NA,0,NA,0,0,0,0,0,0,NA,0,0,0,0,0,0,0,0,0,0,NA,0,NA,0,0,0,0,68,3,54,8,27,1,2.5,16,3,0,0,0,0,0,0,0,0,0,1,1,0,1,2,0,0,0,0,0,0,0,0,NA,NA,0,0,0,0,0,0,0,0,0,0,0,0,NA,NA,NA,0,0,0,0,0,0,0,NA,0,0,0,0,NA,0,0
00-0036410,T.Higgins,Tee Higgins,WR,WR,"https://static.www.nfl.com/image/upload/f_auto,q_auto/league/flr9f8oqigbyroeaubxb",2025,REG,CIN,11,0,0,0,0,0,0,0,0,0,0,0,0,NA,NA,0,NA,0,0,0,0,0,0,NA,0,40,70,575,7,0,0,904,132,28,23.861302974285078,1,0.6360619469026548,0.1794871794871795,0.29475057059015325,0.4755561686438765,0,0,0,0,0,0,0,0,0,0,0,0,0,0,0,0,0,1,1,0,0,0,0,0,0,0,0,0,0,0,0,0,NA,NA,0,0,0,0,0,0,0,0,0,0,0,0,NA,NA,NA,0,0,0,0,0,0,0,NA,0,0,0,0,NA,101.5,141.5
00-0036411,A.Winfield,Antoine Winfield Jr.,SAF,DB,"https://static.www.nfl.com/image/upload/f_auto,q_auto/league/wn2vlv6eyc9str0ak0fx",2025,REG,TB,11,0,0,0,0,0,0,0,0,0,0,0,0,NA,NA,0,NA,0,0,0,0,0,0,NA,0,0,0,0,0,0,0,0,0,0,NA,0,NA,0,0,0,0,34,0,22,4,20,1,1,8,3,1,0,5,0,0,0,0,0,0,1,1,0,0,0,0,0,0,0,0,0,0,0,NA,NA,0,0,0,0,0,0,0,0,0,0,0,0,NA,NA,NA,0,0,0,0,0,0,0,NA,0,0,0,0,NA,0,0
00-0036413,D.Taylor,Darrell Taylor,DE,DL,"https://static.www.nfl.com/image/upload/f_auto,q_auto/league/i0d3vsafckx1qzuzcrp6",2025,REG,HOU,3,0,0,0,0,0,0,0,0,0,0,0,0,NA,NA,0,NA,0,0,0,0,0,0,NA,0,0,0,0,0,0,0,0,0,0,NA,0,NA,0,0,0,0,1,0,2,0,0,0,0,0,0,0,0,0,0,0,0,0,0,0,0,0,0,1,5,0,0,0,0,0,0,0,0,NA,NA,0,0,0,0,0,0,0,0,0,0,0,0,NA,NA,NA,0,0,0,0,0,0,0,NA,0,0,0,0,NA,0,0
00-0036414,C.Akers,Cam Akers,RB,RB,"https://static.www.nfl.com/image/upload/f_auto,q_auto/league/dutj0wamu7giwghnmr4m",2025,REG,MIN,2,1,1,32,1,0,0,0,0,0,15,17,1,3.2600105608580634,44.74018216133118,0,2.1333333333333333,5,19,0,0,0,1,-0.9147008640575223,0,0,1,0,0,0,0,-6,0,0,-1.4301598633173853,0,-0,0.003076923076923077,-0.002144388849177984,0.003114312420960026,0,0,0,0,0,0,0,0,0,0,0,0,0,0,0,0,0,0,0,0,0,0,0,0,0,0,0,0,0,0,0,0,NA,NA,0,0,0,0,0,0,0,0,0,0,0,0,NA,NA,NA,0,0,0,0,0,0,0,NA,0,0,0,0,NA,7.180000000000001,7.180000000000001
00-0036415,V.Jefferson,Van Jefferson,WR,WR,"https://static.www.nfl.com/image/upload/f_auto,q_auto/league/aavlanyckqnsej61ulir",2025,REG,TEN,9,0,0,0,0,0,0,0,0,0,0,0,0,NA,NA,0,NA,0,0,0,0,0,0,NA,0,18,34,200,1,0,0,380,58,13,3.0547984713513494,0,0.5263157894736842,0.09770114942528736,0.13778100072516317,0.24299842464554527,0,0,0,0,0,0,0,0,0,0,0,0,0,0,0,0,0,0,0,0,0,0,1,5,0,0,0,0,0,0,0,0,NA,NA,0,0,0,0,0,0,0,0,0,0,0,0,NA,NA,NA,0,0,0,0,0,0,0,NA,0,0,0,0,NA,26,44
00-0036416,K.Fulton,Kristian Fulton,CB,DB,"https://static.www.nfl.com/image/upload/f_auto,q_auto/league/gxh7dcqykzmo2nadvs5u",2025,REG,KC,3,0,0,0,0,0,0,0,0,0,0,0,0,NA,NA,0,NA,0,0,0,0,0,0,NA,0,0,0,0,0,0,0,0,0,0,NA,0,NA,0,0,0,0,3,0,0,0,0,0,0,0,0,0,0,0,0,0,0,0,0,0,0,0,0,1,5,0,0,0,0,0,0,0,0,NA,NA,0,0,0,0,0,0,0,0,0,0,0,0,NA,NA,NA,0,0,0,0,0,0,0,NA,0,0,0,0,NA,0,0
00-0036417,D.Lewis,Damien Lewis,G,OL,"https://static.www.nfl.com/image/upload/f_auto,q_auto/league/aerw6b5qa0plz8ejg68g",2025,REG,CAR,3,0,0,0,0,0,0,0,0,0,0,0,0,NA,NA,0,NA,0,0,0,0,0,0,NA,0,0,0,0,0,0,0,0,0,0,NA,0,NA,0,0,0,0,0,0,0,0,0,0,0,0,0,0,0,0,0,0,0,0,0,0,1,1,0,3,30,0,0,0,0,0,0,0,0,NA,NA,0,0,0,0,0,0,0,0,0,0,0,0,NA,NA,NA,0,0,0,0,0,0,0,NA,0,0,0,0,NA,0,0
00-0036418,Z.Baun,Zack Baun,LB,LB,"https://static.www.nfl.com/image/upload/f_auto,q_auto/league/lxfptgyjuuwmvxrwr3m4",2025,REG,PHI,11,0,0,0,0,0,0,0,0,0,0,0,0,NA,NA,0,NA,0,0,0,0,0,0,NA,0,0,0,0,0,0,0,0,0,0,NA,0,NA,0,0,0,0,48,0,40,6,15,1,3,10,4,1,0,6,0,0,0,0,0,0,1,1,0,1,14,0,0,0,0,0,0,0,0,NA,NA,0,0,0,0,0,0,0,0,0,0,0,0,NA,NA,NA,0,0,0,0,0,0,0,NA,0,0,0,0,NA,0,0
00-0036421,T.Burgess,Terrell Burgess,SAF,DB,"https://static.www.nfl.com/image/upload/f_auto,q_auto/league/noqfcnfnqtsfgkbg4jum",2025,REG,NO,7,0,0,0,0,0,0,0,0,0,0,0,0,NA,NA,0,NA,0,0,0,0,0,0,NA,0,0,0,0,0,0,0,0,0,0,NA,0,NA,0,0,0,0,3,0,7,0,0,0,0,0,0,0,0,2,0,0,0,0,0,0,0,0,0,1,10,0,0,0,0,0,0,0,0,NA,NA,0,0,0,0,0,0,0,0,0,0,0,0,NA,NA,NA,0,0,0,0,0,0,0,NA,0,0,0,0,NA,0,0
00-0036422,A.Trautman,Adam Trautman,TE,TE,"https://static.www.nfl.com/image/upload/f_auto,q_auto/league/ck9dspk0ykijetdshyn4",2025,REG,DEN,9,0,0,0,0,0,0,0,0,0,0,0,0,NA,NA,0,NA,0,0,0,0,0,0,NA,0,11,12,93,1,0,0,36,61,5,3.70584463205887,0,2.5833333333333335,0.0326975476839237,0.011692107827216629,0.057230797004937196,0,0,0,1,0,0,0,0,0,0,0,0,0,0,0,0,0,0,0,0,0,0,5,50,0,0,0,0,0,0,0,0,NA,NA,0,0,0,0,0,0,0,0,0,0,0,0,NA,NA,NA,0,0,0,0,0,0,0,NA,0,0,0,0,NA,15.3,26.3
00-0036423,A.Okwuegbunam,Albert Okwuegbunam,TE,TE,"https://static.www.nfl.com/image/upload/f_auto,q_auto/league/gww1gus87vabpsalkrpc",2025,REG,LV,1,0,0,0,0,0,0,0,0,0,0,0,0,NA,NA,0,NA,0,0,0,0,0,0,NA,0,5,6,36,0,0,0,18,34,2,1.6165097025805153,0,2,0.01749271137026239,0.008181818181818182,0.03196633978266632,0,0,0,0,0,0,0,0,0,0,0,0,0,0,0,0,0,0,0,0,0,0,0,0,0,0,0,0,0,0,0,0,NA,NA,0,0,0,0,0,0,0,0,0,0,0,0,NA,NA,NA,0,0,0,0,0,0,0,NA,0,0,0,0,NA,3.6,8.6
00-0036425,D.Dallas,DeeJay Dallas,RB,RB,"https://static.www.nfl.com/image/upload/f_auto,q_auto/league/weotbgqp9f3y1hptcxzm",2025,REG,CAR,2,0,0,0,0,0,0,0,0,0,0,0,0,NA,NA,0,NA,1,0,0,0,0,0,-1.9534934731455054,0,0,0,0,0,0,0,0,0,0,NA,0,NA,0,0,0,0,2,0,2,0,0,0,0,0,0,0,0,0,0,0,0,0,0,0,0,0,0,0,0,0,0,6,141,0,0,0,0,NA,NA,0,0,0,0,0,0,0,0,0,0,0,0,NA,NA,NA,0,0,0,0,0,0,0,NA,0,0,0,0,NA,0,0
00-0036427,T.Johnson,Tyler Johnson,WR,WR,"https://static.www.nfl.com/image/upload/f_auto,q_auto/league/s6fg2hapxwa9efbrygxf",2025,REG,NYJ,7,0,0,0,0,0,0,0,0,0,0,0,0,NA,NA,0,NA,0,0,0,0,0,0,NA,0,10,16,187,1,0,0,204,60,8,13.077623065173807,0,0.9166666666666666,0.05536332179930796,0.09285389167045972,0.14804270686828375,0,0,0,0,0,0,0,0,0,0,0,0,0,0,0,0,0,0,0,0,0,0,1,5,0,0,0,0,0,0,0,0,NA,NA,0,0,0,0,0,0,0,0,0,0,0,0,NA,NA,NA,0,0,0,0,0,0,0,NA,0,0,0,0,NA,24.7,34.7
00-0036428,J.Strnad,Justin Strnad,LB,LB,"https://static.www.nfl.com/image/upload/f_auto,q_auto/league/qeikhakzijz2ipub82bt",2025,REG,DEN,11,0,0,0,0,0,0,0,0,0,0,0,0,NA,NA,0,NA,0,0,0,0,0,0,NA,0,0,0,0,0,0,0,0,0,0,NA,0,NA,0,0,0,0,16,2,30,4,20,0,3.5,22,7,1,21,2,0,0,0,0,0,0,0,0,0,0,0,0,0,0,0,0,0,0,0,NA,NA,0,0,0,0,0,0,0,0,0,0,0,0,NA,NA,NA,0,0,0,0,0,0,0,NA,0,0,0,0,NA,0,0
00-0036429,C.Woerner,Charlie Woerner,TE,TE,"https://static.www.nfl.com/image/upload/f_auto,q_auto/league/tflwxcx2ohrc6e8j0n5a",2025,REG,ATL,4,0,0,0,0,0,0,0,0,0,0,0,0,NA,NA,0,NA,0,0,0,0,0,0,NA,0,5,6,33,0,0,0,2,30,2,-0.007798055827151984,0,16.5,0.01791044776119403,6.920415224913495e-4,0.027350100707534988,0,0,0,0,0,0,0,0,0,0,0,0,0,0,0,0,0,0,0,0,0,0,0,0,0,0,0,0,0,0,0,0,NA,NA,0,0,0,0,0,0,0,0,0,0,0,0,NA,NA,NA,0,0,0,0,0,0,0,NA,0,0,0,0,NA,3.3000000000000003,8.3
00-0036431,J.Fuller,Jordan Fuller,SAF,DB,"https://static.www.nfl.com/image/upload/f_auto,q_auto/league/fels90wvhbe4a0vdjnnu",2025,REG,ATL,1,0,0,0,0,0,0,0,0,0,0,0,0,NA,NA,0,NA,0,0,0,0,0,0,NA,0,0,0,0,0,0,0,0,0,0,NA,0,NA,0,0,0,0,1,0,0,0,0,0,0,0,0,0,0,0,0,0,0,0,0,0,0,0,0,0,0,0,0,0,0,0,0,0,0,NA,NA,0,0,0,0,0,0,0,0,0,0,0,0,NA,NA,NA,0,0,0,0,0,0,0,NA,0,0,0,0,NA,0,0
00-0036441,K.Murray,"Kenneth Murray, Jr.",LB,LB,"https://static.www.nfl.com/image/upload/f_auto,q_auto/league/up14o9gpznxgcvc5xtqh",2025,REG,DAL,11,0,0,0,0,0,0,0,0,0,0,0,0,NA,NA,0,NA,0,0,0,0,0,0,NA,0,0,0,0,0,0,0,0,0,0,NA,0,NA,0,0,0,0,34,0,34,4,9,0,1,1,2,0,0,2,0,0,0,0,0,0,1,1,0,1,5,0,0,0,0,0,0,0,0,NA,NA,0,0,0,0,0,0,0,0,0,0,0,0,NA,NA,NA,0,0,0,0,0,0,0,NA,0,0,0,0,NA,0,0
00-0036442,J.Burrow,Joe Burrow,QB,QB,"https://static.www.nfl.com/image/upload/f_auto,q_auto/league/gnnvcgui1cijybukk2w7",2025,REG,CIN,2,21,36,189,2,0,5,-26,0,0,247,63,13,-0.13850889244066522,-1.5458577871322632,0,0.7651821862348178,2,3,0,0,0,0,-1.6446855349640828,0,0,0,0,0,0,0,0,0,0,NA,0,NA,0,0,0,0,0,0,0,0,0,0,0,0,0,0,0,0,0,0,0,0,0,0,0,0,0,0,0,0,0,0,0,0,0,0,0,NA,NA,0,0,0,0,0,0,0,0,0,0,0,0,NA,NA,NA,0,0,0,0,0,0,0,NA,0,0,0,0,NA,15.860000000000001,15.860000000000001
00-0036443,R.Sunahara,Rex Sunahara,LS,SPEC,"https://static.www.nfl.com/image/upload/f_auto,q_auto/league/lf7vil8wv3cqyumtczbr",2025,REG,CLE,4,0,0,0,0,0,0,0,0,0,0,0,0,NA,NA,0,NA,0,0,0,0,0,0,NA,0,0,0,0,0,0,0,0,0,0,NA,0,NA,0,0,0,0,1,0,4,0,0,0,0,0,0,0,0,0,0,0,0,0,0,0,0,0,0,0,0,0,0,0,0,0,0,0,0,NA,NA,0,0,0,0,0,0,0,0,0,0,0,0,NA,NA,NA,0,0,0,0,0,0,0,NA,0,0,0,0,NA,0,0
00-0036479,K.Paye,Kwity Paye,DE,DL,"https://static.www.nfl.com/image/upload/f_auto,q_auto/league/omibgumkgr8ympte4rmo",2025,REG,IND,10,0,0,0,0,0,0,0,0,0,0,0,0,NA,NA,0,NA,0,0,0,0,0,0,NA,0,0,0,0,0,0,0,0,0,0,NA,0,NA,0,0,0,0,9,1,15,4,19,0,3.5,17,8,0,0,0,0,0,0,0,0,0,0,0,0,0,0,0,0,0,0,0,0,0,0,NA,NA,0,0,0,0,0,0,0,0,0,0,0,0,NA,NA,NA,0,0,0,0,0,0,0,NA,0,0,0,0,NA,0,0
00-0036480,D.Odeyingbo,Dayo Odeyingbo,DE,DL,"https://static.www.nfl.com/image/upload/f_auto,q_auto/league/h0brx6vrdusdxl6fkxgv",2025,REG,CHI,8,0,0,0,0,0,0,0,0,0,0,0,0,NA,NA,0,NA,0,0,0,0,0,0,NA,0,0,0,0,0,0,0,0,0,0,NA,0,NA,0,0,0,0,9,0,12,2,5,0,1,2,4,0,0,1,0,0,0,0,0,0,0,0,0,2,16,0,0,0,0,0,0,0,0,NA,NA,0,0,0,0,0,0,0,0,0,0,0,0,NA,NA,NA,0,0,0,0,0,0,0,NA,0,0,0,0,NA,0,0
00-0036483,W.Fries,Will Fries,G,OL,"https://static.www.nfl.com/image/upload/f_auto,q_auto/league/lswimbqlz0wdbsuq1wsh",2025,REG,MIN,3,0,0,0,0,0,0,0,0,0,0,0,0,NA,NA,0,NA,0,0,0,0,0,0,NA,0,0,0,0,0,0,0,0,0,0,NA,0,NA,0,0,0,0,0,0,0,0,0,0,0,0,0,0,0,0,0,0,0,0,0,0,0,0,0,3,20,0,0,0,0,0,0,0,0,NA,NA,0,0,0,0,0,0,0,0,0,0,0,0,NA,NA,NA,0,0,0,0,0,0,0,NA,0,0,0,0,NA,0,0
00-0036497,T.Jones,Tim Jones,WR,WR,"https://static.www.nfl.com/image/upload/f_auto,q_auto/league/gimunqcnpgtctbdba53c",2025,REG,JAX,2,0,0,0,0,0,0,0,0,0,0,0,0,NA,NA,0,NA,0,0,0,0,0,0,NA,0,1,1,15,0,0,0,4,11,1,1.0751921531627886,0,3.75,0.002777777777777778,0.0013364517206815904,0.00510218287114378,0,0,0,1,0,0,0,0,0,0,0,0,0,0,0,0,0,0,0,0,0,0,0,0,0,0,0,0,0,0,0,0,NA,NA,0,0,0,0,0,0,0,0,0,0,0,0,NA,NA,NA,0,0,0,0,0,0,0,NA,0,0,0,0,NA,1.5,2.5
00-0036500,J.Sherwood,Jamien Sherwood,LB,LB,"https://static.www.nfl.com/image/upload/f_auto,q_auto/league/fvyykbueuzcivau5d9qq",2025,REG,NYJ,11,0,0,0,0,0,0,0,0,0,0,0,0,NA,NA,0,NA,0,0,0,0,0,0,NA,0,0,0,0,0,0,0,0,0,0,NA,0,NA,0,0,0,0,43,3,56,5,19,0,1,9,4,0,0,5,0,0,0,0,0,0,0,0,0,1,5,0,0,0,0,0,0,0,0,NA,NA,0,0,0,0,0,0,0,0,0,0,0,0,NA,NA,NA,0,0,0,0,0,0,0,NA,0,0,0,0,NA,0,0
00-0036501,M.Carter,Michael Carter II,CB,DB,"https://static.www.nfl.com/image/upload/f_auto,q_auto/league/a7yskzasxy1hjvyqql1t",2025,REG,PHI,6,0,0,0,0,0,0,0,0,0,0,0,0,NA,NA,0,NA,0,0,0,0,0,0,NA,0,0,0,0,0,0,0,0,0,0,NA,0,NA,0,0,0,0,8,2,5,1,1,0,0,0,0,0,0,2,0,0,0,0,0,0,0,0,0,1,5,0,0,0,0,0,0,0,0,NA,NA,0,0,0,0,0,0,0,0,0,0,0,0,NA,NA,NA,0,0,0,0,0,0,0,NA,0,0,0,0,NA,0,0
00-0036502,J.Pinnock,Jason Pinnock,SAF,DB,"https://static.www.nfl.com/image/upload/f_auto,q_auto/league/vfudin1xe9wdv1bv6awj",2025,REG,SF,9,0,0,0,0,0,0,0,0,0,0,0,0,NA,NA,0,NA,0,0,0,0,0,0,NA,0,0,0,0,0,0,0,0,0,0,NA,0,NA,0,0,0,0,20,0,9,1,5,0,0,0,0,0,0,0,0,0,0,0,0,0,0,0,0,0,0,0,0,0,0,0,0,0,0,NA,NA,0,0,0,0,0,0,0,0,0,0,0,0,NA,NA,NA,0,0,0,0,0,0,0,NA,0,0,0,0,NA,0,0
00-0036504,B.Echols,Brandin Echols,CB,DB,"https://static.www.nfl.com/image/upload/f_auto,q_auto/league/ckxgtnxueibsimypf1qt",2025,REG,PIT,10,0,0,0,0,0,0,0,0,0,0,0,0,NA,NA,0,NA,0,0,0,0,0,0,NA,0,0,0,0,0,0,0,0,0,0,NA,0,NA,0,0,0,0,27,0,11,2,2,1,0,0,1,1,0,3,0,0,0,0,0,0,1,1,0,3,28,0,0,0,0,0,0,0,0,NA,NA,0,0,0,0,0,0,0,0,0,0,0,0,NA,NA,NA,0,0,0,0,0,0,0,NA,0,0,0,0,NA,0,0
00-0036550,R.Bateman,Rashod Bateman,WR,WR,"https://static.www.nfl.com/image/upload/f_auto,q_auto/league/gtktmsfcxc1eijwpwzyq",2025,REG,BAL,9,0,0,0,0,0,0,0,0,0,0,0,0,NA,NA,0,NA,0,0,0,0,0,0,NA,0,16,31,194,2,0,0,380,36,10,0.17561144020411046,1,0.5105263157894737,0.11272727272727273,0.17063313875168387,0.2885341062170878,0,1,0,0,0,0,0,0,0,0,0,0,0,0,0,0,0,0,0,0,0,0,1,13,0,0,0,0,0,0,0,0,NA,NA,0,0,0,0,0,0,0,0,0,0,0,0,NA,NA,NA,0,0,0,0,0,0,0,NA,0,0,0,0,NA,33.400000000000006,49.400000000000006
00-0036551,A.Banks,Aaron Banks,G,OL,"https://static.www.nfl.com/image/upload/f_auto,q_auto/league/mkhxl0el2fj3i7k4adsl",2025,REG,GB,2,0,0,0,0,0,0,0,0,0,0,0,0,NA,NA,0,NA,0,0,0,0,0,0,NA,0,0,0,0,0,0,0,0,0,0,NA,0,NA,0,0,0,0,0,0,0,0,0,0,0,0,0,0,0,0,0,0,0,0,0,0,0,0,0,2,9,0,0,0,0,0,0,0,0,NA,NA,0,0,0,0,0,0,0,0,0,0,0,0,NA,NA,NA,0,0,0,0,0,0,0,NA,0,0,0,0,NA,0,0
00-0036552,A.Ojulari,Azeez Ojulari,LB,LB,"https://static.www.nfl.com/image/upload/f_auto,q_auto/league/gfq1w3tlod06bgxdnfdc",2025,REG,PHI,2,0,0,0,0,0,0,0,0,0,0,0,0,NA,NA,0,NA,0,0,0,0,0,0,NA,0,0,0,0,0,0,0,0,0,0,NA,0,NA,0,0,0,0,2,0,4,1,3,0,0,0,1,0,0,0,0,0,0,0,0,0,0,0,0,0,0,0,0,0,0,0,0,0,0,NA,NA,0,0,0,0,0,0,0,0,0,0,0,0,NA,NA,NA,0,0,0,0,0,0,0,NA,0,0,0,0,NA,0,0
00-0036553,C.Basham,Carlos Basham,LB,LB,"https://static.www.nfl.com/image/upload/f_auto,q_auto/league/stlyey1t2lotlwldzprf",2025,REG,CAR,2,0,0,0,0,0,0,0,0,0,0,0,0,NA,NA,0,NA,0,0,0,0,0,0,NA,0,0,0,0,0,0,0,0,0,0,NA,0,NA,0,0,0,0,1,0,3,0,0,0,0,0,0,0,0,0,0,0,0,0,0,0,0,0,0,0,0,0,0,0,0,0,0,0,0,NA,NA,0,0,0,0,0,0,0,0,0,0,0,0,NA,NA,NA,0,0,0,0,0,0,0,NA,0,0,0,0,NA,0,0
00-0036554,N.Collins,Nico Collins,WR,WR,"https://static.www.nfl.com/image/upload/f_auto,q_auto/league/osmqyvmib3pssxi6cyic",2025,REG,HOU,10,0,0,0,0,0,0,0,0,0,0,0,0,NA,NA,0,NA,1,8,0,0,0,0,0.5225130300968885,0,52,85,697,4,1,1,975,171,31,15.403217057804437,1,0.7148717948717949,0.2236842105263158,0.3049734125742884,0.5490077045914755,0,0,0,0,0,0,0,0,0,0,0,0,0,0,0,0,0,0,0,0,0,0,0,0,0,0,0,0,0,0,0,0,NA,NA,0,0,0,0,0,0,0,0,0,0,0,0,NA,NA,NA,0,0,0,0,0,0,0,NA,0,0,0,0,NA,94.5,146.5
00-0036555,C.Hubbard,Chuba Hubbard,RB,RB,"https://static.www.nfl.com/image/upload/f_auto,q_auto/league/pjgml85ghq7oa48dctn7",2025,REG,CAR,10,0,0,0,0,0,0,0,0,0,0,0,0,NA,NA,0,NA,94,350,1,0,0,20,-9.661474023290676,0,21,30,153,2,0,0,-18,199,9,2.0626686137982677,0,-8.5,0.08379888268156424,-0.0070921985815602835,0.12073378501525418,0,1,0,0,0,0,0,0,0,0,0,0,0,0,0,0,0,1,1,0,0,0,0,0,0,0,6,156,0,0,0,0,NA,NA,0,0,0,0,0,0,0,0,0,0,0,0,NA,NA,NA,0,0,0,0,0,0,0,NA,0,0,0,0,NA,68.30000000000001,89.30000000000001
00-0036561,K.Taylor,Keith Taylor,CB,DB,"https://static.www.nfl.com/image/upload/f_auto,q_auto/league/dag6regaijwshj8f1uyn",2025,REG,ATL,1,0,0,0,0,0,0,0,0,0,0,0,0,NA,NA,0,NA,0,0,0,0,0,0,NA,0,0,0,0,0,0,0,0,0,0,NA,0,NA,0,0,0,0,4,0,2,0,0,0,0,0,0,0,0,0,0,0,0,0,0,0,0,0,0,0,0,0,0,0,0,0,0,0,0,NA,NA,0,0,0,0,0,0,0,0,0,0,0,0,NA,NA,NA,0,0,0,0,0,0,0,NA,0,0,0,0,NA,0,0
00-0036563,D.Lenoir,Deommodore Lenoir,CB,DB,"https://static.www.nfl.com/image/upload/f_auto,q_auto/league/ypghnprlnzwmxjcrbpk7",2025,REG,SF,12,0,0,0,0,0,0,0,0,0,0,0,0,NA,NA,0,NA,0,0,0,0,0,0,NA,0,0,0,0,0,0,0,0,0,0,NA,0,NA,0,0,0,0,27,3,13,3,3,0,0,0,0,2,90,5,0,1,0,0,0,0,0,0,0,8,63,0,0,0,0,0,0,0,0,NA,NA,0,0,0,0,0,0,0,0,0,0,0,0,NA,NA,NA,0,0,0,0,0,0,0,NA,0,0,0,0,NA,0,0
00-0036564,T.Hufanga,Talanoa Hufanga,SAF,DB,"https://static.www.nfl.com/image/upload/f_auto,q_auto/league/gyoo1p5nckluov1mihbe",2025,REG,DEN,11,0,0,0,0,0,0,0,0,0,0,0,0,NA,NA,0,NA,0,0,0,0,0,0,NA,0,0,0,0,0,0,0,0,0,0,NA,0,NA,0,0,0,0,44,0,32,3,18,1,2,17,3,0,0,9,0,0,0,0,0,0,0,0,0,3,41,0,0,0,0,0,0,0,0,NA,NA,0,0,0,0,0,0,0,0,0,0,0,0,NA,NA,NA,0,0,0,0,0,0,0,NA,0,0,0,0,NA,0,0
00-0036567,E.Mitchell,Elijah Mitchell,RB,RB,"https://static.www.nfl.com/image/upload/f_auto,q_auto/league/xf383ph8bz6dpp0u9lcd",2025,REG,KC,1,0,0,0,0,0,0,0,0,0,0,0,0,NA,NA,0,NA,0,0,0,0,0,0,NA,0,0,1,0,0,0,0,16,0,0,-3.36506548570469,0,0,0.0025906735751295338,0.004838221953432114,0.00727276573009678,0,0,0,0,0,0,0,0,0,0,0,0,0,0,0,0,0,0,0,0,0,0,0,0,0,0,0,0,0,0,0,0,NA,NA,0,0,0,0,0,0,0,0,0,0,0,0,NA,NA,NA,0,0,0,0,0,0,0,NA,0,0,0,0,NA,0,0
00-0036568,R.Lopez,Roy Lopez,DT,DL,"https://static.www.nfl.com/image/upload/f_auto,q_auto/league/i4a37cibk9pwjjgq4rla",2025,REG,DET,9,0,0,0,0,0,0,0,0,0,0,0,0,NA,NA,0,NA,0,0,0,0,0,0,NA,0,0,0,0,0,0,0,0,0,0,NA,0,NA,0,0,0,0,7,0,18,3,5,0,1,8,2,0,0,1,0,0,0,0,0,0,0,0,0,1,6,0,0,0,0,0,0,0,0,NA,NA,0,0,0,0,0,0,0,0,0,0,0,0,NA,NA,NA,0,0,0,0,0,0,0,NA,0,0,0,0,NA,0,0
00-0036569,G.Brightwell,Gary Brightwell,RB,RB,"https://static.www.nfl.com/image/upload/f_auto,q_auto/league/egwohqryh9q3pa7erynt",2025,REG,CIN,1,0,0,0,0,0,0,0,0,0,0,0,0,NA,NA,0,NA,0,0,0,0,0,0,NA,0,0,0,0,0,0,0,0,0,0,NA,0,NA,0,0,0,0,0,0,0,0,0,0,0,0,0,0,0,0,0,0,0,0,0,0,0,0,0,0,0,0,0,1,24,0,0,0,0,NA,NA,0,0,0,0,0,0,0,0,0,0,0,0,NA,NA,NA,0,0,0,0,0,0,0,NA,0,0,0,0,NA,0,0
00-0036589,N.McCloud,Nick McCloud,CB,DB,"https://static.www.nfl.com/image/upload/f_auto,q_auto/league/tktqsmdus8y1alse43j5",2025,REG,CHI,8,0,0,0,0,0,0,0,0,0,0,0,0,NA,NA,0,NA,0,0,0,0,0,0,NA,0,0,0,0,0,0,0,0,0,0,NA,0,NA,0,0,0,0,15,0,9,0,0,0,0,0,0,0,0,0,0,0,0,0,0,0,0,0,0,4,42,0,0,0,0,0,0,0,0,NA,NA,0,0,0,0,0,0,0,0,0,0,0,0,NA,NA,NA,0,0,0,0,0,0,0,NA,0,0,0,0,NA,0,0
00-0036590,Q.Morris,Quintin Morris,TE,TE,"https://static.www.nfl.com/image/upload/f_auto,q_auto/league/lvmccekmoj82dzw00xcl",2025,REG,JAX,5,0,0,0,0,0,0,0,0,0,0,0,0,NA,NA,0,NA,0,0,0,0,0,0,NA,0,1,3,11,0,0,0,23,0,1,-3.8740222153719515,0,0.4782608695652174,0.008333333333333333,0.007684597393919144,0.0178792181757434,0,3,0,1,0,0,0,0,0,0,0,0,0,0,0,0,0,0,0,0,0,0,0,0,0,0,0,0,0,0,0,0,NA,NA,0,0,0,0,0,0,0,0,0,0,0,0,NA,NA,NA,0,0,0,0,0,0,0,NA,0,0,0,0,NA,1.1,2.1
00-0036603,A.Jackson,Alaric Jackson,OT,OL,"https://static.www.nfl.com/image/upload/f_auto,q_auto/league/p7eblgie3na4hjdl6pzb",2025,REG,LA,1,0,0,0,0,0,0,0,0,0,0,0,0,NA,NA,0,NA,0,0,0,0,0,0,NA,0,0,0,0,0,0,0,0,0,0,NA,0,NA,0,0,0,0,0,0,0,0,0,0,0,0,0,0,0,0,0,0,0,0,0,0,0,0,0,1,5,0,0,0,0,0,0,0,0,NA,NA,0,0,0,0,0,0,0,0,0,0,0,0,NA,NA,NA,0,0,0,0,0,0,0,NA,0,0,0,0,NA,0,0
00-0036604,J.Meredith,Jordan Meredith,C,OL,"https://static.www.nfl.com/image/upload/f_auto,q_auto/league/mcahbqsrb49owl6ipc2y",2025,REG,LV,3,0,0,0,0,0,0,0,0,0,0,0,0,NA,NA,0,NA,0,0,0,0,0,0,NA,0,0,0,0,0,0,0,0,0,0,NA,0,NA,0,0,0,0,0,0,0,0,0,0,0,0,0,0,0,0,0,0,0,0,0,0,0,0,0,2,15,0,0,0,0,0,0,0,0,NA,NA,0,0,0,0,0,0,0,0,0,0,0,0,NA,NA,NA,0,0,0,0,0,0,0,NA,0,0,0,0,NA,0,0
00-0036613,J.Waddle,Jaylen Waddle,WR,WR,"https://static.www.nfl.com/image/upload/f_auto,q_auto/league/dsxd2zcqm42wsv4ewtfc",2025,REG,MIA,11,1,1,8,0,0,0,0,0,0,-5,13,0,-0.5923647911444314,11.613237857818604,0,0,0,0,0,0,0,0,NA,0,49,73,722,5,0,0,963,170,35,39.11572845043034,0,0.7497403946002077,0.228125,0.42857142857142855,0.6421874999999999,0,2,0,1,0,0,0,0,0,0,0,0,0,0,0,0,0,0,0,0,0,0,0,0,0,0,0,0,0,0,0,0,NA,NA,0,0,0,0,0,0,0,0,0,0,0,0,NA,NA,NA,0,0,0,0,0,0,0,NA,0,0,0,0,NA,102.52,151.51999999999998
00-0036614,J.Davis,Jamin Davis,LB,LB,"https://static.www.nfl.com/image/upload/f_auto,q_auto/league/pvk7e3hczehyan2ri10d",2025,REG,LV,1,0,0,0,0,0,0,0,0,0,0,0,0,NA,NA,0,NA,0,0,0,0,0,0,NA,0,0,0,0,0,0,0,0,0,0,NA,0,NA,0,0,0,0,1,0,2,0,0,0,0,0,0,0,0,0,0,0,0,0,0,0,0,0,0,0,0,0,0,0,0,0,0,0,0,NA,NA,0,0,0,0,0,0,0,0,0,0,0,0,NA,NA,NA,0,0,0,0,0,0,0,NA,0,0,0,0,NA,0,0
00-0036616,C.Darrisaw,Christian Darrisaw,OT,OL,"https://static.www.nfl.com/image/upload/f_auto,q_auto/league/i6lajihxkwue0ntawn10",2025,REG,MIN,6,0,0,0,0,0,0,0,0,0,0,0,0,NA,NA,0,NA,0,0,0,0,0,0,NA,0,0,0,0,0,0,0,0,0,0,NA,0,NA,0,0,0,0,0,0,0,0,0,0,0,0,0,0,0,0,0,0,0,0,0,0,0,0,0,6,31,0,0,0,0,0,0,0,0,NA,NA,0,0,0,0,0,0,0,0,0,0,0,0,NA,NA,NA,0,0,0,0,0,0,0,NA,0,0,0,0,NA,0,0
00-0036618,S.Cosmi,Sam Cosmi,G,OL,"https://static.www.nfl.com/image/upload/f_auto,q_auto/league/n6vudhzl0uiaffexr81u",2025,REG,WAS,1,0,0,0,0,0,0,0,0,0,0,0,0,NA,NA,0,NA,0,0,0,0,0,0,NA,0,0,0,0,0,0,0,0,0,0,NA,0,NA,0,0,0,0,0,0,0,0,0,0,0,0,0,0,0,0,0,0,0,0,0,0,0,0,0,1,5,0,0,0,0,0,0,0,0,NA,NA,0,0,0,0,0,0,0,0,0,0,0,0,NA,NA,NA,0,0,0,0,0,0,0,NA,0,0,0,0,NA,0,0
00-0036619,D.Radunz,Dillon Radunz,OT,OL,"https://static.www.nfl.com/image/upload/f_auto,q_auto/league/yg2itp7chkpsn8etgdh1",2025,REG,NO,2,0,0,0,0,0,0,0,0,0,0,0,0,NA,NA,0,NA,0,0,0,0,0,0,NA,0,0,0,0,0,0,0,0,0,0,NA,0,NA,0,0,0,0,0,0,0,0,0,0,0,0,0,0,0,0,0,0,0,0,0,0,0,0,0,3,19,0,0,0,0,0,0,0,0,NA,NA,0,0,0,0,0,0,0,0,0,0,0,0,NA,NA,NA,0,0,0,0,0,0,0,NA,0,0,0,0,NA,0,0
00-0036620,D.Eskridge,Dee Eskridge,WR,WR,"https://static.www.nfl.com/image/upload/f_auto,q_auto/league/baasw8ia3qztewmawfnz",2025,REG,MIA,8,0,0,0,0,0,0,0,0,0,0,0,0,NA,NA,0,NA,0,0,0,0,0,0,NA,0,4,7,62,0,0,0,98,9,3,3.0458659707801417,0,0.6326530612244898,0.021875,0.04361370716510903,0.06334209501557632,0,1,0,1,0,0,0,0,0,0,0,0,0,0,0,0,0,0,0,0,0,0,1,15,0,0,20,515,0,0,0,0,NA,NA,0,0,0,0,0,0,0,0,0,0,0,0,NA,NA,NA,0,0,0,0,0,0,0,NA,0,0,0,0,NA,6.2,10.2
00-0036621,N.Bolton,Nick Bolton,LB,LB,"https://static.www.nfl.com/image/upload/f_auto,q_auto/league/qwdpcmobp7qgdzqgltlr",2025,REG,KC,11,0,0,0,0,0,0,0,0,0,0,0,0,NA,NA,0,NA,0,0,0,0,0,0,NA,0,0,0,0,0,0,0,0,0,0,NA,0,NA,0,0,0,0,39,3,47,5,11,1,0,0,4,0,0,3,0,0,0,0,0,0,0,0,0,0,0,0,0,0,0,0,0,0,0,NA,NA,0,0,0,0,0,0,0,0,0,0,0,0,NA,NA,NA,0,0,0,0,0,0,0,NA,0,0,0,0,NA,0,0
00-0036622,J.Myers,Josh Myers,C,OL,"https://static.www.nfl.com/image/upload/f_auto,q_auto/league/ejnbuy27sru95vzzxdp3",2025,REG,NYJ,4,0,0,0,0,0,0,0,0,0,0,0,0,NA,NA,0,NA,0,0,0,0,0,0,NA,0,0,0,0,0,0,0,0,0,0,NA,0,NA,0,0,0,0,0,0,0,0,0,0,0,0,0,0,0,0,0,0,0,0,0,0,0,0,0,3,20,0,0,0,0,0,0,0,0,NA,NA,0,0,0,0,0,0,0,0,0,0,0,0,NA,NA,NA,0,0,0,0,0,0,0,NA,0,0,0,0,NA,0,0
00-0036623,C.Humphrey,Creed Humphrey,C,OL,"https://static.www.nfl.com/image/upload/f_auto,q_auto/league/ggz2h81ghybmrerlgdsq",2025,REG,KC,2,0,0,0,0,0,0,0,0,0,0,0,0,NA,NA,0,NA,0,0,0,0,0,0,NA,0,0,0,0,0,0,0,0,0,0,NA,0,NA,0,0,0,0,0,0,0,0,0,0,0,0,0,0,0,0,0,0,0,0,0,0,0,0,0,1,10,0,0,0,0,0,0,0,0,NA,NA,0,0,0,0,0,0,0,0,0,0,0,0,NA,NA,NA,0,0,0,0,0,0,0,NA,0,0,0,0,NA,0,0
00-0036624,A.McNeill,Alim McNeill,DT,DL,"https://static.www.nfl.com/image/upload/f_auto,q_auto/league/udieb8v70ple2vt3zyof",2025,REG,DET,5,0,0,0,0,0,0,0,0,0,0,0,0,NA,NA,0,NA,0,0,0,0,0,0,NA,0,0,0,0,0,0,0,0,0,0,NA,0,NA,0,0,0,0,3,0,8,0,0,0,0,0,0,0,0,1,0,0,0,0,0,0,0,0,0,2,6,0,0,0,0,0,0,0,0,NA,NA,0,0,0,0,0,0,0,0,0,0,0,0,NA,NA,NA,0,0,0,0,0,0,0,NA,0,0,0,0,NA,0,0
00-0036625,B.St-Juste,Benjamin St-Juste,CB,DB,"https://static.www.nfl.com/image/upload/f_auto,q_auto/league/mad9dx5zee70kec6lpan",2025,REG,LAC,11,0,0,0,0,0,0,0,0,0,0,0,0,NA,NA,0,NA,0,0,0,0,0,0,NA,0,0,0,0,0,0,0,0,0,0,NA,0,NA,0,0,0,0,16,0,8,0,0,0,0,0,0,1,0,5,0,0,0,0,0,0,0,0,0,5,35,0,0,0,0,0,0,0,0,NA,NA,0,0,0,0,0,0,0,0,0,0,0,0,NA,NA,NA,0,0,0,0,0,0,0,NA,0,0,0,0,NA,0,0
00-0036626,D.Brown,Dyami Brown,WR,WR,"https://static.www.nfl.com/image/upload/f_auto,q_auto/league/wwl9s886olkkvu67qktp",2025,REG,JAX,9,0,0,0,0,0,0,0,0,0,0,0,0,NA,NA,0,NA,5,26,0,0,0,2,4.828872891142964,0,19,36,219,1,0,0,510,31,12,-3.9278818469690684,0,0.4294117647058823,0.1,0.17039759438690277,0.26927831607083197,0,0,0,0,0,0,0,0,0,0,0,0,0,0,0,0,0,0,0,0,0,0,2,15,0,0,4,106,0,0,0,0,NA,NA,0,0,0,0,0,0,0,0,0,0,0,0,NA,NA,NA,0,0,0,0,0,0,0,NA,0,0,0,0,NA,30.5,49.5
00-0036628,J.Bates,John Bates,TE,TE,"https://static.www.nfl.com/image/upload/f_auto,q_auto/league/edpnkleev10rpzfgjakv",2025,REG,WAS,5,0,0,0,0,0,0,0,0,0,0,0,0,NA,NA,0,NA,0,0,0,0,0,0,NA,0,6,10,62,0,0,0,26,39,3,4.340614517568611,0,2.3846153846153846,0.03436426116838488,0.0101364522417154,0.058641908321778104,0,0,0,0,0,0,0,0,0,0,0,0,0,0,0,0,0,0,0,0,0,0,0,0,0,0,0,0,0,0,0,0,NA,NA,0,0,0,0,0,0,0,0,0,0,0,0,NA,NA,NA,0,0,0,0,0,0,0,NA,0,0,0,0,NA,6.2,12.2
00-0036629,C.Bynum,Camryn Bynum,SAF,DB,"https://static.www.nfl.com/image/upload/f_auto,q_auto/league/rncq5z5bfhigx2atid7k",2025,REG,IND,11,0,0,0,0,0,0,0,0,0,0,0,0,NA,NA,0,NA,0,0,0,0,0,0,NA,0,0,0,0,0,0,0,0,0,0,NA,0,NA,0,0,0,0,24,2,22,1,15,1,1,15,0,2,14,5,0,0,0,0,0,0,1,1,0,0,0,0,0,0,0,0,0,0,0,NA,NA,0,0,0,0,0,0,0,0,0,0,0,0,NA,NA,NA,0,0,0,0,0,0,0,NA,0,0,0,0,NA,0,0
00-0036630,T.Wallace,Tylan Wallace,WR,WR,"https://static.www.nfl.com/image/upload/f_auto,q_auto/league/rifnnpeub6okv41offnd",2025,REG,BAL,10,0,0,0,0,0,0,0,0,0,0,0,0,NA,NA,0,NA,0,0,0,0,0,0,NA,0,4,8,45,1,0,0,107,17,3,1.511378120412774,0,0.4205607476635514,0.02909090909090909,0.04804669959586888,0.07726905335347185,0,5,0,2,0,0,0,0,0,0,0,0,0,0,0,0,0,1,1,0,0,0,2,15,0,0,5,123,0,0,0,0,NA,NA,0,0,0,0,0,0,0,0,0,0,0,0,NA,NA,NA,0,0,0,0,0,0,0,NA,0,0,0,0,NA,10.5,14.5
00-0036637,N.Gray,Noah Gray,TE,TE,"https://static.www.nfl.com/image/upload/f_auto,q_auto/league/yugngcrdfxh0nwzl4zwp",2025,REG,KC,10,0,0,0,0,0,0,0,0,0,0,0,0,NA,NA,0,NA,0,0,0,0,0,0,NA,0,16,28,132,0,0,0,197,87,7,-4.6040695817651205,0,0.6700507614213198,0.07253886010362694,0.0595706078016329,0.15050771561658344,0,0,0,0,0,0,0,0,0,0,0,0,0,0,0,0,0,0,0,0,0,0,1,5,0,0,0,0,0,0,0,0,NA,NA,0,0,0,0,0,0,0,0,0,0,0,0,NA,NA,NA,0,0,0,0,0,0,0,NA,0,0,0,0,NA,13.200000000000001,29.200000000000003
00-0036642,T.Slaton,Tedarrell Slaton,DT,DL,"https://static.www.nfl.com/image/upload/f_auto,q_auto/league/oktzavt6whxgvr6ukmhl",2025,REG,CIN,11,0,0,0,0,0,0,0,0,0,0,0,0,NA,NA,0,NA,0,0,0,0,0,0,NA,0,0,0,0,0,0,0,0,0,0,NA,0,NA,0,0,0,0,12,1,22,1,1,0,0,0,4,0,0,0,0,0,0,0,0,0,0,0,0,0,0,0,0,0,0,0,0,0,0,NA,NA,0,0,0,0,0,0,0,0,0,0,0,0,NA,NA,NA,0,0,0,0,0,0,0,NA,0,0,0,0,NA,0,0
00-0036643,K.Britt,K.J. Britt,LB,LB,"https://static.www.nfl.com/image/upload/f_auto,q_auto/league/kca9qozdfs1albiamsq0",2025,REG,MIA,8,0,0,0,0,0,0,0,0,0,0,0,0,NA,NA,0,NA,0,0,0,0,0,0,NA,0,0,0,0,0,0,0,0,0,0,NA,0,NA,0,0,0,0,10,1,12,0,0,0,0,0,0,0,0,0,0,0,0,0,0,0,0,0,0,2,20,0,0,0,0,0,0,0,0,NA,NA,0,0,0,0,0,0,0,0,0,0,0,0,NA,NA,NA,0,0,0,0,0,0,0,NA,0,0,0,0,NA,0,0
00-0036644,C.McGrone,Cameron McGrone,LB,LB,"https://static.www.nfl.com/image/upload/f_auto,q_auto/league/ngmm9gg0mcgzufrizd80",2025,REG,IND,2,0,0,0,0,0,0,0,0,0,0,0,0,NA,NA,0,NA,0,0,0,0,0,0,NA,0,0,0,0,0,0,0,0,0,0,NA,0,NA,0,0,0,0,1,0,1,0,0,0,0,0,0,0,0,0,0,0,0,0,0,0,0,0,0,0,0,0,0,0,0,0,0,0,0,NA,NA,0,0,0,0,0,0,0,0,0,0,0,0,NA,NA,NA,0,0,0,0,0,0,0,NA,0,0,0,0,NA,0,0
00-0036646,S.Fehoko,Simi Fehoko,WR,WR,"https://static.www.nfl.com/image/upload/f_auto,q_auto/league/kbnk59cdzp2opegnrom8",2025,REG,ARI,7,0,0,0,0,0,0,0,0,0,0,0,0,NA,NA,0,NA,0,0,0,0,0,0,NA,0,0,0,0,0,0,0,0,0,0,NA,0,NA,0,0,0,0,3,0,4,0,0,0,0,0,0,0,0,0,0,0,0,0,0,0,0,0,0,0,0,0,0,0,0,0,0,0,0,NA,NA,0,0,0,0,0,0,0,0,0,0,0,0,NA,NA,NA,0,0,0,0,0,0,0,NA,0,0,0,0,NA,0,0
00-0036648,N.Niemann,Nick Niemann,LB,LB,"https://static.www.nfl.com/image/upload/f_auto,q_auto/league/nbizfccowpxtgytc4n2u",2025,REG,GB,5,0,0,0,0,0,0,0,0,0,0,0,0,NA,NA,0,NA,0,0,0,0,0,0,NA,0,0,0,0,0,0,0,0,0,0,NA,0,NA,0,0,0,0,6,0,5,0,0,0,0,0,0,0,0,0,0,0,0,0,0,0,0,0,0,0,0,0,0,0,0,0,0,0,0,NA,NA,0,0,0,0,0,0,0,0,0,0,0,0,NA,NA,NA,0,0,0,0,0,0,0,NA,0,0,0,0,NA,0,0
00-0036649,Q.Bohanna,Quinton Bohanna,DT,DL,"https://static.www.nfl.com/image/upload/f_auto,q_auto/league/jfyxrdrkpytiahvsoatj",2025,REG,SEA,1,0,0,0,0,0,0,0,0,0,0,0,0,NA,NA,0,NA,0,0,0,0,0,0,NA,0,0,0,0,0,0,0,0,0,0,NA,0,NA,0,0,0,0,0,0,2,0,0,0,0,0,0,0,0,0,0,0,0,0,0,0,0,0,0,0,0,0,0,0,0,0,0,0,0,NA,NA,0,0,0,0,0,0,0,0,0,0,0,0,NA,NA,NA,0,0,0,0,0,0,0,NA,0,0,0,0,NA,0,0
00-0036653,S.Forsythe,Stone Forsythe,OT,OL,"https://static.www.nfl.com/image/upload/f_auto,q_auto/league/iptr66al3wmni1hpipbo",2025,REG,LV,4,0,0,0,0,0,0,0,0,0,0,0,0,NA,NA,0,NA,0,0,0,0,0,0,NA,0,0,0,0,0,0,0,0,0,0,NA,0,NA,0,0,0,0,2,0,0,0,0,0,0,0,0,0,0,0,0,0,0,0,1,1,0,0,0,4,34,0,0,0,0,0,0,0,0,NA,NA,0,0,0,0,0,0,0,0,0,0,0,0,NA,NA,NA,0,0,0,0,0,0,0,NA,0,0,0,0,NA,0,0
00-0036655,C.Van Lanen,Cole Van Lanen,G,OL,"https://static.www.nfl.com/image/upload/f_auto,q_auto/league/oe5pfxi1iqbeskvwciii",2025,REG,JAX,2,0,0,0,0,0,0,0,0,0,0,0,0,NA,NA,0,NA,0,0,0,0,0,0,NA,0,0,0,0,0,0,0,0,0,0,NA,0,NA,0,0,0,0,0,0,0,0,0,0,0,0,0,0,0,0,0,0,0,0,0,0,0,0,0,2,15,0,0,0,0,0,0,0,0,NA,NA,0,0,0,0,0,0,0,0,0,0,0,0,NA,NA,NA,0,0,0,0,0,0,0,NA,0,0,0,0,NA,0,0
00-0036658,I.McDuffie,Isaiah McDuffie,LB,LB,"https://static.www.nfl.com/image/upload/f_auto,q_auto/league/kfscpyshsfu3hswm7lkd",2025,REG,GB,10,0,0,0,0,0,0,0,0,0,0,0,0,NA,NA,0,NA,0,0,0,0,0,0,NA,0,0,0,0,0,0,0,0,0,0,NA,0,NA,0,0,0,0,26,0,29,1,2,0,1,7,2,1,0,1,0,0,0,0,0,0,0,0,0,1,14,0,0,0,0,0,0,0,0,NA,NA,0,0,0,0,0,0,0,0,0,0,0,0,NA,NA,NA,0,0,0,0,0,0,0,NA,0,0,0,0,NA,0,0
00-0036660,T.Smith,Trey Smith,G,OL,"https://static.www.nfl.com/image/upload/f_auto,q_auto/league/tevu0zoswqcvyjtweopr",2025,REG,KC,1,0,0,0,0,0,0,0,0,0,0,0,0,NA,NA,0,NA,0,0,0,0,0,0,NA,0,0,0,0,0,0,0,0,0,0,NA,0,NA,0,0,0,0,0,0,0,0,0,0,0,0,0,0,0,0,0,0,0,0,0,0,0,0,0,1,5,0,0,0,0,0,0,0,0,NA,NA,0,0,0,0,0,0,0,0,0,0,0,0,NA,NA,NA,0,0,0,0,0,0,0,NA,0,0,0,0,NA,0,0
00-0036661,I.Mukuamu,Israel Mukuamu,CB,DB,"https://static.www.nfl.com/image/upload/f_auto,q_auto/league/suoepvbxuplqnqestfsz",2025,REG,CAR,1,0,0,0,0,0,0,0,0,0,0,0,0,NA,NA,0,NA,0,0,0,0,0,0,NA,0,0,0,0,0,0,0,0,0,0,NA,0,NA,0,0,0,0,0,0,0,0,0,0,0,0,0,0,0,0,0,0,0,0,0,0,0,0,0,1,5,0,0,0,0,0,0,0,0,NA,NA,0,0,0,0,0,0,0,0,0,0,0,0,NA,NA,NA,0,0,0,0,0,0,0,NA,0,0,0,0,NA,0,0
00-0036672,G.Stuard,Grant Stuard,LB,LB,"https://static.www.nfl.com/image/upload/f_auto,q_auto/league/ws9nh7wahkmhwqnpi7zv",2025,REG,DET,11,0,0,0,0,0,0,0,0,0,0,0,0,NA,NA,0,NA,1,0,0,0,0,0,-2.786329652182758,0,0,0,0,0,0,0,0,0,0,NA,0,NA,0,0,0,0,4,1,10,1,1,0,0,0,0,0,0,0,0,0,0,0,0,0,0,0,0,3,30,0,0,3,72,0,0,0,0,NA,NA,0,0,0,0,0,0,0,0,0,0,0,0,NA,NA,NA,0,0,0,0,0,0,0,NA,0,0,0,0,NA,0,0
00-0036677,Z.Anderson,Zayne Anderson,SAF,DB,"https://static.www.nfl.com/image/upload/f_auto,q_auto/league/r4j0wtxm67rnmxl6zajl",2025,REG,GB,8,0,0,0,0,0,0,0,0,0,0,0,0,NA,NA,0,NA,0,0,0,0,0,0,NA,0,0,0,0,0,0,0,0,0,0,NA,0,NA,0,0,0,0,2,0,7,0,0,0,0,0,0,0,0,0,0,0,0,0,1,1,1,1,0,0,0,0,0,0,0,0,0,0,0,NA,NA,0,0,0,0,0,0,0,0,0,0,0,0,NA,NA,NA,0,0,0,0,0,0,0,NA,0,0,0,0,NA,0,0
00-0036683,D.Key,Devon Key,SAF,DB,"https://static.www.nfl.com/image/upload/f_auto,q_auto/league/aax1z5qptzbpatde06cf",2025,REG,DEN,10,0,0,0,0,0,0,0,0,0,0,0,0,NA,NA,0,NA,0,0,0,0,0,0,NA,0,0,0,0,0,0,0,0,0,0,NA,0,NA,0,0,0,0,13,0,6,0,0,0,0,0,0,0,0,1,0,0,0,0,0,0,0,0,0,0,0,0,0,0,0,0,0,0,0,NA,NA,0,0,0,0,0,0,0,0,0,0,0,0,NA,NA,NA,0,0,0,0,0,0,0,NA,0,0,0,0,NA,0,0
00-0036695,N.Jones,Naquan Jones,DT,DL,"https://static.www.nfl.com/image/upload/f_auto,q_auto/league/i4edhuakry7za5kzgbov",2025,REG,LAC,5,0,0,0,0,0,0,0,0,0,0,0,0,NA,NA,0,NA,0,0,0,0,0,0,NA,0,0,0,0,0,0,0,0,0,0,NA,0,NA,0,0,0,0,5,1,4,1,3,0,0,0,0,0,0,1,0,0,0,0,0,0,0,0,0,2,6,0,0,0,0,0,0,0,0,NA,NA,0,0,0,0,0,0,0,0,0,0,0,0,NA,NA,NA,0,0,0,0,0,0,0,NA,0,0,0,0,NA,0,0
00-0036711,C.Snowden,Charles Snowden,DE,DL,"https://static.www.nfl.com/image/upload/f_auto,q_auto/league/lwfjnx5rgx1hanfqfnl7",2025,REG,LV,7,0,0,0,0,0,0,0,0,0,0,0,0,NA,NA,0,NA,0,0,0,0,0,0,NA,0,0,0,0,0,0,0,0,0,0,NA,0,NA,0,0,0,0,11,1,6,3,12,0,1,5,2,1,18,2,0,0,0,0,0,0,0,0,0,2,10,0,0,0,0,0,0,0,0,NA,NA,0,0,0,0,0,0,0,0,0,0,0,0,NA,NA,NA,0,0,0,0,0,0,0,NA,0,0,0,0,NA,0,0
00-0036716,A.Ogbongbemiga,Amen Ogbongbemiga,LB,LB,"https://static.www.nfl.com/image/upload/f_auto,q_auto/league/liyabetbezsk9lvuuphd",2025,REG,CHI,2,0,0,0,0,0,0,0,0,0,0,0,0,NA,NA,0,NA,0,0,0,0,0,0,NA,0,0,0,0,0,0,0,0,0,0,NA,0,NA,0,0,0,0,3,0,12,0,0,0,0,0,0,0,0,0,0,0,0,0,0,0,0,0,0,0,0,0,0,0,0,0,0,0,0,NA,NA,0,0,0,0,0,0,0,0,0,0,0,0,NA,NA,NA,0,0,0,0,0,0,0,NA,0,0,0,0,NA,0,0
00-0036727,A.Prentice,Adam Prentice,RB,RB,"https://static.www.nfl.com/image/upload/f_auto,q_auto/league/v7eu5mvg4n0cg3cbrjxn",2025,REG,DEN,8,0,0,0,0,0,0,0,0,0,0,0,0,NA,NA,0,NA,4,17,0,0,0,3,-1.1814417846035212,0,3,5,31,0,0,0,5,25,1,-0.6332718161283992,0,6.2,0.013623978201634877,0.0016239038648911985,0.021572700007876155,0,1,0,3,0,0,0,0,0,0,0,0,0,0,0,0,0,0,0,0,0,0,0,0,0,0,0,0,0,0,0,0,NA,NA,0,0,0,0,0,0,0,0,0,0,0,0,NA,NA,NA,0,0,0,0,0,0,0,NA,0,0,0,0,NA,4.800000000000001,7.800000000000001
00-0036728,C.Robinson,Curtis Robinson,LB,LB,"https://static.www.nfl.com/image/upload/f_auto,q_auto/league/t0a61ugsjq7akmobnrh5",2025,REG,SF,8,0,0,0,0,0,0,0,0,0,0,0,0,NA,NA,0,NA,0,0,0,0,0,0,NA,0,0,0,0,0,0,0,0,0,0,NA,0,NA,0,0,0,0,12,1,16,1,5,0,0,0,0,0,0,0,0,0,0,0,0,0,0,0,0,0,0,0,0,0,0,0,0,0,0,NA,NA,0,0,0,0,0,0,0,0,0,0,0,0,NA,NA,NA,0,0,0,0,0,0,0,NA,0,0,0,0,NA,0,0
00-0036741,J.Stoll,Jack Stoll,TE,TE,"https://static.www.nfl.com/image/upload/f_auto,q_auto/league/rtgfs8jwzhtmupqxqgmz",2025,REG,NO,6,0,0,0,0,0,0,0,0,0,0,0,0,NA,NA,0,NA,0,0,0,0,0,0,NA,0,4,7,35,1,0,0,37,10,1,-4.5646644619992,0,0.9459459459459459,0.01881720430107527,0.011912427559562138,0.0365645057433064,0,2,0,0,0,0,0,0,0,0,0,0,0,0,0,0,0,0,0,0,0,0,0,0,0,0,0,0,0,0,0,0,NA,NA,0,0,0,0,0,0,0,0,0,0,0,0,NA,NA,NA,0,0,0,0,0,0,0,NA,0,0,0,0,NA,9.5,13.5
00-0036754,B.Wright,Brock Wright,TE,TE,"https://static.www.nfl.com/image/upload/f_auto,q_auto/league/bd8sqnzheg7zetlhvku5",2025,REG,DET,8,0,0,0,0,0,0,0,0,0,0,0,0,NA,NA,0,NA,0,0,0,0,0,0,NA,0,14,22,108,2,0,0,22,86,7,-1.9290250019694213,0,4.909090909090909,0.06528189910979229,0.009900990099009901,0.10485354173399536,0,0,0,0,0,0,0,0,0,0,0,0,0,0,0,0,0,0,0,0,0,0,2,10,0,0,0,0,0,0,0,0,NA,NA,0,0,0,0,0,0,0,0,0,0,0,0,NA,NA,NA,0,0,0,0,0,0,0,NA,0,0,0,0,NA,22.8,36.8
00-0036755,J.Patterson,Jaret Patterson,RB,RB,"https://static.www.nfl.com/image/upload/f_auto,q_auto/league/n1rttxv1rhvjagyjgxvk",2025,REG,LAC,3,0,0,0,0,0,0,0,0,0,0,0,0,NA,NA,0,NA,21,75,0,0,0,3,-2.175085976519929,0,0,0,0,0,0,0,0,0,0,NA,0,NA,0,0,0,0,0,0,0,0,0,0,0,0,0,0,0,0,0,0,0,0,0,0,0,0,0,0,0,0,0,0,0,0,0,0,0,NA,NA,0,0,0,0,0,0,0,0,0,0,0,0,NA,NA,NA,0,0,0,0,0,0,0,NA,0,0,0,0,NA,7.5,7.5
00-0036802,J.Rhattigan,Jon Rhattigan,LB,LB,"https://static.www.nfl.com/image/upload/f_auto,q_auto/league/im8y1u3b8ptowjxz56en",2025,REG,LV,3,0,0,0,0,0,0,0,0,0,0,0,0,NA,NA,0,NA,0,0,0,0,0,0,NA,0,0,0,0,0,0,0,0,0,0,NA,0,NA,0,0,0,0,1,0,2,0,0,0,0,0,0,0,0,0,0,0,0,0,0,0,0,0,0,0,0,0,0,0,0,0,0,0,0,NA,NA,0,0,0,0,0,0,0,0,0,0,0,0,NA,NA,NA,0,0,0,0,0,0,0,NA,0,0,0,0,NA,0,0
00-0036813,C.Elliss,Christian Elliss,LB,LB,"https://static.www.nfl.com/image/upload/f_auto,q_auto/league/g78euyfj7wtinnylus04",2025,REG,NE,10,0,0,0,0,0,0,0,0,0,0,0,0,NA,NA,0,NA,0,0,0,0,0,0,NA,0,0,0,0,0,0,0,0,0,0,NA,0,NA,0,0,0,0,24,2,32,0,0,1,0,0,3,0,0,1,0,0,0,0,0,0,0,0,0,0,0,0,0,0,0,0,0,0,0,NA,NA,0,0,0,0,0,0,0,0,0,0,0,0,NA,NA,NA,0,0,0,0,0,0,0,NA,0,0,0,0,NA,0,0
00-0036816,R.Patterson,Riley Patterson,K,SPEC,"https://static.www.nfl.com/image/upload/f_auto,q_auto/league/gzvyb1u3dueikfy3otlq",2025,REG,MIA,11,0,0,0,0,0,0,0,0,0,0,0,0,NA,NA,0,NA,0,0,0,0,0,0,NA,0,0,0,0,0,0,0,0,0,0,NA,0,NA,0,0,0,0,2,0,0,0,0,0,0,0,0,0,0,0,0,0,0,0,0,0,0,0,0,0,0,0,0,0,0,17,19,2,0,49,0.8947368421052632,0,3,5,9,0,0,0,0,1,0,1,0,40;44;47;36;43;47;27;33;26;34;36;49;43;46;46;39;29,57;35,NA,665,92,0,23,24,1,0,0.9583333333333334,1,1,0,0,29,0,0
00-0036825,F.Franks,Feleipe Franks,TE,TE,"https://static.www.nfl.com/image/upload/f_auto,q_auto/league/v5zscuctkdetzfstqouf",2025,REG,ATL,8,0,0,0,0,0,0,0,0,0,0,0,0,NA,NA,0,NA,2,4,0,0,0,2,1.272504411637783,0,0,0,0,0,0,0,0,0,0,NA,0,NA,0,0,0,0,7,0,3,0,0,0,0,0,0,0,0,0,0,0,0,0,0,0,0,0,0,4,34,0,0,0,0,0,0,0,0,NA,NA,0,0,0,0,0,0,0,0,0,0,0,0,NA,NA,NA,0,0,0,0,0,0,0,NA,0,0,0,0,NA,0.4,0.4
00-0036833,R.Neuzil,Ryan Neuzil,C,OL,"https://static.www.nfl.com/image/upload/f_auto,q_auto/league/zhgrjqtmbyx5lzwaflbr",2025,REG,ATL,3,0,0,0,0,0,0,0,0,0,0,0,0,NA,NA,0,NA,0,0,0,0,0,0,NA,0,0,0,0,0,0,0,0,0,0,NA,0,NA,0,0,0,0,0,0,0,0,0,0,0,0,0,0,0,0,0,0,0,0,1,1,0,0,0,3,15,0,0,0,0,0,0,0,0,NA,NA,0,0,0,0,0,0,0,0,0,0,0,0,NA,NA,NA,0,0,0,0,0,0,0,NA,0,0,0,0,NA,0,0
00-0036839,K.Smith,Kion Smith,OT,OL,"https://static.www.nfl.com/image/upload/f_auto,q_auto/league/rawjlqbe9aroo9cqkpfv",2025,REG,MIA,1,0,0,0,0,0,0,0,0,0,0,0,0,NA,NA,0,NA,0,0,0,0,0,0,NA,0,0,0,0,0,0,0,0,0,0,NA,0,NA,0,0,0,0,0,0,0,0,0,0,0,0,0,0,0,0,0,0,0,0,0,0,0,0,0,1,5,0,0,0,0,0,0,0,0,NA,NA,0,0,0,0,0,0,0,0,0,0,0,0,NA,NA,NA,0,0,0,0,0,0,0,NA,0,0,0,0,NA,0,0
00-0036841,A.Trammell,Austin Trammell,WR,WR,"https://static.www.nfl.com/image/upload/f_auto,q_auto/league/wycm0dz06421rredzyrq",2025,REG,JAX,4,0,0,0,0,0,0,0,0,0,0,0,0,NA,NA,0,NA,0,0,0,0,0,0,NA,0,3,6,46,0,0,0,85,2,2,-1.8828112439895524,0,0.5411764705882353,0.016666666666666666,0.028399599064483794,0.04487971934513865,0,2,0,0,0,0,0,0,0,0,0,0,0,0,0,0,0,0,0,0,0,0,0,0,0,0,1,54,0,0,0,0,NA,NA,0,0,0,0,0,0,0,0,0,0,0,0,NA,NA,NA,0,0,0,0,0,0,0,NA,0,0,0,0,NA,4.6000000000000005,7.6000000000000005
00-0036842,K.Nwangwu,Kene Nwangwu,RB,RB,"https://static.www.nfl.com/image/upload/f_auto,q_auto/league/rlnqgz517fsohrndgjrb",2025,REG,NYJ,6,0,0,0,0,0,0,0,0,0,0,0,0,NA,NA,0,NA,0,0,0,0,0,0,NA,0,0,0,0,0,0,0,0,0,0,NA,0,NA,0,0,0,1,0,0,0,0,0,0,0,0,0,0,0,0,0,0,0,0,0,0,0,0,0,0,0,0,0,12,423,0,0,0,0,NA,NA,0,0,0,0,0,0,0,0,0,0,0,0,NA,NA,NA,0,0,0,0,0,0,0,NA,0,0,0,0,NA,6,6
00-0036844,G.Wallow,Garret Wallow,LB,LB,"https://static.www.nfl.com/image/upload/f_auto,q_auto/league/jf7xnestp0wmq0lbezxs",2025,REG,DEN,4,0,0,0,0,0,0,0,0,0,0,0,0,NA,NA,0,NA,0,0,0,0,0,0,NA,0,0,0,0,0,0,0,0,0,0,NA,0,NA,0,0,0,0,0,0,4,0,0,0,0,0,0,0,0,0,0,0,0,0,0,0,0,0,0,0,0,0,0,0,0,0,0,0,0,NA,NA,0,0,0,0,0,0,0,0,0,0,0,0,NA,NA,NA,0,0,0,0,0,0,0,NA,0,0,0,0,NA,0,0
00-0036849,T.Atwell,Tutu Atwell,WR,WR,"https://static.www.nfl.com/image/upload/f_auto,q_auto/league/twlslcaa7c2wblveaafu",2025,REG,LA,5,0,0,0,0,0,0,0,0,0,0,0,0,NA,NA,0,NA,0,0,0,0,0,0,NA,0,4,9,164,1,0,0,177,61,3,4.768719342955228,0,0.9265536723163842,0.024725274725274724,0.055941845764854614,0.07624720412331032,0,0,0,0,0,0,0,0,0,0,0,0,0,0,0,0,0,0,0,0,0,0,0,0,0,0,0,0,0,0,0,0,NA,NA,0,0,0,0,0,0,0,0,0,0,0,0,NA,NA,NA,0,0,0,0,0,0,0,NA,0,0,0,0,NA,22.400000000000002,26.400000000000002
00-0036850,C.Sample,Cameron Sample,DE,DL,"https://static.www.nfl.com/image/private/f_auto,q_auto/league/kvkvhvbvcebjkevxjdhd",2025,REG,CIN,7,0,0,0,0,0,0,0,0,0,0,0,0,NA,NA,0,NA,0,0,0,0,0,0,NA,0,0,0,0,0,0,0,0,0,0,NA,0,NA,0,0,0,0,5,0,4,1,8,0,0,0,2,0,0,0,0,0,0,0,0,0,0,0,0,1,10,0,0,0,0,0,0,0,0,NA,NA,0,0,0,0,0,0,0,0,0,0,0,0,NA,NA,NA,0,0,0,0,0,0,0,NA,0,0,0,0,NA,0,0
00-0036854,E.McPherson,Evan McPherson,K,SPEC,"https://static.www.nfl.com/image/upload/f_auto,q_auto/league/cpvujaqwscupzvbbx7oe",2025,REG,CIN,11,0,0,0,0,0,0,0,0,0,0,0,0,NA,NA,0,NA,0,0,0,0,0,0,NA,0,0,0,0,0,0,0,0,0,0,NA,0,NA,0,0,0,0,0,0,0,0,0,0,0,0,0,0,0,0,0,0,0,0,0,0,0,0,0,0,0,0,0,0,0,17,20,3,0,63,0.85,0,3,4,7,2,1,0,0,0,0,2,1,35;31;45;26;50;45;49;23;45;36;26;41;33;43;48;54;63,67;56;54,NA,693,177,0,25,25,0,0,1,1,1,0,0,36,0,0
00-0036862,B.Skowronek,Ben Skowronek,WR,WR,"https://static.www.nfl.com/image/upload/f_auto,q_auto/league/drojmh3dbpuagobvilzv",2025,REG,PIT,11,0,0,0,0,0,0,0,0,0,0,0,0,NA,NA,0,NA,0,0,0,0,0,0,NA,0,3,4,56,1,0,0,44,23,3,4.309926220506895,0,1.2727272727272727,0.0125,0.022369089984748347,0.03440836298932384,0,7,0,7,0,0,0,0,0,0,0,0,0,0,0,0,0,0,0,1,1,0,2,15,0,0,0,0,0,0,0,0,NA,NA,0,0,0,0,0,0,0,0,0,0,0,0,NA,NA,NA,0,0,0,0,0,0,0,NA,0,0,0,0,NA,11.600000000000001,14.600000000000001
00-0036866,J.Hudson,James Hudson,OT,OL,"https://static.www.nfl.com/image/upload/f_auto,q_auto/league/awncy5wgubdzptt9ici9",2025,REG,NYG,2,0,0,0,0,0,0,0,0,0,0,0,0,NA,NA,0,NA,0,0,0,0,0,0,NA,0,0,0,0,0,0,0,0,0,0,NA,0,NA,0,0,0,0,0,0,0,0,0,0,0,0,0,0,0,0,0,0,0,0,0,0,0,0,0,5,50,0,0,0,0,0,0,0,0,NA,NA,0,0,0,0,0,0,0,0,0,0,0,0,NA,NA,NA,0,0,0,0,0,0,0,NA,0,0,0,0,NA,0,0
00-0036867,C.Rumph,Chris Rumph II,DE,DL,"https://static.www.nfl.com/image/upload/f_auto,q_auto/league/ayrvlbmyxlvek7afcioc",2025,REG,NO,11,0,0,0,0,0,0,0,0,0,0,0,0,NA,NA,0,NA,0,0,0,0,0,0,NA,0,0,0,0,0,0,0,0,0,0,NA,0,NA,0,0,0,0,18,0,15,1,5,1,1,5,3,0,0,1,0,0,0,0,0,0,0,0,0,2,25,0,0,0,0,0,0,0,0,NA,NA,0,0,0,0,0,0,0,0,0,0,0,0,NA,NA,NA,0,0,0,0,0,0,0,NA,0,0,0,0,NA,0,0
00-0036869,D.Moore,Dan Moore Jr.,OT,OL,"https://static.www.nfl.com/image/upload/f_auto,q_auto/league/boxltktohmx9eqfrjr9c",2025,REG,TEN,3,0,0,0,0,0,0,0,0,0,0,0,0,NA,NA,0,NA,0,0,0,0,0,0,NA,0,0,0,0,0,0,0,0,0,0,NA,0,NA,0,0,0,0,0,0,0,0,0,0,0,0,0,0,0,0,0,0,0,0,0,0,0,0,0,3,20,0,0,0,0,0,0,0,0,NA,NA,0,0,0,0,0,0,0,0,0,0,0,0,NA,NA,NA,0,0,0,0,0,0,0,NA,0,0,0,0,NA,0,0
00-0036870,B.Johnson,Buddy Johnson,LB,LB,"https://static.www.nfl.com/image/upload/f_auto,q_auto/league/aa4htfuz4uxcprkmmvii",2025,REG,IND,4,0,0,0,0,0,0,0,0,0,0,0,0,NA,NA,0,NA,0,0,0,0,0,0,NA,0,0,0,0,0,0,0,0,0,0,NA,0,NA,0,0,0,0,6,0,2,1,1,0,0,0,0,0,0,0,0,0,0,0,0,0,0,0,0,0,0,0,0,0,0,0,0,0,0,NA,NA,0,0,0,0,0,0,0,0,0,0,0,0,NA,NA,NA,0,0,0,0,0,0,0,NA,0,0,0,0,NA,0,0
00-0036871,N.Hobbs,Nate Hobbs,CB,DB,"https://static.www.nfl.com/image/upload/f_auto,q_auto/league/tqngf0urgkjrrqtx0kzl",2025,REG,GB,5,0,0,0,0,0,0,0,0,0,0,0,0,NA,NA,0,NA,0,0,0,0,0,0,NA,0,0,0,0,0,0,0,0,0,0,NA,0,NA,0,0,0,0,10,0,9,1,1,0,0,0,0,0,0,1,0,0,0,0,0,0,0,0,0,2,10,0,0,0,0,0,0,0,0,NA,NA,0,0,0,0,0,0,0,0,0,0,0,0,NA,NA,NA,0,0,0,0,0,0,0,NA,0,0,0,0,NA,0,0
00-0036874,P.Surtain,Pat Surtain II,CB,DB,"https://static.www.nfl.com/image/upload/f_auto,q_auto/league/soec8zk3n5jvxvywq1gm",2025,REG,DEN,8,0,0,0,0,0,0,0,0,0,0,0,0,NA,NA,0,NA,0,0,0,0,0,0,NA,0,0,0,0,0,0,0,0,0,0,NA,0,NA,0,0,0,0,21,0,6,0,0,0,0,0,0,0,0,9,0,0,0,0,0,0,0,0,0,5,62,0,0,0,0,0,0,0,0,NA,NA,0,0,0,0,0,0,0,0,0,0,0,0,NA,NA,NA,0,0,0,0,0,0,0,NA,0,0,0,0,NA,0,0
00-0036875,R.Stevenson,Rhamondre Stevenson,RB,RB,"https://static.www.nfl.com/image/upload/f_auto,q_auto/league/ed09migntlyy8ntgvcu1",2025,REG,NE,9,0,0,0,0,0,0,0,0,0,0,0,0,NA,NA,0,NA,89,284,3,2,2,13,-31.707848280711797,1,17,21,174,0,1,1,95,134,4,2.5196782416896895,0,1.831578947368421,0.061224489795918366,0.02994955863808323,0.11280142574053581,0,0,0,0,0,0,0,0,0,0,0,0,0,0,0,0,0,0,0,0,0,0,0,0,0,0,2,40,0,0,0,0,NA,NA,0,0,0,0,0,0,0,0,0,0,0,0,NA,NA,NA,0,0,0,0,0,0,0,NA,0,0,0,0,NA,59.80000000000001,76.80000000000001
00-0036876,K.Granson,Kylen Granson,TE,TE,"https://static.www.nfl.com/image/upload/f_auto,q_auto/league/ysbxmdw4da30q3kjb571",2025,REG,PHI,7,0,0,0,0,0,0,0,0,0,0,0,0,NA,NA,0,NA,0,0,0,0,0,0,NA,0,3,4,10,0,0,0,37,4,2,-1.3680692436173558,0,0.2702702702702703,0.013651877133105802,0.013371882905674015,0.029838133733630513,0,7,0,5,0,0,0,0,0,0,0,0,0,0,0,0,0,0,0,0,0,0,0,0,0,0,0,0,0,0,0,0,NA,NA,0,0,0,0,0,0,0,0,0,0,0,0,NA,NA,NA,0,0,0,0,0,0,0,NA,0,0,0,0,NA,1,4
00-0036880,P.Sewell,Penei Sewell,OT,OL,"https://static.www.nfl.com/image/upload/f_auto,q_auto/league/bfdl9aba5nufevjfckeb",2025,REG,DET,1,0,0,0,0,0,0,0,0,0,0,0,0,NA,NA,0,NA,0,0,0,0,0,0,NA,0,0,0,0,0,0,0,0,0,0,NA,0,NA,0,0,0,0,0,0,0,0,0,0,0,0,0,0,0,0,0,0,0,0,0,0,0,0,0,1,5,0,0,0,0,0,0,0,0,NA,NA,0,0,0,0,0,0,0,0,0,0,0,0,NA,NA,NA,0,0,0,0,0,0,0,NA,0,0,0,0,NA,0,0
00-0036881,J.Tufele,Jay Tufele,DT,DL,"https://static.www.nfl.com/image/upload/f_auto,q_auto/league/w0b0txntjiv6diob9u5k",2025,REG,NYJ,7,0,0,0,0,0,0,0,0,0,0,0,0,NA,NA,0,NA,0,0,0,0,0,0,NA,0,0,0,0,0,0,0,0,0,0,NA,0,NA,0,0,0,0,4,0,6,0,0,0,0,0,0,0,0,0,0,0,0,0,0,0,0,0,0,1,5,0,0,0,0,0,0,0,0,NA,NA,0,0,0,0,0,0,0,0,0,0,0,0,NA,NA,NA,0,0,0,0,0,0,0,NA,0,0,0,0,NA,0,0
00-0036883,T.Togiai,Tommy Togiai,DT,DL,"https://static.www.nfl.com/image/upload/f_auto,q_auto/league/vq1st1d5nifz8aze1aix",2025,REG,HOU,9,0,0,0,0,0,0,0,0,0,0,0,0,NA,NA,0,NA,0,0,0,0,0,0,NA,0,0,0,0,0,0,0,0,0,0,NA,0,NA,0,0,0,0,13,1,13,4,8,0,0.5,4.5,3,0,0,3,0,0,0,0,0,0,0,0,0,0,0,0,0,0,0,0,0,0,0,NA,NA,0,0,0,0,0,0,0,0,0,0,0,0,NA,NA,NA,0,0,0,0,0,0,0,NA,0,0,0,0,NA,0,0
00-0036884,M.Wilson,Marco Wilson,CB,DB,"https://static.www.nfl.com/image/upload/f_auto,q_auto/league/mcmzfcisg5pkfulsp0tr",2025,REG,CIN,2,0,0,0,0,0,0,0,0,0,0,0,0,NA,NA,0,NA,0,0,0,0,0,0,NA,0,0,0,0,0,0,0,0,0,0,NA,0,NA,0,0,0,0,3,0,0,0,0,0,0,0,0,0,0,0,0,0,0,0,0,0,0,0,0,0,0,0,0,0,0,0,0,0,0,NA,NA,0,0,0,0,0,0,0,0,0,0,0,0,NA,NA,NA,0,0,0,0,0,0,0,NA,0,0,0,0,NA,0,0
00-0036885,T.Brown,Tre Brown,CB,DB,"https://static.www.nfl.com/image/upload/f_auto,q_auto/league/rsa4qgvqzrmqgonwf3co",2025,REG,LA,1,0,0,0,0,0,0,0,0,0,0,0,0,NA,NA,0,NA,0,0,0,0,0,0,NA,0,0,0,0,0,0,0,0,0,0,NA,0,NA,0,0,0,0,0,0,0,0,0,0,0,0,0,0,0,0,0,0,0,0,0,0,0,0,0,1,10,0,0,0,0,0,0,0,0,NA,NA,0,0,0,0,0,0,0,0,0,0,0,0,NA,NA,NA,0,0,0,0,0,0,0,NA,0,0,0,0,NA,0,0
00-0036887,L.Farrell,Luke Farrell,TE,TE,"https://static.www.nfl.com/image/upload/f_auto,q_auto/league/sccmpo8xbzdbjasmwcfj",2025,REG,SF,11,0,0,0,0,0,0,0,0,0,0,0,0,NA,NA,0,NA,0,0,0,0,0,0,NA,0,11,13,85,2,1,1,39,52,6,3.9467036359128542,0,2.1794871794871793,0.03201970443349754,0.01269118125610153,0.05691338352951738,0,3,0,4,0,0,0,0,0,0,0,0,0,0,0,0,0,1,1,0,0,0,1,5,0,0,0,0,0,0,0,0,NA,NA,0,0,0,0,0,0,0,0,0,0,0,0,NA,NA,NA,0,0,0,0,0,0,0,NA,0,0,0,0,NA,18.5,29.5
00-0036888,D.Hamlin,Damar Hamlin,SAF,DB,"https://static.www.nfl.com/image/upload/f_auto,q_auto/league/y3up9bdo5vczbq5zskxo",2025,REG,BUF,1,0,0,0,0,0,0,0,0,0,0,0,0,NA,NA,0,NA,0,0,0,0,0,0,NA,0,0,0,0,0,0,0,0,0,0,NA,0,NA,0,0,0,0,1,0,0,0,0,0,0,0,0,0,0,0,0,0,0,0,0,0,0,0,0,0,0,0,0,0,0,0,0,0,0,NA,NA,0,0,0,0,0,0,0,0,0,0,0,0,NA,NA,NA,0,0,0,0,0,0,0,NA,0,0,0,0,NA,0,0
00-0036893,N.Harris,Najee Harris,RB,RB,"https://static.www.nfl.com/image/upload/f_auto,q_auto/league/grfxgbvqnzz40r7rdtvk",2025,REG,LAC,3,0,0,0,0,0,0,0,0,0,0,0,0,NA,NA,0,NA,15,61,0,0,0,3,-0.3388287907000631,0,3,3,25,0,0,0,10,15,1,1.3118299120105803,0,2.5,0.007957559681697613,0.0034071550255536627,0.014321348040433984,0,0,0,0,0,0,0,0,0,0,0,0,0,0,0,0,0,0,0,0,0,0,0,0,0,0,0,0,0,0,0,0,NA,NA,0,0,0,0,0,0,0,0,0,0,0,0,NA,NA,NA,0,0,0,0,0,0,0,NA,0,0,0,0,NA,8.6,11.6
00-0036894,P.Freiermuth,Pat Freiermuth,TE,TE,"https://static.www.nfl.com/image/upload/f_auto,q_auto/league/vmwioi77upc9hqwaskfa",2025,REG,PIT,10,0,0,0,0,0,0,0,0,0,0,0,0,NA,NA,0,NA,0,0,0,0,0,0,NA,0,26,32,298,4,0,0,180,151,12,13.85009298962541,0,1.6555555555555554,0.1,0.09150991357397051,0.21405693950177937,0,0,0,0,0,0,0,0,0,0,0,0,0,0,0,0,0,0,0,0,0,0,0,0,0,0,0,0,0,0,0,0,NA,NA,0,0,0,0,0,0,0,0,0,0,0,0,NA,NA,NA,0,0,0,0,0,0,0,NA,0,0,0,0,NA,53.8,79.8
00-0036896,V.Dimukeje,Victor Dimukeje,LB,LB,"https://static.www.nfl.com/image/upload/f_auto,q_auto/league/timanef1mpwuc1cqmptm",2025,REG,NYG,2,0,0,0,0,0,0,0,0,0,0,0,0,NA,NA,0,NA,0,0,0,0,0,0,NA,0,0,0,0,0,0,0,0,0,0,NA,0,NA,0,0,0,0,1,0,2,0,0,0,0,0,0,0,0,1,0,0,0,0,0,0,0,0,0,0,0,0,0,0,0,0,0,0,0,NA,NA,0,0,0,0,0,0,0,0,0,0,0,0,NA,NA,NA,0,0,0,0,0,0,0,NA,0,0,0,0,NA,0,0
00-0036898,D.Mills,Davis Mills,QB,QB,"https://static.www.nfl.com/image/upload/f_auto,q_auto/league/v3bofeusytvkogvqichy",2025,REG,HOU,5,88,150,879,5,1,8,-60,0,0,1306,254,46,-10.705532448254905,-5.232476263210695,1,0.6730474732006125,12,48,1,1,0,2,-1.492597809017636,0,0,0,0,0,0,0,0,0,0,NA,0,NA,0,0,0,0,0,0,0,0,0,0,0,0,0,0,0,0,0,0,0,0,0,1,0,0,0,0,0,0,0,0,0,0,0,0,0,NA,NA,0,0,0,0,0,0,0,0,0,0,0,0,NA,NA,NA,0,0,0,0,0,0,0,NA,0,0,0,0,NA,65.96000000000001,65.96000000000001
00-0036900,J.Chase,Ja'Marr Chase,WR,WR,"https://static.www.nfl.com/image/upload/f_auto,q_auto/league/qya3dtjb5kgofcuj2tuw",2025,REG,CIN,10,0,0,0,0,0,0,0,0,0,0,0,0,NA,NA,0,NA,2,6,0,0,0,0,-0.39329644455574453,0,79,117,861,5,1,1,1005,421,43,24.315988898032135,0,0.8567164179104477,0.3,0.3276817737202478,0.6793772416041735,0,5,0,0,0,0,0,0,0,0,0,0,0,0,0,0,0,0,0,0,0,0,0,0,0,0,0,0,0,0,0,0,NA,NA,0,0,0,0,0,0,0,0,0,0,0,0,NA,NA,NA,0,0,0,0,0,0,0,NA,0,0,0,0,NA,114.7,193.7
00-0036901,E.Stokes,Eric Stokes,CB,DB,"https://static.www.nfl.com/image/upload/f_auto,q_auto/league/utosvktgajhtqd2px9xp",2025,REG,LV,10,0,0,0,0,0,0,0,0,0,0,0,0,NA,NA,0,NA,0,0,0,0,0,0,NA,0,0,0,0,0,0,0,0,0,0,NA,0,NA,0,0,0,0,15,1,12,2,5,0,0,0,0,0,0,4,0,0,0,0,0,0,0,0,0,1,3,0,0,0,0,0,0,0,0,NA,NA,0,0,0,0,0,0,0,0,0,0,0,0,NA,NA,NA,0,0,0,0,0,0,0,NA,0,0,0,0,NA,0,0
00-0036902,J.Ossai,Joseph Ossai,DE,DL,"https://static.www.nfl.com/image/upload/f_auto,q_auto/league/ixgqo1gn6f79bhhoyirq",2025,REG,CIN,11,0,0,0,0,0,0,0,0,0,0,0,0,NA,NA,0,NA,0,0,0,0,0,0,NA,0,0,0,0,0,0,0,0,0,0,NA,0,NA,0,0,0,0,12,2,17,6,22,0,3,16,8,0,0,0,0,0,0,0,0,0,0,0,0,2,25,0,0,0,0,0,0,0,0,NA,NA,0,0,0,0,0,0,0,0,0,0,0,0,NA,NA,NA,0,0,0,0,0,0,0,NA,0,0,0,0,NA,0,0
00-0036903,B.Brown,Bobby Brown III,DT,DL,"https://static.www.nfl.com/image/upload/f_auto,q_auto/league/f3fspidlfqws3asws3gw",2025,REG,CAR,8,0,0,0,0,0,0,0,0,0,0,0,0,NA,NA,0,NA,0,0,0,0,0,0,NA,0,0,0,0,0,0,0,0,0,0,NA,0,NA,0,0,0,0,6,1,11,2,5,0,0,0,0,0,0,0,0,0,0,0,0,0,0,0,0,1,5,0,0,0,0,0,0,0,0,NA,NA,0,0,0,0,0,0,0,0,0,0,0,0,NA,NA,NA,0,0,0,0,0,0,0,NA,0,0,0,0,NA,0,0
00-0036904,R.Rochell,Robert Rochell,CB,DB,"https://static.www.nfl.com/image/upload/f_auto,q_auto/league/oqn1nnmeqppzkymivtfe",2025,REG,DAL,1,0,0,0,0,0,0,0,0,0,0,0,0,NA,NA,0,NA,0,0,0,0,0,0,NA,0,0,0,0,0,0,0,0,0,0,NA,0,NA,0,0,0,0,0,0,1,0,0,0,0,0,0,0,0,0,0,0,0,0,0,0,0,0,0,0,0,0,0,0,0,0,0,0,0,NA,NA,0,0,0,0,0,0,0,0,0,0,0,0,NA,NA,NA,0,0,0,0,0,0,0,NA,0,0,0,0,NA,0,0
00-0036905,L.Borom,Larry Borom,G,OL,"https://static.www.nfl.com/image/upload/f_auto,q_auto/league/n9k0wubk028m5ecfwg8x",2025,REG,MIA,5,0,0,0,0,0,0,0,0,0,0,0,0,NA,NA,0,NA,0,0,0,0,0,0,NA,0,0,0,0,0,0,0,0,0,0,NA,0,NA,0,0,0,0,0,0,0,0,0,0,0,0,0,0,0,0,0,0,0,0,1,1,0,0,0,5,35,0,0,0,0,0,0,0,0,NA,NA,0,0,0,0,0,0,0,0,0,0,0,0,NA,NA,NA,0,0,0,0,0,0,0,NA,0,0,0,0,NA,0,0
00-0036906,K.Herbert,Khalil Herbert,RB,RB,"https://static.www.nfl.com/image/upload/f_auto,q_auto/league/gjwksf9ygntjmtceeerh",2025,REG,NYJ,1,0,0,0,0,0,0,0,0,0,0,0,0,NA,NA,0,NA,0,0,0,0,0,0,NA,0,0,0,0,0,0,0,0,0,0,NA,0,NA,0,0,0,0,0,0,0,0,0,0,0,0,0,0,0,0,0,0,0,0,0,0,0,0,0,0,0,0,0,1,22,0,0,0,0,NA,NA,0,0,0,0,0,0,0,0,0,0,0,0,NA,NA,NA,0,0,0,0,0,0,0,NA,0,0,0,0,NA,0,0
00-0036909,K.Tonga,Khyiris Tonga,DT,DL,"https://static.www.nfl.com/image/upload/f_auto,q_auto/league/sd2nd0xkekkuf2hrlcjq",2025,REG,NE,9,0,0,0,0,0,0,0,0,0,0,0,0,NA,NA,0,NA,0,0,0,0,0,0,NA,0,0,0,0,0,0,0,0,0,0,NA,0,NA,0,0,0,0,8,1,10,2,4,0,0,0,2,0,0,2,0,0,0,0,0,0,0,0,0,0,0,0,0,0,0,0,0,0,0,NA,NA,0,0,0,0,0,0,0,0,0,0,0,0,NA,NA,NA,0,0,0,0,0,0,0,NA,0,0,0,0,NA,0,0
00-0036912,D.Smith,DeVonta Smith,WR,WR,"https://static.www.nfl.com/image/upload/f_auto,q_auto/league/vj2fz8veorg1k5qthnjm",2025,REG,PHI,11,0,0,0,0,0,0,0,0,0,0,0,0,NA,NA,0,NA,0,0,0,0,0,0,NA,0,55,78,754,3,0,0,968,211,32,46.38547598281695,0,0.7789256198347108,0.26621160409556316,0.34983736899168777,0.6442035644375261,0,0,0,0,0,0,0,0,0,0,0,0,0,0,0,0,0,0,0,0,0,0,2,15,0,0,0,0,0,0,0,0,NA,NA,0,0,0,0,0,0,0,0,0,0,0,0,NA,NA,NA,0,0,0,0,0,0,0,NA,0,0,0,0,NA,93.4,148.4
00-0036914,G.Rousseau,Greg Rousseau,DE,DL,"https://static.www.nfl.com/image/upload/f_auto,q_auto/league/oljb2xg9fry8gnuqz66k",2025,REG,BUF,11,0,0,0,0,0,0,0,0,0,0,0,0,NA,NA,0,NA,0,0,0,0,0,0,NA,0,0,0,0,0,0,0,0,0,0,NA,0,NA,0,0,0,0,18,1,16,3,14,1,3,21.5,11,0,0,2,0,0,0,0,0,0,0,0,0,1,5,0,0,0,0,0,0,0,0,NA,NA,0,0,0,0,0,0,0,0,0,0,0,0,NA,NA,NA,0,0,0,0,0,0,0,NA,0,0,0,0,NA,0,0
00-0036916,M.Williams,Milton Williams,DE,DL,"https://static.www.nfl.com/image/upload/f_auto,q_auto/league/pne778olspa9ercg4e56",2025,REG,NE,10,0,0,0,0,0,0,0,0,0,0,0,0,NA,NA,0,NA,0,0,0,0,0,0,NA,0,0,0,0,0,0,0,0,0,0,NA,0,NA,0,0,0,0,11,3,13,7,25,0,3.5,24,8,0,0,1,0,0,0,0,0,0,0,0,0,0,0,0,0,0,0,0,0,0,0,NA,NA,0,0,0,0,0,0,0,0,0,0,0,0,NA,NA,NA,0,0,0,0,0,0,0,NA,0,0,0,0,NA,0,0
00-0036919,K.Gainwell,Kenneth Gainwell,RB,RB,"https://static.www.nfl.com/image/upload/f_auto,q_auto/league/f74x1ywy7oo5kq81vblh",2025,REG,PIT,11,0,0,0,0,0,0,0,0,0,0,0,0,NA,NA,0,NA,71,336,3,1,0,24,5.246570807648823,0,42,48,234,2,1,1,-37,294,10,-7.535089145308213,0,-6.324324324324325,0.15,-0.018810371123538384,0.2118327402135231,0,3,0,1,0,0,1,0,0,0,0,0,0,0,0,0,0,1,1,0,0,0,0,0,0,0,18,434,0,0,0,0,NA,NA,0,0,0,0,0,0,0,0,0,0,0,0,NA,NA,NA,0,0,0,0,0,0,0,NA,0,0,0,0,NA,85,127
00-0036920,M.Tuipulotu,Marlon Tuipulotu,DT,DL,"https://static.www.nfl.com/image/upload/f_auto,q_auto/league/ho9eokvcqvge4qdld2ie",2025,REG,KC,1,0,0,0,0,0,0,0,0,0,0,0,0,NA,NA,0,NA,0,0,0,0,0,0,NA,0,0,0,0,0,0,0,0,0,0,NA,0,NA,0,0,0,0,0,0,1,0,0,0,0,0,0,0,0,0,0,0,0,0,0,0,0,0,0,0,0,0,0,0,0,0,0,0,0,NA,NA,0,0,0,0,0,0,0,0,0,0,0,0,NA,NA,NA,0,0,0,0,0,0,0,NA,0,0,0,0,NA,0,0
00-0036922,P.Johnson,Patrick Johnson,LB,LB,"https://static.www.nfl.com/image/upload/f_auto,q_auto/league/qtngv13hh6rm4kfc52jt",2025,REG,PHI,4,0,0,0,0,0,0,0,0,0,0,0,0,NA,NA,0,NA,0,0,0,0,0,0,NA,0,0,0,0,0,0,0,0,0,0,NA,0,NA,0,0,0,0,4,0,3,1,1,0,1,1,2,0,0,0,0,0,0,0,0,0,0,0,0,1,3,0,0,0,0,0,0,0,0,NA,NA,0,0,0,0,0,0,0,0,0,0,0,0,NA,NA,NA,0,0,0,0,0,0,0,NA,0,0,0,0,NA,0,0
00-0036924,M.Carter,Michael Carter,RB,RB,"https://static.www.nfl.com/image/upload/f_auto,q_auto/league/e1y7zhd7w3xbthodfa3m",2025,REG,ARI,7,0,0,0,0,0,0,0,0,0,0,0,0,NA,NA,0,NA,45,135,1,0,0,10,-8.756064562330721,0,17,22,129,0,0,0,56,119,6,2.894611313786698,0,2.3035714285714284,0.054187192118226604,0.018672890963654553,0.0943518118518981,0,1,0,0,0,0,0,0,0,0,0,0,0,0,0,0,0,0,0,0,0,0,0,0,0,0,1,27,0,0,0,0,NA,NA,0,0,0,0,0,0,0,0,0,0,0,0,NA,NA,NA,0,0,0,0,0,0,0,NA,0,0,0,0,NA,32.400000000000006,49.400000000000006
00-0036927,P.Werner,Pete Werner,LB,LB,"https://static.www.nfl.com/image/upload/f_auto,q_auto/league/nqs87jnlklns7tm7w5jj",2025,REG,NO,11,0,0,0,0,0,0,0,0,0,0,0,0,NA,NA,0,NA,0,0,0,0,0,0,NA,0,0,0,0,0,0,0,0,0,0,NA,0,NA,0,0,0,0,37,1,24,4,7,0,2,1,3,0,0,4,0,0,0,0,0,0,2,2,0,0,0,0,0,0,0,0,0,0,0,NA,NA,0,0,0,0,0,0,0,0,0,0,0,0,NA,NA,NA,0,0,0,0,0,0,0,NA,0,0,0,0,NA,0,0
00-0036932,M.Parsons,Micah Parsons,DE,DL,"https://static.www.nfl.com/image/upload/f_auto,q_auto/league/igbkpnpsezgrvngnf5ck",2025,REG,GB,11,0,0,0,0,0,0,0,0,0,0,0,0,NA,NA,0,NA,0,0,0,0,0,0,NA,0,0,0,0,0,0,0,0,0,0,NA,0,NA,0,0,0,0,13,1,16,9,55,1,10,60.5,20,0,0,0,0,0,0,0,0,0,0,0,0,6,40,0,0,0,0,0,0,0,0,NA,NA,0,0,0,0,0,0,0,0,0,0,0,0,NA,NA,NA,0,0,0,0,0,0,0,NA,0,0,0,0,NA,0,0
00-0036933,Z.Collins,Zaven Collins,LB,LB,"https://static.www.nfl.com/image/upload/f_auto,q_auto/league/kyzjrpamx2gfuumvpxai",2025,REG,ARI,11,0,0,0,0,0,0,0,0,0,0,0,0,NA,NA,0,NA,0,0,0,0,0,0,NA,0,0,0,0,0,0,0,0,0,0,NA,0,NA,0,0,0,0,17,0,10,4,18,0,1,11,8,0,0,0,0,0,0,0,0,0,2,2,1,1,15,0,0,0,0,0,0,0,0,NA,NA,0,0,0,0,0,0,0,0,0,0,0,0,NA,NA,NA,0,0,0,0,0,0,0,NA,0,0,0,0,NA,0,0
00-0036934,Ja.Phillips,Jaelan Phillips,LB,LB,"https://static.www.nfl.com/image/upload/f_auto,q_auto/league/etpp0zmoctw8uweix07f",2025,REG,PHI,12,0,0,0,0,0,0,0,0,0,0,0,0,NA,NA,0,NA,0,0,0,0,0,0,NA,0,0,0,0,0,0,0,0,0,0,NA,0,NA,0,0,0,0,19,2,15,5,32,0,4,27,12,0,0,0,0,0,0,0,0,0,2,2,0,2,20,0,0,0,0,0,0,0,0,NA,NA,0,0,0,0,0,0,0,0,0,0,0,0,NA,NA,NA,0,0,0,0,0,0,0,NA,0,0,0,0,NA,0,0
00-0036937,P.Adebo,Paulson Adebo,CB,DB,"https://static.www.nfl.com/image/upload/f_auto,q_auto/league/syndlzqvjmmeplufohl8",2025,REG,NYG,7,0,0,0,0,0,0,0,0,0,0,0,0,NA,NA,0,NA,0,0,0,0,0,0,NA,0,0,0,0,0,0,0,0,0,0,NA,0,NA,0,0,0,0,41,0,7,1,1,0,0,0,0,0,0,4,0,0,0,0,0,0,0,0,0,3,64,0,0,0,0,0,0,0,0,NA,NA,0,0,0,0,0,0,0,0,0,0,0,0,NA,NA,NA,0,0,0,0,0,0,0,NA,0,0,0,0,NA,0,0
00-0036940,O.Oweh,Odafe Oweh,LB,LB,"https://static.www.nfl.com/image/upload/f_auto,q_auto/league/xjfiyufnofknncgkmbyy",2025,REG,LAC,11,0,0,0,0,0,0,0,0,0,0,0,0,NA,NA,0,NA,0,0,0,0,0,0,NA,0,0,0,0,0,0,0,0,0,0,NA,0,NA,0,0,0,0,11,0,14,5,16,0,4,13,11,0,0,0,0,0,0,0,0,0,0,0,0,0,0,0,0,0,0,0,0,0,0,NA,NA,0,0,0,0,0,0,0,0,0,0,0,0,NA,NA,NA,0,0,0,0,0,0,0,NA,0,0,0,0,NA,0,0
00-0036941,A.Cisco,Andre Cisco,SAF,DB,"https://static.www.nfl.com/image/upload/f_auto,q_auto/league/sdk8jvmv30mvetujj7bs",2025,REG,NYJ,8,0,0,0,0,0,0,0,0,0,0,0,0,NA,NA,0,NA,0,0,0,0,0,0,NA,0,0,0,0,0,0,0,0,0,0,NA,0,NA,0,0,0,0,25,1,15,1,1,0,0,0,0,0,0,1,0,0,0,0,0,0,1,1,0,0,0,0,0,0,0,0,0,0,0,NA,NA,0,0,0,0,0,0,0,0,0,0,0,0,NA,NA,NA,0,0,0,0,0,0,0,NA,0,0,0,0,NA,0,0
00-0036942,O.Odighizuwa,Osa Odighizuwa,DT,DL,"https://static.www.nfl.com/image/upload/f_auto,q_auto/league/xjx8vxlafv4i0hmvtrje",2025,REG,DAL,11,0,0,0,0,0,0,0,0,0,0,0,0,NA,NA,0,NA,0,0,0,0,0,0,NA,0,0,0,0,0,0,0,0,0,0,NA,0,NA,0,0,0,0,12,1,17,5,40,0,3,35,16,0,0,0,0,0,0,0,0,0,0,0,0,2,20,0,0,0,0,0,0,0,0,NA,NA,0,0,0,0,0,0,0,0,0,0,0,0,NA,NA,NA,0,0,0,0,0,0,0,NA,0,0,0,0,NA,0,0
00-0036943,M.Fraboni,Mitchell Fraboni,LS,SPEC,"https://static.www.nfl.com/image/upload/f_auto,q_auto/league/csvbeqtitr9ixpgdt0fu",2025,REG,DEN,5,0,0,0,0,0,0,0,0,0,0,0,0,NA,NA,0,NA,0,0,0,0,0,0,NA,0,0,0,0,0,0,0,0,0,0,NA,0,NA,0,0,0,0,3,0,1,0,0,0,0,0,0,0,0,0,0,0,0,0,0,0,0,0,0,2,20,0,0,0,0,0,0,0,0,NA,NA,0,0,0,0,0,0,0,0,0,0,0,0,NA,NA,NA,0,0,0,0,0,0,0,NA,0,0,0,0,NA,0,0
00-0036944,Ja.Horn,Jaycee Horn,CB,DB,"https://static.www.nfl.com/image/upload/f_auto,q_auto/league/lvqdczrm0ebvb8m3n5fu",2025,REG,CAR,12,0,0,0,0,0,0,0,0,0,0,0,0,NA,NA,0,NA,0,0,0,0,0,0,NA,0,0,0,0,0,0,0,0,0,0,NA,0,NA,0,0,0,0,14,1,10,0,0,0,0,0,0,5,46,6,0,0,0,0,0,0,0,0,0,4,26,0,0,0,0,0,0,0,0,NA,NA,0,0,0,0,0,0,0,0,0,0,0,0,NA,NA,NA,0,0,0,0,0,0,0,NA,0,0,0,0,NA,0,0
00-0036945,J.Fields,Justin Fields,QB,QB,"https://static.www.nfl.com/image/upload/f_auto,q_auto/league/fbteankooq2c33yquq2j",2025,REG,NYJ,9,128,204,1259,7,1,27,-192,2,1,1379,586,58,-22.451623025007635,-1.8688385634078144,3,0.9129804205946338,71,383,4,2,2,29,8.762813333588596,2,0,1,0,0,0,0,6,0,0,-0.8187713430379517,0,0,0.0034602076124567475,0.0027309968138370506,0.007102009188371056,0,0,0,0,0,0,0,0,0,0,0,0,0,0,0,0,0,0,1,0,0,0,1,10,0,0,0,0,0,0,0,0,NA,NA,0,0,0,0,0,0,0,0,0,0,0,0,NA,NA,NA,0,0,0,0,0,0,0,NA,0,0,0,0,NA,142.66,142.66
00-0036948,T.Graham,Ta'Quon Graham,DT,DL,"https://static.www.nfl.com/image/upload/f_auto,q_auto/league/guxpxgrm0ulryqybspna",2025,REG,ATL,1,0,0,0,0,0,0,0,0,0,0,0,0,NA,NA,0,NA,0,0,0,0,0,0,NA,0,0,0,0,0,0,0,0,0,0,NA,0,NA,0,0,0,0,3,0,1,1,2,0,0,0,0,0,0,0,0,0,0,0,0,0,0,0,0,0,0,0,0,0,0,0,0,0,0,NA,NA,0,0,0,0,0,0,0,0,0,0,0,0,NA,NA,NA,0,0,0,0,0,0,0,NA,0,0,0,0,NA,0,0
00-0036950,A.Williams,Avery Williams,RB,RB,"https://static.www.nfl.com/image/upload/f_auto,q_auto/league/udxcy5ukuuppfhemywfn",2025,REG,NYJ,1,0,0,0,0,0,0,0,0,0,0,0,0,NA,NA,0,NA,0,0,0,0,0,0,NA,0,0,0,0,0,0,0,0,0,0,NA,0,NA,0,0,0,0,0,0,0,0,0,0,0,0,0,0,0,0,0,0,0,0,0,0,0,0,0,0,0,4,41,5,133,0,0,0,0,NA,NA,0,0,0,0,0,0,0,0,0,0,0,0,NA,NA,NA,0,0,0,0,0,0,0,NA,0,0,0,0,NA,0,0
00-0036952,J.Cooper,Jonathon Cooper,LB,LB,"https://static.www.nfl.com/image/upload/f_auto,q_auto/league/rzjdnsaz0sfs9v4xetov",2025,REG,DEN,11,0,0,0,0,0,0,0,0,0,0,0,0,NA,NA,0,NA,0,0,0,0,0,0,NA,0,0,0,0,0,0,0,0,0,0,NA,0,NA,0,0,0,0,13,1,19,7,41,0,7.5,53.5,12,0,0,4,0,0,0,0,0,0,0,0,0,2,10,0,0,0,0,0,0,0,0,NA,NA,0,0,0,0,0,0,0,0,0,0,0,0,NA,NA,NA,0,0,0,0,0,0,0,NA,0,0,0,0,NA,0,0
00-0036956,D.Hall,Darren Hall,CB,DB,"https://static.www.nfl.com/image/upload/f_auto,q_auto/league/btpudohpy5mnzimqn2xm",2025,REG,ARI,4,0,0,0,0,0,0,0,0,0,0,0,0,NA,NA,0,NA,0,0,0,0,0,0,NA,0,0,0,0,0,0,0,0,0,0,NA,0,NA,0,0,0,0,2,0,3,0,0,0,0,0,0,0,0,0,0,0,0,0,0,0,0,0,0,0,0,0,0,0,0,0,0,0,0,NA,NA,0,0,0,0,0,0,0,0,0,0,0,0,NA,NA,NA,0,0,0,0,0,0,0,NA,0,0,0,0,NA,0,0
00-0036957,D.Dalman,Drew Dalman,C,OL,"https://static.www.nfl.com/image/upload/f_auto,q_auto/league/dbs2xvntmad015bo7qxe",2025,REG,CHI,2,0,0,0,0,0,0,0,0,0,0,0,0,NA,NA,0,NA,0,0,0,0,0,0,NA,0,0,0,0,0,0,0,0,0,0,NA,0,NA,0,0,0,0,0,0,0,0,0,0,0,0,0,0,0,0,0,0,0,0,1,1,0,0,0,2,15,0,0,0,0,0,0,0,0,NA,NA,0,0,0,0,0,0,0,0,0,0,0,0,NA,NA,NA,0,0,0,0,0,0,0,NA,0,0,0,0,NA,0,0
00-0036959,M.Bandy,Michael Bandy,WR,WR,"https://static.www.nfl.com/image/upload/f_auto,q_auto/league/chfu1cqtulkawqq1mulx",2025,REG,DEN,2,0,0,0,0,0,0,0,0,0,0,0,0,NA,NA,0,NA,0,0,0,0,0,0,NA,0,1,1,16,0,0,0,5,11,1,2.12823485879926,0,3.2,0.0027247956403269754,0.0016239038648911985,0.005223926165914302,0,0,0,0,0,0,0,0,0,0,0,0,0,0,1,0,0,0,0,0,0,0,0,0,5,29,0,0,0,0,0,0,NA,NA,0,0,0,0,0,0,0,0,0,0,0,0,NA,NA,NA,0,0,0,0,0,0,0,NA,0,0,0,0,NA,1.6,2.6
00-0036961,R.Grant,Richie Grant,SAF,DB,"https://static.www.nfl.com/image/upload/f_auto,q_auto/league/hzzmvmlmkqe6sn4g1d4j",2025,REG,NE,1,0,0,0,0,0,0,0,0,0,0,0,0,NA,NA,0,NA,0,0,0,0,0,0,NA,0,0,0,0,0,0,0,0,0,0,NA,0,NA,0,0,0,0,1,0,0,0,0,0,0,0,0,0,0,0,0,0,0,0,0,0,0,0,0,1,10,0,0,0,0,0,0,0,0,NA,NA,0,0,0,0,0,0,0,0,0,0,0,0,NA,NA,NA,0,0,0,0,0,0,0,NA,0,0,0,0,NA,0,0
00-0036962,T.Moehrig,Tre'von Moehrig,SAF,DB,"https://static.www.nfl.com/image/upload/f_auto,q_auto/league/cyprwi2vzj1a3oitgseo",2025,REG,CAR,12,0,0,0,0,0,0,0,0,0,0,0,0,NA,NA,0,NA,0,0,0,0,0,0,NA,0,0,0,0,0,0,0,0,0,0,NA,0,NA,0,0,0,0,45,5,31,10,32,0,1,7,5,1,36,2,0,0,0,0,0,0,0,0,0,1,5,0,0,0,0,0,0,0,0,NA,NA,0,0,0,0,0,0,0,0,0,0,0,0,NA,NA,NA,0,0,0,0,0,0,0,NA,0,0,0,0,NA,0,0
00-0036963,A.St. Brown,Amon-Ra St. Brown,WR,WR,"https://static.www.nfl.com/image/upload/f_auto,q_auto/league/fd8nwhm6pvxfyzphzl6i",2025,REG,DET,11,0,0,0,0,0,0,0,0,0,0,0,0,NA,NA,0,NA,3,9,0,0,0,1,0.5569902447750792,0,75,107,884,9,1,0,930,351,46,39.540199258304646,0,0.9505376344086022,0.31750741839762614,0.41854185418541856,0.7692404255262322,0,3,0,1,0,0,0,0,0,0,0,0,0,0,0,0,0,0,0,0,0,0,0,0,0,0,0,0,0,0,0,0,NA,NA,0,0,0,0,0,0,0,0,0,0,0,0,NA,NA,NA,0,0,0,0,0,0,0,NA,0,0,0,0,NA,143.3,218.3
00-0036964,D.Barnes,Derrick Barnes,LB,LB,"https://static.www.nfl.com/image/upload/f_auto,q_auto/league/jksvb5xfttcodlgvlyjo",2025,REG,DET,11,0,0,0,0,0,0,0,0,0,0,0,0,NA,NA,0,NA,0,0,0,0,0,0,NA,0,0,0,0,0,0,0,0,0,0,NA,0,NA,0,0,0,0,30,0,28,5,21,0,4,17,5,0,0,1,0,0,1,0,0,0,0,0,0,0,0,0,0,0,0,0,0,0,0,NA,NA,0,0,0,0,0,0,0,0,0,0,0,0,NA,NA,NA,0,0,0,0,0,0,0,NA,0,0,0,0,NA,0,0
00-0036967,J.Tryon,Joe Tryon-Shoyinka,DE,DL,"https://static.www.nfl.com/image/upload/f_auto,q_auto/league/it6wkxysejicc83azqkd",2025,REG,CHI,7,0,0,0,0,0,0,0,0,0,0,0,0,NA,NA,0,NA,0,0,0,0,0,0,NA,0,0,0,0,0,0,0,0,0,0,NA,0,NA,0,0,0,0,5,0,8,0,0,0,0,0,1,0,0,0,0,0,0,0,0,0,0,0,0,0,0,0,0,0,0,0,0,0,0,NA,NA,0,0,0,0,0,0,0,0,0,0,0,0,NA,NA,NA,0,0,0,0,0,0,0,NA,0,0,0,0,NA,0,0
00-0036968,B.Christensen,Brady Christensen,OT,OL,"https://static.www.nfl.com/image/upload/f_auto,q_auto/league/pbj2pkbe5cwtomutayd1",2025,REG,CAR,2,0,0,0,0,0,0,0,0,0,0,0,0,NA,NA,0,NA,0,0,0,0,0,0,NA,0,0,0,0,0,0,0,0,0,0,NA,0,NA,0,0,0,0,0,0,1,0,0,0,0,0,0,0,0,0,0,0,0,0,0,0,0,0,0,1,5,0,0,0,0,0,0,0,0,NA,NA,0,0,0,0,0,0,0,0,0,0,0,0,NA,NA,NA,0,0,0,0,0,0,0,NA,0,0,0,0,NA,0,0
00-0036970,K.Pitts,Kyle Pitts,TE,TE,"https://static.www.nfl.com/image/upload/f_auto,q_auto/league/tbec213me3pszzszecqo",2025,REG,ATL,11,0,0,0,0,0,0,0,0,0,0,0,0,NA,NA,0,NA,0,0,0,0,0,0,NA,0,49,67,459,1,0,0,500,183,23,-4.1604805181717754,0,0.918,0.2,0.17301038062283736,0.42110726643598617,0,0,0,0,0,0,0,0,0,0,0,0,0,0,0,0,0,0,0,0,0,0,5,29,0,0,0,0,0,0,0,0,NA,NA,0,0,0,0,0,0,0,0,0,0,0,0,NA,NA,NA,0,0,0,0,0,0,0,NA,0,0,0,0,NA,51.900000000000006,100.9
00-0036971,T.Lawrence,Trevor Lawrence,QB,QB,"https://static.www.nfl.com/image/upload/f_auto,q_auto/league/d75srntioly7fq0z8vip",2025,REG,JAX,11,220,368,2407,14,11,29,-176,3,2,2993,1039,117,-27.427708273958977,-5.202996954321861,0,0.804209822920147,54,210,5,2,1,25,9.511696911454209,0,0,0,0,0,0,0,0,0,0,NA,0,NA,0,0,0,0,0,0,0,0,0,0,0,0,0,0,0,0,0,0,0,0,2,2,0,0,0,5,32,0,0,0,0,0,0,0,0,NA,NA,0,0,0,0,0,0,0,0,0,0,0,0,NA,NA,NA,0,0,0,0,0,0,0,NA,0,0,0,0,NA,175.28,175.28
00-0036972,M.Jones,Mac Jones,QB,QB,"https://static.www.nfl.com/image/upload/f_auto,q_auto/league/v5sg1z9qvdpjeapblndz",2025,REG,SF,9,201,289,2151,13,6,16,-108,3,2,2124,957,107,44.685120740480464,3.678566924959636,1,1.0127118644067796,31,61,0,1,0,12,-1.396732225166021,0,0,0,0,0,0,0,0,0,0,NA,0,NA,0,0,0,0,1,0,0,0,0,0,0,0,0,0,0,0,0,0,0,0,1,1,0,0,0,1,10,0,0,0,0,0,0,0,0,NA,NA,0,0,0,0,0,0,0,0,0,0,0,0,NA,NA,NA,0,0,0,0,0,0,0,NA,0,0,0,0,NA,130.14000000000001,130.14000000000001
00-0036973,T.Etienne,Travis Etienne,RB,RB,"https://static.www.nfl.com/image/upload/f_auto,q_auto/league/gc0iljgj34piecyfueyd",2025,REG,JAX,11,0,0,0,0,0,0,0,0,0,0,0,0,NA,NA,0,NA,169,815,5,0,0,36,4.17855255444041,0,24,37,160,2,0,0,-66,205,7,-2.769343582971487,0,-2.4242424242424243,0.10277777777777777,-0.022051453391246242,0.1387306492927943,0,1,0,0,0,0,0,0,0,0,0,0,0,0,0,0,0,0,0,0,0,0,0,0,0,0,0,0,0,0,0,0,NA,NA,0,0,0,0,0,0,0,0,0,0,0,0,NA,NA,NA,0,0,0,0,0,0,0,NA,0,0,0,0,NA,139.5,163.5
00-0036974,T.Campbell,Tyson Campbell,CB,DB,"https://static.www.nfl.com/image/upload/f_auto,q_auto/league/qhtmkkoqakioplm2vfrw",2025,REG,CLE,11,0,0,0,0,0,0,0,0,0,0,0,0,NA,NA,0,NA,0,0,0,0,0,0,NA,0,0,0,0,0,0,0,0,0,0,NA,0,NA,0,0,0,0,40,0,24,1,1,2,0,0,1,1,34,13,1,0,0,0,0,0,0,0,0,2,12,0,0,0,0,0,0,0,0,NA,NA,0,0,0,0,0,0,0,0,0,0,0,0,NA,NA,NA,0,0,0,0,0,0,0,NA,0,0,0,0,NA,0,0
00-0036975,W.Little,Walker Little,OT,OL,"https://static.www.nfl.com/image/upload/f_auto,q_auto/league/rcvi4hvhzassjkeya7z9",2025,REG,JAX,4,0,0,0,0,0,0,0,0,0,0,0,0,NA,NA,0,NA,0,0,0,0,0,0,NA,0,0,0,0,0,0,0,0,0,0,NA,0,NA,0,0,0,0,0,0,0,0,0,0,0,0,0,0,0,0,0,0,0,0,0,0,0,0,0,5,30,0,0,0,0,0,0,0,0,NA,NA,0,0,0,0,0,0,0,0,0,0,0,0,NA,NA,NA,0,0,0,0,0,0,0,NA,0,0,0,0,NA,0,0
00-0036976,S.Brown,Spencer Brown,OT,OL,"https://static.www.nfl.com/image/upload/f_auto,q_auto/league/q2lsfuxunzzgso9rtldu",2025,REG,BUF,4,0,0,0,0,0,0,0,0,0,0,0,0,NA,NA,0,NA,0,0,0,0,0,0,NA,0,0,0,0,0,0,0,0,0,0,NA,0,NA,0,0,0,0,0,0,0,0,0,0,0,0,0,0,0,0,0,0,0,0,1,1,0,0,0,4,43,0,0,0,0,0,0,0,0,NA,NA,0,0,0,0,0,0,0,0,0,0,0,0,NA,NA,NA,0,0,0,0,0,0,0,NA,0,0,0,0,NA,0,0
00-0036980,E.Moore,Elijah Moore,WR,WR,"https://static.www.nfl.com/image/upload/f_auto,q_auto/league/hglegw8qqnvb8fghc8cq",2025,REG,BUF,9,0,0,0,0,0,0,0,0,0,0,0,0,NA,NA,0,NA,6,24,1,0,0,3,-0.015159874747041613,0,9,17,112,0,0,0,142,58,4,-3.889523251040373,0,0.7887323943661971,0.05246913580246913,0.054510556621881,0.1168610933390204,0,0,0,0,0,0,0,0,0,0,0,0,0,0,0,0,0,1,1,0,0,0,0,0,0,0,0,0,0,0,0,0,NA,NA,0,0,0,0,0,0,0,0,0,0,0,0,NA,NA,NA,0,0,0,0,0,0,0,NA,0,0,0,0,NA,19.6,28.6
00-0036981,C.Barmore,Christian Barmore,DT,DL,"https://static.www.nfl.com/image/upload/f_auto,q_auto/league/r2qnczxwkpqhk8is5jkv",2025,REG,NE,10,0,0,0,0,0,0,0,0,0,0,0,0,NA,NA,0,NA,0,0,0,0,0,0,NA,0,0,0,0,0,0,0,0,0,0,NA,0,NA,0,0,0,0,10,0,10,3,12,0,1,9,6,0,0,0,0,0,0,0,0,0,0,0,0,0,0,0,0,0,0,0,0,0,0,NA,NA,0,0,0,0,0,0,0,0,0,0,0,0,NA,NA,NA,0,0,0,0,0,0,0,NA,0,0,0,0,NA,0,0
00-0036982,C.Golston,Chauncey Golston,DE,DL,"https://static.www.nfl.com/image/upload/f_auto,q_auto/league/sxmy7rxufyanqn2mpsba",2025,REG,NYG,3,0,0,0,0,0,0,0,0,0,0,0,0,NA,NA,0,NA,0,0,0,0,0,0,NA,0,0,0,0,0,0,0,0,0,0,NA,0,NA,0,0,0,0,5,0,2,0,0,0,0,0,0,0,0,0,0,0,0,0,0,0,0,0,0,0,0,0,0,0,0,0,0,0,0,NA,NA,0,0,0,0,0,0,0,0,0,0,0,0,NA,NA,NA,0,0,0,0,0,0,0,NA,0,0,0,0,NA,0,0
00-0036984,T.Sermon,Trey Sermon,RB,RB,"https://static.www.nfl.com/image/upload/f_auto,q_auto/league/eqhl3xiczodsyqlmsxvr",2025,REG,PIT,3,0,0,0,0,0,0,0,0,0,0,0,0,NA,NA,0,NA,0,0,0,0,0,0,NA,0,0,0,0,0,0,0,0,0,0,NA,0,NA,0,0,0,0,0,0,1,0,0,0,0,0,0,0,0,0,0,0,0,0,0,0,0,0,0,1,10,0,0,2,51,0,0,0,0,NA,NA,0,0,0,0,0,0,0,0,0,0,0,0,NA,NA,NA,0,0,0,0,0,0,0,NA,0,0,0,0,NA,0,0
00-0036985,R.Hainsey,Robert Hainsey,C,OL,"https://static.www.nfl.com/image/upload/f_auto,q_auto/league/gaphcunqg5idsedj7rjv",2025,REG,JAX,3,0,0,0,0,0,0,0,0,0,0,0,0,NA,NA,0,NA,0,0,0,0,0,0,NA,0,0,0,0,0,0,0,0,0,0,NA,0,NA,0,0,0,0,0,0,0,0,0,0,0,0,0,0,0,0,0,0,0,0,0,0,0,0,0,3,30,0,0,0,0,0,0,0,0,NA,NA,0,0,0,0,0,0,0,0,0,0,0,0,NA,NA,NA,0,0,0,0,0,0,0,NA,0,0,0,0,NA,0,0
00-0036986,N.Wright,Nahshon Wright,CB,DB,"https://static.www.nfl.com/image/upload/f_auto,q_auto/league/muwpbl5yr0o4yvkcxtu3",2025,REG,CHI,11,0,0,0,0,0,0,0,0,0,0,0,0,NA,NA,0,NA,0,0,0,0,0,0,NA,0,0,0,0,0,0,0,0,0,0,NA,0,NA,0,0,0,0,30,4,15,3,6,0,0,0,1,5,118,10,1,0,0,0,0,0,2,2,0,5,78,0,0,0,0,0,0,0,0,NA,NA,0,0,0,0,0,0,0,0,0,0,0,0,NA,NA,NA,0,0,0,0,0,0,0,NA,0,0,0,0,NA,0,0
00-0036987,B.Stephens,Brandon Stephens,CB,DB,"https://static.www.nfl.com/image/upload/f_auto,q_auto/league/xvwpf9u0s2yj7ldppaen",2025,REG,NYJ,11,0,0,0,0,0,0,0,0,0,0,0,0,NA,NA,0,NA,0,0,0,0,0,0,NA,0,0,0,0,0,0,0,0,0,0,NA,0,NA,0,0,0,0,37,1,18,4,7,0,0,0,0,0,0,7,0,0,0,0,0,0,0,0,0,2,24,0,0,0,0,0,0,0,0,NA,NA,0,0,0,0,0,0,0,0,0,0,0,0,NA,NA,NA,0,0,0,0,0,0,0,NA,0,0,0,0,NA,0,0
00-0036988,J.Palmer,Josh Palmer,WR,WR,"https://static.www.nfl.com/image/upload/f_auto,q_auto/league/woswdfrtxnsfgzsjvsxx",2025,REG,BUF,8,0,0,0,0,0,0,0,0,0,0,0,0,NA,NA,0,NA,0,0,0,0,0,0,NA,0,18,29,272,0,0,0,376,45,12,8.082510598409488,0,0.723404255319149,0.08950617283950617,0.14433781190019193,0.2352957275893936,0,1,0,0,0,0,0,0,0,0,0,0,0,0,0,0,0,0,0,0,0,0,2,12,0,0,0,0,0,0,0,0,NA,NA,0,0,0,0,0,0,0,0,0,0,0,0,NA,NA,NA,0,0,0,0,0,0,0,NA,0,0,0,0,NA,27.200000000000003,45.2
00-0036989,M.Koonce,Malcolm Koonce,DE,DL,"https://static.www.nfl.com/image/upload/f_auto,q_auto/league/cujkqhjibrywjodwgfyp",2025,REG,LV,9,0,0,0,0,0,0,0,0,0,0,0,0,NA,NA,0,NA,0,0,0,0,0,0,NA,0,0,0,0,0,0,0,0,0,0,NA,0,NA,0,0,0,0,8,0,12,3,13,1,2,11,4,0,0,0,0,0,0,0,0,0,0,0,0,2,31,0,0,0,0,0,0,0,0,NA,NA,0,0,0,0,0,0,0,0,0,0,0,0,NA,NA,NA,0,0,0,0,0,0,0,NA,0,0,0,0,NA,0,0
00-0036990,D.Deablo,Divine Deablo,LB,LB,"https://static.www.nfl.com/image/upload/f_auto,q_auto/league/btw2sohcblkqvpsrctio",2025,REG,ATL,7,0,0,0,0,0,0,0,0,0,0,0,0,NA,NA,0,NA,0,0,0,0,0,0,NA,0,0,0,0,0,0,0,0,0,0,NA,0,NA,0,0,0,0,14,0,18,2,4,0,0.5,4,1,0,0,4,0,0,0,0,0,0,1,1,0,0,0,0,0,0,0,0,0,0,0,NA,NA,0,0,0,0,0,0,0,0,0,0,0,0,NA,NA,NA,0,0,0,0,0,0,0,NA,0,0,0,0,NA,0,0
00-0036992,E.Molden,Elijah Molden,CB,DB,"https://static.www.nfl.com/image/upload/f_auto,q_auto/league/yxq6pkgcvnln5riyonff",2025,REG,LAC,8,0,0,0,0,0,0,0,0,0,0,0,0,NA,NA,0,NA,0,0,0,0,0,0,NA,0,0,0,0,0,0,0,0,0,0,NA,0,NA,0,0,0,0,21,1,15,0,0,0,0,0,0,0,0,0,0,0,0,0,0,0,0,0,0,1,5,0,0,0,0,0,0,0,0,NA,NA,0,0,0,0,0,0,0,0,0,0,0,0,NA,NA,NA,0,0,0,0,0,0,0,NA,0,0,0,0,NA,0,0
00-0036993,I.Melifonwu,Ifeatu Melifonwu,SAF,DB,"https://static.www.nfl.com/image/upload/f_auto,q_auto/league/ftt7jc1nr0hmf1xmzyh2",2025,REG,MIA,8,0,0,0,0,0,0,0,0,0,0,0,0,NA,NA,0,NA,0,0,0,0,0,0,NA,0,0,0,0,0,0,0,0,0,0,NA,0,NA,0,0,0,0,16,1,11,0,0,0,0,0,0,1,0,1,0,0,0,0,0,0,0,0,0,1,10,0,0,0,0,0,0,0,0,NA,NA,0,0,0,0,0,0,0,0,0,0,0,0,NA,NA,NA,0,0,0,0,0,0,0,NA,0,0,0,0,NA,0,0
00-0036994,E.Jones,Ernest Jones,LB,LB,"https://static.www.nfl.com/image/upload/f_auto,q_auto/league/zn0pz6okty7vbj5ryryt",2025,REG,SEA,9,0,0,0,0,0,0,0,0,0,0,0,0,NA,NA,0,NA,0,0,0,0,0,0,NA,0,0,0,0,0,0,0,0,0,0,NA,0,NA,0,0,0,0,34,2,35,3,6,0,0.5,0,1,3,59,5,0,0,0,0,0,0,0,0,0,2,8,0,0,0,0,0,0,0,0,NA,NA,0,0,0,0,0,0,0,0,0,0,0,0,NA,NA,NA,0,0,0,0,0,0,0,NA,0,0,0,0,NA,0,0
00-0036995,B.Browning,Baron Browning,LB,LB,"https://static.www.nfl.com/image/upload/f_auto,q_auto/league/nd86rlr1op1wgkbpfcxv",2025,REG,ARI,9,0,0,0,0,0,0,0,0,0,0,0,0,NA,NA,0,NA,0,0,0,0,0,0,NA,0,0,0,0,0,0,0,0,0,0,NA,0,NA,0,0,0,0,5,1,10,3,16,0,2,13,5,1,4,1,0,0,0,0,0,0,1,1,0,1,5,0,0,0,0,0,0,0,0,NA,NA,0,0,0,0,0,0,0,0,0,0,0,0,NA,NA,NA,0,0,0,0,0,0,0,NA,0,0,0,0,NA,0,0
00-0036996,G.Newsome,Greg Newsome II,CB,DB,"https://static.www.nfl.com/image/upload/f_auto,q_auto/league/zyfy3onrys9i6ounvai8",2025,REG,JAX,10,0,0,0,0,0,0,0,0,0,0,0,0,NA,NA,0,NA,0,0,0,0,0,0,NA,0,0,0,0,0,0,0,0,0,0,NA,0,NA,0,0,0,0,24,3,10,2,4,0,0,0,0,0,0,6,0,0,0,0,0,0,0,0,0,4,42,0,0,0,0,0,0,0,0,NA,NA,0,0,0,0,0,0,0,0,0,0,0,0,NA,NA,NA,0,0,0,0,0,0,0,NA,0,0,0,0,NA,0,0
00-0036997,J.Williams,Javonte Williams,RB,RB,"https://static.www.nfl.com/image/upload/f_auto,q_auto/league/hwzske22c4wrlf27qrih",2025,REG,DAL,11,0,0,0,0,0,0,0,0,0,0,0,0,NA,NA,0,NA,181,896,8,1,1,50,7.096221563611298,0,28,39,107,1,1,1,-48,150,5,-19.26146715772801,0,-2.2291666666666665,0.0982367758186398,-0.015156299336911904,0.13674575419212137,0,1,0,0,0,0,0,0,0,0,0,0,0,0,0,0,0,1,1,0,0,0,1,5,0,0,0,0,0,0,0,0,NA,NA,0,0,0,0,0,0,0,0,0,0,0,0,NA,NA,NA,0,0,0,0,0,0,0,NA,0,0,0,0,NA,150.3,178.3
00-0036998,J.Holland,Jevon Holland,SAF,DB,"https://static.www.nfl.com/image/upload/f_auto,q_auto/league/zuvtkp7vhs3iqvpj9nen",2025,REG,NYG,9,0,0,0,0,0,0,0,0,0,0,0,0,NA,NA,0,NA,0,0,0,0,0,0,NA,0,0,0,0,0,0,0,0,0,0,NA,0,NA,0,0,0,0,26,0,17,0,0,0,0,0,0,1,3,5,0,0,0,0,0,0,0,0,0,3,15,0,0,0,0,0,0,0,0,NA,NA,0,0,0,0,0,0,0,0,0,0,0,0,NA,NA,NA,0,0,0,0,0,0,0,NA,0,0,0,0,NA,0,0
00-0037000,M.Rice,Monty Rice,LB,LB,"https://static.www.nfl.com/image/upload/f_auto,q_auto/league/rrcuqfoaipif1vrlobuz",2025,REG,DET,1,0,0,0,0,0,0,0,0,0,0,0,0,NA,NA,0,NA,0,0,0,0,0,0,NA,0,0,0,0,0,0,0,0,0,0,NA,0,NA,0,0,0,0,0,0,2,0,0,0,0,0,0,0,0,0,0,0,0,0,0,0,0,0,0,1,15,0,0,0,0,0,0,0,0,NA,NA,0,0,0,0,0,0,0,0,0,0,0,0,NA,NA,NA,0,0,0,0,0,0,0,NA,0,0,0,0,NA,0,0
00-0037001,Q.Meinerz,Quinn Meinerz,G,OL,"https://static.www.nfl.com/image/upload/f_auto,q_auto/league/wataecqih21xww0giu06",2025,REG,DEN,2,0,0,0,0,0,0,0,0,0,0,0,0,NA,NA,0,NA,0,0,0,0,0,0,NA,0,0,0,0,0,0,0,0,0,0,NA,0,NA,0,0,0,0,0,0,1,0,0,0,0,0,0,0,0,0,0,0,0,0,0,0,0,0,0,1,3,0,0,0,0,0,0,0,0,NA,NA,0,0,0,0,0,0,0,0,0,0,0,0,NA,NA,NA,0,0,0,0,0,0,0,NA,0,0,0,0,NA,0,0
00-0037002,L.Dickerson,Landon Dickerson,G,OL,"https://static.www.nfl.com/image/upload/f_auto,q_auto/league/xmdowvfxum5huo9ahemm",2025,REG,PHI,3,0,0,0,0,0,0,0,0,0,0,0,0,NA,NA,0,NA,0,0,0,0,0,0,NA,0,0,0,0,0,0,0,0,0,0,NA,0,NA,0,0,0,0,0,0,0,0,0,0,0,0,0,0,0,0,0,0,0,0,0,0,0,0,0,3,20,0,0,0,0,0,0,0,0,NA,NA,0,0,0,0,0,0,0,0,0,0,0,0,NA,NA,NA,0,0,0,0,0,0,0,NA,0,0,0,0,NA,0,0
00-0037003,C.Surratt,Chazz Surratt,LB,LB,"https://static.www.nfl.com/image/upload/f_auto,q_auto/league/wvgrytpf6ymlzcmxcnch",2025,REG,SEA,10,0,0,0,0,0,0,0,0,0,0,0,0,NA,NA,0,NA,0,0,0,0,0,0,NA,0,0,0,0,0,0,0,0,0,0,NA,0,NA,0,0,0,0,4,0,7,0,0,0,0,0,0,0,0,0,0,0,0,0,0,0,0,0,0,1,5,0,0,0,0,0,0,0,0,NA,NA,0,0,0,0,0,0,0,0,0,0,0,0,NA,NA,NA,0,0,0,0,0,0,0,NA,0,0,0,0,NA,0,0
00-0037004,H.Long,Hunter Long,TE,TE,"https://static.www.nfl.com/image/upload/f_auto,q_auto/league/n1kvmijdfpyv1dwlwqa6",2025,REG,JAX,7,0,0,0,0,0,0,0,0,0,0,0,0,NA,NA,0,NA,0,0,0,0,0,0,NA,0,12,17,85,2,1,0,66,31,6,7.768738388316706,0,1.2878787878787878,0.04722222222222222,0.022051453391246242,0.0862693507072057,0,0,0,0,0,0,0,0,0,0,0,0,0,0,0,0,0,0,0,0,0,0,2,15,0,0,0,0,0,0,0,0,NA,NA,0,0,0,0,0,0,0,0,0,0,0,0,NA,NA,NA,0,0,0,0,0,0,0,NA,0,0,0,0,NA,20.5,32.5
00-0037005,T.Tremble,Tommy Tremble,TE,TE,"https://static.www.nfl.com/image/upload/f_auto,q_auto/league/j0atbeflgj05pldxfon6",2025,REG,CAR,10,0,0,0,0,0,0,0,0,0,0,0,0,NA,NA,0,NA,0,0,0,0,0,0,NA,0,19,25,184,1,0,0,95,130,6,6.2659516184684305,0,1.936842105263158,0.06983240223463687,0.03743104806934594,0.13095033700049746,0,2,0,0,0,0,0,0,0,0,0,0,0,0,0,0,0,0,0,0,0,0,3,20,0,0,0,0,0,0,0,0,NA,NA,0,0,0,0,0,0,0,0,0,0,0,0,NA,NA,NA,0,0,0,0,0,0,0,NA,0,0,0,0,NA,24.400000000000002,43.400000000000006
00-0037007,P.Jones,Patrick Jones II,LB,LB,"https://static.www.nfl.com/image/upload/f_auto,q_auto/league/yj0r18rgx7oishozdalv",2025,REG,CAR,4,0,0,0,0,0,0,0,0,0,0,0,0,NA,NA,0,NA,0,0,0,0,0,0,NA,0,0,0,0,0,0,0,0,0,0,NA,0,NA,0,0,0,0,6,0,3,2,10,0,1,7,2,0,0,1,0,0,0,0,0,0,0,0,0,0,0,0,0,0,0,0,0,0,0,NA,NA,0,0,0,0,0,0,0,0,0,0,0,0,NA,NA,NA,0,0,0,0,0,0,0,NA,0,0,0,0,NA,0,0
00-0037012,T.Lance,Trey Lance,QB,QB,"https://static.www.nfl.com/image/upload/f_auto,q_auto/league/gu6ewpdscaswlet6pbq0",2025,REG,LAC,2,6,12,81,0,0,2,-12,0,0,133,34,3,-8.871436488640029,-8.634206381711092,0,0.6090225563909775,4,12,0,0,0,1,0.40234494727337733,0,0,0,0,0,0,0,0,0,0,NA,0,NA,0,0,0,0,0,0,0,0,0,0,0,0,0,0,0,0,0,0,0,0,0,0,0,0,0,0,0,0,0,0,0,0,0,0,0,NA,NA,0,0,0,0,0,0,0,0,0,0,0,0,NA,NA,NA,0,0,0,0,0,0,0,NA,0,0,0,0,NA,4.44,4.44
00-0037013,Z.Wilson,Zach Wilson,QB,QB,"https://static.www.nfl.com/image/upload/f_auto,q_auto/league/i17xpbsar7evcypbhtel",2025,REG,MIA,2,6,9,32,0,0,0,0,0,0,65,23,3,-5.15894344978733,-2.7141170369254226,0,0.49230769230769234,1,3,0,0,0,0,-0.23850150406360626,0,0,0,0,0,0,0,0,0,0,NA,0,NA,0,0,0,0,0,0,0,0,0,0,0,0,0,0,0,0,0,0,0,0,0,0,0,0,0,0,0,0,0,0,0,0,0,0,0,NA,NA,0,0,0,0,0,0,0,0,0,0,0,0,NA,NA,NA,0,0,0,0,0,0,0,NA,0,0,0,0,NA,1.58,1.58
00-0037031,N.Kalinic,Nikola Kalinic,TE,TE,"https://static.www.nfl.com/image/upload/f_auto,q_auto/league/fyvri4pofkob6yclq4kz",2025,REG,CHI,1,0,0,0,0,0,0,0,0,0,0,0,0,NA,NA,0,NA,0,0,0,0,0,0,NA,0,0,0,0,0,0,0,0,0,0,NA,0,NA,0,0,0,0,1,0,1,0,0,1,0,0,0,0,0,0,0,0,0,0,0,0,0,0,0,0,0,0,0,0,0,0,0,0,0,NA,NA,0,0,0,0,0,0,0,0,0,0,0,0,NA,NA,NA,0,0,0,0,0,0,0,NA,0,0,0,0,NA,0,0
00-0037034,D.Alford,Dee Alford,CB,DB,"https://static.www.nfl.com/image/upload/f_auto,q_auto/league/ekj8kwdcwmajijqt1ce2",2025,REG,ATL,9,0,0,0,0,0,0,0,0,0,0,0,0,NA,NA,0,NA,0,0,0,0,0,0,NA,0,0,0,0,0,0,0,0,0,0,NA,0,NA,0,0,0,0,32,0,7,2,23,1,2,23,2,1,0,8,0,0,0,0,0,0,1,1,0,2,38,0,0,1,21,0,0,0,0,NA,NA,0,0,0,0,0,0,0,0,0,0,0,0,NA,NA,NA,0,0,0,0,0,0,0,NA,0,0,0,0,NA,0,0
00-0037051,E.Garcia,Elijah Garcia,DE,DL,"https://static.www.nfl.com/image/upload/f_auto,q_auto/league/vygbzd5tl09jzhyjyiyh",2025,REG,NYG,3,0,0,0,0,0,0,0,0,0,0,0,0,NA,NA,0,NA,0,0,0,0,0,0,NA,0,0,0,0,0,0,0,0,0,0,NA,0,NA,0,0,0,0,2,0,2,1,9,0,1,9,1,0,0,0,0,0,0,0,0,0,0,0,0,0,0,0,0,0,0,0,0,0,0,NA,NA,0,0,0,0,0,0,0,0,0,0,0,0,NA,NA,NA,0,0,0,0,0,0,0,NA,0,0,0,0,NA,0,0
00-0037073,J.Davis,Jordan Davis,DT,DL,"https://static.www.nfl.com/image/upload/f_auto,q_auto/league/tcepyh61e1ct4vhdeaer",2025,REG,PHI,11,0,0,0,0,0,0,0,0,0,0,0,0,NA,NA,0,NA,0,0,0,0,0,0,NA,0,0,0,0,0,0,0,0,0,0,NA,0,NA,0,0,0,1,18,1,21,5,11,0,3,2,4,0,0,6,0,0,0,61,0,0,0,0,0,0,0,0,0,0,0,0,0,0,0,NA,NA,0,0,0,0,0,0,0,0,0,0,0,0,NA,NA,NA,0,0,0,0,0,0,0,NA,0,0,0,0,NA,6,6
00-0037074,Q.Walker,Quay Walker,LB,LB,"https://static.www.nfl.com/image/upload/f_auto,q_auto/league/dkqnq4ccxwrr7u34aqrz",2025,REG,GB,10,0,0,0,0,0,0,0,0,0,0,0,0,NA,NA,0,NA,0,0,0,0,0,0,NA,0,0,0,0,0,0,0,0,0,0,NA,0,NA,0,0,0,0,39,2,43,6,18,0,1.5,11.5,6,0,0,4,0,0,0,0,0,0,0,0,0,1,8,0,0,0,0,0,0,0,0,NA,NA,0,0,0,0,0,0,0,0,0,0,0,0,NA,NA,NA,0,0,0,0,0,0,0,NA,0,0,0,0,NA,0,0
00-0037075,D.Wyatt,Devonte Wyatt,DT,DL,"https://static.www.nfl.com/image/upload/f_auto,q_auto/league/p1oupvtm9kcm0wpuhape",2025,REG,GB,8,0,0,0,0,0,0,0,0,0,0,0,0,NA,NA,0,NA,0,0,0,0,0,0,NA,0,0,0,0,0,0,0,0,0,0,NA,0,NA,0,0,0,0,12,0,11,5,31,0,4,25,7,0,0,2,0,0,0,0,0,0,0,0,0,0,0,0,0,0,0,0,0,0,0,NA,NA,0,0,0,0,0,0,0,0,0,0,0,0,NA,NA,NA,0,0,0,0,0,0,0,NA,0,0,0,0,NA,0,0
00-0037076,S.Rhyan,Sean Rhyan,OT,OL,"https://static.www.nfl.com/image/upload/f_auto,q_auto/league/qkl36vd0ozvjal6lisw9",2025,REG,GB,5,0,0,0,0,0,0,0,0,0,0,0,0,NA,NA,0,NA,0,0,0,0,0,0,NA,0,0,0,0,0,0,0,0,0,0,NA,0,NA,0,0,0,0,1,0,0,0,0,0,0,0,0,0,0,0,0,0,0,0,0,0,0,0,0,3,24,0,0,0,0,0,0,0,0,NA,NA,0,0,0,0,0,0,0,0,0,0,0,0,NA,NA,NA,0,0,0,0,0,0,0,NA,0,0,0,0,NA,0,0
00-0037079,T.Woolen,Riq Woolen,CB,DB,"https://static.www.nfl.com/image/upload/f_auto,q_auto/league/rup4lbocfzdeohfrzfq9",2025,REG,SEA,10,0,0,0,0,0,0,0,0,0,0,0,0,NA,NA,0,NA,0,0,0,0,0,0,NA,0,0,0,0,0,0,0,0,0,0,NA,0,NA,0,0,0,0,22,1,6,0,0,0,0,0,0,0,0,8,0,0,0,0,0,0,0,0,0,5,64,0,0,0,0,0,0,0,0,NA,NA,0,0,0,0,0,0,0,0,0,0,0,0,NA,NA,NA,0,0,0,0,0,0,0,NA,0,0,0,0,NA,0,0
00-0037081,B.Jones,Braxton Jones,OT,OL,"https://static.www.nfl.com/image/upload/f_auto,q_auto/league/mjifvwkjowxkcdn61opd",2025,REG,CHI,1,0,0,0,0,0,0,0,0,0,0,0,0,NA,NA,0,NA,0,0,0,0,0,0,NA,0,0,0,0,0,0,0,0,0,0,NA,0,NA,0,0,0,0,0,0,0,0,0,0,0,0,0,0,0,0,0,0,0,0,0,0,0,0,0,1,15,0,0,0,0,0,0,0,0,NA,NA,0,0,0,0,0,0,0,0,0,0,0,0,NA,NA,NA,0,0,0,0,0,0,0,NA,0,0,0,0,NA,0,0
00-0037082,D.Robinson,Dominique Robinson,DE,DL,"https://static.www.nfl.com/image/upload/f_auto,q_auto/league/ces5sntijczc3q0pabay",2025,REG,CHI,7,0,0,0,0,0,0,0,0,0,0,0,0,NA,NA,0,NA,0,0,0,0,0,0,NA,0,0,0,0,0,0,0,0,0,0,NA,0,NA,0,0,0,0,10,0,3,2,19,0,1.5,13,3,0,0,0,0,0,0,0,0,0,0,0,0,1,10,0,0,0,0,0,0,0,0,NA,NA,0,0,0,0,0,0,0,0,0,0,0,0,NA,NA,NA,0,0,0,0,0,0,0,NA,0,0,0,0,NA,0,0
00-0037083,K.Enagbare,Kingsley Enagbare,DE,DL,"https://static.www.nfl.com/image/upload/f_auto,q_auto/league/ty3h4h6l190fjiwmczlt",2025,REG,GB,11,0,0,0,0,0,0,0,0,0,0,0,0,NA,NA,0,NA,0,0,0,0,0,0,NA,0,0,0,0,0,0,0,0,0,0,NA,0,NA,0,0,0,0,8,0,17,3,8,0,0.5,3.5,5,0,0,0,0,0,0,0,0,0,0,0,0,2,15,0,0,0,0,0,0,0,0,NA,NA,0,0,0,0,0,0,0,0,0,0,0,0,NA,NA,NA,0,0,0,0,0,0,0,NA,0,0,0,0,NA,0,0
00-0037085,T.Badie,Tyler Badie,RB,RB,"https://static.www.nfl.com/image/upload/f_auto,q_auto/league/ger5eiktec0vzmrxjnaw",2025,REG,DEN,10,0,0,0,0,0,0,0,0,0,0,0,0,NA,NA,0,NA,2,9,0,0,0,0,-0.7977429981110618,0,11,19,87,0,0,0,-8,122,6,1.2319685435919308,0,-10.875,0.051771117166212535,-0.0025982461838259174,0.07583790342064067,0,3,0,2,0,0,0,0,0,0,0,0,0,0,0,0,0,0,0,0,0,0,0,0,0,0,8,197,0,0,0,0,NA,NA,0,0,0,0,0,0,0,0,0,0,0,0,NA,NA,NA,0,0,0,0,0,0,0,NA,0,0,0,0,NA,9.600000000000001,20.6
00-0037086,G.Calcaterra,Grant Calcaterra,TE,TE,"https://static.www.nfl.com/image/upload/f_auto,q_auto/league/xzfqqlmavruytirlmg3n",2025,REG,PHI,6,0,0,0,0,0,0,0,0,0,0,0,0,NA,NA,0,NA,0,0,0,0,0,0,NA,0,5,8,48,0,0,0,54,28,2,-0.22218274953775108,0,0.8888888888888888,0.027303754266211604,0.019515720997470183,0.054616636097546536,0,1,0,0,0,0,0,0,0,0,0,0,0,0,0,0,0,1,1,0,0,0,0,0,0,0,0,0,0,0,0,0,NA,NA,0,0,0,0,0,0,0,0,0,0,0,0,NA,NA,NA,0,0,0,0,0,0,0,NA,0,0,0,0,NA,4.800000000000001,9.8
00-0037091,B.Melton,Bo Melton,CB,DB,"https://static.www.nfl.com/image/upload/f_auto,q_auto/league/yt6xe5fxszt0byq1uszm",2025,REG,GB,7,0,0,0,0,0,0,0,0,0,0,0,0,NA,NA,0,NA,2,20,0,0,0,1,0.6838679698994383,0,2,5,28,0,0,0,69,1,2,-2.033800639270339,0,0.4057971014492754,0.01597444089456869,0.025621982918678055,0.04189704938492767,0,1,0,2,0,0,0,0,0,0,0,0,0,0,0,0,0,0,0,0,0,0,2,14,0,0,9,218,0,0,0,0,NA,NA,0,0,0,0,0,0,0,0,0,0,0,0,NA,NA,NA,0,0,0,0,0,0,0,NA,0,0,0,0,NA,4.800000000000001,6.800000000000001
00-0037092,C.Paul,Chris Paul,G,OL,"https://static.www.nfl.com/image/upload/f_auto,q_auto/league/mr885ffyaer4nyo820dq",2025,REG,WAS,1,0,0,0,0,0,0,0,0,0,0,0,0,NA,NA,0,NA,0,0,0,0,0,0,NA,0,0,0,0,0,0,0,0,0,0,NA,0,NA,0,0,0,0,0,0,0,0,0,0,0,0,0,0,0,0,0,0,0,0,0,0,0,0,0,1,15,0,0,0,0,0,0,0,0,NA,NA,0,0,0,0,0,0,0,0,0,0,0,0,NA,NA,NA,0,0,0,0,0,0,0,NA,0,0,0,0,NA,0,0
00-0037093,D.Young,Dareke Young,WR,WR,"https://static.www.nfl.com/image/upload/f_auto,q_auto/league/umjr6zhpksws2vpfo0qe",2025,REG,SEA,6,0,0,0,0,0,0,0,0,0,0,0,0,NA,NA,0,NA,0,0,0,0,0,0,NA,0,2,2,48,0,0,0,48,0,2,3.3860901071457192,0,1,0.006993006993006993,0.017777777777777778,0.022933954933954934,0,5,0,2,0,0,0,0,0,0,0,0,0,0,0,0,0,0,0,0,0,0,0,0,0,0,10,322,0,0,0,0,NA,NA,0,0,0,0,0,0,0,0,0,0,0,0,NA,NA,NA,0,0,0,0,0,0,0,NA,0,0,0,0,NA,4.800000000000001,6.800000000000001
00-0037094,J.Ford,Jonathan Ford,DT,DL,"https://static.www.nfl.com/image/upload/f_auto,q_auto/league/jxuuhxzzlpfhtm20j9qb",2025,REG,CHI,3,0,0,0,0,0,0,0,0,0,0,0,0,NA,NA,0,NA,0,0,0,0,0,0,NA,0,0,0,0,0,0,0,0,0,0,NA,0,NA,0,0,0,0,0,0,4,0,0,0,0,0,0,0,0,0,0,0,0,0,0,0,0,0,0,1,5,0,0,0,0,0,0,0,0,NA,NA,0,0,0,0,0,0,0,0,0,0,0,0,NA,NA,NA,0,0,0,0,0,0,0,NA,0,0,0,0,NA,0,0
00-0037096,E.Hicks,Elijah Hicks,SAF,DB,"https://static.www.nfl.com/image/upload/f_auto,q_auto/league/uxf5ugo9enwnd8vyxwyv",2025,REG,CHI,9,0,0,0,0,0,0,0,0,0,0,0,0,NA,NA,0,NA,0,0,0,0,0,0,NA,0,0,0,0,0,0,0,0,0,0,NA,0,NA,0,0,0,0,5,0,7,0,0,0,0,0,0,0,0,0,0,0,0,0,0,0,0,0,0,0,0,0,0,0,0,0,0,0,0,NA,NA,0,0,0,0,0,0,0,0,0,0,0,0,NA,NA,NA,0,0,0,0,0,0,0,NA,0,0,0,0,NA,0,0
00-0037106,J.Jones,Jaylon Jones,DB,DB,"https://static.www.nfl.com/image/upload/f_auto,q_auto/league/xzmtw9ip1b8psz4u9nd0",2025,REG,CHI,6,0,0,0,0,0,0,0,0,0,0,0,0,NA,NA,0,NA,0,0,0,0,0,0,NA,0,0,0,0,0,0,0,0,0,0,NA,0,NA,0,0,0,0,5,0,4,0,0,1,0,0,0,0,0,0,0,0,0,0,0,0,0,0,0,0,0,0,0,0,0,0,0,0,0,NA,NA,0,0,0,0,0,0,0,0,0,0,0,0,NA,NA,NA,0,0,0,0,0,0,0,NA,0,0,0,0,NA,0,0
00-0037109,J.Sanborn,Jack Sanborn,LB,LB,"https://static.www.nfl.com/image/upload/f_auto,q_auto/league/zlvowg4wze6yjwccibk2",2025,REG,DAL,5,0,0,0,0,0,0,0,0,0,0,0,0,NA,NA,0,NA,0,0,0,0,0,0,NA,0,0,0,0,0,0,0,0,0,0,NA,0,NA,0,0,0,0,15,1,18,1,1,0,0,0,0,0,0,1,0,0,0,0,0,0,0,0,0,0,0,0,0,0,0,0,0,0,0,NA,NA,0,0,0,0,0,0,0,0,0,0,0,0,NA,NA,NA,0,0,0,0,0,0,0,NA,0,0,0,0,NA,0,0
00-0037112,J.Tonges,Jake Tonges,TE,TE,"https://static.www.nfl.com/image/upload/f_auto,q_auto/league/uztcdowl4wig2uhy1qxh",2025,REG,SF,8,0,0,0,0,0,0,0,0,0,0,0,0,NA,NA,0,NA,0,0,0,0,0,0,NA,0,26,35,226,4,0,0,162,129,14,10.168428269084004,0,1.3950617283950617,0.08620689655172414,0.052717214448421736,0.16621239494148143,0,3,0,3,0,0,0,0,0,0,0,0,0,0,0,0,0,0,0,0,0,0,1,10,0,0,0,0,0,0,0,0,NA,NA,0,0,0,0,0,0,0,0,0,0,0,0,NA,NA,NA,0,0,0,0,0,0,0,NA,0,0,0,0,NA,46.6,72.6
00-0037120,T.Goodson,Tyler Goodson,RB,RB,"https://static.www.nfl.com/image/upload/f_auto,q_auto/league/fvuevf0apxtfjwdj7l0e",2025,REG,IND,6,0,0,0,0,0,0,0,0,0,0,0,0,NA,NA,0,NA,5,12,0,0,0,0,-1.507123003830202,0,2,3,8,0,0,0,-3,10,0,-0.9459662016597576,0,-2.6666666666666665,0.008695652173913044,-0.0010471204188481676,0.01231049396767585,0,2,0,1,0,0,0,0,0,0,0,0,0,0,0,0,0,0,0,0,0,0,0,0,0,0,0,0,0,0,0,0,NA,NA,0,0,0,0,0,0,0,0,0,0,0,0,NA,NA,NA,0,0,0,0,0,0,0,NA,0,0,0,0,NA,2,4
00-0037129,J.Blackwell,Josh Blackwell,CB,DB,"https://static.www.nfl.com/image/upload/f_auto,q_auto/league/cigs4edcf8auxzzv5klc",2025,REG,CHI,7,0,0,0,0,0,0,0,0,0,0,0,0,NA,NA,0,NA,0,0,0,0,0,0,NA,0,0,0,0,0,0,0,0,0,0,NA,0,NA,0,0,0,0,2,0,3,0,0,0,0,0,0,0,0,0,0,0,0,0,0,0,0,0,0,1,15,0,0,8,203,0,0,0,0,NA,NA,0,0,0,0,0,0,0,0,0,0,0,0,NA,NA,NA,0,0,0,0,0,0,0,NA,0,0,0,0,NA,0,0
00-0037130,R.Blankenship,Reed Blankenship,SAF,DB,"https://static.www.nfl.com/image/upload/f_auto,q_auto/league/fot7g8gs7nv4ecavlisf",2025,REG,PHI,11,0,0,0,0,0,0,0,0,0,0,0,0,NA,NA,0,NA,0,0,0,0,0,0,NA,0,0,0,0,0,0,0,0,0,0,NA,0,NA,0,0,0,0,32,0,18,0,0,1,0,0,0,1,0,4,0,0,0,0,0,0,1,1,0,1,12,0,0,0,0,0,0,0,0,NA,NA,0,0,0,0,0,0,0,0,0,0,0,0,NA,NA,NA,0,0,0,0,0,0,0,NA,0,0,0,0,NA,0,0
00-0037137,J.Jobe,Josh Jobe,CB,DB,"https://static.www.nfl.com/image/upload/f_auto,q_auto/league/tfksoqwgf4axolfjv6zi",2025,REG,SEA,10,0,0,0,0,0,0,0,0,0,0,0,0,NA,NA,0,NA,0,0,0,0,0,0,NA,0,0,0,0,0,0,0,0,0,0,NA,0,NA,0,0,0,0,31,1,9,0,0,0,0.5,3.5,2,1,0,7,0,0,0,0,0,0,0,0,0,5,25,0,0,0,0,0,0,0,0,NA,NA,0,0,0,0,0,0,0,0,0,0,0,0,NA,NA,NA,0,0,0,0,0,0,0,NA,0,0,0,0,NA,0,0
00-0037155,T.Adams,Tony Adams,SAF,DB,"https://static.www.nfl.com/image/upload/f_auto,q_auto/league/lajc14lel9fjm8p6flnc",2025,REG,NYJ,8,0,0,0,0,0,0,0,0,0,0,0,0,NA,NA,0,NA,0,0,0,0,0,0,NA,0,0,0,0,0,0,0,0,0,0,NA,0,NA,0,0,0,0,24,1,16,2,8,0,0,0,0,0,0,5,0,0,0,0,0,0,0,0,0,2,22,0,0,0,0,0,0,0,0,NA,NA,0,0,0,0,0,0,0,0,0,0,0,0,NA,NA,NA,0,0,0,0,0,0,0,NA,0,0,0,0,NA,0,0
00-0037157,Z.Knight,Bam Knight,RB,RB,"https://static.www.nfl.com/image/upload/f_auto,q_auto/league/mjxnlzlnnwlfqayeybut",2025,REG,ARI,9,0,0,0,0,0,0,0,0,0,0,0,0,NA,NA,0,NA,63,193,4,0,0,17,-8.310092716317623,0,16,22,106,0,0,0,5,113,7,-1.9659720353665762,0,21.2,0.054187192118226604,0.0016672224074691564,0.08244784386256833,0,1,0,0,0,0,0,0,0,0,0,0,0,0,0,0,0,0,0,0,0,0,0,0,0,0,12,256,0,0,0,0,NA,NA,0,0,0,0,0,0,0,0,0,0,0,0,NA,NA,NA,0,0,0,0,0,0,0,NA,0,0,0,0,NA,53.900000000000006,69.9
00-0037190,A.Gardner,Sauce Gardner,CB,DB,"https://static.www.nfl.com/image/upload/f_auto,q_auto/league/tzp7ta7zvziaahtuxhlc",2025,REG,IND,9,0,0,0,0,0,0,0,0,0,0,0,0,NA,NA,0,NA,0,0,0,0,0,0,NA,0,0,0,0,0,0,0,0,0,0,NA,0,NA,0,0,0,0,26,0,7,0,0,0,0,0,0,0,0,8,0,0,0,0,0,0,0,0,0,4,51,0,0,0,0,0,0,0,0,NA,NA,0,0,0,0,0,0,0,0,0,0,0,0,NA,NA,NA,0,0,0,0,0,0,0,NA,0,0,0,0,NA,0,0
00-0037191,T.McDuffie,Trent McDuffie,CB,DB,"https://static.www.nfl.com/image/upload/f_auto,q_auto/league/nkb7xmyxy4uxe4qhablh",2025,REG,KC,11,0,0,0,0,0,0,0,0,0,0,0,0,NA,NA,0,NA,0,0,0,0,0,0,NA,0,0,0,0,0,0,0,0,0,0,NA,0,NA,0,0,0,0,40,0,15,2,8,0,1,3,1,1,2,7,0,0,0,0,0,0,0,0,0,2,10,0,0,0,0,0,0,0,0,NA,NA,0,0,0,0,0,0,0,0,0,0,0,0,NA,NA,NA,0,0,0,0,0,0,0,NA,0,0,0,0,NA,0,0
00-0037192,G.Karlaftis,George Karlaftis,DE,DL,"https://static.www.nfl.com/image/upload/f_auto,q_auto/league/hxs6hihwuusxydnr8skh",2025,REG,KC,11,0,0,0,0,0,0,0,0,0,0,0,0,NA,NA,0,NA,0,0,0,0,0,0,NA,0,0,0,0,0,0,0,0,0,0,NA,0,NA,0,0,0,0,17,2,16,8,14,0,5,12.5,19,0,0,2,0,0,0,0,0,0,1,1,0,3,28,0,0,0,0,0,0,0,0,NA,NA,0,0,0,0,0,0,0,0,0,0,0,0,NA,NA,NA,0,0,0,0,0,0,0,NA,0,0,0,0,NA,0,0
00-0037193,B.Cook,Bryan Cook,SAF,DB,"https://static.www.nfl.com/image/upload/f_auto,q_auto/league/ge8j9sel1xacfl2plnol",2025,REG,KC,10,0,0,0,0,0,0,0,0,0,0,0,0,NA,NA,0,NA,0,0,0,0,0,0,NA,0,0,0,0,0,0,0,0,0,0,NA,0,NA,0,0,0,0,32,1,16,1,1,0,0,0,0,0,0,4,0,0,0,0,0,0,0,0,0,1,15,0,0,0,0,0,0,0,0,NA,NA,0,0,0,0,0,0,0,0,0,0,0,0,NA,NA,NA,0,0,0,0,0,0,0,NA,0,0,0,0,NA,0,0
00-0037194,D.Kinnard,Darian Kinnard,OT,OL,"https://static.www.nfl.com/image/upload/f_auto,q_auto/league/zb5y9bkkhojda6ljs8sn",2025,REG,GB,1,0,0,0,0,0,0,0,0,0,0,0,0,NA,NA,0,NA,0,0,0,0,0,0,NA,0,0,0,0,0,0,0,0,0,0,NA,0,NA,0,0,0,0,0,0,0,0,0,0,0,0,0,0,0,0,0,0,0,0,0,0,0,0,0,2,15,0,0,0,0,0,0,0,0,NA,NA,0,0,0,0,0,0,0,0,0,0,0,0,NA,NA,NA,0,0,0,0,0,0,0,NA,0,0,0,0,NA,0,0
00-0037195,J.Watson,Jaylen Watson,CB,DB,"https://static.www.nfl.com/image/upload/f_auto,q_auto/league/vxmoq9pwno4z14gldecd",2025,REG,KC,11,0,0,0,0,0,0,0,0,0,0,0,0,NA,NA,0,NA,0,0,0,0,0,0,NA,0,0,0,0,0,0,0,0,0,0,NA,0,NA,0,0,0,0,28,0,17,2,8,0,1,6,1,1,0,5,0,0,0,0,0,0,0,0,0,3,23,0,0,0,0,0,0,0,0,NA,NA,0,0,0,0,0,0,0,0,0,0,0,0,NA,NA,NA,0,0,0,0,0,0,0,NA,0,0,0,0,NA,0,0
00-0037196,R.Walker,Rasheed Walker,OT,OL,"https://static.www.nfl.com/image/upload/f_auto,q_auto/league/txizso7r4uhuocg4uhks",2025,REG,GB,2,0,0,0,0,0,0,0,0,0,0,0,0,NA,NA,0,NA,0,0,0,0,0,0,NA,0,0,0,0,0,0,0,0,0,0,NA,0,NA,0,0,0,0,0,0,0,0,0,0,0,0,0,0,0,0,0,0,0,0,0,0,0,0,0,4,25,0,0,0,0,0,0,0,0,NA,NA,0,0,0,0,0,0,0,0,0,0,0,0,NA,NA,NA,0,0,0,0,0,0,0,NA,0,0,0,0,NA,0,0
00-0037197,I.Pacheco,Isiah Pacheco,RB,RB,"https://static.www.nfl.com/image/upload/f_auto,q_auto/league/tqshteijt4xhgk2ei9sx",2025,REG,KC,8,0,0,0,0,0,0,0,0,0,0,0,0,NA,NA,0,NA,78,329,1,0,0,23,-6.155318521778099,0,11,17,43,1,0,0,-33,71,3,-3.7013675530906767,0,-1.303030303030303,0.04404145077720207,-0.009978832778953735,0.059076993220535494,0,0,0,0,0,0,0,0,0,0,0,0,0,0,0,0,0,1,1,0,0,0,1,5,0,0,0,0,0,0,0,0,NA,NA,0,0,0,0,0,0,0,0,0,0,0,0,NA,NA,NA,0,0,0,0,0,0,0,NA,0,0,0,0,NA,49.2,60.2
00-0037203,L.Ray,LaBryan Ray,DT,DL,"https://static.www.nfl.com/image/upload/f_auto,q_auto/league/sa3cqqnsfpbh8hbn6ga3",2025,REG,CAR,4,0,0,0,0,0,0,0,0,0,0,0,0,NA,NA,0,NA,0,0,0,0,0,0,NA,0,0,0,0,0,0,0,0,0,0,NA,0,NA,0,0,0,0,6,0,2,0,0,0,0,0,0,0,0,0,0,0,0,0,0,0,0,0,0,0,0,0,0,0,0,0,0,0,0,NA,NA,0,0,0,0,0,0,0,0,0,0,0,0,NA,NA,NA,0,0,0,0,0,0,0,NA,0,0,0,0,NA,0,0
00-0037205,B.Schooler,Brenden Schooler,SAF,DB,"https://static.www.nfl.com/image/upload/f_auto,q_auto/league/lawgvaccr2r2susesv1g",2025,REG,NE,9,0,0,0,0,0,0,0,0,0,0,0,0,NA,NA,0,NA,0,0,0,0,0,0,NA,0,0,0,0,0,0,0,0,0,0,NA,0,NA,0,0,0,0,7,0,5,0,0,0,0,0,0,0,0,0,0,0,0,0,0,0,0,0,0,3,40,0,0,0,0,0,0,0,0,NA,NA,0,0,0,0,0,0,0,0,0,0,0,0,NA,NA,NA,0,0,0,0,0,0,0,NA,0,0,0,0,NA,0,0
00-0037207,M.Caliendo,Mike Caliendo,G,OL,"https://static.www.nfl.com/image/upload/f_auto,q_auto/league/xfghkpipwwva7x4vs6xk",2025,REG,KC,2,0,0,0,0,0,0,0,0,0,0,0,0,NA,NA,0,NA,0,0,0,0,0,0,NA,0,0,0,0,0,0,0,0,0,0,NA,0,NA,0,0,0,0,0,0,1,0,0,0,0,0,0,0,0,0,0,0,0,0,0,0,0,0,0,1,5,0,0,0,0,0,0,0,0,NA,NA,0,0,0,0,0,0,0,0,0,0,0,0,NA,NA,NA,0,0,0,0,0,0,0,NA,0,0,0,0,NA,0,0
00-0037208,J.Cochrane,Jack Cochrane,LB,LB,"https://static.www.nfl.com/image/upload/f_auto,q_auto/league/oh1dnddhxhzozoatq0z9",2025,REG,KC,7,0,0,0,0,0,0,0,0,0,0,0,0,NA,NA,0,NA,0,0,0,0,0,0,NA,0,0,0,0,0,0,0,0,0,0,NA,0,NA,0,0,0,0,1,0,9,0,0,0,0,0,0,1,0,1,0,0,0,0,0,0,0,0,0,3,30,0,0,0,0,0,0,0,0,NA,NA,0,0,0,0,0,0,0,0,0,0,0,0,NA,NA,NA,0,0,0,0,0,0,0,NA,0,0,0,0,NA,0,0
00-0037224,C.Dicker,Cameron Dicker,K,SPEC,"https://static.www.nfl.com/image/upload/f_auto,q_auto/league/vd4nd1hoax82j7fi2bx0",2025,REG,LAC,11,0,0,0,0,0,0,0,0,0,0,0,0,NA,NA,0,NA,0,0,0,0,0,0,NA,0,0,0,0,0,0,0,0,0,0,NA,0,NA,0,0,0,0,2,0,1,0,0,0,0,0,0,0,0,0,0,0,0,0,0,0,0,0,0,3,0,0,0,0,0,25,27,2,0,59,0.9259259259259259,0,4,10,8,3,0,0,0,0,1,1,0,39;36;38;20;32;24;43;43;55;35;31;29;35;33;43;43;34;45;27;52;32;59;42;41;46,49;55,NA,957,104,0,23,23,0,0,1,2,2,0,0,43;33,0,0
00-0037228,J.Warren,Jaylen Warren,RB,RB,"https://static.www.nfl.com/image/upload/f_auto,q_auto/league/f3txbqdarbabqtq4sx98",2025,REG,PIT,10,0,0,0,0,0,0,0,0,0,0,0,0,NA,NA,0,NA,141,604,3,0,0,37,-2.648053330864059,0,25,28,219,1,0,0,-50,263,10,6.028010613576043,0,-4.38,0.0875,-0.02541942043721403,0.11345640569395016,0,0,0,0,0,0,0,0,0,0,0,0,0,0,0,0,0,0,0,0,0,0,0,0,0,0,0,0,0,0,0,0,NA,NA,0,0,0,0,0,0,0,0,0,0,0,0,NA,NA,NA,0,0,0,0,0,0,0,NA,0,0,0,0,NA,106.30000000000001,131.3
00-0037229,I.Ekwonu,Ikem Ekwonu,OT,OL,"https://static.www.nfl.com/image/upload/f_auto,q_auto/league/fcta66ia7jfaml7vssru",2025,REG,CAR,5,0,0,0,0,0,0,0,0,0,0,0,0,NA,NA,0,NA,0,0,0,0,0,0,NA,0,0,0,0,0,0,0,0,0,0,NA,0,NA,0,0,0,0,1,0,0,0,0,0,0,0,0,0,0,0,0,0,0,0,0,0,0,0,0,4,24,0,0,0,0,0,0,0,0,NA,NA,0,0,0,0,0,0,0,0,0,0,0,0,NA,NA,NA,0,0,0,0,0,0,0,NA,0,0,0,0,NA,0,0
00-0037231,K.Austin,Kevin Austin Jr.,WR,WR,"https://static.www.nfl.com/image/upload/f_auto,q_auto/league/fh2yaqaxkornxeb7d9ie",2025,REG,NO,1,0,0,0,0,0,0,0,0,0,0,0,0,NA,NA,0,NA,0,0,0,0,0,0,NA,0,0,1,0,0,0,0,23,0,0,-1.2293068341678008,0,0,0.002688172043010753,0.0074050225370251126,0.009215773840433707,0,0,0,0,0,0,0,0,0,0,0,0,0,0,0,0,0,0,0,0,0,0,0,0,0,0,0,0,0,0,0,0,NA,NA,0,0,0,0,0,0,0,0,0,0,0,0,NA,NA,NA,0,0,0,0,0,0,0,NA,0,0,0,0,NA,0,0
00-0037235,T.Walker,Travon Walker,DE,DL,"https://static.www.nfl.com/image/upload/f_auto,q_auto/league/dg4shgrhcxlmhrdaifiu",2025,REG,JAX,9,0,0,0,0,0,0,0,0,0,0,0,0,NA,NA,0,NA,0,0,0,0,0,0,NA,0,0,0,0,0,0,0,0,0,0,NA,0,NA,0,0,0,0,8,0,12,2,19,0,2.5,21,7,0,0,1,0,0,0,0,0,0,0,0,0,1,15,0,0,0,0,0,0,0,0,NA,NA,0,0,0,0,0,0,0,0,0,0,0,0,NA,NA,NA,0,0,0,0,0,0,0,NA,0,0,0,0,NA,0,0
00-0037236,A.Hutchinson,Aidan Hutchinson,DE,DL,"https://static.www.nfl.com/image/upload/f_auto,q_auto/league/mnv2cpjveex9rtrkkaly",2025,REG,DET,11,0,0,0,0,0,0,0,0,0,0,0,0,NA,NA,0,NA,0,0,0,0,0,0,NA,0,0,0,0,0,0,0,0,0,0,NA,0,NA,0,0,0,0,17,1,9,9,60,4,8.5,60.5,24,0,0,2,0,0,0,0,0,0,1,1,0,5,45,0,0,0,0,0,0,0,0,NA,NA,0,0,0,0,0,0,0,0,0,0,0,0,NA,NA,NA,0,0,0,0,0,0,0,NA,0,0,0,0,NA,0,0
00-0037237,D.Stingley,Derek Stingley Jr.,CB,DB,"https://static.www.nfl.com/image/upload/f_auto,q_auto/league/wkzinciyrrmsqdlda8lj",2025,REG,HOU,10,0,0,0,0,0,0,0,0,0,0,0,0,NA,NA,0,NA,0,0,0,0,0,0,NA,0,0,0,0,0,0,0,0,0,0,NA,0,NA,0,0,0,0,19,0,6,0,0,0,0,0,0,3,37,11,0,0,0,0,0,0,0,0,0,6,58,0,0,0,0,0,0,0,0,NA,NA,0,0,0,0,0,0,0,0,0,0,0,0,NA,NA,NA,0,0,0,0,0,0,0,NA,0,0,0,0,NA,0,0
00-0037238,D.London,Drake London,WR,WR,"https://static.www.nfl.com/image/upload/f_auto,q_auto/league/np91pvk7mczra1iyjkmo",2025,REG,ATL,9,0,0,0,0,0,0,0,0,0,0,0,0,NA,NA,0,NA,0,0,0,0,0,0,NA,0,60,94,810,6,1,1,971,223,39,22.677492038940713,1,0.8341915550978373,0.28059701492537314,0.33598615916955016,0.6560858338067448,0,2,0,0,0,0,0,0,0,0,0,0,0,0,0,0,0,0,0,0,0,0,2,20,0,0,0,0,0,0,0,0,NA,NA,0,0,0,0,0,0,0,0,0,0,0,0,NA,NA,NA,0,0,0,0,0,0,0,NA,0,0,0,0,NA,117,177
00-0037239,C.Olave,Chris Olave,WR,WR,"https://static.www.nfl.com/image/upload/f_auto,q_auto/league/vrrmyvpvujynckag9jop",2025,REG,NO,11,0,1,0,0,1,0,0,0,0,4,0,0,-3.5951321736210957,-55.088990926742554,0,0,1,-3,0,0,0,0,-1.253101927228272,0,69,108,734,4,0,0,1161,180,31,13.613237788581493,0,0.632213608957795,0.2903225806451613,0.3737926593689633,0.6971387325260163,0,1,0,0,0,0,0,0,0,0,0,0,0,0,0,0,0,0,0,0,0,0,2,10,0,0,0,0,0,0,0,0,NA,NA,0,0,0,0,0,0,0,0,0,0,0,0,NA,NA,NA,0,0,0,0,0,0,0,NA,0,0,0,0,NA,95.10000000000001,164.10000000000002
00-0037240,J.Williams,Jameson Williams,WR,WR,"https://static.www.nfl.com/image/upload/f_auto,q_auto/league/gpjarmglg1jhwq5wr1uu",2025,REG,DET,11,0,0,0,0,0,0,0,0,0,0,0,0,NA,NA,0,NA,4,10,0,0,0,0,-0.9315723080653697,0,31,53,562,5,0,0,736,244,26,25.189496668243464,0,0.7635869565217391,0.1572700296735905,0.33123312331233123,0.4677682308290176,0,1,0,0,0,0,0,0,0,0,0,0,0,0,0,0,0,0,0,0,0,0,4,38,0,0,0,0,0,0,0,0,NA,NA,0,0,0,0,0,0,0,0,0,0,0,0,NA,NA,NA,0,0,0,0,0,0,0,NA,0,0,0,0,NA,87.2,118.2
00-0037241,T.Penning,Trevor Penning,OT,OL,"https://static.www.nfl.com/image/upload/f_auto,q_auto/league/ph1yzzisvtcuhbjb4uct",2025,REG,LAC,3,0,0,0,0,0,0,0,0,0,0,0,0,NA,NA,0,NA,0,0,0,0,0,0,NA,0,0,0,0,0,0,0,0,0,0,NA,0,NA,0,0,0,0,0,0,0,0,0,0,0,0,0,0,0,0,0,0,0,0,0,0,0,0,0,5,36,0,0,0,0,0,0,0,0,NA,NA,0,0,0,0,0,0,0,0,0,0,0,0,NA,NA,NA,0,0,0,0,0,0,0,NA,0,0,0,0,NA,0,0
00-0037242,K.Elam,Kaiir Elam,CB,DB,"https://static.www.nfl.com/image/upload/f_auto,q_auto/league/ye7stldje2waxyyjukvw",2025,REG,DAL,9,0,0,0,0,0,0,0,0,0,0,0,0,NA,NA,0,NA,0,0,0,0,0,0,NA,0,0,0,0,0,0,0,0,0,0,NA,0,NA,0,0,0,0,18,1,10,0,0,0,0,0,0,0,0,1,0,0,0,0,0,0,0,0,0,2,26,0,0,0,0,0,0,0,0,NA,NA,0,0,0,0,0,0,0,0,0,0,0,0,NA,NA,NA,0,0,0,0,0,0,0,NA,0,0,0,0,NA,0,0
00-0037243,T.Smith,Tyler Smith,OT,OL,"https://static.www.nfl.com/image/upload/f_auto,q_auto/league/hem9gdkwxuowfcvomvfx",2025,REG,DAL,5,0,0,0,0,0,0,0,0,0,0,0,0,NA,NA,0,NA,0,0,0,0,0,0,NA,0,0,0,0,0,0,0,0,0,0,NA,0,NA,0,0,0,0,0,0,0,0,0,0,0,0,0,0,0,0,0,0,0,0,0,0,0,0,0,5,35,0,0,0,0,0,0,0,0,NA,NA,0,0,0,0,0,0,0,0,0,0,0,0,NA,NA,NA,0,0,0,0,0,0,0,NA,0,0,0,0,NA,0,0
00-0037244,D.Lloyd,Devin Lloyd,LB,LB,"https://static.www.nfl.com/image/upload/f_auto,q_auto/league/f4iyy3k80fzfzsgavxon",2025,REG,JAX,9,0,0,0,0,0,0,0,0,0,0,0,0,NA,NA,0,NA,0,0,0,0,0,0,NA,0,0,0,0,0,0,0,0,0,0,NA,0,NA,0,0,0,0,20,2,21,5,9,0,1.5,9.5,7,4,129,4,1,0,0,0,0,0,1,1,0,1,15,0,0,0,0,0,0,0,0,NA,NA,0,0,0,0,0,0,0,0,0,0,0,0,NA,NA,NA,0,0,0,0,0,0,0,NA,0,0,0,0,NA,0,0
00-0037246,J.Pitre,Jalen Pitre,SAF,DB,"https://static.www.nfl.com/image/upload/f_auto,q_auto/league/nq8a3zanbbjoihquklor",2025,REG,HOU,8,0,0,0,0,0,0,0,0,0,0,0,0,NA,NA,0,NA,0,0,0,0,0,0,NA,0,0,0,0,0,0,0,0,0,0,NA,0,NA,0,0,0,0,25,1,20,3,7,0,0,0,0,3,20,5,0,0,0,0,0,0,0,0,0,0,0,0,0,0,0,0,0,0,0,NA,NA,0,0,0,0,0,0,0,0,0,0,0,0,NA,NA,NA,0,0,0,0,0,0,0,NA,0,0,0,0,NA,0,0
00-0037247,G.Pickens,George Pickens,WR,WR,"https://static.www.nfl.com/image/upload/f_auto,q_auto/league/cbpyykoguf7rsxezqzvk",2025,REG,DAL,11,0,0,0,0,0,0,0,0,0,0,0,0,NA,NA,0,NA,0,0,0,0,0,0,NA,0,67,92,1054,8,2,0,1105,322,57,81.67699939209103,0,0.9538461538461539,0.23173803526448364,0.34891064098515945,0.5918445015863371,0,1,0,0,0,0,0,0,0,0,0,0,0,0,0,0,0,1,1,0,0,0,4,55,0,0,0,0,0,0,0,0,NA,NA,0,0,0,0,0,0,0,0,0,0,0,0,NA,NA,NA,0,0,0,0,0,0,0,NA,0,0,0,0,NA,153.4,220.4
00-0037248,J.Cook,James Cook,RB,RB,"https://static.www.nfl.com/image/upload/f_auto,q_auto/league/anjbznqb9i21wzcgrtbs",2025,REG,BUF,11,0,0,0,0,0,0,0,0,0,0,0,0,NA,NA,0,NA,199,1084,8,2,1,48,13.682129425957957,0,24,26,203,1,0,0,34,172,6,4.885132432042155,0,5.970588235294118,0.08024691358024691,0.013051823416506719,0.12950664676192505,0,0,0,0,0,0,0,0,0,0,0,0,0,0,0,0,0,0,0,0,0,0,0,0,0,0,0,0,0,0,0,0,NA,NA,0,0,0,0,0,0,0,0,0,0,0,0,NA,NA,NA,0,0,0,0,0,0,0,NA,0,0,0,0,NA,180.70000000000002,204.70000000000002
00-0037249,N.Bonitto,Nik Bonitto,LB,LB,"https://static.www.nfl.com/image/upload/f_auto,q_auto/league/y1ptokk7b6jovbe2gtss",2025,REG,DEN,11,0,0,0,0,0,0,0,0,0,0,0,0,NA,NA,0,NA,0,0,0,0,0,0,NA,0,0,0,0,0,0,0,0,0,0,NA,0,NA,0,0,0,0,21,1,11,9,61,0,9.5,67.5,21,0,0,0,0,0,0,0,0,0,0,0,0,5,35,0,0,0,0,0,0,0,0,NA,NA,0,0,0,0,0,0,0,0,0,0,0,0,NA,NA,NA,0,0,0,0,0,0,0,NA,0,0,0,0,NA,0,0
00-0037251,A.Wright,Alex Wright,DE,DL,"https://static.www.nfl.com/image/upload/f_auto,q_auto/league/rwvd1sputd9x1dziyznz",2025,REG,CLE,8,0,0,0,0,0,0,0,0,0,0,0,0,NA,NA,0,NA,0,0,0,0,0,0,NA,0,0,0,0,0,0,0,0,0,0,NA,0,NA,0,0,0,0,13,3,8,9,31,1,3,17,3,0,0,0,0,0,0,0,0,0,0,0,0,0,0,0,0,0,0,0,0,0,0,NA,NA,0,0,0,0,0,0,0,0,0,0,0,0,NA,NA,NA,0,0,0,0,0,0,0,NA,0,0,0,0,NA,0,0
00-0037252,G.Dulcich,Greg Dulcich,TE,TE,"https://static.www.nfl.com/image/upload/f_auto,q_auto/league/kirfnwuge3eam1s0ycne",2025,REG,MIA,3,0,0,0,0,0,0,0,0,0,0,0,0,NA,NA,0,NA,0,0,0,0,0,0,NA,0,8,13,89,0,0,0,55,49,4,3.616977774305269,0,1.6181818181818182,0.040625,0.024477080551846907,0.07807145638629284,0,0,0,1,0,0,0,0,0,0,0,0,0,0,0,0,0,0,0,0,0,0,0,0,0,0,0,0,0,0,0,0,NA,NA,0,0,0,0,0,0,0,0,0,0,0,0,NA,NA,NA,0,0,0,0,0,0,0,NA,0,0,0,0,NA,8.9,16.9
00-0037253,M.Jones,Marcus Jones,CB,DB,"https://static.www.nfl.com/image/upload/f_auto,q_auto/league/bwy0az1y2vgvirna4bye",2025,REG,NE,12,0,0,0,0,0,0,0,0,0,0,0,0,NA,NA,0,NA,0,0,0,0,0,0,NA,0,0,0,0,0,0,0,0,0,0,NA,0,NA,0,0,0,1,31,3,16,6,12,0,1,3,1,3,65,11,1,1,0,0,1,1,0,0,0,1,15,16,234,0,0,0,0,0,0,NA,NA,0,0,0,0,0,0,0,0,0,0,0,0,NA,NA,NA,0,0,0,0,0,0,0,NA,0,0,0,0,NA,6,6
00-0037254,T.Bernard,Terrel Bernard,LB,LB,"https://static.www.nfl.com/image/upload/f_auto,q_auto/league/ryvz6uol9kymdgslc0rh",2025,REG,BUF,10,0,0,0,0,0,0,0,0,0,0,0,0,NA,NA,0,NA,0,0,0,0,0,0,NA,0,0,0,0,0,0,0,0,0,0,NA,0,NA,0,0,0,0,35,5,16,7,26,0,0,0,2,1,24,3,0,0,0,0,0,0,2,2,0,1,15,0,0,0,0,0,0,0,0,NA,NA,0,0,0,0,0,0,0,0,0,0,0,0,NA,NA,NA,0,0,0,0,0,0,0,NA,0,0,0,0,NA,0,0
00-0037255,D.Parham,Dylan Parham,G,OL,"https://static.www.nfl.com/image/upload/f_auto,q_auto/league/wcuxehe604u11ay7hbpm",2025,REG,LV,3,0,0,0,0,0,0,0,0,0,0,0,0,NA,NA,0,NA,0,0,0,0,0,0,NA,0,0,0,0,0,0,0,0,0,0,NA,0,NA,0,0,0,0,0,0,0,0,0,0,0,0,0,0,0,0,0,0,0,0,0,0,0,0,0,4,30,0,0,0,0,0,0,0,0,NA,NA,0,0,0,0,0,0,0,0,0,0,0,0,NA,NA,NA,0,0,0,0,0,0,0,NA,0,0,0,0,NA,0,0
00-0037256,R.White,Rachaad White,RB,RB,"https://static.www.nfl.com/image/upload/f_auto,q_auto/league/sxugbms8ketvgmilnlu3",2025,REG,TB,11,0,0,0,0,0,0,0,0,0,0,0,0,NA,NA,0,NA,104,414,4,0,0,32,7.1611489939122706,0,29,33,148,0,0,0,-60,222,8,-5.189384971336218,0,-2.466666666666667,0.09065934065934066,-0.019646365422396856,0.12223655519333318,0,0,0,0,0,0,0,0,0,0,0,0,0,0,0,0,0,2,2,0,0,0,0,0,0,0,0,0,0,0,0,0,NA,NA,0,0,0,0,0,0,0,0,0,0,0,0,NA,NA,NA,0,0,0,0,0,0,0,NA,0,0,0,0,NA,80.2,109.2
00-0037258,D.Pierce,Dameon Pierce,RB,RB,"https://static.www.nfl.com/image/upload/f_auto,q_auto/league/lifrupicniyrosy1vj9c",2025,REG,HOU,4,0,0,0,0,0,0,0,0,0,0,0,0,NA,NA,0,NA,10,26,0,0,0,1,-2.3220799361588433,0,0,1,0,0,0,0,-4,0,0,-0.6312945219688118,0,-0,0.002631578947368421,-0.0012511729746637473,0.0030715473387880085,0,0,0,0,0,0,0,0,0,0,0,0,0,0,0,0,0,0,0,0,0,0,0,0,0,0,4,92,0,0,0,0,NA,NA,0,0,0,0,0,0,0,0,0,0,0,0,NA,NA,NA,0,0,0,0,0,0,0,NA,0,0,0,0,NA,2.6,2.6
00-0037259,M.McFadden,Micah McFadden,LB,LB,"https://static.www.nfl.com/image/upload/f_auto,q_auto/league/a5tbqialvnrvrvntreuj",2025,REG,NYG,1,0,0,0,0,0,0,0,0,0,0,0,0,NA,NA,0,NA,0,0,0,0,0,0,NA,0,0,0,0,0,0,0,0,0,0,NA,0,NA,0,0,0,0,2,0,1,0,0,0,0,0,1,0,0,0,0,0,0,0,0,0,0,0,0,0,0,0,0,0,0,0,0,0,0,NA,NA,0,0,0,0,0,0,0,0,0,0,0,0,NA,NA,NA,0,0,0,0,0,0,0,NA,0,0,0,0,NA,0,0
00-0037260,D.Davidson,DJ Davidson,DT,DL,"https://static.www.nfl.com/image/upload/f_auto,q_auto/league/qnrdocqxvfswgpfdskkp",2025,REG,NYG,5,0,0,0,0,0,0,0,0,0,0,0,0,NA,NA,0,NA,0,0,0,0,0,0,NA,0,0,0,0,0,0,0,0,0,0,NA,0,NA,0,0,0,0,5,1,2,1,3,0,0,0,0,0,0,1,0,0,0,0,0,0,0,0,0,0,0,0,0,0,0,0,0,0,0,NA,NA,0,0,0,0,0,0,0,0,0,0,0,0,NA,NA,NA,0,0,0,0,0,0,0,NA,0,0,0,0,NA,0,0
00-0037261,K.Shakir,Khalil Shakir,WR,WR,"https://static.www.nfl.com/image/upload/f_auto,q_auto/league/otadttbhvkmavhsonnqm",2025,REG,BUF,11,0,0,0,0,0,0,0,0,0,0,0,0,NA,NA,0,NA,1,5,0,0,0,0,-0.10540814138948917,0,54,71,564,3,1,1,282,459,23,7.412901333016688,0,2,0.2191358024691358,0.10825335892514396,0.4044810549513045,0,2,0,0,0,0,0,0,0,0,0,0,0,0,0,0,0,0,0,0,0,0,2,11,10,50,0,0,0,0,0,0,NA,NA,0,0,0,0,0,0,0,0,0,0,0,0,NA,NA,NA,0,0,0,0,0,0,0,NA,0,0,0,0,NA,72.9,126.9
00-0037262,T.Booker,Thomas Booker,DT,DL,"https://static.www.nfl.com/image/upload/f_auto,q_auto/league/mial4vlgplowh3uxrnmk",2025,REG,LV,11,0,0,0,0,0,0,0,0,0,0,0,0,NA,NA,0,NA,0,0,0,0,0,0,NA,0,0,0,0,0,0,0,0,0,0,NA,0,NA,0,0,0,0,9,0,17,0,0,1,0,0,2,0,0,3,0,0,0,0,0,0,1,1,0,1,8,0,0,0,0,0,0,0,0,NA,NA,0,0,0,0,0,0,0,0,0,0,0,0,NA,NA,NA,0,0,0,0,0,0,0,NA,0,0,0,0,NA,0,0
00-0037263,T.Allgeier,Tyler Allgeier,RB,RB,"https://static.www.nfl.com/image/upload/f_auto,q_auto/league/buwaomfsz4y6orgb0cyg",2025,REG,ATL,11,0,0,0,0,0,0,0,0,0,0,0,0,NA,NA,0,NA,89,324,7,0,0,25,-4.120959863810011,0,8,9,31,0,0,0,-9,35,1,1.6696314454311505,0,-3.4444444444444446,0.026865671641791045,-0.0031141868512110727,0.038118576666838815,0,2,0,3,0,0,0,0,0,0,0,0,0,0,0,0,0,0,0,0,0,0,0,0,0,0,0,0,0,0,0,0,NA,NA,0,0,0,0,0,0,0,0,0,0,0,0,NA,NA,NA,0,0,0,0,0,0,0,NA,0,0,0,0,NA,77.5,85.5
00-0037267,J.Ford,Jerome Ford,RB,RB,"https://static.www.nfl.com/image/private/f_auto,q_auto/league/djggmwo5v8osoboiseo2",2025,REG,CLE,11,0,0,0,0,0,0,0,0,0,0,0,0,NA,NA,0,NA,24,73,0,0,0,5,-3.0169608334545046,0,21,26,76,0,0,0,-37,109,2,-8.78696896483419,0,-2.054054054054054,0.07242339832869081,-0.014509803921568627,0.09847823474793817,0,1,0,0,0,0,0,0,0,0,0,0,0,0,0,0,0,0,0,0,0,0,0,0,0,0,8,181,0,0,0,0,NA,NA,0,0,0,0,0,0,0,0,0,0,0,0,NA,NA,NA,0,0,0,0,0,0,0,NA,0,0,0,0,NA,14.9,35.9
00-0037268,Z.McCollum,Zyon McCollum,CB,DB,"https://static.www.nfl.com/image/upload/f_auto,q_auto/league/pkpopwwr1bwjvpxwqs94",2025,REG,TB,10,0,0,0,0,0,0,0,0,0,0,0,0,NA,NA,0,NA,0,0,0,0,0,0,NA,0,0,0,0,0,0,0,0,0,0,NA,0,NA,0,0,0,0,40,0,17,1,3,0,0,0,0,0,0,5,0,0,0,0,0,0,0,0,0,1,5,0,0,0,0,0,0,0,0,NA,NA,0,0,0,0,0,0,0,0,0,0,0,0,NA,NA,NA,0,0,0,0,0,0,0,NA,0,0,0,0,NA,0,0
00-0037269,E.Johnson,Eric Johnson,DT,DL,"https://static.www.nfl.com/image/upload/f_auto,q_auto/league/fsvxbdkpnaondae99zbl",2025,REG,IND,4,0,0,0,0,0,0,0,0,0,0,0,0,NA,NA,0,NA,0,0,0,0,0,0,NA,0,0,0,0,0,0,0,0,0,0,NA,0,NA,0,0,0,0,3,0,2,1,6,0,0,0,0,0,0,0,0,0,0,0,0,0,0,0,0,0,0,0,0,0,0,0,0,0,0,NA,NA,0,0,0,0,0,0,0,0,0,0,0,0,NA,NA,NA,0,0,0,0,0,0,0,NA,0,0,0,0,NA,0,0
00-0037270,O.Ogbonnia,Otito Ogbonnia,DT,DL,"https://static.www.nfl.com/image/upload/f_auto,q_auto/league/ktcgvykjyamzn8vj2vt1",2025,REG,LAC,2,0,0,0,0,0,0,0,0,0,0,0,0,NA,NA,0,NA,0,0,0,0,0,0,NA,0,0,0,0,0,0,0,0,0,0,NA,0,NA,0,0,0,0,1,0,0,0,0,0,0,0,0,0,0,0,0,0,0,0,0,0,0,0,0,1,15,0,0,0,0,0,0,0,0,NA,NA,0,0,0,0,0,0,0,0,0,0,0,0,NA,NA,NA,0,0,0,0,0,0,0,NA,0,0,0,0,NA,0,0
00-0037271,D.Jackson,D'Marco Jackson,LB,LB,"https://static.www.nfl.com/image/upload/f_auto,q_auto/league/bwbialh78nao9svr8jqn",2025,REG,CHI,7,0,0,0,0,0,0,0,0,0,0,0,0,NA,NA,0,NA,0,0,0,0,0,0,NA,0,0,0,0,0,0,0,0,0,0,NA,0,NA,0,0,0,0,9,0,17,1,1,0,0,0,0,0,0,1,0,0,0,0,1,1,0,0,0,1,5,0,0,0,0,0,0,0,0,NA,NA,0,0,0,0,0,0,0,0,0,0,0,0,NA,NA,NA,0,0,0,0,0,0,0,NA,0,0,0,0,NA,0,0
00-0037274,E.Otomewo,Esezi Otomewo,DE,DL,"https://static.www.nfl.com/image/upload/f_auto,q_auto/league/a0mfh8bdgpmqoiqt65ze",2025,REG,PIT,2,0,0,0,0,0,0,0,0,0,0,0,0,NA,NA,0,NA,0,0,0,0,0,0,NA,0,0,0,0,0,0,0,0,0,0,NA,0,NA,0,0,0,0,2,0,1,0,0,0,0,0,0,0,0,0,0,0,0,0,0,0,0,0,0,0,0,0,0,0,0,0,0,0,0,NA,NA,0,0,0,0,0,0,0,0,0,0,0,0,NA,NA,NA,0,0,0,0,0,0,0,NA,0,0,0,0,NA,0,0
00-0037275,D.Bland,DaRon Bland,CB,DB,"https://static.www.nfl.com/image/upload/f_auto,q_auto/league/cl7cnkp2mm58j8o086nm",2025,REG,DAL,9,0,0,0,0,0,0,0,0,0,0,0,0,NA,NA,0,NA,0,0,0,0,0,0,NA,0,0,0,0,0,0,0,0,0,0,NA,0,NA,0,0,0,0,35,1,23,2,3,0,0,0,0,1,68,5,1,0,0,0,0,0,0,0,0,0,0,0,0,0,0,0,0,0,0,NA,NA,0,0,0,0,0,0,0,0,0,0,0,0,NA,NA,NA,0,0,0,0,0,0,0,NA,0,0,0,0,NA,0,0
00-0037276,T.Chandler,Ty Chandler,RB,RB,"https://static.www.nfl.com/image/upload/f_auto,q_auto/league/i3urodji7vrb11n4pl06",2025,REG,MIN,1,0,0,0,0,0,0,0,0,0,0,0,0,NA,NA,0,NA,0,0,0,0,0,0,NA,0,0,0,0,0,0,0,0,0,0,NA,0,NA,0,0,0,0,0,0,0,0,0,0,0,0,0,0,0,0,0,0,0,0,0,0,0,0,0,0,0,0,0,3,84,0,0,0,0,NA,NA,0,0,0,0,0,0,0,0,0,0,0,0,NA,NA,NA,0,0,0,0,0,0,0,NA,0,0,0,0,NA,0,0
00-0037277,T.Quitoriano,Teagan Quitoriano,TE,TE,"https://static.www.nfl.com/image/upload/f_auto,q_auto/league/ecx86iiwr69wkwupjvzk",2025,REG,ATL,1,0,0,0,0,0,0,0,0,0,0,0,0,NA,NA,0,NA,0,0,0,0,0,0,NA,0,0,0,0,0,0,0,0,0,0,NA,0,NA,0,0,0,0,0,0,0,0,0,0,0,0,0,0,0,0,0,0,0,0,0,0,0,0,0,1,4,0,0,0,0,0,0,0,0,NA,NA,0,0,0,0,0,0,0,0,0,0,0,0,NA,NA,NA,0,0,0,0,0,0,0,NA,0,0,0,0,NA,0,0
00-0037278,L.Wattenberg,Luke Wattenberg,C,OL,"https://static.www.nfl.com/image/upload/f_auto,q_auto/league/sedgtg4ekxez8itnkm2d",2025,REG,DEN,3,0,0,0,0,0,0,0,0,0,0,0,0,NA,NA,0,NA,0,0,0,0,0,0,NA,0,0,0,0,0,0,0,0,0,0,NA,0,NA,0,0,0,0,0,0,1,0,0,0,0,0,0,0,0,0,0,0,0,0,0,0,0,0,0,5,35,0,0,0,0,0,0,0,0,NA,NA,0,0,0,0,0,0,0,0,0,0,0,0,NA,NA,NA,0,0,0,0,0,0,0,NA,0,0,0,0,NA,0,0
00-0037280,M.Butler,Matthew Butler,DT,DL,"https://static.www.nfl.com/image/upload/f_auto,q_auto/league/nsv9pnp9s8oaxaepftzk",2025,REG,MIA,8,0,0,0,0,0,0,0,0,0,0,0,0,NA,NA,0,NA,0,0,0,0,0,0,NA,0,0,0,0,0,0,0,0,0,0,NA,0,NA,0,0,0,0,5,1,5,0,0,0,0,0,2,0,0,0,0,0,0,0,0,0,0,0,0,2,20,0,0,0,0,0,0,0,0,NA,NA,0,0,0,0,0,0,0,0,0,0,0,0,NA,NA,NA,0,0,0,0,0,0,0,NA,0,0,0,0,NA,0,0
00-0037281,D.Clark,Damone Clark,LB,LB,"https://static.www.nfl.com/image/upload/f_auto,q_auto/league/gmsr31hk1blgplqqkzml",2025,REG,DAL,4,0,0,0,0,0,0,0,0,0,0,0,0,NA,NA,0,NA,0,0,0,0,0,0,NA,0,0,0,0,0,0,0,0,0,0,NA,0,NA,0,0,0,0,7,0,7,0,0,0,0,0,0,0,0,0,0,0,0,0,0,0,0,0,0,0,0,0,0,0,0,0,0,0,0,NA,NA,0,0,0,0,0,0,0,0,0,0,0,0,NA,NA,NA,0,0,0,0,0,0,0,NA,0,0,0,0,NA,0,0
00-0037282,J.Mitchell,James Mitchell,TE,TE,"https://static.www.nfl.com/image/upload/f_auto,q_auto/league/ragin6kbjyfeffii1hrl",2025,REG,CAR,2,0,0,0,0,0,0,0,0,0,0,0,0,NA,NA,0,NA,0,0,0,0,0,0,NA,0,3,3,28,0,0,0,7,21,2,2.2441549878567457,0,4,0.008379888268156424,0.0027580772261623326,0.01450048646054827,0,0,0,0,0,0,0,0,0,0,0,0,0,0,0,0,0,0,0,0,0,0,0,0,0,0,0,0,0,0,0,0,NA,NA,0,0,0,0,0,0,0,0,0,0,0,0,NA,NA,NA,0,0,0,0,0,0,0,NA,0,0,0,0,NA,2.8000000000000003,5.800000000000001
00-0037283,J.Ridgeway,John Ridgeway,DT,DL,"https://static.www.nfl.com/image/upload/f_auto,q_auto/league/irpvoorgwwezk7qxrp0m",2025,REG,NO,1,0,0,0,0,0,0,0,0,0,0,0,0,NA,NA,0,NA,0,0,0,0,0,0,NA,0,0,0,0,0,0,0,0,0,0,NA,0,NA,0,0,0,0,0,0,1,0,0,0,0,0,0,0,0,0,0,0,0,0,0,0,0,0,0,0,0,0,0,0,0,0,0,0,0,NA,NA,0,0,0,0,0,0,0,0,0,0,0,0,NA,NA,NA,0,0,0,0,0,0,0,NA,0,0,0,0,NA,0,0
00-0037284,M.Araiza,Matt Araiza,P,SPEC,"https://static.www.nfl.com/image/upload/f_auto,q_auto/league/q4wjyhw18fj0omjkzql4",2025,REG,KC,11,0,0,0,0,0,0,0,0,0,0,0,0,NA,NA,0,NA,0,0,0,0,0,0,NA,0,0,0,0,0,0,0,0,0,0,NA,0,NA,0,0,0,0,0,0,0,0,0,0,0,0,0,0,0,0,0,0,0,0,0,0,0,0,0,0,0,0,0,0,0,0,0,0,0,NA,NA,0,0,0,0,0,0,0,0,0,0,0,0,NA,NA,NA,0,0,0,0,0,0,0,NA,0,0,0,0,NA,0,0
00-0037287,V.Lowe,Vederian Lowe,OT,OL,"https://static.www.nfl.com/image/upload/f_auto,q_auto/league/a72w3jazmnecd5nepevf",2025,REG,NE,1,0,0,0,0,0,0,0,0,0,0,0,0,NA,NA,0,NA,0,0,0,0,0,0,NA,0,0,0,0,0,0,0,0,0,0,NA,0,NA,0,0,0,0,0,0,0,0,0,0,0,0,0,0,0,0,0,0,0,0,0,0,0,0,0,1,4,0,0,0,0,0,0,0,0,NA,NA,0,0,0,0,0,0,0,0,0,0,0,0,NA,NA,NA,0,0,0,0,0,0,0,NA,0,0,0,0,NA,0,0
00-0037288,C.Benford,Christian Benford,CB,DB,"https://static.www.nfl.com/image/upload/f_auto,q_auto/league/nltmhbxql5thc91mk1xy",2025,REG,BUF,10,0,0,0,0,0,0,0,0,0,0,0,0,NA,NA,0,NA,0,0,0,0,0,0,NA,0,0,0,0,0,0,0,0,0,0,NA,0,NA,0,0,0,0,25,1,10,2,16,0,1,6,1,0,0,0,0,0,0,0,0,0,1,1,0,2,14,0,0,0,0,0,0,0,0,NA,NA,0,0,0,0,0,0,0,0,0,0,0,0,NA,NA,NA,0,0,0,0,0,0,0,NA,0,0,0,0,NA,0,0
00-0037289,M.Rodriguez,Malcolm Rodriguez,LB,LB,"https://static.www.nfl.com/image/upload/f_auto,q_auto/league/ofwspc5nzlzqdvxqvpxc",2025,REG,DET,1,0,0,0,0,0,0,0,0,0,0,0,0,NA,NA,0,NA,0,0,0,0,0,0,NA,0,0,0,0,0,0,0,0,0,0,NA,0,NA,0,0,0,0,1,0,1,0,0,0,0,0,0,0,0,0,0,0,0,0,0,0,0,0,0,0,0,0,0,0,0,0,0,0,0,NA,NA,0,0,0,0,0,0,0,0,0,0,0,0,NA,NA,NA,0,0,0,0,0,0,0,NA,0,0,0,0,NA,0,0
00-0037291,J.Nailor,Jalen Nailor,WR,WR,"https://static.www.nfl.com/image/upload/f_auto,q_auto/league/sdsx2pttiiwbfpyuuwiz",2025,REG,MIN,11,0,0,0,0,0,0,0,0,0,0,0,0,NA,NA,0,NA,1,15,0,0,0,1,1.1033363458700478,0,20,38,318,2,0,0,487,83,16,10.110159737097142,1,0.6529774127310062,0.11692307692307692,0.17405289492494638,0.29722164183207783,0,3,0,0,0,0,0,0,0,0,0,0,0,0,0,0,0,0,0,0,0,0,1,5,0,0,0,0,0,0,0,0,NA,NA,0,0,0,0,0,0,0,0,0,0,0,0,NA,NA,NA,0,0,0,0,0,0,0,NA,0,0,0,0,NA,47.300000000000004,67.30000000000001
00-0037292,A.Ogletree,Andrew Ogletree,TE,TE,"https://static.www.nfl.com/image/upload/f_auto,q_auto/league/gw6pbughf5gdn2sm189f",2025,REG,IND,8,0,0,0,0,0,0,0,0,0,0,0,0,NA,NA,0,NA,0,0,0,0,0,0,NA,0,2,3,8,1,0,0,12,1,1,0.2754427033360116,0,0.6666666666666666,0.008695652173913044,0.004188481675392671,0.015975415433644436,0,5,0,4,0,0,0,0,0,0,0,0,0,0,0,0,0,0,0,0,0,0,2,20,0,0,0,0,0,0,0,0,NA,NA,0,0,0,0,0,0,0,0,0,0,0,0,NA,NA,NA,0,0,0,0,0,0,0,NA,0,0,0,0,NA,6.8,8.8
00-0037294,J.Jackson,Jordan Jackson,DT,DL,"https://static.www.nfl.com/image/upload/f_auto,q_auto/league/mygiulff7wmcrv8menhg",2025,REG,DEN,3,0,0,0,0,0,0,0,0,0,0,0,0,NA,NA,0,NA,0,0,0,0,0,0,NA,0,0,0,0,0,0,0,0,0,0,NA,0,NA,0,0,0,0,2,0,3,0,0,0,0,0,1,0,0,0,0,0,0,0,0,0,0,0,0,0,0,0,0,0,0,0,0,0,0,NA,NA,0,0,0,0,0,0,0,0,0,0,0,0,NA,NA,NA,0,0,0,0,0,0,0,NA,0,0,0,0,NA,0,0
00-0037295,J.Salyer,Jamaree Salyer,G,OL,"https://static.www.nfl.com/image/upload/f_auto,q_auto/league/u3uyixtjb60xtwwth40a",2025,REG,LAC,3,0,0,0,0,0,0,0,0,0,0,0,0,NA,NA,0,NA,0,0,0,0,0,0,NA,0,0,0,0,0,0,0,0,0,0,NA,0,NA,0,0,0,0,0,0,0,0,0,0,0,0,0,0,0,0,0,0,0,0,0,0,0,0,0,3,25,0,0,0,0,0,0,0,0,NA,NA,0,0,0,0,0,0,0,0,0,0,0,0,NA,NA,NA,0,0,0,0,0,0,0,NA,0,0,0,0,NA,0,0
00-0037297,C.Mays,Cade Mays,C,OL,"https://static.www.nfl.com/image/upload/f_auto,q_auto/league/lvwir8l56pkjixweaca4",2025,REG,CAR,2,0,0,0,0,0,0,0,0,0,0,0,0,NA,NA,0,NA,0,0,0,0,0,0,NA,0,0,0,0,0,0,0,0,0,0,NA,0,NA,0,0,0,0,0,0,0,0,0,0,0,0,0,0,0,0,0,0,0,0,0,0,0,0,0,2,15,0,0,0,0,0,0,0,0,NA,NA,0,0,0,0,0,0,0,0,0,0,0,0,NA,NA,NA,0,0,0,0,0,0,0,NA,0,0,0,0,NA,0,0
00-0037298,S.Roberts,Sam Roberts,DE,DL,"https://static.www.nfl.com/image/upload/f_auto,q_auto/league/lpeonw4s0htacobg1qa4",2025,REG,ATL,5,0,0,0,0,0,0,0,0,0,0,0,0,NA,NA,0,NA,0,0,0,0,0,0,NA,0,0,0,0,0,0,0,0,0,0,NA,0,NA,0,0,0,0,6,0,12,1,1,0,1,0,2,0,0,0,0,0,0,0,0,0,0,0,0,0,0,0,0,0,0,0,0,0,0,NA,NA,0,0,0,0,0,0,0,0,0,0,0,0,NA,NA,NA,0,0,0,0,0,0,0,NA,0,0,0,0,NA,0,0
00-0037301,T.Jackson,Theo Jackson,SAF,DB,"https://static.www.nfl.com/image/upload/f_auto,q_auto/league/g9hb4dnu5xp63p5wjvrw",2025,REG,MIN,10,0,0,0,0,0,0,0,0,0,0,0,0,NA,NA,0,NA,0,0,0,0,0,0,NA,0,0,0,0,0,0,0,0,0,0,NA,0,NA,0,0,0,0,16,1,22,1,1,1,0,0,0,0,0,1,0,0,0,0,0,0,1,1,0,0,0,0,0,0,0,0,0,0,0,NA,NA,0,0,0,0,0,0,0,0,0,0,0,0,NA,NA,NA,0,0,0,0,0,0,0,NA,0,0,0,0,NA,0,0
00-0037302,A.Deculus,Austin Deculus,OT,OL,"https://static.www.nfl.com/image/upload/f_auto,q_auto/league/mfiu08h46jezawozpma8",2025,REG,LAC,4,0,0,0,0,0,0,0,0,0,0,0,0,NA,NA,0,NA,0,0,0,0,0,0,NA,0,0,0,0,0,0,0,0,0,0,NA,0,NA,0,0,0,0,0,0,1,0,0,0,0,0,0,0,0,0,0,0,0,0,0,0,0,0,0,4,30,0,0,0,0,0,0,0,0,NA,NA,0,0,0,0,0,0,0,0,0,0,0,0,NA,NA,NA,0,0,0,0,0,0,0,NA,0,0,0,0,NA,0,0
00-0037304,Co.Heyward,Connor Heyward,TE,TE,"https://static.www.nfl.com/image/upload/f_auto,q_auto/league/b9bnasge2v2dtctdtqnf",2025,REG,PIT,10,0,0,0,0,0,0,0,0,0,0,0,0,NA,NA,0,NA,5,9,0,0,0,4,1.8930822936818004,0,2,3,18,1,0,0,27,1,1,1.506216790061444,0,0.6666666666666666,0.009375,0.013726487036095577,0.023671040925266902,0,2,0,5,0,0,0,0,0,0,0,0,0,0,0,0,0,0,0,0,0,0,1,15,0,0,0,0,0,0,0,0,NA,NA,0,0,0,0,0,0,0,0,0,0,0,0,NA,NA,NA,0,0,0,0,0,0,0,NA,0,0,0,0,NA,8.7,10.7
00-0037306,J.FitzPatrick,John FitzPatrick,TE,TE,"https://static.www.nfl.com/image/upload/f_auto,q_auto/league/kopyksw2p51nivtldayc",2025,REG,GB,7,0,0,0,0,0,0,0,0,0,0,0,0,NA,NA,0,NA,0,0,0,0,0,0,NA,0,7,7,40,1,0,0,11,29,3,5.165835231950041,0,3.6363636363636362,0.022364217252396165,0.004084663943557371,0.036405590639084405,0,0,0,0,0,0,0,0,0,0,0,0,0,0,0,0,0,0,0,0,0,0,3,20,0,0,0,0,0,0,0,0,NA,NA,0,0,0,0,0,0,0,0,0,0,0,0,NA,NA,NA,0,0,0,0,0,0,0,NA,0,0,0,0,NA,10,17
00-0037307,J.Taylor,Ja'Sir Taylor,CB,DB,"https://static.www.nfl.com/image/upload/f_auto,q_auto/league/usnlevporxzqj27zhgwu",2025,REG,NYJ,6,0,0,0,0,0,0,0,0,0,0,0,0,NA,NA,0,NA,0,0,0,0,0,0,NA,0,0,0,0,0,0,0,0,0,0,NA,0,NA,0,0,0,0,6,0,3,0,0,0,0,0,0,0,0,0,0,0,0,0,0,0,0,0,0,1,6,0,0,0,0,0,0,0,0,NA,NA,0,0,0,0,0,0,0,0,0,0,0,0,NA,NA,NA,0,0,0,0,0,0,0,NA,0,0,0,0,NA,0,0
00-0037310,J.Houston,James Houston,DE,DL,"https://static.www.nfl.com/image/upload/f_auto,q_auto/league/wrqp1yxxj1diweafto22",2025,REG,DAL,11,0,0,0,0,0,0,0,0,0,0,0,0,NA,NA,0,NA,0,0,0,0,0,0,NA,0,0,0,0,0,0,0,0,0,0,NA,0,NA,0,0,0,0,12,0,10,5,37,1,4.5,36.5,6,0,0,0,0,0,0,0,0,0,1,1,0,3,30,0,0,0,0,0,0,0,0,NA,NA,0,0,0,0,0,0,0,0,0,0,0,0,NA,NA,NA,0,0,0,0,0,0,0,NA,0,0,0,0,NA,0,0
00-0037311,K.Kieft,Ko Kieft,TE,TE,"https://static.www.nfl.com/image/upload/f_auto,q_auto/league/ibtxauqcq4tjq4xsgf6a",2025,REG,TB,2,0,0,0,0,0,0,0,0,0,0,0,0,NA,NA,0,NA,0,0,0,0,0,0,NA,0,0,0,0,0,0,0,0,0,0,NA,0,NA,0,0,0,0,1,0,2,0,0,0,0,0,0,0,0,0,0,0,0,0,0,0,0,0,0,0,0,0,0,0,0,0,0,0,0,NA,NA,0,0,0,0,0,0,0,0,0,0,0,0,NA,NA,NA,0,0,0,0,0,0,0,NA,0,0,0,0,NA,0,0
00-0037313,M.Brown,Montaric Brown,CB,DB,"https://static.www.nfl.com/image/upload/f_auto,q_auto/league/hvnfc3mqxut3v0mufgg5",2025,REG,JAX,8,0,0,0,0,0,0,0,0,0,0,0,0,NA,NA,0,NA,0,0,0,0,0,0,NA,0,0,0,0,0,0,0,0,0,0,NA,0,NA,0,0,0,0,23,0,4,0,0,0,0,0,0,1,0,7,0,0,0,0,0,0,0,0,0,1,5,0,0,0,0,0,0,0,0,NA,NA,0,0,0,0,0,0,0,0,0,0,0,0,NA,NA,NA,0,0,0,0,0,0,0,NA,0,0,0,0,NA,0,0
00-0037315,C.Goode,Cameron Goode,LB,LB,"https://static.www.nfl.com/image/upload/f_auto,q_auto/league/y9nbijy8p3twagggyodh",2025,REG,MIA,8,0,0,0,0,0,0,0,0,0,0,0,0,NA,NA,0,NA,0,0,0,0,0,0,NA,0,0,0,0,0,0,0,0,0,0,NA,0,NA,0,0,0,0,4,1,5,0,0,0,0,0,0,0,0,0,0,0,0,0,0,0,0,0,0,0,0,0,0,0,0,0,0,0,0,NA,NA,0,0,0,0,0,0,0,0,0,0,0,0,NA,NA,NA,0,0,0,0,0,0,0,NA,0,0,0,0,NA,0,0
00-0037316,M.Robinson,Mark Robinson,LB,LB,"https://static.www.nfl.com/image/upload/f_auto,q_auto/league/l7u61ekvlhzwchpxcdbo",2025,REG,NYJ,5,0,0,0,0,0,0,0,0,0,0,0,0,NA,NA,0,NA,0,0,0,0,0,0,NA,0,0,0,0,0,0,0,0,0,0,NA,0,NA,0,0,0,0,3,1,1,0,0,0,0,0,0,0,0,0,0,0,0,0,0,0,0,0,0,2,23,0,0,0,0,0,0,0,0,NA,NA,0,0,0,0,0,0,0,0,0,0,0,0,NA,NA,NA,0,0,0,0,0,0,0,NA,0,0,0,0,NA,0,0
00-0037318,B.Spector,Baylon Spector,LB,LB,"https://static.www.nfl.com/image/upload/f_auto,q_auto/league/ekmjqmhpbhtlydc3sfag",2025,REG,BUF,1,0,0,0,0,0,0,0,0,0,0,0,0,NA,NA,0,NA,0,0,0,0,0,0,NA,0,0,0,0,0,0,0,0,0,0,NA,0,NA,0,0,0,0,1,0,0,0,0,0,0,0,0,0,0,0,0,0,0,0,0,0,0,0,0,0,0,0,0,0,0,0,0,0,0,NA,NA,0,0,0,0,0,0,0,0,0,0,0,0,NA,NA,NA,0,0,0,0,0,0,0,NA,0,0,0,0,NA,0,0
00-0037321,C.Lucas,Chase Lucas,CB,DB,"https://static.www.nfl.com/image/upload/f_auto,q_auto/league/ftkp0eabjmqrbftyddyo",2025,REG,SF,8,0,0,0,0,0,0,0,0,0,0,0,0,NA,NA,0,NA,0,0,0,0,0,0,NA,0,0,0,0,0,0,0,0,0,0,NA,0,NA,0,0,0,0,5,0,2,0,0,0,0,0,1,0,0,1,0,0,0,0,0,0,0,0,0,1,15,0,0,0,0,0,0,0,0,NA,NA,0,0,0,0,0,0,0,0,0,0,0,0,NA,NA,NA,0,0,0,0,0,0,0,NA,0,0,0,0,NA,0,0
00-0037323,R.Thomas,Rodney Thomas,SAF,DB,"https://static.www.nfl.com/image/upload/f_auto,q_auto/league/rmch7ilcol08gczhpwp6",2025,REG,IND,9,0,0,0,0,0,0,0,0,0,0,0,0,NA,NA,0,NA,1,3,0,0,0,1,2.1160498950630426,0,0,0,0,0,0,0,0,0,0,NA,0,NA,0,0,0,0,9,1,6,1,1,0,0,0,0,0,0,0,0,0,0,0,0,0,0,0,0,0,0,0,0,0,0,0,0,0,0,NA,NA,0,0,0,0,0,0,0,0,0,0,0,0,NA,NA,NA,0,0,0,0,0,0,0,NA,0,0,0,0,NA,0.30000000000000004,0.30000000000000004
00-0037329,B.Brown,Brittain Brown,RB,RB,"https://static.www.nfl.com/image/upload/f_auto,q_auto/league/zpugbbzvxbpemoif9txa",2025,REG,CHI,1,0,0,0,0,0,0,0,0,0,0,0,0,NA,NA,0,NA,5,37,1,0,0,2,2.598405250464566,0,0,1,0,0,0,0,4,0,0,-0.16605298343347386,0,0,0.0028735632183908046,0.00124031007751938,0.005178561881849773,0,0,0,0,0,0,0,0,0,0,0,0,0,0,0,0,0,0,0,0,0,0,0,0,0,0,1,23,0,0,0,0,NA,NA,0,0,0,0,0,0,0,0,0,0,0,0,NA,NA,NA,0,0,0,0,0,0,0,NA,0,0,0,0,NA,9.7,9.7
00-0037332,D.Bell,D'Anthony Bell,SAF,DB,"https://static.www.nfl.com/image/upload/f_auto,q_auto/league/ckont3gxmlaebwbbkplr",2025,REG,SEA,6,0,0,0,0,0,0,0,0,0,0,0,0,NA,NA,0,NA,0,0,0,0,0,0,NA,0,0,0,0,0,0,0,0,0,0,NA,0,NA,0,0,0,0,4,1,8,1,2,0,0.5,4.5,1,0,0,0,0,0,0,0,0,0,0,0,0,0,0,0,0,0,0,0,0,0,0,NA,NA,0,0,0,0,0,0,0,0,0,0,0,0,NA,NA,NA,0,0,0,0,0,0,0,NA,0,0,0,0,NA,0,0
00-0037336,B.Hoffman,Brock Hoffman,C,OL,"https://static.www.nfl.com/image/upload/f_auto,q_auto/league/yzgyme4uziotnwqbfn7x",2025,REG,DAL,1,0,0,0,0,0,0,0,0,0,0,0,0,NA,NA,0,NA,0,0,0,0,0,0,NA,0,0,0,0,0,0,0,0,0,0,NA,0,NA,0,0,0,0,0,0,0,0,0,0,0,0,0,0,0,0,0,0,0,0,1,1,0,0,0,1,5,0,0,0,0,0,0,0,0,NA,NA,0,0,0,0,0,0,0,0,0,0,0,0,NA,NA,NA,0,0,0,0,0,0,0,NA,0,0,0,0,NA,0,0
00-0037340,Z.Mitchell-Paden,Zaire Mitchell-Paden,TE,TE,"https://static.www.nfl.com/image/upload/f_auto,q_auto/league/koebkhaljopitnuvfgbb",2025,REG,NO,3,0,0,0,0,0,0,0,0,0,0,0,0,NA,NA,0,NA,0,0,0,0,0,0,NA,0,2,3,17,0,0,0,13,5,1,1.1455184332444333,0,1.3076923076923077,0.01090909090909091,0.0058374494836102376,0.02044985100216353,0,0,0,0,0,0,0,0,0,0,0,0,0,0,0,0,0,0,0,0,0,0,1,4,0,0,0,0,0,0,0,0,NA,NA,0,0,0,0,0,0,0,0,0,0,0,0,NA,NA,NA,0,0,0,0,0,0,0,NA,0,0,0,0,NA,1.7000000000000002,3.7
00-0037348,T.Conner,Tanner Conner,TE,TE,"https://static.www.nfl.com/image/upload/f_auto,q_auto/league/ndhpqkxblrd3vcbcfadw",2025,REG,MIA,8,0,0,0,0,0,0,0,0,0,0,0,0,NA,NA,0,NA,0,0,0,0,0,0,NA,0,9,15,91,0,0,0,119,39,3,-6.508350265794434,0,0.7647058823529411,0.046875,0.0529595015576324,0.10738415109034267,0,1,0,1,0,0,0,0,0,0,0,0,0,0,0,0,0,0,0,0,0,0,1,10,0,0,0,0,0,0,0,0,NA,NA,0,0,0,0,0,0,0,0,0,0,0,0,NA,NA,NA,0,0,0,0,0,0,0,NA,0,0,0,0,NA,9.1,18.1
00-0037364,A.Mosby,Arron Mosby,DE,DL,"https://static.www.nfl.com/image/upload/f_auto,q_auto/league/sub2rfbfzebhuxzlt2jd",2025,REG,GB,4,0,0,0,0,0,0,0,0,0,0,0,0,NA,NA,0,NA,0,0,0,0,0,0,NA,0,0,0,0,0,0,0,0,0,0,NA,0,NA,0,0,0,0,3,0,1,0,0,0,0,0,0,0,0,0,0,0,0,0,0,0,0,0,0,1,15,0,0,0,0,0,0,0,0,NA,NA,0,0,0,0,0,0,0,0,0,0,0,0,NA,NA,NA,0,0,0,0,0,0,0,NA,0,0,0,0,NA,0,0
00-0037380,K.Davis,Kaden Davis,WR,WR,"https://static.www.nfl.com/image/upload/f_auto,q_auto/league/z8viajevykmyr0utahgl",2025,REG,CLE,1,0,0,0,0,0,0,0,0,0,0,0,0,NA,NA,0,NA,0,0,0,0,0,0,NA,0,0,0,0,0,0,0,0,0,0,NA,0,NA,0,0,0,0,0,0,1,0,0,0,0,0,0,0,0,0,0,0,0,0,0,0,0,0,0,0,0,0,0,1,28,0,0,0,0,NA,NA,0,0,0,0,0,0,0,0,0,0,0,0,NA,NA,NA,0,0,0,0,0,0,0,NA,0,0,0,0,NA,0,0
00-0037384,J.McMillian,Ja'Quan McMillian,CB,DB,"https://static.www.nfl.com/image/upload/f_auto,q_auto/league/kpgabuesfqci0swbrkem",2025,REG,DEN,11,0,0,0,0,0,0,0,0,0,0,0,0,NA,NA,0,NA,0,0,0,0,0,0,NA,0,0,0,0,0,0,0,0,0,0,NA,0,NA,0,0,0,0,25,0,10,4,25,2,4,25,4,1,16,6,0,2,0,0,0,0,0,0,0,2,20,0,0,0,0,0,0,0,0,NA,NA,0,0,0,0,0,0,0,0,0,0,0,0,NA,NA,NA,0,0,0,0,0,0,0,NA,0,0,0,0,NA,0,0
00-0037395,D.Flowers,Dallis Flowers,CB,DB,"https://static.www.nfl.com/image/upload/f_auto,q_auto/league/ejoqt02yk1eubbibnxre",2025,REG,CHI,1,0,0,0,0,0,0,0,0,0,0,0,0,NA,NA,0,NA,0,0,0,0,0,0,NA,0,0,0,0,0,0,0,0,0,0,NA,0,NA,0,0,0,0,1,0,0,0,0,0,0,0,0,0,0,0,0,0,0,0,0,0,0,0,0,0,0,0,0,0,0,0,0,0,0,NA,NA,0,0,0,0,0,0,0,0,0,0,0,0,NA,NA,NA,0,0,0,0,0,0,0,NA,0,0,0,0,NA,0,0
00-0037412,C.Adomitis,Cal Adomitis,LS,SPEC,"https://static.www.nfl.com/image/upload/f_auto,q_auto/league/hi1jz8g2dtq0l6efegra",2025,REG,PHI,1,0,0,0,0,0,0,0,0,0,0,0,0,NA,NA,0,NA,0,0,0,0,0,0,NA,0,0,0,0,0,0,0,0,0,0,NA,0,NA,0,0,0,0,1,0,1,0,0,0,0,0,0,0,0,0,0,0,0,0,0,0,0,0,0,0,0,0,0,0,0,0,0,0,0,NA,NA,0,0,0,0,0,0,0,0,0,0,0,0,NA,NA,NA,0,0,0,0,0,0,0,NA,0,0,0,0,NA,0,0
00-0037413,B.Brown,Ben Brown,C,OL,"https://static.www.nfl.com/image/upload/f_auto,q_auto/league/imfnoemmtvdrjtdh7auo",2025,REG,NE,1,0,0,0,0,0,0,0,0,0,0,0,0,NA,NA,0,NA,0,0,0,0,0,0,NA,0,0,0,0,0,0,0,0,0,0,NA,0,NA,0,0,0,0,0,0,0,0,0,0,0,0,0,0,0,0,0,0,0,0,0,0,0,0,0,1,10,0,0,0,0,0,0,0,0,NA,NA,0,0,0,0,0,0,0,0,0,0,0,0,NA,NA,NA,0,0,0,0,0,0,0,NA,0,0,0,0,NA,0,0
00-0037428,A.Anderson,Alec Anderson,OT,OL,"https://static.www.nfl.com/image/upload/f_auto,q_auto/league/zmxbsuvvy2qtzfvrqcac",2025,REG,BUF,1,0,0,0,0,0,0,0,0,0,0,0,0,NA,NA,0,NA,0,0,0,0,0,0,NA,0,0,0,0,0,0,0,0,0,0,NA,0,NA,0,0,0,0,0,0,0,0,0,0,0,0,0,0,0,0,0,0,0,0,0,0,0,0,0,1,5,0,0,0,0,0,0,0,0,NA,NA,0,0,0,0,0,0,0,0,0,0,0,0,NA,NA,NA,0,0,0,0,0,0,0,NA,0,0,0,0,NA,0,0
00-0037447,T.Fox,Tomon Fox,LB,LB,"https://static.www.nfl.com/image/upload/f_auto,q_auto/league/lccvchowchcmx5ymg67u",2025,REG,NYG,2,0,0,0,0,0,0,0,0,0,0,0,0,NA,NA,0,NA,0,0,0,0,0,0,NA,0,0,0,0,0,0,0,0,0,0,NA,0,NA,0,0,0,0,2,0,0,0,0,0,0,0,0,0,0,0,0,0,0,0,0,0,0,0,0,0,0,0,0,0,0,0,0,0,0,NA,NA,0,0,0,0,0,0,0,0,0,0,0,0,NA,NA,NA,0,0,0,0,0,0,0,NA,0,0,0,0,NA,0,0
00-0037457,J.Hansen,Jake Hansen,LB,LB,"https://static.www.nfl.com/image/upload/f_auto,q_auto/league/x63vwyjtybkdrulfmr2j",2025,REG,HOU,9,0,0,0,0,0,0,0,0,0,0,0,0,NA,NA,0,NA,0,0,0,0,0,0,NA,0,0,0,0,0,0,0,0,0,0,NA,0,NA,0,0,0,0,9,0,5,0,0,0,0,0,0,0,0,0,0,0,0,0,0,0,0,0,0,0,0,0,0,0,0,0,0,0,0,NA,NA,0,0,0,0,0,0,0,0,0,0,0,0,NA,NA,NA,0,0,0,0,0,0,0,NA,0,0,0,0,NA,0,0
00-0037461,T.McCollum,Tristin McCollum,SAF,DB,"https://static.www.nfl.com/image/upload/f_auto,q_auto/league/lob4yulcbxvkweblc0dg",2025,REG,LV,7,0,0,0,0,0,0,0,0,0,0,0,0,NA,NA,0,NA,0,0,0,0,0,0,NA,0,0,0,0,0,0,0,0,0,0,NA,0,NA,0,0,0,0,8,0,2,1,3,0,0,0,0,0,0,1,0,0,0,0,0,0,0,0,0,3,30,0,0,0,0,0,0,0,0,NA,NA,0,0,0,0,0,0,0,0,0,0,0,0,NA,NA,NA,0,0,0,0,0,0,0,NA,0,0,0,0,NA,0,0
00-0037468,R.Layne,Raheem Layne,SAF,DB,"https://static.www.nfl.com/image/upload/f_auto,q_auto/league/gb6jlranah8r9odgtmhd",2025,REG,NYG,1,0,0,0,0,0,0,0,0,0,0,0,0,NA,NA,0,NA,0,0,0,0,0,0,NA,0,0,0,0,0,0,0,0,0,0,NA,0,NA,0,0,0,0,1,0,0,0,0,0,0,0,0,0,0,0,0,0,0,0,0,0,0,0,0,0,0,0,0,0,0,0,0,0,0,NA,NA,0,0,0,0,0,0,0,0,0,0,0,0,NA,NA,NA,0,0,0,0,0,0,0,NA,0,0,0,0,NA,0,0
00-0037475,S.Smartt,Stone Smartt,TE,TE,"https://static.www.nfl.com/image/upload/f_auto,q_auto/league/fdmnvrjgz8cqnxjtukzd",2025,REG,NYJ,2,0,0,0,0,0,0,0,0,0,0,0,0,NA,NA,0,NA,0,0,0,0,0,0,NA,0,0,0,0,0,0,0,0,0,0,NA,0,NA,0,0,0,0,2,0,0,0,0,0,0,0,0,0,0,0,0,0,0,0,0,0,0,0,0,0,0,0,0,0,0,0,0,0,0,NA,NA,0,0,0,0,0,0,0,0,0,0,0,0,NA,NA,NA,0,0,0,0,0,0,0,NA,0,0,0,0,NA,0,0
00-0037487,D.Thompkins,Deven Thompkins,WR,WR,"https://static.www.nfl.com/image/private/f_auto,q_auto/league/gt0yeyl9y8s6onw8wcdr",2025,REG,ATL,1,0,0,0,0,0,0,0,0,0,0,0,0,NA,NA,0,NA,0,0,0,0,0,0,NA,0,0,0,0,0,0,0,0,0,0,NA,0,NA,0,0,0,0,0,0,0,0,0,0,0,0,0,0,0,0,0,0,0,0,0,0,0,0,0,0,0,0,0,1,16,0,0,0,0,NA,NA,0,0,0,0,0,0,0,0,0,0,0,0,NA,NA,NA,0,0,0,0,0,0,0,NA,0,0,0,0,NA,0,0
00-0037493,M.Brown,Mike Brown,SAF,DB,"https://static.www.nfl.com/image/upload/f_auto,q_auto/league/ztb9tdt5ihd7gmjyspbz",2025,REG,TEN,2,0,0,0,0,0,0,0,0,0,0,0,0,NA,NA,0,NA,0,0,0,0,0,0,NA,0,0,0,0,0,0,0,0,0,0,NA,0,NA,0,0,0,0,3,0,0,0,0,0,0,0,0,0,0,0,0,0,0,0,0,0,0,0,0,0,0,0,0,0,0,0,0,0,0,NA,NA,0,0,0,0,0,0,0,0,0,0,0,0,NA,NA,NA,0,0,0,0,0,0,0,NA,0,0,0,0,NA,0,0
00-0037500,R.Wright,Ryan Wright,P,SPEC,"https://static.www.nfl.com/image/upload/f_auto,q_auto/league/n7t34xvfvc2pxgtcwnlw",2025,REG,MIN,11,0,0,0,0,0,0,0,0,0,0,0,0,NA,NA,0,NA,0,0,0,0,0,0,NA,0,0,0,0,0,0,0,0,0,0,NA,0,NA,0,0,0,0,0,0,0,0,0,0,0,0,0,0,0,0,0,0,0,0,0,0,0,0,0,0,0,0,0,0,0,0,0,0,0,NA,NA,0,0,0,0,0,0,0,0,0,0,0,0,NA,NA,NA,0,0,0,0,0,0,0,NA,0,0,0,0,NA,0,0
00-0037512,I.Pola-Mao,Isaiah Pola-Mao,SAF,DB,"https://static.www.nfl.com/image/upload/f_auto,q_auto/league/iv2fsbkqbciaglpqrlbd",2025,REG,LV,11,0,0,0,0,0,0,0,0,0,0,0,0,NA,NA,0,NA,0,0,0,0,0,0,NA,0,0,0,0,0,0,0,0,0,0,NA,0,NA,0,0,0,0,37,1,25,3,4,0,0,0,0,2,0,3,0,0,0,0,0,0,0,0,0,2,27,0,0,0,0,0,0,0,0,NA,NA,0,0,0,0,0,0,0,0,0,0,0,0,NA,NA,NA,0,0,0,0,0,0,0,NA,0,0,0,0,NA,0,0
00-0037524,T.Martin,Tay Martin,WR,WR,"https://static.www.nfl.com/image/upload/f_auto,q_auto/league/lw5fyir7yjme4qxrrxfy",2025,REG,WAS,2,0,0,0,0,0,0,0,0,0,0,0,0,NA,NA,0,NA,0,0,0,0,0,0,NA,0,2,2,23,0,0,0,18,5,1,2.5324949176283553,0,1.2777777777777777,0.006872852233676976,0.007017543859649123,0.01522155905226985,0,1,0,0,0,0,0,0,0,0,0,0,0,0,0,0,0,0,0,0,0,0,1,13,0,0,0,0,0,0,0,0,NA,NA,0,0,0,0,0,0,0,0,0,0,0,0,NA,NA,NA,0,0,0,0,0,0,0,NA,0,0,0,0,NA,2.3000000000000003,4.300000000000001
00-0037525,J.Mason,Jordan Mason,RB,RB,"https://static.www.nfl.com/image/upload/f_auto,q_auto/league/ixykwytfrfz1cdxlhj5w",2025,REG,MIN,11,0,0,0,0,0,0,0,0,0,0,0,0,NA,NA,0,NA,116,531,5,2,1,35,-6.002132429421181,0,12,14,44,0,0,0,-43,86,1,-4.1809786949548755,0,-1.0232558139534884,0.043076923076923075,-0.015368120085775554,0.053857700555341725,0,0,0,1,0,0,0,0,0,0,0,0,0,0,0,0,0,0,0,0,0,0,0,0,0,0,0,0,0,0,0,0,NA,NA,0,0,0,0,0,0,0,0,0,0,0,0,NA,NA,NA,0,0,0,0,0,0,0,NA,0,0,0,0,NA,85.5,97.5
00-0037526,M.McCrary-Ball,Marcelino McCrary-Ball,LB,LB,"https://static.www.nfl.com/image/upload/f_auto,q_auto/league/q0ik6bvofk4zrgsartd2",2025,REG,NYJ,4,0,0,0,0,0,0,0,0,0,0,0,0,NA,NA,0,NA,0,0,0,0,0,0,NA,0,0,0,0,0,0,0,0,0,0,NA,0,NA,0,0,0,0,9,0,9,0,0,1,0,0,0,0,0,0,0,0,0,0,0,0,0,0,0,0,0,0,0,0,0,0,0,0,0,NA,NA,0,0,0,0,0,0,0,0,0,0,0,0,NA,NA,NA,0,0,0,0,0,0,0,NA,0,0,0,0,NA,0,0
00-0037527,S.Olubi,Segun Olubi,LB,LB,"https://static.www.nfl.com/image/upload/f_auto,q_auto/league/llpctz5sjgveunckp3pe",2025,REG,IND,7,0,0,0,0,0,0,0,0,0,0,0,0,NA,NA,0,NA,0,0,0,0,0,0,NA,0,0,0,0,0,0,0,0,0,0,NA,0,NA,0,0,0,0,7,0,1,0,0,0,0,0,0,0,0,0,0,0,0,0,0,0,0,0,0,0,0,0,0,0,0,0,0,0,0,NA,NA,0,0,0,0,0,0,0,0,0,0,0,0,NA,NA,NA,0,0,0,0,0,0,0,NA,0,0,0,0,NA,0,0
00-0037539,L.Krull,Lucas Krull,TE,TE,"https://static.www.nfl.com/image/upload/f_auto,q_auto/league/eolvpkk5jjmipuqmf5v6",2025,REG,DEN,2,0,0,0,0,0,0,0,0,0,0,0,0,NA,NA,0,NA,0,0,0,0,0,0,NA,0,2,4,15,0,0,0,20,4,0,-2.3833339421544224,0,0.75,0.010899182561307902,0.006495615459564794,0.020895704663657207,0,0,0,0,0,0,0,0,0,0,0,0,0,0,0,0,0,0,0,0,0,0,0,0,0,0,0,0,0,0,0,0,NA,NA,0,0,0,0,0,0,0,0,0,0,0,0,NA,NA,NA,0,0,0,0,0,0,0,NA,0,0,0,0,NA,1.5,3.5
00-0037542,J.Romo,John Parker Romo,K,SPEC,"https://static.www.nfl.com/image/upload/f_auto,q_auto/league/pgbqca2tf4hcq4vxv13m",2025,REG,ATL,7,0,0,0,0,0,0,0,0,0,0,0,0,NA,NA,0,NA,0,0,0,0,0,0,NA,0,0,0,0,0,0,0,0,0,0,NA,0,NA,0,0,0,0,0,0,0,0,0,0,0,0,0,0,0,0,0,0,0,0,0,0,0,0,0,0,0,0,0,0,0,11,14,2,1,54,0.7857142857142857,0,2,7,1,1,0,0,0,0,1,1,0,38;29;33;33;54;38;26;33;38;45;38,49;55,37,405,104,37,12,13,1,0,0.9230769230769231,0,0,0,0,NA,0,0
00-0037544,N.Sewell,Nephi Sewell,LB,LB,"https://static.www.nfl.com/image/upload/f_auto,q_auto/league/hxphcudtmtcfbazd36kn",2025,REG,NO,1,0,0,0,0,0,0,0,0,0,0,0,0,NA,NA,0,NA,0,0,0,0,0,0,NA,0,0,0,0,0,0,0,0,0,0,NA,0,NA,0,0,0,0,0,0,0,0,0,0,0,0,0,0,0,0,0,0,0,0,0,0,0,0,0,1,15,0,0,0,0,0,0,0,0,NA,NA,0,0,0,0,0,0,0,0,0,0,0,0,NA,NA,NA,0,0,0,0,0,0,0,NA,0,0,0,0,NA,0,0
00-0037545,R.Shaheed,Rashid Shaheed,WR,WR,"https://static.www.nfl.com/image/upload/f_auto,q_auto/league/ynsy489xqmiwt5q9whty",2025,REG,SEA,12,0,0,0,0,0,0,0,0,0,0,0,0,NA,NA,0,NA,6,32,0,0,0,2,0.5748511126730591,0,47,74,529,2,1,1,861,150,23,-2.0117806315365665,0,0.6144018583042973,0.1989247311827957,0.27720540888602707,0.49243088299441246,0,1,0,0,0,0,0,0,0,0,0,0,0,0,0,0,0,0,0,0,0,0,2,10,15,189,6,134,0,0,0,0,NA,NA,0,0,0,0,0,0,0,0,0,0,0,0,NA,NA,NA,0,0,0,0,0,0,0,NA,0,0,0,0,NA,66.1,113.1
00-0037547,D.Whelan,Daniel Whelan,P,SPEC,"https://static.www.nfl.com/image/upload/f_auto,q_auto/league/lqnpsqdo5gpoxxirr9b6",2025,REG,GB,10,0,0,0,0,0,0,0,0,0,0,0,0,NA,NA,0,NA,0,0,0,0,0,0,NA,0,0,0,0,0,0,0,0,0,0,NA,0,NA,0,0,0,0,0,0,0,0,0,0,0,0,0,0,0,0,0,0,0,0,0,0,0,0,0,0,0,0,0,0,0,0,0,0,0,NA,NA,0,0,0,0,0,0,0,0,0,0,0,0,NA,NA,NA,0,0,0,0,0,0,0,NA,0,0,0,0,NA,0,0
00-0037549,D.Baker,Darrell Baker Jr.,CB,DB,"https://static.www.nfl.com/image/upload/f_auto,q_auto/league/e536r65rabmkj6idcwpb",2025,REG,TEN,9,0,0,0,0,0,0,0,0,0,0,0,0,NA,NA,0,NA,0,0,0,0,0,0,NA,0,0,0,0,0,0,0,0,0,0,NA,0,NA,0,0,0,0,22,1,13,0,0,0,0,0,0,0,0,3,0,0,0,0,0,0,0,0,0,1,37,0,0,0,0,0,0,0,0,NA,NA,0,0,0,0,0,0,0,0,0,0,0,0,NA,NA,NA,0,0,0,0,0,0,0,NA,0,0,0,0,NA,0,0
00-0037561,M.Bell,Markquese Bell,SAF,DB,"https://static.www.nfl.com/image/upload/f_auto,q_auto/league/tltiuomelvkre4tsp25s",2025,REG,DAL,9,0,0,0,0,0,0,0,0,0,0,0,0,NA,NA,0,NA,0,0,0,0,0,0,NA,0,0,0,0,0,0,0,0,0,0,NA,0,NA,0,0,0,0,11,1,12,0,0,0,0,0,0,1,24,3,0,0,0,0,0,0,0,0,0,4,37,0,0,0,0,0,0,0,0,NA,NA,0,0,0,0,0,0,0,0,0,0,0,0,NA,NA,NA,0,0,0,0,0,0,0,NA,0,0,0,0,NA,0,0
00-0037563,M.Davis,Malik Davis,RB,RB,"https://static.www.nfl.com/image/upload/f_auto,q_auto/league/mdjhv8xuitxkn7oefwty",2025,REG,DAL,5,0,0,0,0,0,0,0,0,0,0,0,0,NA,NA,0,NA,10,50,0,0,0,3,0.6349506452679634,0,0,0,0,0,0,0,0,0,0,NA,0,NA,0,0,0,0,2,0,2,0,0,0,0,0,0,0,0,0,0,0,0,0,0,0,0,0,0,0,0,0,0,0,0,0,0,0,0,NA,NA,0,0,0,0,0,0,0,0,0,0,0,0,NA,NA,NA,0,0,0,0,0,0,0,NA,0,0,0,0,NA,5,5
00-0037578,J.Thomas,Juanyeh Thomas,SAF,DB,"https://static.www.nfl.com/image/upload/f_auto,q_auto/league/ftxdnkfoymrgcc96zlnt",2025,REG,DAL,6,0,0,0,0,0,0,0,0,0,0,0,0,NA,NA,0,NA,0,0,0,0,0,0,NA,0,0,0,0,0,0,0,0,0,0,NA,0,NA,0,0,0,0,14,0,12,0,0,0,0,0,0,0,0,0,0,0,0,0,0,0,0,0,0,0,0,0,0,0,0,0,0,0,0,NA,NA,0,0,0,0,0,0,0,0,0,0,0,0,NA,NA,NA,0,0,0,0,0,0,0,NA,0,0,0,0,NA,0,0
00-0037587,N.Landman,Nate Landman,LB,LB,"https://static.www.nfl.com/image/upload/f_auto,q_auto/league/s9kvdztegpkmihjpwj0q",2025,REG,LA,11,0,0,0,0,0,0,0,0,0,0,0,0,NA,NA,0,NA,0,0,0,0,0,0,NA,0,0,0,0,0,0,0,0,0,0,NA,0,NA,0,0,0,0,49,0,49,5,11,4,1.5,3,3,0,0,4,0,0,0,0,0,0,2,2,0,0,0,0,0,0,0,0,0,0,0,NA,NA,0,0,0,0,0,0,0,0,0,0,0,0,NA,NA,NA,0,0,0,0,0,0,0,NA,0,0,0,0,NA,0,0
00-0037593,T.Avery,Tre Avery,CB,DB,"https://static.www.nfl.com/image/upload/f_auto,q_auto/league/malahw9czftvuse45ebp",2025,REG,CLE,4,0,0,0,0,0,0,0,0,0,0,0,0,NA,NA,0,NA,0,0,0,0,0,0,NA,0,0,0,0,0,0,0,0,0,0,NA,0,NA,0,0,0,0,2,0,5,0,0,0,0,0,0,0,0,0,0,0,0,0,0,0,0,0,0,1,1,0,0,0,0,0,0,0,0,NA,NA,0,0,0,0,0,0,0,0,0,0,0,0,NA,NA,NA,0,0,0,0,0,0,0,NA,0,0,0,0,NA,0,0
00-0037594,J.Chestnut,Julius Chestnut,RB,RB,"https://static.www.nfl.com/image/upload/f_auto,q_auto/league/glst6wabuuvbrssmidng",2025,REG,TEN,10,0,0,0,0,0,0,0,0,0,0,0,0,NA,NA,0,NA,10,39,0,0,0,3,-3.7100977519571656,0,0,2,0,0,0,0,22,0,0,-1.4518509877379984,0,0,0.005747126436781609,0.007976794778825236,0.014204446000350078,0,4,0,4,0,0,0,0,0,0,0,0,0,0,0,0,0,0,0,0,0,0,2,15,0,0,3,81,0,0,0,0,NA,NA,0,0,0,0,0,0,0,0,0,0,0,0,NA,NA,NA,0,0,0,0,0,0,0,NA,0,0,0,0,NA,3.9000000000000004,3.9000000000000004
00-0037596,J.Gibbens,Jack Gibbens,LB,LB,"https://static.www.nfl.com/image/upload/f_auto,q_auto/league/yrjlzoh5qps1evqxpcks",2025,REG,NE,12,0,0,0,0,0,0,0,0,0,0,0,0,NA,NA,0,NA,0,0,0,0,0,0,NA,0,0,0,0,0,0,0,0,0,0,NA,0,NA,0,0,0,0,28,1,20,4,6,0,0,0,0,0,0,2,0,0,0,0,0,0,0,0,0,2,29,0,0,0,0,0,0,0,0,NA,NA,0,0,0,0,0,0,0,0,0,0,0,0,NA,NA,NA,0,0,0,0,0,0,0,NA,0,0,0,0,NA,0,0
00-0037602,S.Okuayinonu,Sam Okuayinonu,DT,DL,"https://static.www.nfl.com/image/upload/f_auto,q_auto/league/bz3qx6p6ua5e7e5kuukk",2025,REG,SF,11,0,0,0,0,0,0,0,0,0,0,0,0,NA,NA,0,NA,0,0,0,0,0,0,NA,0,0,0,0,0,0,0,0,0,0,NA,0,NA,0,0,0,0,17,0,14,3,13,1,2,12,4,0,0,0,0,0,0,0,0,0,0,0,0,1,5,0,0,0,0,0,0,0,0,NA,NA,0,0,0,0,0,0,0,0,0,0,0,0,NA,NA,NA,0,0,0,0,0,0,0,NA,0,0,0,0,NA,0,0
00-0037611,K.Thibodeaux,Kayvon Thibodeaux,LB,LB,"https://static.www.nfl.com/image/upload/f_auto,q_auto/league/dbu5kzu0gwuszwd81dcz",2025,REG,NYG,10,0,0,0,0,0,0,0,0,0,0,0,0,NA,NA,0,NA,0,0,0,0,0,0,NA,0,0,0,0,0,0,0,0,0,0,NA,0,NA,0,0,0,0,12,1,12,5,19,0,2.5,14.5,9,0,0,2,0,0,0,0,0,0,0,0,0,2,10,0,0,0,0,0,0,0,0,NA,NA,0,0,0,0,0,0,0,0,0,0,0,0,NA,NA,NA,0,0,0,0,0,0,0,NA,0,0,0,0,NA,0,0
00-0037614,J.Metchie,John Metchie III,WR,WR,"https://static.www.nfl.com/image/upload/f_auto,q_auto/league/u7ir1sy2vrpidvwpndqd",2025,REG,NYJ,7,0,0,0,0,0,0,0,0,0,0,0,0,NA,NA,0,NA,1,-7,0,0,0,0,-1.6132632705848664,0,14,15,131,2,0,0,73,66,9,8.697596152487677,0,1.7945205479452055,0.051194539249146756,0.026382363570654137,0.09525946337317803,0,1,0,0,0,0,0,0,0,0,0,0,0,0,0,0,0,0,0,0,0,0,0,0,0,0,7,120,0,0,0,0,NA,NA,0,0,0,0,0,0,0,0,0,0,0,0,NA,NA,NA,0,0,0,0,0,0,0,NA,0,0,0,0,NA,24.4,38.4
00-0037615,N.Dean,Nakobe Dean,LB,LB,"https://static.www.nfl.com/image/upload/f_auto,q_auto/league/ivady9pej8rcuwf1lf3h",2025,REG,PHI,5,0,0,0,0,0,0,0,0,0,0,0,0,NA,NA,0,NA,0,0,0,0,0,0,NA,0,0,0,0,0,0,0,0,0,0,NA,0,NA,0,0,0,0,16,0,10,4,25,1,3,21,4,0,0,0,0,0,0,0,0,0,0,0,0,1,5,0,0,0,0,0,0,0,0,NA,NA,0,0,0,0,0,0,0,0,0,0,0,0,NA,NA,NA,0,0,0,0,0,0,0,NA,0,0,0,0,NA,0,0
00-0037616,N.Cross,Nick Cross,SAF,DB,"https://static.www.nfl.com/image/upload/f_auto,q_auto/league/kpyjflkuqsthoic5pcrm",2025,REG,IND,11,0,0,0,0,0,0,0,0,0,0,0,0,NA,NA,0,NA,0,0,0,0,0,0,NA,0,0,0,0,0,0,0,0,0,0,NA,0,NA,0,0,0,0,44,2,31,4,11,0,2.5,11.5,5,1,0,3,0,0,0,0,0,0,0,0,0,1,5,0,0,0,0,0,0,0,0,NA,NA,0,0,0,0,0,0,0,0,0,0,0,0,NA,NA,NA,0,0,0,0,0,0,0,NA,0,0,0,0,NA,0,0
00-0037617,H.Haskins,Hassan Haskins,RB,RB,"https://static.www.nfl.com/image/upload/f_auto,q_auto/league/n9jwsfxyo1xppmhscpik",2025,REG,LAC,7,0,0,0,0,0,0,0,0,0,0,0,0,NA,NA,0,NA,12,30,0,0,0,2,-4.41718815988861,0,4,4,13,0,0,0,-3,16,0,-1.513439311645925,0,-4.333333333333333,0.010610079575596816,-0.0010221465076660989,0.015199616808028957,0,3,0,4,0,0,0,0,0,0,0,0,0,0,0,0,0,0,0,0,0,0,0,0,0,0,6,141,0,0,0,0,NA,NA,0,0,0,0,0,0,0,0,0,0,0,0,NA,NA,NA,0,0,0,0,0,0,0,NA,0,0,0,0,NA,4.3,8.3
00-0037633,J.Hummel,Jacob Hummel,LB,LB,"https://static.www.nfl.com/image/upload/f_auto,q_auto/league/yeqyn79axqsyvi7iqcpl",2025,REG,BAL,9,0,0,0,0,0,0,0,0,0,0,0,0,NA,NA,0,NA,0,0,0,0,0,0,NA,0,0,0,0,0,0,0,0,0,0,NA,0,NA,0,0,0,0,6,1,5,1,1,0,0,0,0,0,0,0,0,0,0,0,0,0,0,0,0,1,5,0,0,0,0,0,0,0,0,NA,NA,0,0,0,0,0,0,0,0,0,0,0,0,NA,NA,NA,0,0,0,0,0,0,0,NA,0,0,0,0,NA,0,0
00-0037654,T.Fisk,Tucker Fisk,TE,TE,"https://static.www.nfl.com/image/upload/f_auto,q_auto/league/yqaco04wjatmxlmxpq1y",2025,REG,LAC,4,0,0,0,0,0,0,0,0,0,0,0,0,NA,NA,0,NA,0,0,0,0,0,0,NA,0,2,4,19,0,0,0,22,21,1,-0.8892728244536556,0,0.8636363636363636,0.010610079575596816,0.007495741056218058,0.021162138102747866,0,0,0,0,0,0,0,0,0,0,0,0,0,0,0,0,0,0,0,0,0,0,1,5,0,0,0,0,0,0,0,0,NA,NA,0,0,0,0,0,0,0,0,0,0,0,0,NA,NA,NA,0,0,0,0,0,0,0,NA,0,0,0,0,NA,1.9000000000000001,3.9000000000000004
00-0037661,J.Ingram,Ja'Marcus Ingram,CB,DB,"https://static.www.nfl.com/image/upload/f_auto,q_auto/league/d0p0jgugnjuez8uwejbl",2025,REG,BUF,5,0,0,0,0,0,0,0,0,0,0,0,0,NA,NA,0,NA,0,0,0,0,0,0,NA,0,0,0,0,0,0,0,0,0,0,NA,0,NA,0,0,0,0,5,0,1,0,0,0,0,0,0,0,0,0,0,0,0,0,0,0,0,0,0,0,0,0,0,0,0,0,0,0,0,NA,NA,0,0,0,0,0,0,0,0,0,0,0,0,NA,NA,NA,0,0,0,0,0,0,0,NA,0,0,0,0,NA,0,0
00-0037662,C.Brewer,C.J. Brewer,DT,DL,"https://static.www.nfl.com/image/upload/f_auto,q_auto/league/t7msnroiny0ywfscrymd",2025,REG,TB,1,0,0,0,0,0,0,0,0,0,0,0,0,NA,NA,0,NA,0,0,0,0,0,0,NA,0,0,0,0,0,0,0,0,0,0,NA,0,NA,0,0,0,0,0,0,2,0,0,0,0.5,3.5,1,0,0,0,0,0,0,0,0,0,0,0,0,0,0,0,0,0,0,0,0,0,0,NA,NA,0,0,0,0,0,0,0,0,0,0,0,0,NA,NA,NA,0,0,0,0,0,0,0,NA,0,0,0,0,NA,0,0
00-0037663,J.Johnson,Jermaine Johnson II,LB,LB,"https://static.www.nfl.com/image/upload/f_auto,q_auto/league/kihqeivcgubenrrjopew",2025,REG,NYJ,8,0,0,0,0,0,0,0,0,0,0,0,0,NA,NA,0,NA,0,0,0,0,0,0,NA,0,0,0,0,0,0,0,0,0,0,NA,0,NA,0,0,0,0,14,0,15,4,24,0,3,23,5,0,0,1,0,0,0,0,0,0,0,0,0,0,0,0,0,0,0,0,0,0,0,NA,NA,0,0,0,0,0,0,0,0,0,0,0,0,NA,NA,NA,0,0,0,0,0,0,0,NA,0,0,0,0,NA,0,0
00-0037664,A.Pierce,Alec Pierce,WR,WR,"https://static.www.nfl.com/image/upload/f_auto,q_auto/league/zeghrjc8rir3r3zi6det",2025,REG,IND,9,0,0,0,0,0,0,0,0,0,0,0,0,NA,NA,0,NA,0,0,0,0,0,0,NA,0,29,54,611,1,0,0,1080,79,25,26.33779583502003,0,0.5657407407407408,0.1565217391304348,0.3769633507853403,0.4986569542453904,0,2,0,0,0,0,0,0,0,0,0,0,0,0,0,0,0,0,0,0,0,0,3,15,0,0,0,0,0,0,0,0,NA,NA,0,0,0,0,0,0,0,0,0,0,0,0,NA,NA,NA,0,0,0,0,0,0,0,NA,0,0,0,0,NA,67.1,96.1
00-0037665,S.Williams,Sam Williams,DE,DL,"https://static.www.nfl.com/image/upload/f_auto,q_auto/league/vspx1wxdwmektj1pjd6c",2025,REG,DAL,10,0,0,0,0,0,0,0,0,0,0,0,0,NA,NA,0,NA,0,0,0,0,0,0,NA,0,0,0,0,0,0,0,0,0,0,NA,0,NA,0,0,0,0,15,0,3,3,11,1,1,9,3,0,0,1,0,0,0,0,0,0,1,1,0,4,24,0,0,0,0,0,0,0,0,NA,NA,0,0,0,0,0,0,0,0,0,0,0,0,NA,NA,NA,0,0,0,0,0,0,0,NA,0,0,0,0,NA,0,0
00-0037666,J.Tolbert,Jalen Tolbert,WR,WR,"https://static.www.nfl.com/image/upload/f_auto,q_auto/league/pif5ffxlibkfp90k1sj4",2025,REG,DAL,9,0,0,0,0,0,0,0,0,0,0,0,0,NA,NA,0,NA,0,0,0,0,0,0,NA,0,14,25,172,1,0,0,308,35,9,3.7267545509822666,1,0.5584415584415584,0.06297229219143577,0.09725292074518471,0.16253548280878294,0,0,0,0,0,0,0,0,0,0,0,0,0,0,0,0,0,0,0,0,0,0,1,10,0,0,5,105,0,0,0,0,NA,NA,0,0,0,0,0,0,0,0,0,0,0,0,NA,NA,NA,0,0,0,0,0,0,0,NA,0,0,0,0,NA,25.2,39.2
00-0037667,K.Joseph,Kerby Joseph,SAF,DB,"https://static.www.nfl.com/image/upload/f_auto,q_auto/league/oeybnj8im7exzevs0jkh",2025,REG,DET,6,0,0,0,0,0,0,0,0,0,0,0,0,NA,NA,0,NA,0,0,0,0,0,0,NA,0,0,0,0,0,0,0,0,0,0,NA,0,NA,0,0,0,0,14,0,4,0,0,0,0,0,0,3,1,4,0,0,0,0,0,0,0,0,0,1,15,0,0,0,0,0,0,0,0,NA,NA,0,0,0,0,0,0,0,0,0,0,0,0,NA,NA,NA,0,0,0,0,0,0,0,NA,0,0,0,0,NA,0,0
00-0037692,B.Aubrey,Brandon Aubrey,K,SPEC,"https://static.www.nfl.com/image/upload/f_auto,q_auto/league/ynyyootbeabm5sx4ejgt",2025,REG,DAL,11,0,0,0,0,0,0,0,0,0,0,0,0,NA,NA,0,NA,0,0,0,0,0,0,NA,0,0,0,0,0,0,0,0,0,0,NA,0,NA,0,0,0,0,0,0,0,0,0,0,0,0,0,0,0,0,0,0,0,0,0,0,0,0,0,2,0,0,0,0,0,19,21,2,0,64,0.9047619047619048,0,6,2,5,4,2,0,0,0,0,1,1,41;53;51;44;64;46;53;33;22;35;23;28;47;61;29;24;26;50;42,68;51,NA,772,119,0,35,36,1,0,0.9722222222222222,2,2,0,0,46;42,0,0
00-0037711,J.Pharms,Jeremiah Pharms Jr.,DE,DL,"https://static.www.nfl.com/image/upload/f_auto,q_auto/league/bhm6towuahy7ztd8zkna",2025,REG,NE,1,0,0,0,0,0,0,0,0,0,0,0,0,NA,NA,0,NA,0,0,0,0,0,0,NA,0,0,0,0,0,0,0,0,0,0,NA,0,NA,0,0,0,0,0,0,1,0,0,0,0,0,1,0,0,0,0,0,0,0,0,0,0,0,0,0,0,0,0,0,0,0,0,0,0,NA,NA,0,0,0,0,0,0,0,0,0,0,0,0,NA,NA,NA,0,0,0,0,0,0,0,NA,0,0,0,0,NA,0,0
00-0037740,G.Wilson,Garrett Wilson,WR,WR,"https://static.www.nfl.com/image/upload/f_auto,q_auto/league/kbijsheobhwej7lh8mvf",2025,REG,NYJ,7,0,0,0,0,0,0,0,0,0,0,0,0,NA,NA,0,NA,0,0,0,0,0,0,NA,0,36,59,395,4,1,0,535,100,18,-2.0651280481536194,0,0.7383177570093458,0.2041522491349481,0.24351388256713702,0.47668809149941804,0,1,0,0,0,0,0,0,0,0,0,0,0,0,0,0,0,1,1,0,0,0,1,10,0,0,0,0,0,0,0,0,NA,NA,0,0,0,0,0,0,0,0,0,0,0,0,NA,NA,NA,0,0,0,0,0,0,0,NA,0,0,0,0,NA,63.5,99.5
00-0037741,J.Dotson,Jahan Dotson,WR,WR,"https://static.www.nfl.com/image/upload/f_auto,q_auto/league/dbtou5ln1kwjutixywie",2025,REG,PHI,10,0,0,0,0,0,0,0,0,0,0,0,0,NA,NA,0,NA,0,0,0,0,0,0,NA,0,10,18,194,1,0,0,290,40,6,-2.778618700280944,0,0.6689655172413793,0.06143344709897611,0.10480664980122877,0.16551482550932428,0,0,0,0,0,0,0,0,0,0,0,0,0,0,0,0,0,0,0,0,0,0,0,0,5,48,0,0,0,0,0,0,NA,NA,0,0,0,0,0,0,0,0,0,0,0,0,NA,NA,NA,0,0,0,0,0,0,0,NA,0,0,0,0,NA,25.400000000000002,35.400000000000006
00-0037742,T.Burks,Treylon Burks,WR,WR,"https://static.www.nfl.com/image/upload/f_auto,q_auto/league/dkgspszcaouw7lkpjmio",2025,REG,WAS,2,0,0,0,0,0,0,0,0,0,0,0,0,NA,NA,0,NA,0,0,0,0,0,0,NA,0,4,4,72,0,0,0,59,13,3,4.842920104079495,0,1.2203389830508475,0.013745704467353952,0.02300194931773879,0.03671992122344808,0,0,0,0,0,0,0,0,0,0,0,0,0,0,0,0,0,0,0,0,0,0,0,0,0,0,0,0,0,0,0,0,NA,NA,0,0,0,0,0,0,0,0,0,0,0,0,NA,NA,NA,0,0,0,0,0,0,0,NA,0,0,0,0,NA,7.2,11.2
00-0037743,D.Hill,Daxton Hill,CB,DB,"https://static.www.nfl.com/image/upload/f_auto,q_auto/league/onw9ijbhtrdvjqpi0toh",2025,REG,CIN,11,0,0,0,0,0,0,0,0,0,0,0,0,NA,NA,0,NA,0,0,0,0,0,0,NA,0,0,0,0,0,0,0,0,0,0,NA,0,NA,0,0,0,0,44,1,23,2,5,0,0,0,0,1,0,4,0,0,0,0,0,0,0,0,0,3,50,0,0,0,0,0,0,0,0,NA,NA,0,0,0,0,0,0,0,0,0,0,0,0,NA,NA,NA,0,0,0,0,0,0,0,NA,0,0,0,0,NA,0,0
00-0037744,T.McBride,Trey McBride,TE,TE,"https://static.www.nfl.com/image/upload/f_auto,q_auto/league/vd7av3vdfs6q7ncjogac",2025,REG,ARI,11,0,0,0,0,0,0,0,0,0,0,0,0,NA,NA,0,NA,0,0,0,0,0,0,NA,0,80,109,797,7,0,0,732,340,44,52.837204312213714,0,1.0887978142076502,0.2684729064039409,0.2440813604534845,0.5735663119233505,0,0,0,0,0,0,0,0,0,0,0,0,0,0,0,0,0,0,0,0,0,0,5,55,0,0,0,0,0,0,0,0,NA,NA,0,0,0,0,0,0,0,0,0,0,0,0,NA,NA,NA,0,0,0,0,0,0,0,NA,0,0,0,0,NA,121.7,201.7
00-0037745,V.Jones,Velus Jones Jr.,RB,RB,"https://static.www.nfl.com/image/upload/f_auto,q_auto/league/fchis2k7zzpqg9sv1ya1",2025,REG,NO,4,0,0,0,0,0,0,0,0,0,0,0,0,NA,NA,0,NA,0,0,0,0,0,0,NA,0,0,0,0,0,0,0,0,0,0,NA,0,NA,0,0,0,0,1,0,2,0,0,0,0,0,0,0,0,0,0,0,0,0,0,0,0,0,0,0,0,0,0,8,183,0,0,0,0,NA,NA,0,0,0,0,0,0,0,0,0,0,0,0,NA,NA,NA,0,0,0,0,0,0,0,NA,0,0,0,0,NA,0,0
00-0037746,B.Robinson,Brian Robinson,RB,RB,"https://static.www.nfl.com/image/upload/f_auto,q_auto/league/n1xhex1ytisxcbcggqu7",2025,REG,SF,12,0,0,0,0,0,0,0,0,0,0,0,0,NA,NA,0,NA,64,302,2,0,0,16,4.545630071726371,0,7,10,19,0,0,0,4,23,0,-4.172386349004228,0,4.75,0.024630541871921183,0.0013016596160104132,0.03785697453908907,0,0,0,0,0,0,0,0,0,0,0,0,0,0,0,0,0,0,0,0,0,0,0,0,0,0,7,234,0,0,0,0,NA,NA,0,0,0,0,0,0,0,0,0,0,0,0,NA,NA,NA,0,0,0,0,0,0,0,NA,0,0,0,0,NA,44.1,51.1
00-0037752,T.Anderson,Tycen Anderson,SAF,DB,"https://static.www.nfl.com/image/upload/f_auto,q_auto/league/j3dvzorwxkvvf7ljykzu",2025,REG,CIN,10,0,0,0,0,0,0,0,0,0,0,0,0,NA,NA,0,NA,0,0,0,0,0,0,NA,0,0,0,0,0,0,0,0,0,0,NA,0,NA,0,0,0,0,7,0,10,0,0,0,0,0,0,0,0,0,0,0,0,0,0,0,0,0,0,1,10,0,0,0,0,0,0,0,0,NA,NA,0,0,0,0,0,0,0,0,0,0,0,0,NA,NA,NA,0,0,0,0,0,0,0,NA,0,0,0,0,NA,0,0
00-0037753,C.Taylor-Britt,Cam Taylor-Britt,CB,DB,"https://static.www.nfl.com/image/upload/f_auto,q_auto/league/m6dqiwllhwoc2rd5gns1",2025,REG,CIN,8,0,0,0,0,0,0,0,0,0,0,0,0,NA,NA,0,NA,0,0,0,0,0,0,NA,0,0,0,0,0,0,0,0,0,0,NA,0,NA,0,0,0,0,12,0,9,1,4,0,0,0,1,0,0,5,0,0,0,0,0,0,0,0,0,4,26,0,0,0,0,0,0,0,0,NA,NA,0,0,0,0,0,0,0,0,0,0,0,0,NA,NA,NA,0,0,0,0,0,0,0,NA,0,0,0,0,NA,0,0
00-0037756,T.Jones,Travis Jones,DT,DL,"https://static.www.nfl.com/image/upload/f_auto,q_auto/league/wm1f5uddgq3xmivgmrkz",2025,REG,BAL,10,0,0,0,0,0,0,0,0,0,0,0,0,NA,NA,0,NA,0,0,0,0,0,0,NA,0,0,0,0,0,0,0,0,0,0,NA,0,NA,0,0,0,0,11,3,13,5,9,0,1.5,6,4,0,0,2,0,0,0,0,0,0,0,0,0,0,0,0,0,0,0,0,0,0,0,NA,NA,0,0,0,0,0,0,0,0,0,0,0,0,NA,NA,NA,0,0,0,0,0,0,0,NA,0,0,0,0,NA,0,0
00-0037757,B.Raimann,Bernhard Raimann,OT,OL,"https://static.www.nfl.com/image/upload/f_auto,q_auto/league/cis1c2tzux68l6ca07hp",2025,REG,IND,5,0,0,0,0,0,0,0,0,0,0,0,0,NA,NA,0,NA,0,0,0,0,0,0,NA,0,0,1,0,0,0,0,2,0,0,-0.3657868691952899,0,0,0.002898550724637681,6.980802792321117e-4,0.004836482282419,0,0,0,0,0,0,0,0,0,0,0,0,0,0,0,0,0,1,1,0,0,0,5,40,0,0,0,0,0,0,0,0,NA,NA,0,0,0,0,0,0,0,0,0,0,0,0,NA,NA,NA,0,0,0,0,0,0,0,NA,0,0,0,0,NA,0,0
00-0037758,C.Flott,Cordale Flott,CB,DB,"https://static.www.nfl.com/image/upload/f_auto,q_auto/league/dk8b5dpa5fflut1j4ynl",2025,REG,NYG,11,0,0,0,0,0,0,0,0,0,0,0,0,NA,NA,0,NA,0,0,0,0,0,0,NA,0,0,0,0,0,0,0,0,0,0,NA,0,NA,0,0,0,0,23,1,8,2,4,1,0,0,0,1,68,8,0,0,0,0,0,0,0,0,0,1,5,0,0,0,0,0,0,0,0,NA,NA,0,0,0,0,0,0,0,0,0,0,0,0,NA,NA,NA,0,0,0,0,0,0,0,NA,0,0,0,0,NA,0,0
00-0037759,D.Leal,DeMarvin Leal,DE,DL,"https://static.www.nfl.com/image/upload/f_auto,q_auto/league/gqsxinwxry4uggkdd90r",2025,REG,PIT,1,0,0,0,0,0,0,0,0,0,0,0,0,NA,NA,0,NA,0,0,0,0,0,0,NA,0,0,0,0,0,0,0,0,0,0,NA,0,NA,0,0,0,0,1,0,1,0,0,0,0,0,0,0,0,0,0,0,0,0,0,0,0,0,0,0,0,0,0,0,0,0,0,0,0,NA,NA,0,0,0,0,0,0,0,0,0,0,0,0,NA,NA,NA,0,0,0,0,0,0,0,NA,0,0,0,0,NA,0,0
00-0037799,D.Tillman,Dondrea Tillman,LB,LB,"https://static.www.nfl.com/image/upload/f_auto,q_auto/league/gb1dadvtgeeixkcqjwgv",2025,REG,DEN,11,0,0,0,0,0,0,0,0,0,0,0,0,NA,NA,0,NA,0,0,0,0,0,0,NA,0,0,0,0,0,0,0,0,0,0,NA,0,NA,0,0,0,0,8,0,18,1,8,0,1.5,10,4,2,59,3,0,0,0,0,0,0,0,0,0,1,15,0,0,0,0,0,0,0,0,NA,NA,0,0,0,0,0,0,0,0,0,0,0,0,NA,NA,NA,0,0,0,0,0,0,0,NA,0,0,0,0,NA,0,0
00-0037801,K.Turpin,KaVontae Turpin,WR,WR,"https://static.www.nfl.com/image/upload/f_auto,q_auto/league/cgjwzierootp8gjem5oe",2025,REG,DAL,9,0,0,0,0,0,0,0,0,0,0,0,0,NA,NA,0,NA,9,30,0,1,1,3,-5.317060931411106,0,17,26,232,1,0,0,182,104,11,7.666454168237189,0,1.2747252747252746,0.0654911838790932,0.057467634985790966,0.13846412030869348,0,1,0,0,0,0,0,0,0,0,0,0,0,0,0,0,0,0,0,0,0,0,1,5,8,55,35,918,0,0,0,0,NA,NA,0,0,0,0,0,0,0,0,0,0,0,0,NA,NA,NA,0,0,0,0,0,0,0,NA,0,0,0,0,NA,30.200000000000003,47.2
00-0037804,Z.Carter,Zachary Carter,DT,DL,"https://static.www.nfl.com/image/upload/f_auto,q_auto/league/f64doat4n78solyaa7xv",2025,REG,ARI,2,0,0,0,0,0,0,0,0,0,0,0,0,NA,NA,0,NA,0,0,0,0,0,0,NA,0,0,0,0,0,0,0,0,0,0,NA,0,NA,0,0,0,0,2,0,3,0,0,1,0,0,0,0,0,0,0,0,0,0,0,0,0,0,0,0,0,0,0,0,0,0,0,0,0,NA,NA,0,0,0,0,0,0,0,0,0,0,0,0,NA,NA,NA,0,0,0,0,0,0,0,NA,0,0,0,0,NA,0,0
00-0037805,J.Ruckert,Jeremy Ruckert,TE,TE,"https://static.www.nfl.com/image/upload/f_auto,q_auto/league/jnwpnpbukmzrsuutpufx",2025,REG,NYJ,9,0,0,0,0,0,0,0,0,0,0,0,0,NA,NA,0,NA,0,0,0,0,0,0,NA,0,14,16,119,1,0,0,61,67,6,8.809243233292364,0,1.9508196721311475,0.05536332179930796,0.027765134274010013,0.10248057669076895,0,0,0,2,0,0,0,0,0,0,0,0,0,0,0,0,0,0,0,0,0,0,1,0,0,0,0,0,0,0,0,0,NA,NA,0,0,0,0,0,0,0,0,0,0,0,0,NA,NA,NA,0,0,0,0,0,0,0,NA,0,0,0,0,NA,17.9,31.9
00-0037808,D.Malone,DeAngelo Malone,LB,LB,"https://static.www.nfl.com/image/upload/f_auto,q_auto/league/yywbozwgj0uqnexmdaex",2025,REG,ATL,7,0,0,0,0,0,0,0,0,0,0,0,0,NA,NA,0,NA,0,0,0,0,0,0,NA,0,0,0,0,0,0,0,0,0,0,NA,0,NA,0,0,0,0,2,0,6,0,0,0,0,0,0,1,6,1,0,0,0,0,0,0,0,0,0,0,0,0,0,0,0,0,0,0,0,NA,NA,0,0,0,0,0,0,0,0,0,0,0,0,NA,NA,NA,0,0,0,0,0,0,0,NA,0,0,0,0,NA,0,0
00-0037809,C.Okonkwo,Chig Okonkwo,TE,TE,"https://static.www.nfl.com/image/upload/f_auto,q_auto/league/omm5z5iq6dlmidqz1sgz",2025,REG,TEN,11,0,0,0,0,0,0,0,0,0,0,0,0,NA,NA,0,NA,0,0,0,0,0,0,NA,0,35,46,377,0,0,0,248,201,16,8.219889744141337,0,1.5201612903225807,0.13218390804597702,0.08992023205221175,0.26122002450551374,0,1,0,0,0,0,0,0,0,0,0,0,0,0,0,0,0,0,0,0,0,0,0,0,0,0,0,0,0,0,0,0,NA,NA,0,0,0,0,0,0,0,0,0,0,0,0,NA,NA,NA,0,0,0,0,0,0,0,NA,0,0,0,0,NA,37.7,72.7
00-0037811,C.Muma,Chad Muma,LB,LB,"https://static.www.nfl.com/image/upload/f_auto,q_auto/league/wwf5gmaohjdyvpigwu5e",2025,REG,IND,4,0,0,0,0,0,0,0,0,0,0,0,0,NA,NA,0,NA,0,0,0,0,0,0,NA,0,0,0,0,0,0,0,0,0,0,NA,0,NA,0,0,0,0,3,0,2,0,0,0,0,0,0,0,0,0,0,0,0,0,0,0,0,0,0,0,0,0,0,0,0,0,0,0,0,NA,NA,0,0,0,0,0,0,0,0,0,0,0,0,NA,NA,NA,0,0,0,0,0,0,0,NA,0,0,0,0,NA,0,0
00-0037812,A.Lucas,Abraham Lucas,OT,OL,"https://static.www.nfl.com/image/upload/f_auto,q_auto/league/aamlxw3fhqra37ablds8",2025,REG,SEA,4,0,0,0,0,0,0,0,0,0,0,0,0,NA,NA,0,NA,0,0,0,0,0,0,NA,0,0,0,0,0,0,0,0,0,0,NA,0,NA,0,0,0,0,2,0,0,0,0,0,0,0,0,0,0,0,0,0,0,0,0,0,0,0,0,2,10,0,0,0,0,0,0,0,0,NA,NA,0,0,0,0,0,0,0,0,0,0,0,0,NA,NA,NA,0,0,0,0,0,0,0,NA,0,0,0,0,NA,0,0
00-0037814,L.Fortner,Luke Fortner,C,OL,"https://static.www.nfl.com/image/upload/f_auto,q_auto/league/kvv7na6p5zwlcmtoji7q",2025,REG,NO,1,0,0,0,0,0,0,0,0,0,0,0,0,NA,NA,0,NA,0,0,0,0,0,0,NA,0,0,0,0,0,0,0,0,0,0,NA,0,NA,0,0,0,0,0,0,0,0,0,0,0,0,0,0,0,0,0,0,0,0,0,0,0,0,0,1,5,0,0,0,0,0,0,0,0,NA,NA,0,0,0,0,0,0,0,0,0,0,0,0,NA,NA,NA,0,0,0,0,0,0,0,NA,0,0,0,0,NA,0,0
00-0037815,C.Thomas,Cameron Thomas,DE,DL,"https://static.www.nfl.com/image/upload/f_auto,q_auto/league/pjqi76adcm3i9xkbbepg",2025,REG,CLE,8,0,0,0,0,0,0,0,0,0,0,0,0,NA,NA,0,NA,0,0,0,0,0,0,NA,0,0,0,0,0,0,0,0,0,0,NA,0,NA,0,0,0,0,4,0,14,1,2,0,2.5,15.5,6,0,0,0,0,0,0,0,0,0,0,0,0,3,25,0,0,0,0,0,0,0,0,NA,NA,0,0,0,0,0,0,0,0,0,0,0,0,NA,NA,NA,0,0,0,0,0,0,0,NA,0,0,0,0,NA,0,0
00-0037816,R.Doubs,Romeo Doubs,WR,WR,"https://static.www.nfl.com/image/upload/f_auto,q_auto/league/ov2llp1bfetznmngqybi",2025,REG,GB,11,0,0,0,0,0,0,0,0,0,0,0,0,NA,NA,0,NA,0,0,0,0,0,0,NA,0,41,67,522,4,0,0,857,112,31,18.09033536020263,1,0.6091015169194866,0.21405750798722045,0.318232454511697,0.5438489801390186,0,0,0,0,0,0,0,0,0,0,0,0,0,0,0,0,0,0,0,0,0,0,1,10,13,85,0,0,0,0,0,0,NA,NA,0,0,0,0,0,0,0,0,0,0,0,0,NA,NA,NA,0,0,0,0,0,0,0,NA,0,0,0,0,NA,78.2,119.2
00-0037818,Z.Johnson,Zion Johnson,G,OL,"https://static.www.nfl.com/image/upload/f_auto,q_auto/league/wjgcg8pqadn0mtzoumhj",2025,REG,LAC,2,0,0,0,0,0,0,0,0,0,0,0,0,NA,NA,0,NA,0,0,0,0,0,0,NA,0,0,0,0,0,0,0,0,0,0,NA,0,NA,0,0,0,0,0,0,0,0,0,0,0,0,0,0,0,0,0,0,0,0,0,0,0,0,0,3,25,0,0,0,0,0,0,0,0,NA,NA,0,0,0,0,0,0,0,0,0,0,0,0,NA,NA,NA,0,0,0,0,0,0,0,NA,0,0,0,0,NA,0,0
00-0037819,L.Chenal,Leo Chenal,LB,LB,"https://static.www.nfl.com/image/upload/f_auto,q_auto/league/x09uj5ta65jfceysfi2v",2025,REG,KC,11,0,0,0,0,0,0,0,0,0,0,0,0,NA,NA,0,NA,0,0,0,0,0,0,NA,0,0,0,0,0,0,0,0,0,0,NA,0,NA,0,0,0,0,22,0,27,2,8,0,1.5,6.5,4,1,0,2,0,0,0,0,0,0,0,0,0,0,0,0,0,0,0,0,0,0,0,NA,NA,0,0,0,0,0,0,0,0,0,0,0,0,NA,NA,NA,0,0,0,0,0,0,0,NA,0,0,0,0,NA,0,0
00-0037821,C.Cross,Charles Cross,OT,OL,"https://static.www.nfl.com/image/upload/f_auto,q_auto/league/unfc89gx8anfyuzom0dv",2025,REG,SEA,3,0,0,0,0,0,0,0,0,0,0,0,0,NA,NA,0,NA,0,0,0,0,0,0,NA,0,0,0,0,0,0,0,0,0,0,NA,0,NA,0,0,0,0,0,0,0,0,0,0,0,0,0,0,0,0,0,0,0,0,0,0,0,0,0,4,23,0,0,0,0,0,0,0,0,NA,NA,0,0,0,0,0,0,0,0,0,0,0,0,NA,NA,NA,0,0,0,0,0,0,0,NA,0,0,0,0,NA,0,0
00-0037823,C.Harris,Christian Harris,LB,LB,"https://static.www.nfl.com/image/upload/f_auto,q_auto/league/vu59vuwhkncfc8gtsjq4",2025,REG,HOU,3,0,0,0,0,0,0,0,0,0,0,0,0,NA,NA,0,NA,0,0,0,0,0,0,NA,0,0,0,0,0,0,0,0,0,0,NA,0,NA,0,0,0,0,3,0,0,0,0,0,0,0,0,0,0,1,0,0,0,0,0,0,0,0,0,1,15,0,0,0,0,0,0,0,0,NA,NA,0,0,0,0,0,0,0,0,0,0,0,0,NA,NA,NA,0,0,0,0,0,0,0,NA,0,0,0,0,NA,0,0
00-0037825,T.Linderbaum,Tyler Linderbaum,C,OL,"https://static.www.nfl.com/image/upload/f_auto,q_auto/league/ojvsyozouivghvkbw5qk",2025,REG,BAL,2,0,0,0,0,0,0,0,0,0,0,0,0,NA,NA,0,NA,0,0,0,0,0,0,NA,0,0,0,0,0,0,0,0,0,0,NA,0,NA,0,0,0,0,0,0,0,0,0,0,0,0,0,0,0,0,0,0,0,0,0,0,0,0,0,2,20,0,0,0,0,0,0,0,0,NA,NA,0,0,0,0,0,0,0,0,0,0,0,0,NA,NA,NA,0,0,0,0,0,0,0,NA,0,0,0,0,NA,0,0
00-0037829,S.Burford,Spencer Burford,OT,OL,"https://static.www.nfl.com/image/upload/f_auto,q_auto/league/rizdurffvnwd66ait3pt",2025,REG,SF,1,0,0,0,0,0,0,0,0,0,0,0,0,NA,NA,0,NA,0,0,0,0,0,0,NA,0,0,0,0,0,0,0,0,0,0,NA,0,NA,0,0,0,0,1,0,0,0,0,0,0,0,0,0,0,0,0,0,0,0,0,0,0,0,0,0,0,0,0,0,0,0,0,0,0,NA,NA,0,0,0,0,0,0,0,0,0,0,0,0,NA,NA,NA,0,0,0,0,0,0,0,NA,0,0,0,0,NA,0,0
00-0037830,S.Womack,Samuel Womack,CB,DB,"https://static.www.nfl.com/image/upload/f_auto,q_auto/league/qjqal4jl2itgnfzbliys",2025,REG,TEN,2,0,0,0,0,0,0,0,0,0,0,0,0,NA,NA,0,NA,0,0,0,0,0,0,NA,0,0,0,0,0,0,0,0,0,0,NA,0,NA,0,0,0,0,2,0,2,0,0,0,0,0,0,0,0,1,0,0,0,0,0,0,0,0,0,0,0,0,0,0,0,0,0,0,0,NA,NA,0,0,0,0,0,0,0,0,0,0,0,0,NA,NA,NA,0,0,0,0,0,0,0,NA,0,0,0,0,NA,0,0
00-0037832,K.Davis,Kalia Davis,DT,DL,"https://static.www.nfl.com/image/upload/f_auto,q_auto/league/bqad9jqdvg5tis5i3vgu",2025,REG,SF,11,0,0,0,0,0,0,0,0,0,0,0,0,NA,NA,0,NA,0,0,0,0,0,0,NA,0,0,0,0,0,0,0,0,0,0,NA,0,NA,0,0,0,0,8,0,12,3,9,0,0.5,2.5,2,0,0,1,0,0,0,0,0,0,0,0,0,0,0,0,0,0,0,0,0,0,0,NA,NA,0,0,0,0,0,0,0,0,0,0,0,0,NA,NA,NA,0,0,0,0,0,0,0,NA,0,0,0,0,NA,0,0
00-0037834,B.Purdy,Brock Purdy,QB,QB,"https://static.www.nfl.com/image/upload/f_auto,q_auto/league/xykdxnvxpf9pobxvkjfj",2025,REG,SF,4,90,131,979,8,7,3,-29,1,1,949,455,56,22.17602436943477,4.001450375653803,1,1.0316122233930454,14,39,0,0,0,6,4.442589845886687,0,0,0,0,0,0,0,0,0,0,NA,0,NA,0,0,0,0,0,0,0,0,0,0,0,0,0,0,0,0,0,0,0,0,0,0,0,0,0,0,0,0,0,0,0,0,0,0,0,NA,NA,0,0,0,0,0,0,0,0,0,0,0,0,NA,NA,NA,0,0,0,0,0,0,0,NA,0,0,0,0,NA,61.059999999999995,61.059999999999995
00-0037835,L.Goedeke,Luke Goedeke,OT,OL,"https://static.www.nfl.com/image/upload/f_auto,q_auto/league/umds1rrsxq5kja5kt08g",2025,REG,TB,1,0,0,0,0,0,0,0,0,0,0,0,0,NA,NA,0,NA,0,0,0,0,0,0,NA,0,0,0,0,0,0,0,0,0,0,NA,0,NA,0,0,0,0,0,0,0,0,0,0,0,0,0,0,0,0,0,0,0,0,0,0,0,0,0,1,10,0,0,0,0,0,0,0,0,NA,NA,0,0,0,0,0,0,0,0,0,0,0,0,NA,NA,NA,0,0,0,0,0,0,0,NA,0,0,0,0,NA,0,0
00-0037837,C.Austin,Calvin Austin III,WR,WR,"https://static.www.nfl.com/image/private/f_auto,q_auto/league/qlt6ztqcbu0uzad6aavt",2025,REG,PIT,9,0,0,0,0,0,0,0,0,0,0,0,0,NA,NA,0,NA,0,0,0,0,0,0,NA,0,26,42,278,2,0,0,425,108,10,-4.820288242734181,0,0.6541176470588236,0.13125,0.21606507371631928,0.3481205516014235,0,0,0,0,0,0,0,0,0,0,0,0,0,0,0,0,0,0,0,0,0,0,2,9,6,48,0,0,0,0,0,0,NA,NA,0,0,0,0,0,0,0,0,0,0,0,0,NA,NA,NA,0,0,0,0,0,0,0,NA,0,0,0,0,NA,39.8,65.8
00-0037838,I.Likely,Isaiah Likely,TE,TE,"https://static.www.nfl.com/image/upload/f_auto,q_auto/league/ssrjtyvnyfflobmi0mb8",2025,REG,BAL,7,0,0,0,0,0,0,0,0,0,0,0,0,NA,NA,0,NA,0,0,0,0,0,0,NA,0,13,19,128,0,1,0,144,47,5,-2.2346737543430586,0,0.8888888888888888,0.06909090909090909,0.06466097889537495,0.1488990488631261,0,0,0,0,0,0,0,0,0,0,0,0,0,0,0,0,0,1,1,0,0,0,3,25,0,0,0,0,0,0,0,0,NA,NA,0,0,0,0,0,0,0,0,0,0,0,0,NA,NA,NA,0,0,0,0,0,0,0,NA,0,0,0,0,NA,12.8,25.8
00-0037839,C.Durant,Cobie Durant,CB,DB,"https://static.www.nfl.com/image/upload/f_auto,q_auto/league/vkte59jemwhdeuobis0e",2025,REG,LA,11,0,0,0,0,0,0,0,0,0,0,0,0,NA,NA,0,NA,0,0,0,0,0,0,NA,0,0,0,0,0,0,0,0,0,0,NA,0,NA,0,0,0,0,21,1,6,1,3,0,0,0,0,3,60,7,1,0,0,0,0,0,0,0,0,1,14,0,0,0,0,0,0,0,0,NA,NA,0,0,0,0,0,0,0,0,0,0,0,0,NA,NA,NA,0,0,0,0,0,0,0,NA,0,0,0,0,NA,0,0
00-0037840,K.Williams,Kyren Williams,RB,RB,"https://static.www.nfl.com/image/upload/f_auto,q_auto/league/smsyrjrwy0lf0hu9hkvg",2025,REG,LA,11,0,0,0,0,0,0,0,0,0,0,0,0,NA,NA,0,NA,170,796,6,2,2,50,1.2094847423115382,0,24,32,184,3,0,0,88,96,8,7.410688828104682,0,2.090909090909091,0.08791208791208792,0.02781289506953224,0.15133715841680445,0,0,0,0,0,0,0,0,0,0,0,0,0,0,0,0,0,0,0,0,0,0,0,0,1,8,0,0,0,0,0,0,NA,NA,0,0,0,0,0,0,0,0,0,0,0,0,NA,NA,NA,0,0,0,0,0,0,0,NA,0,0,0,0,NA,148,172
00-0037841,Q.Lake,Quentin Lake,SAF,DB,"https://static.www.nfl.com/image/upload/f_auto,q_auto/league/rhyy4y6kh7kbnuglf7jp",2025,REG,LA,10,0,0,0,0,0,0,0,0,0,0,0,0,NA,NA,0,NA,0,0,0,0,0,0,NA,0,0,0,0,0,0,0,0,0,0,NA,0,NA,0,0,0,0,35,2,24,2,18,1,1,13,2,1,0,10,0,0,0,0,0,0,1,1,0,3,9,0,0,0,0,0,0,0,0,NA,NA,0,0,0,0,0,0,0,0,0,0,0,0,NA,NA,NA,0,0,0,0,0,0,0,NA,0,0,0,0,NA,0,0
00-0037842,D.Kendrick,Derion Kendrick,CB,DB,"https://static.www.nfl.com/image/upload/f_auto,q_auto/league/jqmngrtmkviwleea8i40",2025,REG,SEA,4,0,0,0,0,0,0,0,0,0,0,0,0,NA,NA,0,NA,0,0,0,0,0,0,NA,0,0,0,0,0,0,0,0,0,0,NA,0,NA,0,0,0,0,2,2,3,1,4,0,0,0,0,2,0,5,0,0,0,0,0,0,0,0,0,1,7,0,0,0,0,0,0,0,0,NA,NA,0,0,0,0,0,0,0,0,0,0,0,0,NA,NA,NA,0,0,0,0,0,0,0,NA,0,0,0,0,NA,0,0
00-0037843,D.Hardy,Daniel Hardy,DE,DL,"https://static.www.nfl.com/image/upload/f_auto,q_auto/league/z48xtbtdtknk6e3fonre",2025,REG,CHI,9,0,0,0,0,0,0,0,0,0,0,0,0,NA,NA,0,NA,0,0,0,0,0,0,NA,0,0,0,0,0,0,0,0,0,0,NA,0,NA,0,0,0,0,6,0,11,0,0,0,0,0,1,0,0,0,0,0,0,0,0,0,0,0,0,2,15,0,0,0,0,0,0,0,0,NA,NA,0,0,0,0,0,0,0,0,0,0,0,0,NA,NA,NA,0,0,0,0,0,0,0,NA,0,0,0,0,NA,0,0
00-0038038,K.Hamilton,Kyle Hamilton,SAF,DB,"https://static.www.nfl.com/image/upload/f_auto,q_auto/league/chrrlhiriydmjomv3s2f",2025,REG,BAL,10,0,0,0,0,0,0,0,0,0,0,0,0,NA,NA,0,NA,0,0,0,0,0,0,NA,0,0,0,0,0,0,0,0,0,0,NA,0,NA,0,0,0,0,38,0,31,5,22,2,1,13,4,0,0,6,0,0,0,0,0,0,0,0,0,2,17,0,0,0,0,0,0,0,0,NA,NA,0,0,0,0,0,0,0,0,0,0,0,0,NA,NA,NA,0,0,0,0,0,0,0,NA,0,0,0,0,NA,0,0
00-0038039,J.Jones,Jack Jones,CB,DB,"https://static.www.nfl.com/image/upload/f_auto,q_auto/league/du4dbnopryqdeffnwcwh",2025,REG,MIA,11,0,0,0,0,0,0,0,0,0,0,0,0,NA,NA,0,NA,0,0,0,0,0,0,NA,0,0,0,0,0,0,0,0,0,0,NA,0,NA,0,0,0,0,27,0,15,3,11,2,0,0,0,1,7,5,0,0,0,0,0,0,0,0,0,6,60,0,0,0,0,0,0,0,0,NA,NA,0,0,0,0,0,0,0,0,0,0,0,0,NA,NA,NA,0,0,0,0,0,0,0,NA,0,0,0,0,NA,0,0
00-0038040,Z.White,Zamir White,RB,RB,"https://static.www.nfl.com/image/upload/f_auto,q_auto/league/jzthyqk2ld52f31ka1ir",2025,REG,LV,3,0,0,0,0,0,0,0,0,0,0,0,0,NA,NA,0,NA,10,25,0,0,0,0,-7.445969601743855,0,3,5,19,0,0,0,0,16,0,-1.8705146240746275,0,0,0.014577259475218658,0,0.021865889212827987,0,0,0,0,0,0,0,0,0,0,0,0,0,0,0,0,0,0,0,0,0,0,0,0,0,0,6,149,0,0,0,0,NA,NA,0,0,0,0,0,0,0,0,0,0,0,0,NA,NA,NA,0,0,0,0,0,0,0,NA,0,0,0,0,NA,4.4,7.4
00-0038041,J.Ferguson,Jake Ferguson,TE,TE,"https://static.www.nfl.com/image/upload/f_auto,q_auto/league/ebdz1yf8ky2mscdvyv1v",2025,REG,DAL,11,0,0,0,0,0,0,0,0,0,0,0,0,NA,NA,0,NA,1,1,0,0,0,0,-0.6943626506254077,0,65,77,460,7,2,1,324,246,24,15.668321001887406,0,1.4197530864197532,0.19395465994962216,0.10230502052415535,0.362545504291342,0,1,0,0,0,0,0,0,0,0,0,0,0,0,0,0,0,0,0,0,0,0,2,15,0,0,0,0,0,0,0,0,NA,NA,0,0,0,0,0,0,0,0,0,0,0,0,NA,NA,NA,0,0,0,0,0,0,0,NA,0,0,0,0,NA,86.1,151.1
00-0038043,J.Williams,Joshua Williams,CB,DB,"https://static.www.nfl.com/image/upload/f_auto,q_auto/league/gpyxftvkpvbwrc7srrgt",2025,REG,KC,4,0,0,0,0,0,0,0,0,0,0,0,0,NA,NA,0,NA,0,0,0,0,0,0,NA,0,0,0,0,0,0,0,0,0,0,NA,0,NA,0,0,0,0,2,0,1,0,0,0,0,0,0,0,0,0,0,0,0,0,0,0,0,0,0,2,25,0,0,0,0,0,0,0,0,NA,NA,0,0,0,0,0,0,0,0,0,0,0,0,NA,NA,NA,0,0,0,0,0,0,0,NA,0,0,0,0,NA,0,0
00-0038046,C.Kolar,Charlie Kolar,TE,TE,"https://static.www.nfl.com/image/upload/f_auto,q_auto/league/g75ws8vkqz9cqwifhcy7",2025,REG,BAL,8,0,0,0,0,0,0,0,0,0,0,0,0,NA,NA,0,NA,0,0,0,0,0,0,NA,0,7,11,88,2,0,0,64,35,6,2.2466467690537684,0,1.375,0.04,0.028738212842388863,0.08011674898967219,0,1,0,3,0,0,0,0,0,0,0,0,0,0,0,0,0,0,0,0,0,0,2,13,0,0,0,0,0,0,0,0,NA,NA,0,0,0,0,0,0,0,0,0,0,0,0,NA,NA,NA,0,0,0,0,0,0,0,NA,0,0,0,0,NA,20.8,27.8
00-0038090,S.Moore,Skyy Moore,WR,WR,"https://static.www.nfl.com/image/upload/f_auto,q_auto/league/fadcpretmhczwjq8ovae",2025,REG,SF,12,0,0,0,0,0,0,0,0,0,0,0,0,NA,NA,0,NA,1,1,0,0,0,0,-0.4833347713574767,0,4,6,64,0,0,0,89,27,4,2.7178505572956055,0,0.7191011235955056,0.014778325123152709,0.028961926456231694,0.042440836204091253,0,0,0,0,0,0,0,0,0,0,0,0,0,0,1,0,0,1,1,0,0,0,0,0,18,185,24,679,0,0,0,0,NA,NA,0,0,0,0,0,0,0,0,0,0,0,0,NA,NA,NA,0,0,0,0,0,0,0,NA,0,0,0,0,NA,6.5,10.5
00-0038094,J.Stout,Jordan Stout,P,SPEC,"https://static.www.nfl.com/image/upload/f_auto,q_auto/league/ta8m8jfnaotfjnasvy2e",2025,REG,BAL,11,0,0,0,0,0,0,0,0,0,0,0,0,NA,NA,0,NA,0,0,0,0,0,0,NA,0,0,0,0,0,0,0,0,0,0,NA,0,NA,0,0,0,0,1,0,0,0,0,0,0,0,0,0,0,0,0,0,0,0,0,0,0,0,0,0,0,0,0,0,0,0,0,0,0,NA,NA,0,0,0,0,0,0,0,0,0,0,0,0,NA,NA,NA,0,0,0,0,0,0,0,NA,0,0,0,0,NA,0,0
00-0038099,P.Mathis,Phidarian Mathis,DT,DL,"https://static.www.nfl.com/image/upload/f_auto,q_auto/league/sad9ieuv0z3maak06mir",2025,REG,BUF,2,0,0,0,0,0,0,0,0,0,0,0,0,NA,NA,0,NA,0,0,0,0,0,0,NA,0,0,0,0,0,0,0,0,0,0,NA,0,NA,0,0,0,0,2,0,1,0,0,0,0,0,0,0,0,0,0,0,0,0,0,0,0,0,0,0,0,0,0,0,0,0,0,0,0,NA,NA,0,0,0,0,0,0,0,0,0,0,0,0,NA,NA,NA,0,0,0,0,0,0,0,NA,0,0,0,0,NA,0,0
00-0038100,P.Butler,Percy Butler,SAF,DB,"https://static.www.nfl.com/image/upload/f_auto,q_auto/league/a91iobuedgc4i8c8jq7j",2025,REG,WAS,8,0,0,0,0,0,0,0,0,0,0,0,0,NA,NA,0,NA,0,0,0,0,0,0,NA,0,0,0,0,0,0,0,0,0,0,NA,0,NA,0,0,0,0,8,0,4,0,0,0,0,0,0,0,0,0,0,0,0,0,0,0,0,0,0,1,5,0,0,0,0,0,0,0,0,NA,NA,0,0,0,0,0,0,0,0,0,0,0,0,NA,NA,NA,0,0,0,0,0,0,0,NA,0,0,0,0,NA,0,0
00-0038101,A.Evans,Akayleb Evans,CB,DB,"https://static.www.nfl.com/image/upload/f_auto,q_auto/league/anmntl6frvbrhct3tzn1",2025,REG,CAR,5,0,0,0,0,0,0,0,0,0,0,0,0,NA,NA,0,NA,0,0,0,0,0,0,NA,0,0,0,0,0,0,0,0,0,0,NA,0,NA,0,0,0,0,4,0,2,0,0,0,0,0,0,0,0,0,0,0,0,0,0,0,0,0,0,1,5,0,0,0,0,0,0,0,0,NA,NA,0,0,0,0,0,0,0,0,0,0,0,0,NA,NA,NA,0,0,0,0,0,0,0,NA,0,0,0,0,NA,0,0
00-0038102,K.Pickett,Kenny Pickett,QB,QB,"https://static.www.nfl.com/image/upload/f_auto,q_auto/league/nfdzmyfr8eup5uuojjdw",2025,REG,LV,2,2,3,8,0,0,0,0,0,0,5,7,0,-1.738656296627596,-11.879881223042805,0,1.6,1,0,0,1,1,1,-5.254494279040955,0,0,0,0,0,0,0,0,0,0,NA,0,NA,0,0,0,0,0,0,0,0,0,0,0,0,0,0,0,0,0,0,0,0,0,1,0,0,0,0,0,0,0,0,0,0,0,0,0,NA,NA,0,0,0,0,0,0,0,0,0,0,0,0,NA,NA,NA,0,0,0,0,0,0,0,NA,0,0,0,0,NA,-1.68,-1.68
00-0038103,C.Strange,Cole Strange,G,OL,"https://static.www.nfl.com/image/upload/f_auto,q_auto/league/rnuyg2ipah0b18vkxiqz",2025,REG,MIA,2,0,0,0,0,0,0,0,0,0,0,0,0,NA,NA,0,NA,0,0,0,0,0,0,NA,0,0,0,0,0,0,0,0,0,0,NA,0,NA,0,0,0,0,0,0,0,0,0,0,0,0,0,0,0,0,0,0,0,0,0,0,0,0,0,2,15,0,0,0,0,0,0,0,0,NA,NA,0,0,0,0,0,0,0,0,0,0,0,0,NA,NA,NA,0,0,0,0,0,0,0,NA,0,0,0,0,NA,0,0
00-0038104,T.Thornton,Tyquan Thornton,WR,WR,"https://static.www.nfl.com/image/upload/f_auto,q_auto/league/bjqzuempyiwxe0hl7e5a",2025,REG,KC,9,0,0,0,0,0,0,0,0,0,0,0,0,NA,NA,0,NA,0,0,0,0,0,0,NA,0,15,31,372,3,0,0,845,54,12,20.912908240301157,0,0.44023668639053254,0.08031088082901554,0.2555185969156335,0.29932933908446674,0,1,0,0,0,0,1,0,0,0,0,0,0,0,0,0,0,0,0,0,0,0,0,0,0,0,10,286,0,0,0,0,NA,NA,0,0,0,0,0,0,0,0,0,0,0,0,NA,NA,NA,0,0,0,0,0,0,0,NA,0,0,0,0,NA,55.2,70.2
00-0038106,E.Uwazurike,Eyioma Uwazurike,DT,DL,"https://static.www.nfl.com/image/upload/f_auto,q_auto/league/tkr7tz1k8al4ddckvjz6",2025,REG,DEN,11,0,0,0,0,0,0,0,0,0,0,0,0,NA,NA,0,NA,0,0,0,0,0,0,NA,0,0,0,0,0,0,0,0,0,0,NA,0,NA,0,0,0,0,13,0,14,3,7,0,2.5,8.5,2,0,0,0,0,0,0,0,0,0,0,0,0,1,0,0,0,0,0,0,0,0,0,NA,NA,0,0,0,0,0,0,0,0,0,0,0,0,NA,NA,NA,0,0,0,0,0,0,0,NA,0,0,0,0,NA,0,0
00-0038107,M.Clemons,Micheal Clemons,DE,DL,"https://static.www.nfl.com/image/upload/f_auto,q_auto/league/bclys2f80w1v5klsswky",2025,REG,NYJ,9,0,0,0,0,0,0,0,0,0,0,0,0,NA,NA,0,NA,0,0,0,0,0,0,NA,0,0,0,0,0,0,0,0,0,0,NA,0,NA,0,0,0,0,6,0,7,1,6,0,0,0,2,0,0,1,0,0,0,0,0,0,0,0,0,2,30,0,0,0,0,0,0,0,0,NA,NA,0,0,0,0,0,0,0,0,0,0,0,0,NA,NA,NA,0,0,0,0,0,0,0,NA,0,0,0,0,NA,0,0
00-0038111,K.Gordon,Kyler Gordon,CB,DB,"https://static.www.nfl.com/image/upload/f_auto,q_auto/league/bx1snjc1rdkqpytb6bvu",2025,REG,CHI,2,0,0,0,0,0,0,0,0,0,0,0,0,NA,NA,0,NA,0,0,0,0,0,0,NA,0,0,0,0,0,0,0,0,0,0,NA,0,NA,0,0,0,0,4,0,2,1,4,0,1,4,1,0,0,0,0,0,0,0,0,0,1,1,0,1,15,0,0,0,0,0,0,0,0,NA,NA,0,0,0,0,0,0,0,0,0,0,0,0,NA,NA,NA,0,0,0,0,0,0,0,NA,0,0,0,0,NA,0,0
00-0038112,C.Jurgens,Cam Jurgens,C,OL,"https://static.www.nfl.com/image/upload/f_auto,q_auto/league/gksconutf766u40keyxr",2025,REG,PHI,3,0,0,0,0,0,0,0,0,0,0,0,0,NA,NA,0,NA,0,0,0,0,0,0,NA,0,0,0,0,0,0,0,0,0,0,NA,0,NA,0,0,0,0,0,0,0,0,0,0,0,0,0,0,0,0,0,0,0,0,0,1,0,0,0,2,15,0,0,0,0,0,0,0,0,NA,NA,0,0,0,0,0,0,0,0,0,0,0,0,NA,NA,NA,0,0,0,0,0,0,0,NA,0,0,0,0,NA,0,0
00-0038115,D.Bellinger,Daniel Bellinger,TE,TE,"https://static.www.nfl.com/image/upload/f_auto,q_auto/league/hu3gywcwp2rlsefvawh1",2025,REG,NYG,10,0,0,0,0,0,0,0,0,0,0,0,0,NA,NA,0,NA,0,0,0,0,0,0,NA,0,12,17,202,1,0,0,203,60,9,13.843255605286686,0,0.9950738916256158,0.04607046070460705,0.059114735002912054,0.110486005558949,0,1,0,0,0,0,0,0,0,0,0,0,0,0,0,0,0,0,0,0,0,0,3,20,0,0,0,0,0,0,0,0,NA,NA,0,0,0,0,0,0,0,0,0,0,0,0,NA,NA,NA,0,0,0,0,0,0,0,NA,0,0,0,0,NA,26.200000000000003,38.2
00-0038116,A.Ebiketie,Arnold Ebiketie,LB,LB,"https://static.www.nfl.com/image/upload/f_auto,q_auto/league/w5sjq8cj5tdar5ttlll7",2025,REG,ATL,11,0,0,0,0,0,0,0,0,0,0,0,0,NA,NA,0,NA,0,0,0,0,0,0,NA,0,0,0,0,0,0,0,0,0,0,NA,0,NA,0,0,0,0,14,1,15,4,21,0,1,11,4,0,0,0,0,0,0,0,0,0,0,0,0,0,0,0,0,0,0,0,0,0,0,NA,NA,0,0,0,0,0,0,0,0,0,0,0,0,NA,NA,NA,0,0,0,0,0,0,0,NA,0,0,0,0,NA,0,0
00-0038117,W.Robinson,Wan'Dale Robinson,WR,WR,"https://static.www.nfl.com/image/upload/f_auto,q_auto/league/yzcvyhmilvxedfjfjglc",2025,REG,NYG,12,0,0,0,0,0,0,0,0,0,0,0,0,NA,NA,0,NA,2,2,0,0,0,1,2.161739816190675,0,66,102,794,3,1,0,901,299,32,18.885624561399098,0,0.881243063263041,0.2764227642276423,0.2623762376237624,0.5982975126780972,0,1,0,0,0,0,0,0,0,0,0,0,0,0,0,0,0,0,0,0,0,0,2,10,0,0,2,41,0,0,0,0,NA,NA,0,0,0,0,0,0,0,0,0,0,0,0,NA,NA,NA,0,0,0,0,0,0,0,NA,0,0,0,0,NA,97.60000000000001,163.60000000000002
00-0038118,D.Faalele,Daniel Faalele,G,OL,"https://static.www.nfl.com/image/upload/f_auto,q_auto/league/hx7hfkjs2mzqa5sjm9na",2025,REG,BAL,2,0,0,0,0,0,0,0,0,0,0,0,0,NA,NA,0,NA,0,0,0,0,0,0,NA,0,0,0,0,0,0,0,0,0,0,NA,0,NA,0,0,0,0,0,0,0,0,0,0,0,0,0,0,0,0,0,0,0,0,0,0,0,0,0,3,20,0,0,0,0,0,0,0,0,NA,NA,0,0,0,0,0,0,0,0,0,0,0,0,NA,NA,NA,0,0,0,0,0,0,0,NA,0,0,0,0,NA,0,0
00-0038119,J.Armour-Davis,Jalyn Armour-Davis,CB,DB,"https://static.www.nfl.com/image/upload/f_auto,q_auto/league/stfweqraa3ezp6xtcqut",2025,REG,TEN,9,0,0,0,0,0,0,0,0,0,0,0,0,NA,NA,0,NA,0,0,0,0,0,0,NA,0,0,0,0,0,0,0,0,0,0,NA,0,NA,0,0,0,0,15,2,15,1,1,0,0,0,0,0,0,2,0,0,0,0,0,0,0,0,0,2,19,0,0,0,0,0,0,0,0,NA,NA,0,0,0,0,0,0,0,0,0,0,0,0,NA,NA,NA,0,0,0,0,0,0,0,NA,0,0,0,0,NA,0,0
00-0038120,B.Hall,Breece Hall,RB,RB,"https://static.www.nfl.com/image/upload/f_auto,q_auto/league/m3dviruymtm2wl2zcpmr",2025,REG,NYJ,11,1,1,4,1,0,0,0,0,0,4,0,1,1.194561611104291,56.87534511089325,0,1,168,766,2,2,2,43,-14.920527336420491,0,28,37,301,1,0,0,33,265,10,10.29081533196891,0,9.121212121212121,0.12802768166089964,0.015020482476103778,0.20255586022462213,0,0,0,0,0,0,0,0,0,0,0,0,0,0,0,0,0,1,1,0,0,0,1,5,0,0,0,0,0,0,0,0,NA,NA,0,0,0,0,0,0,0,0,0,0,0,0,NA,NA,NA,0,0,0,0,0,0,0,NA,0,0,0,0,NA,124.86000000000001,152.86
00-0038121,A.Taylor,Alontae Taylor,CB,DB,"https://static.www.nfl.com/image/upload/f_auto,q_auto/league/n5x6q4v3rj8lrkiiva0h",2025,REG,NO,11,0,0,0,0,0,0,0,0,0,0,0,0,NA,NA,0,NA,0,0,0,0,0,0,NA,0,0,0,0,0,0,0,0,0,0,NA,0,NA,0,0,0,0,37,1,18,5,27,0,1,15,1,1,11,5,0,0,0,0,0,0,0,0,0,2,4,0,0,0,0,0,0,0,0,NA,NA,0,0,0,0,0,0,0,0,0,0,0,0,NA,NA,NA,0,0,0,0,0,0,0,NA,0,0,0,0,NA,0,0
00-0038123,D.Belton,Dane Belton,SAF,DB,"https://static.www.nfl.com/image/upload/f_auto,q_auto/league/dteu26qeqai20d4da21f",2025,REG,NYG,12,0,0,0,0,0,0,0,0,0,0,0,0,NA,NA,0,NA,0,0,0,0,0,0,NA,0,0,0,0,0,0,0,0,0,0,NA,0,NA,0,0,0,0,36,0,42,1,5,1,0,0,0,0,0,3,0,0,0,0,0,0,0,0,0,3,57,0,0,0,0,0,0,0,0,NA,NA,0,0,0,0,0,0,0,0,0,0,0,0,NA,NA,NA,0,0,0,0,0,0,0,NA,0,0,0,0,NA,0,0
00-0038124,C.Watson,Christian Watson,WR,WR,"https://static.www.nfl.com/image/upload/f_auto,q_auto/league/syljognztlbghfeqyqn1",2025,REG,GB,5,0,0,0,0,0,0,0,0,0,0,0,0,NA,NA,0,NA,0,0,0,0,0,0,NA,0,17,24,283,2,0,0,472,30,13,17.733443292614538,0,0.5995762711864406,0.07667731629392971,0.17526921648718902,0.23770442598192687,0,0,0,0,0,0,0,0,0,0,0,0,0,0,0,0,0,0,0,0,0,0,1,5,0,0,0,0,0,0,0,0,NA,NA,0,0,0,0,0,0,0,0,0,0,0,0,NA,NA,NA,0,0,0,0,0,0,0,NA,0,0,0,0,NA,40.3,57.3
00-0038125,R.McCreary,Roger McCreary,CB,DB,"https://static.www.nfl.com/image/upload/f_auto,q_auto/league/ntg1yix4ehhorke1zxkb",2025,REG,TEN,8,0,0,0,0,0,0,0,0,0,0,0,0,NA,NA,0,NA,0,0,0,0,0,0,NA,0,0,0,0,0,0,0,0,0,0,NA,0,NA,0,0,0,0,21,0,12,1,9,0,1,9,1,1,0,2,0,0,0,0,0,0,0,0,0,1,5,0,0,0,0,0,0,0,0,NA,NA,0,0,0,0,0,0,0,0,0,0,0,0,NA,NA,NA,0,0,0,0,0,0,0,NA,0,0,0,0,NA,0,0
00-0038127,L.Hall,Logan Hall,DE,DL,"https://static.www.nfl.com/image/upload/f_auto,q_auto/league/bwkyc5onugo39cqnsa4e",2025,REG,TB,11,0,0,0,0,0,0,0,0,0,0,0,0,NA,NA,0,NA,0,0,0,0,0,0,NA,0,0,0,0,0,0,0,0,0,0,NA,0,NA,0,0,0,0,8,1,11,1,2,0,0.5,4,3,0,0,1,0,0,0,0,0,0,0,0,0,3,45,0,0,0,0,0,0,0,0,NA,NA,0,0,0,0,0,0,0,0,0,0,0,0,NA,NA,NA,0,0,0,0,0,0,0,NA,0,0,0,0,NA,0,0
00-0038128,M.Willis,Malik Willis,QB,QB,"https://static.www.nfl.com/image/upload/f_auto,q_auto/league/hsnetccy7bquili3gcqq",2025,REG,GB,2,3,3,13,1,0,0,0,0,0,4,9,2,2.441917127056513,32.760573426882424,0,3.25,3,19,0,0,0,2,-0.03412949474295601,0,0,0,0,0,0,0,0,0,0,NA,0,NA,0,0,0,0,0,0,0,0,0,0,0,0,0,0,0,0,0,0,0,0,0,0,0,0,0,0,0,0,0,0,0,0,0,0,0,NA,NA,0,0,0,0,0,0,0,0,0,0,0,0,NA,NA,NA,0,0,0,0,0,0,0,NA,0,0,0,0,NA,6.42,6.42
00-0038129,C.Otton,Cade Otton,TE,TE,"https://static.www.nfl.com/image/upload/f_auto,q_auto/league/dlgxvfpnufpnxkvu1ynb",2025,REG,TB,10,0,0,0,0,0,0,0,0,0,0,0,0,NA,NA,0,NA,0,0,0,0,0,0,NA,0,41,60,402,0,0,0,317,216,18,-1.983975555019601,0,1.2681388012618298,0.16483516483516483,0.10379829731499672,0.31991155537324495,0,2,0,0,0,0,0,0,0,0,0,0,0,0,0,0,0,0,0,0,0,0,3,15,0,0,0,0,0,0,0,0,NA,NA,0,0,0,0,0,0,0,0,0,0,0,0,NA,NA,NA,0,0,0,0,0,0,0,NA,0,0,0,0,NA,40.2,81.2
00-0038131,E.Ingram,Ed Ingram,G,OL,"https://static.www.nfl.com/image/upload/f_auto,q_auto/league/zcqlqfil0ci0v8eftkub",2025,REG,HOU,1,0,0,0,0,0,0,0,0,0,0,0,0,NA,NA,0,NA,0,0,0,0,0,0,NA,0,0,0,0,0,0,0,0,0,0,NA,0,NA,0,0,0,0,0,0,0,0,0,0,0,0,0,0,0,0,0,0,0,0,0,0,0,0,0,1,15,0,0,0,0,0,0,0,0,NA,NA,0,0,0,0,0,0,0,0,0,0,0,0,NA,NA,NA,0,0,0,0,0,0,0,NA,0,0,0,0,NA,0,0
00-0038133,B.Mafe,Boye Mafe,LB,LB,"https://static.www.nfl.com/image/upload/f_auto,q_auto/league/smudeksouwxr6zynwcws",2025,REG,SEA,11,0,0,0,0,0,0,0,0,0,0,0,0,NA,NA,0,NA,0,0,0,0,0,0,NA,0,0,0,0,0,0,0,0,0,0,NA,0,NA,0,0,0,0,6,0,10,3,26,0,1,15,3,0,0,3,0,0,0,0,0,0,0,0,0,1,5,0,0,0,0,0,0,0,0,NA,NA,0,0,0,0,0,0,0,0,0,0,0,0,NA,NA,NA,0,0,0,0,0,0,0,NA,0,0,0,0,NA,0,0
00-0038134,K.Walker,Kenneth Walker III,RB,RB,"https://static.www.nfl.com/image/upload/f_auto,q_auto/league/mnzsnemdzbey5hbahdhk",2025,REG,SEA,11,0,0,0,0,0,0,0,0,0,0,0,0,NA,NA,0,NA,147,677,4,0,0,34,-7.0609962452629595,0,17,19,157,0,0,0,-7,168,6,4.4959670833458745,0,-22.428571428571427,0.06643356643356643,-0.0025925925925925925,0.09783553483553484,0,0,0,0,0,0,0,0,0,0,0,0,0,0,0,0,0,0,0,0,0,0,1,15,0,0,0,0,0,0,0,0,NA,NA,0,0,0,0,0,0,0,0,0,0,0,0,NA,NA,NA,0,0,0,0,0,0,0,NA,0,0,0,0,NA,107.4,124.4
00-0038135,J.Brisker,Jaquan Brisker,SAF,DB,"https://static.www.nfl.com/image/upload/f_auto,q_auto/league/f21nhdemlyjvrtq9j01z",2025,REG,CHI,11,0,0,0,0,0,0,0,0,0,0,0,0,NA,NA,0,NA,0,0,0,0,0,0,NA,0,0,0,0,0,0,0,0,0,0,NA,0,NA,0,0,0,0,31,2,23,1,9,0,1,9,3,1,32,4,0,0,0,0,0,0,0,0,0,2,30,0,0,0,0,0,0,0,0,NA,NA,0,0,0,0,0,0,0,0,0,0,0,0,NA,NA,NA,0,0,0,0,0,0,0,NA,0,0,0,0,NA,0,0
00-0038136,C.Bryant,Coby Bryant,SAF,DB,"https://static.www.nfl.com/image/upload/f_auto,q_auto/league/dx8iy9fohocha1eh4k58",2025,REG,SEA,11,0,0,0,0,0,0,0,0,0,0,0,0,NA,NA,0,NA,0,0,0,0,0,0,NA,0,0,0,0,0,0,0,0,0,0,NA,0,NA,0,0,0,0,33,1,19,4,6,1,0,0,0,2,43,5,0,1,0,0,0,0,0,0,0,0,0,0,0,0,0,0,0,0,0,NA,NA,0,0,0,0,0,0,0,0,0,0,0,0,NA,NA,NA,0,0,0,0,0,0,0,NA,0,0,0,0,NA,0,0
00-0038142,D.Ojabo,David Ojabo,LB,LB,"https://static.www.nfl.com/image/upload/f_auto,q_auto/league/zhwq0frk3h6ni3uw4btp",2025,REG,BAL,7,0,0,0,0,0,0,0,0,0,0,0,0,NA,NA,0,NA,0,0,0,0,0,0,NA,0,0,0,0,0,0,0,0,0,0,NA,0,NA,0,0,0,0,2,0,8,0,0,0,0.5,5,2,0,0,0,0,0,0,0,0,0,0,0,0,0,0,0,0,0,0,0,0,0,0,NA,NA,0,0,0,0,0,0,0,0,0,0,0,0,NA,NA,NA,0,0,0,0,0,0,0,NA,0,0,0,0,NA,0,0
00-0038152,L.Havrisik,Lucas Havrisik,K,SPEC,"https://static.www.nfl.com/image/upload/f_auto,q_auto/league/dpkfsna78iqtafg1fpdm",2025,REG,GB,3,0,0,0,0,0,0,0,0,0,0,0,0,NA,NA,0,NA,0,0,0,0,0,0,NA,0,0,0,0,0,0,0,0,0,0,NA,0,NA,0,0,0,0,0,0,0,0,0,0,0,0,0,0,0,0,0,0,0,0,0,0,0,0,0,0,0,0,0,0,0,4,4,0,0,61,1,0,0,2,1,0,1,0,0,0,0,0,0,43;39;31;61,NA,NA,174,0,0,7,9,2,0,0.7777777777777778,0,0,0,0,NA,0,0
00-0038359,X.Smith,Xavier Smith,WR,WR,"https://static.www.nfl.com/image/upload/f_auto,q_auto/league/fk4gtziqefw5etqfylbe",2025,REG,LA,10,0,0,0,0,0,0,0,0,0,0,0,0,NA,NA,0,NA,0,0,0,0,0,0,NA,0,7,10,85,0,0,0,152,28,3,4.259658721683081,0,0.5592105263157895,0.027472527472527472,0.04804045512010114,0.07483710979286201,0,1,0,3,0,0,0,0,0,0,0,0,0,0,0,0,0,0,0,0,0,0,1,10,18,142,12,274,0,0,0,0,NA,NA,0,0,0,0,0,0,0,0,0,0,0,0,NA,NA,NA,0,0,0,0,0,0,0,NA,0,0,0,0,NA,8.5,15.5
00-0038360,A.Ward,Alex Ward,LS,SPEC,"https://static.www.nfl.com/image/upload/f_auto,q_auto/league/bck0h02cdfjklvhxe9vq",2025,REG,LA,2,0,0,0,0,0,0,0,0,0,0,0,0,NA,NA,0,NA,0,0,0,0,0,0,NA,0,0,0,0,0,0,0,0,0,0,NA,0,NA,0,0,0,0,0,0,1,0,0,0,0,0,0,0,0,0,0,0,0,0,0,0,0,0,0,1,5,0,0,0,0,0,0,0,0,NA,NA,0,0,0,0,0,0,0,0,0,0,0,0,NA,NA,NA,0,0,0,0,0,0,0,NA,0,0,0,0,NA,0,0
00-0038381,K.Kelly,Kyu Blu Kelly,CB,DB,"https://static.www.nfl.com/image/upload/f_auto,q_auto/league/jmwlrbcsuzckrohnwgdu",2025,REG,LV,10,0,0,0,0,0,0,0,0,0,0,0,0,NA,NA,0,NA,0,0,0,0,0,0,NA,0,0,0,0,0,0,0,0,0,0,NA,0,NA,0,0,0,0,28,0,9,1,6,0,0,0,0,2,26,5,0,0,0,0,0,0,1,1,0,3,43,0,0,0,0,0,0,0,0,NA,NA,0,0,0,0,0,0,0,0,0,0,0,0,NA,NA,NA,0,0,0,0,0,0,0,NA,0,0,0,0,NA,0,0
00-0038383,A.Vorhees,Andrew Vorhees,G,OL,"https://static.www.nfl.com/image/upload/f_auto,q_auto/league/nbfqkv3mynu7fgmrt7fc",2025,REG,BAL,1,0,0,0,0,0,0,0,0,0,0,0,0,NA,NA,0,NA,0,0,0,0,0,0,NA,0,0,0,0,0,0,0,0,0,0,NA,0,NA,0,0,0,0,0,0,0,0,0,0,0,0,0,0,0,0,0,0,0,0,0,0,0,0,0,1,5,0,0,0,0,0,0,0,0,NA,NA,0,0,0,0,0,0,0,0,0,0,0,0,NA,NA,NA,0,0,0,0,0,0,0,NA,0,0,0,0,NA,0,0
00-0038386,J.Carter,Jalen Carter,DT,DL,"https://static.www.nfl.com/image/upload/f_auto,q_auto/league/dxkrjv1ihimkwj9xahsz",2025,REG,PHI,10,0,0,0,0,0,0,0,0,0,0,0,0,NA,NA,0,NA,0,0,0,0,0,0,NA,0,0,0,0,0,0,0,0,0,0,NA,0,NA,0,0,0,0,15,2,11,2,9,0,1,8,10,0,0,4,0,0,0,0,0,0,0,0,0,4,44,0,0,0,0,0,0,0,0,NA,NA,0,0,0,0,0,0,0,0,0,0,0,0,NA,NA,NA,0,0,0,0,0,0,0,NA,0,0,0,0,NA,0,0
00-0038387,C.Wooden,Colby Wooden,DE,DL,"https://static.www.nfl.com/image/upload/f_auto,q_auto/league/fwupcm9mwqoufrt6sz2z",2025,REG,GB,10,0,0,0,0,0,0,0,0,0,0,0,0,NA,NA,0,NA,0,0,0,0,0,0,NA,0,0,0,0,0,0,0,0,0,0,NA,0,NA,0,0,0,0,17,2,17,6,10,0,0,0,2,0,0,0,0,0,0,0,0,0,0,0,0,1,4,0,0,0,0,0,0,0,0,NA,NA,0,0,0,0,0,0,0,0,0,0,0,0,NA,NA,NA,0,0,0,0,0,0,0,NA,0,0,0,0,NA,0,0
00-0038390,N.Sewell,Noah Sewell,LB,LB,"https://static.www.nfl.com/image/upload/f_auto,q_auto/league/sw5wea1zlc1drxoisej0",2025,REG,CHI,9,0,0,0,0,0,0,0,0,0,0,0,0,NA,NA,0,NA,0,0,0,0,0,0,NA,0,0,0,0,0,0,0,0,0,0,NA,0,NA,0,0,0,0,30,1,24,3,3,1,0,0,0,0,0,0,0,0,0,0,0,0,0,0,0,3,35,0,0,0,0,0,0,0,0,NA,NA,0,0,0,0,0,0,0,0,0,0,0,0,NA,NA,NA,0,0,0,0,0,0,0,NA,0,0,0,0,NA,0,0
00-0038392,D.Scott,Daniel Scott,SAF,DB,"https://static.www.nfl.com/image/upload/f_auto,q_auto/league/bulecjnldnf3tgw1f1bq",2025,REG,IND,2,0,0,0,0,0,0,0,0,0,0,0,0,NA,NA,0,NA,0,0,0,0,0,0,NA,0,0,0,0,0,0,0,0,0,0,NA,0,NA,0,0,0,0,2,0,0,0,0,0,0,0,0,0,0,0,0,0,0,0,0,0,0,0,0,1,7,0,0,0,0,0,0,0,0,NA,NA,0,0,0,0,0,0,0,0,0,0,0,0,NA,NA,NA,0,0,0,0,0,0,0,NA,0,0,0,0,NA,0,0
00-0038393,D.Wicks,Dontayvion Wicks,WR,WR,"https://static.www.nfl.com/image/upload/f_auto,q_auto/league/er7pbyq82nsbw1w3wyor",2025,REG,GB,9,0,0,0,0,0,0,0,0,0,0,0,0,NA,NA,0,NA,0,0,0,0,0,0,NA,0,20,34,213,0,0,0,395,51,15,4.686198180781444,0,0.5392405063291139,0.10862619808306709,0.14667656888228742,0.26561289534220184,0,0,0,0,0,0,0,0,0,0,0,0,0,0,0,0,0,0,0,0,0,0,0,0,0,0,0,0,0,0,0,0,NA,NA,0,0,0,0,0,0,0,0,0,0,0,0,NA,NA,NA,0,0,0,0,0,0,0,NA,0,0,0,0,NA,21.3,41.3
00-0038396,E.Gray,Eric Gray,RB,RB,"https://static.www.nfl.com/image/upload/f_auto,q_auto/league/ijjxwxv1ccyowzhpuw2k",2025,REG,NYG,1,0,0,0,0,0,0,0,0,0,0,0,0,NA,NA,0,NA,0,0,0,0,0,0,NA,0,0,0,0,0,0,0,0,0,0,NA,0,NA,0,0,0,0,0,0,0,0,0,0,0,0,0,0,0,0,0,0,0,0,0,0,0,0,0,0,0,0,0,2,41,0,0,0,0,NA,NA,0,0,0,0,0,0,0,0,0,0,0,0,NA,NA,NA,0,0,0,0,0,0,0,NA,0,0,0,0,NA,0,0
00-0038398,K.Brooks,Karl Brooks,DT,DL,"https://static.www.nfl.com/image/upload/f_auto,q_auto/league/qfyjyfmkoutz6s3ffy12",2025,REG,GB,8,0,0,0,0,0,0,0,0,0,0,0,0,NA,NA,0,NA,0,0,0,0,0,0,NA,0,0,0,0,0,0,0,0,0,0,NA,0,NA,0,0,0,0,3,1,13,0,0,0,0.5,1,5,0,0,1,0,0,0,0,0,0,0,0,0,1,15,0,0,0,0,0,0,0,0,NA,NA,0,0,0,0,0,0,0,0,0,0,0,0,NA,NA,NA,0,0,0,0,0,0,0,NA,0,0,0,0,NA,0,0
00-0038399,Z.Barnes,Zaire Barnes,LB,LB,"https://static.www.nfl.com/image/upload/f_auto,q_auto/league/nxul8agf3bcubh8wie1g",2025,REG,NYG,6,0,0,0,0,0,0,0,0,0,0,0,0,NA,NA,0,NA,0,0,0,0,0,0,NA,0,0,0,0,0,0,0,0,0,0,NA,0,NA,0,0,0,0,8,1,6,1,3,0,0,0,0,0,0,0,0,0,0,0,0,0,0,0,0,1,10,0,0,0,0,0,0,0,0,NA,NA,0,0,0,0,0,0,0,0,0,0,0,0,NA,NA,NA,0,0,0,0,0,0,0,NA,0,0,0,0,NA,0,0
00-0038400,T.McKee,Tanner McKee,QB,QB,"https://static.www.nfl.com/image/upload/f_auto,q_auto/league/oveivzhzv13jrfvkp8zg",2025,REG,PHI,1,0,0,0,0,0,0,0,0,0,0,0,0,NA,NA,0,NA,3,-2,0,0,0,0,-3.634464951697737,0,0,0,0,0,0,0,0,0,0,NA,0,NA,0,0,0,0,0,0,0,0,0,0,0,0,0,0,0,0,0,0,0,0,0,0,0,0,0,0,0,0,0,0,0,0,0,0,0,NA,NA,0,0,0,0,0,0,0,0,0,0,0,0,NA,NA,NA,0,0,0,0,0,0,0,NA,0,0,0,0,NA,-0.2,-0.2
00-0038401,J.Bernard-Converse,Jarrick Bernard-Converse,CB,DB,"https://static.www.nfl.com/image/upload/f_auto,q_auto/league/qijokuz8ptkewjqktjm4",2025,REG,NYG,2,0,0,0,0,0,0,0,0,0,0,0,0,NA,NA,0,NA,0,0,0,0,0,0,NA,0,0,0,0,0,0,0,0,0,0,NA,0,NA,0,0,0,0,0,0,4,0,0,0,0,0,0,0,0,0,0,0,0,0,0,0,0,0,0,0,0,0,0,0,0,0,0,0,0,NA,NA,0,0,0,0,0,0,0,0,0,0,0,0,NA,NA,NA,0,0,0,0,0,0,0,NA,0,0,0,0,NA,0,0
00-0038407,J.Jones,Jaylon Jones,CB,DB,"https://static.www.nfl.com/image/upload/f_auto,q_auto/league/wa0dnjnbqq4emnlkykd4",2025,REG,IND,3,0,0,0,0,0,0,0,0,0,0,0,0,NA,NA,0,NA,0,0,0,0,0,0,NA,0,0,0,0,0,0,0,0,0,0,NA,0,NA,0,0,0,0,4,0,3,1,2,0,0,0,0,0,0,2,0,0,0,0,0,0,0,0,0,1,15,0,0,0,0,0,0,0,0,NA,NA,0,0,0,0,0,0,0,0,0,0,0,0,NA,NA,NA,0,0,0,0,0,0,0,NA,0,0,0,0,NA,0,0
00-0038408,C.Valentine,Carrington Valentine,CB,DB,"https://static.www.nfl.com/image/upload/f_auto,q_auto/league/wtkzctyceullg5napiwx",2025,REG,GB,9,0,0,0,0,0,0,0,0,0,0,0,0,NA,NA,0,NA,0,0,0,0,0,0,NA,0,0,0,0,0,0,0,0,0,0,NA,0,NA,0,0,0,0,17,0,3,0,0,0,0,0,0,0,0,3,0,0,0,0,0,0,0,0,0,1,1,0,0,0,0,0,0,0,0,NA,NA,0,0,0,0,0,0,0,0,0,0,0,0,NA,NA,NA,0,0,0,0,0,0,0,NA,0,0,0,0,NA,0,0
00-0038409,L.Nichols,Lew Nichols III,RB,RB,"https://static.www.nfl.com/image/upload/f_auto,q_auto/league/pjwn4p2al5oaxyay4z5q",2025,REG,PIT,1,0,0,0,0,0,0,0,0,0,0,0,0,NA,NA,0,NA,0,0,0,0,0,0,NA,0,0,0,0,0,0,0,0,0,0,NA,0,NA,0,0,0,0,0,0,1,0,0,0,0,0,0,0,0,0,0,0,0,0,0,0,0,0,0,0,0,0,0,0,0,0,0,0,0,NA,NA,0,0,0,0,0,0,0,0,0,0,0,0,NA,NA,NA,0,0,0,0,0,0,0,NA,0,0,0,0,NA,0,0
00-0038412,M.Ojomo,Moro Ojomo,DT,DL,"https://static.www.nfl.com/image/upload/f_auto,q_auto/league/bbiomvn996iwm4ckkzio",2025,REG,PHI,11,0,0,0,0,0,0,0,0,0,0,0,0,NA,NA,0,NA,0,0,0,0,0,0,NA,0,0,0,0,0,0,0,0,0,0,NA,0,NA,0,0,0,0,11,0,13,4,20,0,4,20,8,0,0,1,0,0,0,0,0,0,0,0,0,0,0,0,0,0,0,0,0,0,0,NA,NA,0,0,0,0,0,0,0,0,0,0,0,0,NA,NA,NA,0,0,0,0,0,0,0,NA,0,0,0,0,NA,0,0
00-0038414,K.Williamson,Kendall Williamson,SAF,DB,"https://static.www.nfl.com/image/upload/f_auto,q_auto/league/hwru3vazokvanq4ibuks",2025,REG,LAC,5,0,0,0,0,0,0,0,0,0,0,0,0,NA,NA,0,NA,0,0,0,0,0,0,NA,0,0,0,0,0,0,0,0,0,0,NA,0,NA,0,0,0,0,5,0,3,0,0,0,0,0,0,0,0,0,0,0,0,0,0,0,0,0,0,0,0,0,0,0,0,0,0,0,0,NA,NA,0,0,0,0,0,0,0,0,0,0,0,0,NA,NA,NA,0,0,0,0,0,0,0,NA,0,0,0,0,NA,0,0
00-0038416,T.Bagent,Tyson Bagent,QB,QB,"https://static.www.nfl.com/image/upload/f_auto,q_auto/league/kfwnayxjfnbfs3sm5a21",2025,REG,CHI,2,3,4,47,0,0,0,0,0,0,30,39,2,2.305082613544073,9.568607807159424,0,1.5666666666666667,2,7,0,1,0,1,-0.3711529092397541,0,0,0,0,0,0,0,0,0,0,NA,0,NA,0,0,0,0,0,0,0,0,0,0,0,0,0,0,0,0,0,0,0,0,0,0,0,0,0,0,0,0,0,0,0,0,0,0,0,NA,NA,0,0,0,0,0,0,0,0,0,0,0,0,NA,NA,NA,0,0,0,0,0,0,0,NA,0,0,0,0,NA,2.58,2.58
00-0038428,A.Szmyt,Andre Szmyt,K,SPEC,"https://static.www.nfl.com/image/upload/f_auto,q_auto/league/tkah6glpysuyq2a54gts",2025,REG,CLE,11,0,0,0,0,0,0,0,0,0,0,0,0,NA,NA,0,NA,0,0,0,0,0,0,NA,0,0,0,0,0,0,0,0,0,0,NA,0,NA,0,0,0,0,0,0,0,0,0,0,0,0,0,0,0,0,0,0,0,0,0,0,0,0,0,0,0,0,0,0,0,16,19,3,0,55,0.8421052631578947,0,2,8,3,3,0,0,0,1,1,1,0,45;38;35;55;33;31;31;53;32;30;45;29;30;24;46;53,36;56;47,NA,610,139,0,18,19,1,0,0.9473684210526315,1,1,0,0,55,0,0
00-0038440,Z.Scott,Zavier Scott,RB,RB,"https://static.www.nfl.com/image/upload/f_auto,q_auto/league/tnpgpzojszbfk8fpt0rb",2025,REG,MIN,6,0,0,0,0,0,0,0,0,0,0,0,0,NA,NA,0,NA,21,69,0,2,1,4,-9.362721632758621,0,10,12,73,1,0,0,30,67,5,-2.205455356044695,0,2.433333333333333,0.036923076923076927,0.010721944245889922,0.06288997635673833,0,1,0,2,0,0,0,0,0,0,0,0,0,0,0,0,0,0,0,0,0,0,0,0,0,0,0,0,0,0,0,0,NA,NA,0,0,0,0,0,0,0,0,0,0,0,0,NA,NA,NA,0,0,0,0,0,0,0,NA,0,0,0,0,NA,18.200000000000003,28.200000000000003
00-0038454,K.Mitchell,Keaton Mitchell,RB,RB,"https://static.www.nfl.com/image/upload/f_auto,q_auto/league/klpn2btfhgfv5a8dp3jj",2025,REG,BAL,7,0,0,0,0,0,0,0,0,0,0,0,0,NA,NA,0,NA,23,134,0,1,0,7,1.6357939654262736,0,5,6,44,0,0,0,-10,57,1,-4.743024687108118,0,-4.4,0.02181818181818182,-0.00449034575662326,0.029584030697636446,0,0,0,0,0,0,0,0,0,0,0,0,0,0,0,0,0,0,0,0,0,0,0,0,0,0,14,368,0,0,0,0,NA,NA,0,0,0,0,0,0,0,0,0,0,0,0,NA,NA,NA,0,0,0,0,0,0,0,NA,0,0,0,0,NA,17.8,22.8
00-0038456,T.Vokolek,Travis Vokolek,TE,TE,"https://static.www.nfl.com/image/upload/f_auto,q_auto/league/mghciy5zhnaxa6v097yj",2025,REG,ARI,1,0,0,0,0,0,0,0,0,0,0,0,0,NA,NA,0,NA,0,0,0,0,0,0,NA,0,0,0,0,0,0,0,0,0,0,NA,0,NA,0,0,0,0,2,0,0,0,0,0,0,0,0,0,0,0,0,0,0,0,0,0,0,0,0,0,0,0,0,0,0,0,0,0,0,NA,NA,0,0,0,0,0,0,0,0,0,0,0,0,NA,NA,NA,0,0,0,0,0,0,0,NA,0,0,0,0,NA,0,0
00-0038458,O.Wright,Owen Wright,RB,RB,"https://static.www.nfl.com/image/upload/f_auto,q_auto/league/ilyquyvfm7own4wj6bfq",2025,REG,TB,2,0,0,0,0,0,0,0,0,0,0,0,0,NA,NA,0,NA,3,6,0,0,0,0,-1.049660998629406,0,0,0,0,0,0,0,0,0,0,NA,0,NA,0,0,0,0,0,0,0,0,0,0,0,0,0,0,0,0,0,0,0,0,0,0,0,0,0,0,0,0,0,3,73,0,0,0,0,NA,NA,0,0,0,0,0,0,0,0,0,0,0,0,NA,NA,NA,0,0,0,0,0,0,0,NA,0,0,0,0,NA,0.6000000000000001,0.6000000000000001
00-0038465,M.Heath,Malik Heath,WR,WR,"https://static.www.nfl.com/image/upload/f_auto,q_auto/league/gtvkkadrxfzlj1qxshhx",2025,REG,GB,6,0,0,0,0,0,0,0,0,0,0,0,0,NA,NA,0,NA,0,0,0,0,0,0,NA,0,6,6,86,0,0,0,57,29,4,7.737809942785749,0,1.5087719298245614,0.019169329073482427,0.02116598588934274,0.04357018373276356,0,1,0,0,0,0,0,0,0,0,0,0,0,0,0,0,0,0,0,0,0,0,2,10,0,0,0,0,0,0,0,0,NA,NA,0,0,0,0,0,0,0,0,0,0,0,0,NA,NA,NA,0,0,0,0,0,0,0,NA,0,0,0,0,NA,8.6,14.6
00-0038488,B.Russell,Brady Russell,FB,RB,"https://static.www.nfl.com/image/upload/f_auto,q_auto/league/qvf5yojj8rznahzzxffx",2025,REG,SEA,8,0,0,0,0,0,0,0,0,0,0,0,0,NA,NA,0,NA,0,0,0,0,0,0,NA,0,0,0,0,0,0,0,0,0,0,NA,0,NA,0,0,0,0,7,2,4,0,0,0,0,0,0,0,0,0,0,0,0,0,1,1,0,0,0,1,5,0,0,0,0,0,0,0,0,NA,NA,0,0,0,0,0,0,0,0,0,0,0,0,NA,NA,NA,0,0,0,0,0,0,0,NA,0,0,0,0,NA,0,0
00-0038492,J.Brownlee,Jason Brownlee,WR,WR,"https://static.www.nfl.com/image/upload/f_auto,q_auto/league/gnqpsix71nvcuclltghc",2025,REG,KC,3,0,0,0,0,0,0,0,0,0,0,0,0,NA,NA,0,NA,0,0,0,0,0,0,NA,0,0,1,0,0,0,0,9,0,0,-0.7134253880445582,0,0,0.0025906735751295338,0.002721499848805564,0.005791060256858195,0,1,0,1,0,0,0,0,0,0,0,0,0,0,0,0,0,0,0,0,0,0,0,0,0,0,0,0,0,0,0,0,NA,NA,0,0,0,0,0,0,0,0,0,0,0,0,NA,NA,NA,0,0,0,0,0,0,0,NA,0,0,0,0,NA,0,0
00-0038493,C.Cherelus,Claudin Cherelus,LB,LB,"https://static.www.nfl.com/image/upload/f_auto,q_auto/league/l7ole2smckexdhtrytuv",2025,REG,CAR,7,0,0,0,0,0,0,0,0,0,0,0,0,NA,NA,0,NA,0,0,0,0,0,0,NA,0,0,0,0,0,0,0,0,0,0,NA,0,NA,0,0,0,0,7,0,16,0,0,0,0,0,0,0,0,1,0,0,0,0,0,0,0,0,0,0,0,0,0,0,0,0,0,0,0,NA,NA,0,0,0,0,0,0,0,0,0,0,0,0,NA,NA,NA,0,0,0,0,0,0,0,NA,0,0,0,0,NA,0,0
00-0038496,X.Gipson,Xavier Gipson,WR,WR,"https://static.www.nfl.com/image/upload/f_auto,q_auto/league/xmtz360jnxg9psmqifnp",2025,REG,PHI,6,0,0,0,0,0,0,0,0,0,0,0,0,NA,NA,0,NA,0,0,0,0,0,0,NA,0,2,2,6,0,0,0,-9,15,0,-0.6137133189477026,0,0,0.006920415224913495,-0.004096495220755576,0.007513076182841339,0,1,0,0,0,0,0,0,0,0,0,0,0,0,3,0,0,0,0,0,0,0,0,0,8,86,12,319,0,0,0,0,NA,NA,0,0,0,0,0,0,0,0,0,0,0,0,NA,NA,NA,0,0,0,0,0,0,0,NA,0,0,0,0,NA,0.6000000000000001,2.6
00-0038498,E.Jenkins,E.J. Jenkins,TE,TE,"https://static.www.nfl.com/image/upload/f_auto,q_auto/league/jmhuk0gcnyotcjhdxo6v",2025,REG,PHI,1,0,0,0,0,0,0,0,0,0,0,0,0,NA,NA,0,NA,0,0,0,0,0,0,NA,0,0,0,0,0,0,0,0,0,0,NA,0,NA,0,0,0,0,0,0,0,0,0,0,0,0,0,0,0,0,0,0,0,0,0,0,0,0,0,1,5,0,0,0,0,0,0,0,0,NA,NA,0,0,0,0,0,0,0,0,0,0,0,0,NA,NA,NA,0,0,0,0,0,0,0,NA,0,0,0,0,NA,0,0
00-0038504,T.Simpson,Trenton Simpson,LB,LB,"https://static.www.nfl.com/image/upload/f_auto,q_auto/league/ozi4oorc2wbcbonnjoo8",2025,REG,BAL,9,0,0,0,0,0,0,0,0,0,0,0,0,NA,NA,0,NA,0,0,0,0,0,0,NA,0,0,0,0,0,0,0,0,0,0,NA,0,NA,0,0,0,0,14,2,19,2,10,0,1.5,11.5,4,0,0,1,0,0,0,0,0,0,0,0,0,0,0,0,0,0,0,0,0,0,0,NA,NA,0,0,0,0,0,0,0,0,0,0,0,0,NA,NA,NA,0,0,0,0,0,0,0,NA,0,0,0,0,NA,0,0
00-0038505,T.Robinson,Tavius Robinson,LB,LB,"https://static.www.nfl.com/image/upload/f_auto,q_auto/league/jmwnobonw2ieerdw5ynd",2025,REG,BAL,5,0,0,0,0,0,0,0,0,0,0,0,0,NA,NA,0,NA,0,0,0,0,0,0,NA,0,0,0,0,0,0,0,0,0,0,NA,0,NA,0,0,0,0,9,0,8,2,10,1,2,10,4,0,0,1,0,0,0,0,0,0,0,0,0,0,0,0,0,0,0,0,0,0,0,NA,NA,0,0,0,0,0,0,0,0,0,0,0,0,NA,NA,NA,0,0,0,0,0,0,0,NA,0,0,0,0,NA,0,0
00-0038513,C.Jones,Cam Jones,LB,LB,"https://static.www.nfl.com/image/upload/f_auto,q_auto/league/hu5ays6cwy6vlibjuscy",2025,REG,NYJ,3,0,0,0,0,0,0,0,0,0,0,0,0,NA,NA,0,NA,0,0,0,0,0,0,NA,0,0,0,0,0,0,0,0,0,0,NA,0,NA,0,0,0,0,1,0,3,0,0,0,0,0,0,0,0,0,0,0,0,0,0,0,0,0,0,0,0,0,0,0,0,0,0,0,0,NA,NA,0,0,0,0,0,0,0,0,0,0,0,0,NA,NA,NA,0,0,0,0,0,0,0,NA,0,0,0,0,NA,0,0
00-0038514,T.Jones,Truman Jones,LB,LB,"https://static.www.nfl.com/image/upload/f_auto,q_auto/league/v3uhdutctvcx4c6pbpgu",2025,REG,TEN,1,0,0,0,0,0,0,0,0,0,0,0,0,NA,NA,0,NA,0,0,0,0,0,0,NA,0,0,0,0,0,0,0,0,0,0,NA,0,NA,0,0,0,0,0,0,1,0,0,0,0,0,0,0,0,0,0,0,0,0,0,0,0,0,0,0,0,0,0,0,0,0,0,0,0,NA,NA,0,0,0,0,0,0,0,0,0,0,0,0,NA,NA,NA,0,0,0,0,0,0,0,NA,0,0,0,0,NA,0,0
00-0038519,N.Remigio,Nikko Remigio,WR,WR,"https://static.www.nfl.com/image/upload/f_auto,q_auto/league/tsvjshclrrbqv9mrbyj9",2025,REG,KC,11,0,0,0,0,0,0,0,0,0,0,0,0,NA,NA,0,NA,1,11,0,0,0,1,0.6427091776859015,0,1,1,21,0,0,0,18,3,1,2.176661997975316,0,1.1666666666666667,0.0025906735751295338,0.005442999697611128,0.00769611015102209,0,0,0,0,0,0,0,0,0,0,0,0,0,0,1,0,0,1,1,0,0,0,1,13,21,150,20,510,0,0,0,0,NA,NA,0,0,0,0,0,0,0,0,0,0,0,0,NA,NA,NA,0,0,0,0,0,0,0,NA,0,0,0,0,NA,3.2,4.2
00-0038535,D.Johnson,DJ Johnson,LB,LB,"https://static.www.nfl.com/image/upload/f_auto,q_auto/league/msiycion6qjuafdstc2z",2025,REG,CAR,2,0,0,0,0,0,0,0,0,0,0,0,0,NA,NA,0,NA,0,0,0,0,0,0,NA,0,0,0,0,0,0,0,0,0,0,NA,0,NA,0,0,0,0,2,0,0,0,0,0,0,0,0,0,0,0,0,0,0,0,0,0,0,0,0,0,0,0,0,0,0,0,0,0,0,NA,NA,0,0,0,0,0,0,0,0,0,0,0,0,NA,NA,NA,0,0,0,0,0,0,0,NA,0,0,0,0,NA,0,0
00-0038536,C.Zavala,Chandler Zavala,G,OL,"https://static.www.nfl.com/image/upload/f_auto,q_auto/league/i9wpf8cyyxwj1uou1jyy",2025,REG,CAR,3,0,0,0,0,0,0,0,0,0,0,0,0,NA,NA,0,NA,0,0,0,0,0,0,NA,0,0,0,0,0,0,0,0,0,0,NA,0,NA,0,0,0,0,0,0,0,0,0,0,0,0,0,0,0,0,0,0,0,0,0,0,0,0,0,3,25,0,0,0,0,0,0,0,0,NA,NA,0,0,0,0,0,0,0,0,0,0,0,0,NA,NA,NA,0,0,0,0,0,0,0,NA,0,0,0,0,NA,0,0
00-0038540,P.Johnson,Paris Johnson Jr.,OT,OL,"https://static.www.nfl.com/image/upload/f_auto,q_auto/league/fto9oiuqts9esmpl7dxf",2025,REG,ARI,4,0,0,0,0,0,0,0,0,0,0,0,0,NA,NA,0,NA,0,0,0,0,0,0,NA,0,0,0,0,0,0,0,0,0,0,NA,0,NA,0,0,0,0,0,0,0,0,0,0,0,0,0,0,0,0,0,0,0,0,0,0,0,0,0,5,40,0,0,0,0,0,0,0,0,NA,NA,0,0,0,0,0,0,0,0,0,0,0,0,NA,NA,NA,0,0,0,0,0,0,0,NA,0,0,0,0,NA,0,0
00-0038541,T.Wilson,Tyree Wilson,DE,DL,"https://static.www.nfl.com/image/upload/f_auto,q_auto/league/wrybvbogxpg3f0fiakaz",2025,REG,LV,11,0,0,0,0,0,0,0,0,0,0,0,0,NA,NA,0,NA,0,0,0,0,0,0,NA,0,0,0,0,0,0,0,0,0,0,NA,0,NA,0,0,0,0,15,1,5,5,15,0,2,12,4,0,0,1,0,0,0,0,0,0,1,1,0,0,0,0,0,0,0,0,0,0,0,NA,NA,0,0,0,0,0,0,0,0,0,0,0,0,NA,NA,NA,0,0,0,0,0,0,0,NA,0,0,0,0,NA,0,0
00-0038542,B.Robinson,Bijan Robinson,RB,RB,"https://static.www.nfl.com/image/upload/f_auto,q_auto/league/rjaf9auhx3lrktzgwpfb",2025,REG,ATL,11,0,0,0,0,0,0,0,0,0,0,0,0,NA,NA,0,NA,172,853,4,2,1,38,-10.428055040931095,1,49,61,543,2,0,0,78,510,22,21.054877903620827,0,6.961538461538462,0.18208955223880596,0.02698961937716263,0.2920270619222228,0,0,0,0,0,0,0,0,0,0,0,0,0,0,0,0,0,1,1,0,0,0,0,0,0,0,0,0,0,0,0,0,NA,NA,0,0,0,0,0,0,0,0,0,0,0,0,NA,NA,NA,0,0,0,0,0,0,0,NA,0,0,0,0,NA,175.6,224.6
00-0038543,J.Smith-Njigba,Jaxon Smith-Njigba,WR,WR,"https://static.www.nfl.com/image/upload/f_auto,q_auto/league/jpvhsregfvw46mlyckzj",2025,REG,SEA,11,0,0,0,0,0,0,0,0,0,0,0,0,NA,NA,0,NA,6,37,0,0,0,2,1.057302390690893,0,80,107,1313,7,2,1,1346,332,58,67.9209952048871,0,0.975482912332838,0.3741258741258741,0.4985185185185185,0.9101517741517742,0,3,0,0,0,0,0,0,0,0,0,0,0,0,0,0,0,0,0,0,0,0,3,40,0,0,0,0,0,0,0,0,NA,NA,0,0,0,0,0,0,0,0,0,0,0,0,NA,NA,NA,0,0,0,0,0,0,0,NA,0,0,0,0,NA,175,255
00-0038544,Q.Johnston,Quentin Johnston,WR,WR,"https://static.www.nfl.com/image/upload/f_auto,q_auto/league/bpzdpin1xp1kjxmbkq6d",2025,REG,LAC,9,0,0,0,0,0,0,0,0,0,0,0,0,NA,NA,0,NA,2,7,0,0,0,0,-0.37045799556653947,0,37,65,502,6,1,1,677,189,18,5.938382742457347,0,0.741506646971935,0.1724137931034483,0.23066439522998297,0.4200857663161605,0,1,0,0,0,0,0,0,0,0,0,0,0,0,0,0,0,0,0,0,0,0,1,5,0,0,0,0,0,0,0,0,NA,NA,0,0,0,0,0,0,0,0,0,0,0,0,NA,NA,NA,0,0,0,0,0,0,0,NA,0,0,0,0,NA,84.9,121.9
00-0038545,M.Smith,Mazi Smith,DT,DL,"https://static.www.nfl.com/image/upload/f_auto,q_auto/league/y2b8scr5fmymetjob0lz",2025,REG,DAL,3,0,0,0,0,0,0,0,0,0,0,0,0,NA,NA,0,NA,0,0,0,0,0,0,NA,0,0,0,0,0,0,0,0,0,0,NA,0,NA,0,0,0,0,0,0,3,0,0,0,0,0,0,0,0,0,0,0,0,0,0,0,0,0,0,0,0,0,0,0,0,0,0,0,0,NA,NA,0,0,0,0,0,0,0,0,0,0,0,0,NA,NA,NA,0,0,0,0,0,0,0,NA,0,0,0,0,NA,0,0
00-0038546,M.Murphy,Myles Murphy,DE,DL,"https://static.www.nfl.com/image/upload/f_auto,q_auto/league/u0zvh5to1xhky5oiyonv",2025,REG,CIN,10,0,0,0,0,0,0,0,0,0,0,0,0,NA,NA,0,NA,0,0,0,0,0,0,NA,0,0,0,0,0,0,0,0,0,0,NA,0,NA,0,0,0,0,15,0,16,2,12,0,2.5,17,5,0,0,1,0,0,0,0,0,0,0,0,0,2,20,0,0,0,0,0,0,0,0,NA,NA,0,0,0,0,0,0,0,0,0,0,0,0,NA,NA,NA,0,0,0,0,0,0,0,NA,0,0,0,0,NA,0,0
00-0038547,L.Schoonmaker,Luke Schoonmaker,TE,TE,"https://static.www.nfl.com/image/upload/f_auto,q_auto/league/mjaidpltef1ctqwrk5o5",2025,REG,DAL,9,0,0,0,0,0,0,0,0,0,0,0,0,NA,NA,0,NA,0,0,0,0,0,0,NA,0,8,16,63,0,0,0,137,36,3,-0.5381782166077755,0,0.45985401459854014,0.04030226700251889,0.04325860435743606,0.09073442355398358,0,2,0,0,0,0,0,0,0,0,0,0,0,0,0,0,0,0,0,0,0,0,1,5,0,0,0,0,0,0,0,0,NA,NA,0,0,0,0,0,0,0,0,0,0,0,0,NA,NA,NA,0,0,0,0,0,0,0,NA,0,0,0,0,NA,6.300000000000001,14.3
00-0038549,D.Turner,DJ Turner II,CB,DB,"https://static.www.nfl.com/image/upload/f_auto,q_auto/league/nijmaqsa0uggtjzmpzgy",2025,REG,CIN,11,0,0,0,0,0,0,0,0,0,0,0,0,NA,NA,0,NA,0,0,0,0,0,0,NA,0,0,0,0,0,0,0,0,0,0,NA,0,NA,0,0,0,0,19,1,9,2,2,0,0,0,0,2,7,15,0,0,0,0,0,0,0,0,0,1,4,0,0,0,0,0,0,0,0,NA,NA,0,0,0,0,0,0,0,0,0,0,0,0,NA,NA,NA,0,0,0,0,0,0,0,NA,0,0,0,0,NA,0,0
00-0038551,K.Miller,Kendre Miller,RB,RB,"https://static.www.nfl.com/image/upload/f_auto,q_auto/league/jz3mpvifmldus3ipdvu1",2025,REG,NO,7,0,0,0,0,0,0,0,0,0,0,0,0,NA,NA,0,NA,47,193,1,0,0,9,-2.9269559620297514,0,5,5,30,0,0,0,-5,35,1,-0.3668858911842108,0,-6,0.013440860215053764,-0.0016097875080489374,0.01903443906694639,0,0,0,0,0,0,0,0,0,0,0,0,0,0,0,0,0,0,0,0,0,0,0,0,0,0,16,393,0,0,0,0,NA,NA,0,0,0,0,0,0,0,0,0,0,0,0,NA,NA,NA,0,0,0,0,0,0,0,NA,0,0,0,0,NA,28.3,33.3
00-0038552,R.Moss,Riley Moss,CB,DB,"https://static.www.nfl.com/image/upload/f_auto,q_auto/league/ien8dnxggtcrizatnuom",2025,REG,DEN,11,0,0,0,0,0,0,0,0,0,0,0,0,NA,NA,0,NA,0,0,0,0,0,0,NA,0,0,0,0,0,0,0,0,0,0,NA,0,NA,0,0,0,0,38,0,14,1,2,0,0,0,0,0,0,10,0,0,0,0,0,0,0,0,0,9,178,0,0,0,0,0,0,0,0,NA,NA,0,0,0,0,0,0,0,0,0,0,0,0,NA,NA,NA,0,0,0,0,0,0,0,NA,0,0,0,0,NA,0,0
00-0038553,D.Henley,Daiyan Henley,LB,LB,"https://static.www.nfl.com/image/upload/f_auto,q_auto/league/rkogtmgnthxju5bqrtx1",2025,REG,LAC,11,0,0,0,0,0,0,0,0,0,0,0,0,NA,NA,0,NA,0,0,0,0,0,0,NA,0,0,0,0,0,0,0,0,0,0,NA,0,NA,0,0,0,0,37,2,33,4,32,0,3,27,4,1,8,3,0,0,0,0,0,0,0,0,0,1,5,0,0,0,0,0,0,0,0,NA,NA,0,0,0,0,0,0,0,0,0,0,0,0,NA,NA,NA,0,0,0,0,0,0,0,NA,0,0,0,0,NA,0,0
00-0038554,J.Brown,Ji'Ayir Brown,SAF,DB,"https://static.www.nfl.com/image/upload/f_auto,q_auto/league/gmgewszcsvxdb63dmqby",2025,REG,SF,11,0,0,0,0,0,0,0,0,0,0,0,0,NA,NA,0,NA,0,0,0,0,0,0,NA,0,0,0,0,0,0,0,0,0,0,NA,0,NA,0,0,0,0,27,1,20,1,1,0,0,0,0,2,4,5,0,0,0,0,0,0,0,0,0,1,5,0,0,0,0,0,0,0,0,NA,NA,0,0,0,0,0,0,0,0,0,0,0,0,NA,NA,NA,0,0,0,0,0,0,0,NA,0,0,0,0,NA,0,0
00-0038555,T.Bigsby,Tank Bigsby,RB,RB,"https://static.www.nfl.com/image/upload/f_auto,q_auto/league/nin8aexyipca7g7u7f4a",2025,REG,PHI,10,0,0,0,0,0,0,0,0,0,0,0,0,NA,NA,0,NA,23,176,0,0,0,9,8.173431173259774,0,1,1,-1,0,0,0,-7,6,0,-0.8992312443442643,0,0.14285714285714285,0.002777777777777778,-0.0023387905111927833,0.0025295133088317186,0,1,0,1,0,0,0,0,0,0,0,0,0,0,0,0,0,0,0,0,0,0,0,0,0,0,10,207,0,0,0,0,NA,NA,0,0,0,0,0,0,0,0,0,0,0,0,NA,NA,NA,0,0,0,0,0,0,0,NA,0,0,0,0,NA,17.5,18.5
00-0038556,D.Overshown,DeMarvion Overshown,LB,LB,"https://static.www.nfl.com/image/upload/f_auto,q_auto/league/oqcnkayaza1vcmhiyky4",2025,REG,DAL,2,0,0,0,0,0,0,0,0,0,0,0,0,NA,NA,0,NA,0,0,0,0,0,0,NA,0,0,0,0,0,0,0,0,0,0,NA,0,NA,0,0,0,0,5,0,1,1,4,0,0,0,0,0,0,0,0,0,0,0,0,0,0,0,0,0,0,0,0,0,0,0,0,0,0,NA,NA,0,0,0,0,0,0,0,0,0,0,0,0,NA,NA,NA,0,0,0,0,0,0,0,NA,0,0,0,0,NA,0,0
00-0038557,D.Williams,Dorian Williams,LB,LB,"https://static.www.nfl.com/image/upload/f_auto,q_auto/league/fsslbcbp87yehsofpwg1",2025,REG,BUF,10,0,0,0,0,0,0,0,0,0,0,0,0,NA,NA,0,NA,0,0,0,0,0,0,NA,0,0,0,0,0,0,0,0,0,0,NA,0,NA,0,0,0,0,23,0,20,0,0,0,0,0,2,0,0,2,0,0,0,0,0,0,1,1,0,3,22,0,0,0,0,0,0,0,0,NA,NA,0,0,0,0,0,0,0,0,0,0,0,0,NA,NA,NA,0,0,0,0,0,0,0,NA,0,0,0,0,NA,0,0
00-0038558,D.Washington,Darnell Washington,TE,TE,"https://static.www.nfl.com/image/upload/f_auto,q_auto/league/nza9bxmg2tdtg7wldjct",2025,REG,PIT,8,0,0,0,0,0,0,0,0,0,0,0,0,NA,NA,0,NA,0,0,0,0,0,0,NA,0,20,28,231,1,1,0,170,138,12,12.601271158040735,1,1.3588235294117648,0.0875,0.08642602948652771,0.19174822064056937,0,0,0,0,0,0,0,0,0,0,0,0,0,0,0,0,0,0,0,0,0,0,0,0,0,0,0,0,0,0,0,0,NA,NA,0,0,0,0,0,0,0,0,0,0,0,0,NA,NA,NA,0,0,0,0,0,0,0,NA,0,0,0,0,NA,31.1,51.1
00-0038559,Mi.Wilson,Michael Wilson,WR,WR,"https://static.www.nfl.com/image/upload/f_auto,q_auto/league/yc8awtck004bz2a5oeb8",2025,REG,ARI,11,0,0,0,0,0,0,0,0,0,0,0,0,NA,NA,0,NA,0,0,0,0,0,0,NA,0,47,71,534,1,0,0,767,139,26,22.743579798416086,0,0.6962190352020861,0.1748768472906404,0.2557519173057686,0.44134161304999864,0,0,0,0,0,0,0,0,0,0,0,0,0,0,0,0,0,0,0,0,0,0,0,0,0,0,0,0,0,0,0,0,NA,NA,0,0,0,0,0,0,0,0,0,0,0,0,NA,NA,NA,0,0,0,0,0,0,0,NA,0,0,0,0,NA,59.400000000000006,106.4
00-0038560,J.Battle,Jordan Battle,SAF,DB,"https://static.www.nfl.com/image/upload/f_auto,q_auto/league/cqndmjyignuar0ekntsy",2025,REG,CIN,11,0,0,0,0,0,0,0,0,0,0,0,0,NA,NA,0,NA,0,0,0,0,0,0,NA,0,0,0,0,0,0,0,0,0,0,NA,0,NA,0,0,0,0,34,1,47,1,1,0,0,0,0,3,6,4,0,0,0,0,0,0,0,0,0,0,0,0,0,0,0,0,0,0,0,NA,NA,0,0,0,0,0,0,0,0,0,0,0,0,NA,NA,NA,0,0,0,0,0,0,0,NA,0,0,0,0,NA,0,0
00-0038562,J.Moody,Jake Moody,K,SPEC,"https://static.www.nfl.com/image/upload/f_auto,q_auto/league/wkqqi3zfucoti8g5ncob",2025,REG,CHI,3,0,0,0,0,0,0,0,0,0,0,0,0,NA,NA,0,NA,0,0,0,0,0,0,NA,0,0,0,0,0,0,0,0,0,0,NA,0,NA,0,0,0,0,0,0,0,0,0,0,0,0,0,0,0,0,0,0,0,0,0,0,0,0,0,0,0,0,0,0,0,9,12,1,2,48,0.75,0,2,4,3,0,0,0,1,0,0,0,0,32;47;48;41;38;27;39;24;33,27,36;48,329,27,84,5,5,0,0,1,1,1,0,0,38,0,0
00-0038563,T.Tucker,Tre Tucker,WR,WR,"https://static.www.nfl.com/image/upload/f_auto,q_auto/league/fsx05ats4azj8mus03d4",2025,REG,LV,11,0,0,0,0,0,0,0,0,0,0,0,0,NA,NA,0,NA,6,36,0,0,0,1,0.28488715330604464,0,41,64,530,5,0,0,656,230,24,17.671155397727162,0,0.8079268292682927,0.18658892128279883,0.29818181818181816,0.48861065465147097,0,1,0,0,0,0,0,0,0,0,0,0,0,0,0,0,0,0,0,0,0,0,3,10,7,49,1,23,0,0,0,0,NA,NA,0,0,0,0,0,0,0,0,0,0,0,0,NA,NA,NA,0,0,0,0,0,0,0,NA,0,0,0,0,NA,86.6,127.6
00-0038564,C.Latu,Cameron Latu,TE,TE,"https://static.www.nfl.com/image/upload/f_auto,q_auto/league/lpit9rjxtbjkl8jjdk7w",2025,REG,PHI,7,0,0,0,0,0,0,0,0,0,0,0,0,NA,NA,0,NA,0,0,0,0,0,0,NA,0,0,0,0,0,0,0,0,0,0,NA,0,NA,0,0,0,0,6,0,3,0,0,0,0,0,0,0,0,0,0,0,0,0,0,0,0,0,0,3,25,0,0,0,0,0,0,0,0,NA,NA,0,0,0,0,0,0,0,0,0,0,0,0,NA,NA,NA,0,0,0,0,0,0,0,NA,0,0,0,0,NA,0,0
00-0038565,M.Blackmon,Mekhi Blackmon,CB,DB,"https://static.www.nfl.com/image/upload/f_auto,q_auto/league/uo4d3xkm63u1elamfvxw",2025,REG,IND,11,0,0,0,0,0,0,0,0,0,0,0,0,NA,NA,0,NA,0,0,0,0,0,0,NA,0,0,0,0,0,0,0,0,0,0,NA,0,NA,0,0,0,0,36,0,10,2,7,0,1,0,0,2,41,5,0,0,0,0,0,0,0,0,0,5,71,0,0,0,0,0,0,0,0,NA,NA,0,0,0,0,0,0,0,0,0,0,0,0,NA,NA,NA,0,0,0,0,0,0,0,NA,0,0,0,0,NA,0,0
00-0038567,C.Ryland,Chad Ryland,K,SPEC,"https://static.www.nfl.com/image/upload/f_auto,q_auto/league/hqbrncv4ktphfcmkf23g",2025,REG,ARI,11,0,0,0,0,0,0,0,0,0,0,0,0,NA,NA,0,NA,0,0,0,0,0,0,NA,0,0,0,0,0,0,0,0,0,0,NA,0,NA,0,0,0,0,0,0,0,0,0,0,0,0,0,0,0,0,0,0,0,0,0,0,0,0,0,1,0,0,0,0,0,17,21,3,1,57,0.8095238095238095,0,4,5,6,2,0,0,0,1,0,2,0,42;50;29;47;34;28;33;57;40;44;32;40;39;48;34;26;29,57;58;33,46,652,148,46,25,25,0,0,1,0,0,0,0,NA,0,0
00-0038568,C.Phillips,Clark Phillips III,CB,DB,"https://static.www.nfl.com/image/upload/f_auto,q_auto/league/hamwwwt2yzzd1l7kjj7t",2025,REG,ATL,1,0,0,0,0,0,0,0,0,0,0,0,0,NA,NA,0,NA,0,0,0,0,0,0,NA,0,0,0,0,0,0,0,0,0,0,NA,0,NA,0,0,0,0,1,0,0,0,0,0,0,0,0,0,0,0,0,0,0,0,0,0,0,0,0,0,0,0,0,0,0,0,0,0,0,NA,NA,0,0,0,0,0,0,0,0,0,0,0,0,NA,NA,NA,0,0,0,0,0,0,0,NA,0,0,0,0,NA,0,0
00-0038570,V.Miller,Ventrell Miller,LB,LB,"https://static.www.nfl.com/image/upload/f_auto,q_auto/league/gmxgq1mjnbdjjpcggamn",2025,REG,JAX,9,0,0,0,0,0,0,0,0,0,0,0,0,NA,NA,0,NA,0,0,0,0,0,0,NA,0,0,0,0,0,0,0,0,0,0,NA,0,NA,0,0,0,0,10,0,18,0,0,1,0,0,0,0,0,2,0,0,0,0,0,0,0,0,0,3,33,0,0,0,0,0,0,0,0,NA,NA,0,0,0,0,0,0,0,0,0,0,0,0,NA,NA,NA,0,0,0,0,0,0,0,NA,0,0,0,0,NA,0,0
00-0038573,D.Davis,Derius Davis,WR,WR,"https://static.www.nfl.com/image/upload/f_auto,q_auto/league/if9lcwax4p0gwlqswr1y",2025,REG,LAC,8,0,0,0,0,0,0,0,0,0,0,0,0,NA,NA,0,NA,2,5,0,0,0,0,-0.6214880647021346,0,1,2,3,0,0,0,27,7,0,-0.7452238549012691,0,0.1111111111111111,0.005305039787798408,0.009199318568994889,0.014397082679994035,0,0,0,0,0,0,0,0,0,0,0,0,0,0,0,0,0,1,1,0,0,0,0,0,8,58,15,376,0,0,0,0,NA,NA,0,0,0,0,0,0,0,0,0,0,0,0,NA,NA,NA,0,0,0,0,0,0,0,NA,0,0,0,0,NA,0.8,1.8
00-0038574,I.McGuire,Isaiah McGuire,DE,DL,"https://static.www.nfl.com/image/upload/f_auto,q_auto/league/bgay7c5onbqadb4qjguc",2025,REG,CLE,11,0,0,0,0,0,0,0,0,0,0,0,0,NA,NA,0,NA,0,0,0,0,0,0,NA,0,0,0,0,0,0,0,0,0,0,NA,0,NA,0,0,0,0,13,4,11,8,28,1,2,15,4,0,0,0,0,0,0,0,0,0,0,0,0,0,0,0,0,0,0,0,0,0,0,NA,NA,0,0,0,0,0,0,0,0,0,0,0,0,NA,NA,NA,0,0,0,0,0,0,0,NA,0,0,0,0,NA,0,0
00-0038576,C.Jones,Charlie Jones,WR,WR,"https://static.www.nfl.com/image/upload/f_auto,q_auto/league/rofwl0wrsdqnfvv4iokq",2025,REG,CIN,11,0,0,0,0,0,0,0,0,0,0,0,0,NA,NA,0,NA,0,0,0,0,0,0,NA,0,0,1,0,0,0,0,42,0,0,-0.5337089993990958,0,0,0.002564102564102564,0.013694163677861103,0.013432068420656617,1,0,0,0,0,0,0,0,0,0,0,0,0,0,0,0,0,1,1,0,0,0,0,0,11,108,36,926,0,0,0,0,NA,NA,0,0,0,0,0,0,0,0,0,0,0,0,NA,NA,NA,0,0,0,0,0,0,0,NA,0,0,0,0,NA,6,6
00-0038577,N.Herbig,Nick Herbig,LB,LB,"https://static.www.nfl.com/image/upload/f_auto,q_auto/league/x2pdurg2nwxy1tiyfeac",2025,REG,PIT,10,0,0,0,0,0,0,0,0,0,0,0,0,NA,NA,0,NA,0,0,0,0,0,0,NA,0,0,0,0,0,0,0,0,0,0,NA,0,NA,0,0,0,0,15,2,7,10,56,2,6.5,46,16,1,41,2,0,0,0,0,0,0,1,1,1,4,30,0,0,0,0,0,0,0,0,NA,NA,0,0,0,0,0,0,0,0,0,0,0,0,NA,NA,NA,0,0,0,0,0,0,0,NA,0,0,0,0,NA,0,0
00-0038578,J.Ward,Jay Ward,SAF,DB,"https://static.www.nfl.com/image/upload/f_auto,q_auto/league/c3y0kln3tvfhyw5e3nbt",2025,REG,MIN,7,0,0,0,0,0,0,0,0,0,0,0,0,NA,NA,0,NA,0,0,0,0,0,0,NA,0,0,0,0,0,0,0,0,0,0,NA,0,NA,0,0,0,0,4,0,4,1,2,0,0,0,0,0,0,0,0,0,0,0,0,0,1,1,0,3,25,0,0,0,0,0,0,0,0,NA,NA,0,0,0,0,0,0,0,0,0,0,0,0,NA,NA,NA,0,0,0,0,0,0,0,NA,0,0,0,0,NA,0,0
00-0038580,Y.Abdullah,Yasir Abdullah,LB,LB,"https://static.www.nfl.com/image/upload/f_auto,q_auto/league/xcqrvdytgfa12io99n2w",2025,REG,JAX,5,0,0,0,0,0,0,0,0,0,0,0,0,NA,NA,0,NA,0,0,0,0,0,0,NA,0,0,0,0,0,0,0,0,0,0,NA,0,NA,0,0,0,0,5,0,2,0,0,0,0,0,0,0,0,0,0,0,0,0,0,0,0,0,0,1,15,0,0,0,0,0,0,0,0,NA,NA,0,0,0,0,0,0,0,0,0,0,0,0,NA,NA,NA,0,0,0,0,0,0,0,NA,0,0,0,0,NA,0,0
00-0038585,C.Mitchell,Cameron Mitchell,CB,DB,"https://static.www.nfl.com/image/upload/f_auto,q_auto/league/ozye3yup4gplbpdy23ig",2025,REG,IND,4,0,0,0,0,0,0,0,0,0,0,0,0,NA,NA,0,NA,0,0,0,0,0,0,NA,0,0,0,0,0,0,0,0,0,0,NA,0,NA,0,0,0,0,4,0,2,1,1,1,0,0,0,0,0,0,0,0,0,0,0,0,0,0,0,1,12,0,0,0,0,0,0,0,0,NA,NA,0,0,0,0,0,0,0,0,0,0,0,0,NA,NA,NA,0,0,0,0,0,0,0,NA,0,0,0,0,NA,0,0
00-0038588,J.Howden,Jordan Howden,SAF,DB,"https://static.www.nfl.com/image/upload/f_auto,q_auto/league/x87djeswtkpxvuvyw5xh",2025,REG,NO,8,0,0,0,0,0,0,0,0,0,0,0,0,NA,NA,0,NA,0,0,0,0,0,0,NA,0,0,0,0,0,0,0,0,0,0,NA,0,NA,0,0,0,0,8,0,5,0,0,0,0,0,0,0,0,0,0,0,0,0,0,0,1,1,1,1,7,0,0,0,0,0,0,0,0,NA,NA,0,0,0,0,0,0,0,0,0,0,0,0,NA,NA,NA,0,0,0,0,0,0,0,NA,0,0,0,0,NA,0,0
00-0038589,J.Whyle,Josh Whyle,TE,TE,"https://static.www.nfl.com/image/upload/f_auto,q_auto/league/anwoxedspnle4xdk0cnl",2025,REG,GB,2,0,0,0,0,0,0,0,0,0,0,0,0,NA,NA,0,NA,0,0,0,0,0,0,NA,0,2,2,3,1,0,0,-1,4,1,0.8992181821959093,0,0,0.006389776357827476,-3.713330857779428e-4,0.009324731376696654,0,0,0,0,0,0,0,0,0,0,0,0,0,0,0,0,0,0,0,0,0,0,1,10,0,0,0,0,0,0,0,0,NA,NA,0,0,0,0,0,0,0,0,0,0,0,0,NA,NA,NA,0,0,0,0,0,0,0,NA,0,0,0,0,NA,6.3,8.3
00-0038590,J.Shorter,Justin Shorter,TE,TE,"https://static.www.nfl.com/image/upload/f_auto,q_auto/league/htymyxoyw1hh52zoo3lb",2025,REG,LV,3,0,0,0,0,0,0,0,0,0,0,0,0,NA,NA,0,NA,0,0,0,0,0,0,NA,0,0,0,0,0,0,0,0,0,0,NA,0,NA,0,0,0,0,0,0,3,0,0,0,0,0,0,0,0,0,0,0,0,0,0,0,0,0,0,1,10,0,0,0,0,0,0,0,0,NA,NA,0,0,0,0,0,0,0,0,0,0,0,0,NA,NA,NA,0,0,0,0,0,0,0,NA,0,0,0,0,NA,0,0
00-0038591,M.Morris,Mike Morris,DE,DL,"https://static.www.nfl.com/image/upload/f_auto,q_auto/league/hknu9azwhvn7pq4tfaiz",2025,REG,SEA,8,0,0,0,0,0,0,0,0,0,0,0,0,NA,NA,0,NA,0,0,0,0,0,0,NA,0,0,0,0,0,0,0,0,0,0,NA,0,NA,0,0,0,0,9,0,6,1,1,0,0,0,2,0,0,1,0,0,0,0,0,0,0,0,0,0,0,0,0,0,0,0,0,0,0,NA,NA,0,0,0,0,0,0,0,0,0,0,0,0,NA,NA,NA,0,0,0,0,0,0,0,NA,0,0,0,0,NA,0,0
00-0038593,O.Oluwatimi,Olu Oluwatimi,C,OL,"https://static.www.nfl.com/image/upload/f_auto,q_auto/league/tckr2bfo3rzwbhzuppsh",2025,REG,SEA,1,0,0,0,0,0,0,0,0,0,0,0,0,NA,NA,0,NA,0,0,0,0,0,0,NA,0,0,0,0,0,0,0,0,0,0,NA,0,NA,0,0,0,0,0,0,0,0,0,0,0,0,0,0,0,0,0,0,0,0,0,0,0,0,0,1,5,0,0,0,0,0,0,0,0,NA,NA,0,0,0,0,0,0,0,0,0,0,0,0,NA,NA,NA,0,0,0,0,0,0,0,NA,0,0,0,0,NA,0,0
00-0038594,D.Luter,Darrell Luter Jr.,CB,DB,"https://static.www.nfl.com/image/upload/f_auto,q_auto/league/c7i5bj3inrno1uvjxwv4",2025,REG,SF,6,0,0,0,0,0,0,0,0,0,0,0,0,NA,NA,0,NA,0,0,0,0,0,0,NA,0,0,0,0,0,0,0,0,0,0,NA,0,NA,0,0,0,0,9,1,8,1,1,0,0,0,0,0,0,0,0,0,0,0,0,0,0,0,0,0,0,0,0,0,0,0,0,0,0,NA,NA,0,0,0,0,0,0,0,0,0,0,0,0,NA,NA,NA,0,0,0,0,0,0,0,NA,0,0,0,0,NA,0,0
00-0038596,An.Johnson,Antonio Johnson,SAF,DB,"https://static.www.nfl.com/image/upload/f_auto,q_auto/league/zpd9kentvqmeamoeg6g1",2025,REG,JAX,10,0,0,0,0,0,0,0,0,0,0,0,0,NA,NA,0,NA,0,0,0,0,0,0,NA,0,0,0,0,0,0,0,0,0,0,NA,0,NA,0,0,0,0,18,0,17,2,8,0,2,8,1,2,44,4,0,0,0,0,0,0,0,0,0,0,0,0,0,0,0,0,0,0,0,NA,NA,0,0,0,0,0,0,0,0,0,0,0,0,NA,NA,NA,0,0,0,0,0,0,0,NA,0,0,0,0,NA,0,0
00-0038597,C.Brown,Chase Brown,RB,RB,"https://static.www.nfl.com/image/upload/f_auto,q_auto/league/pv3sq3uzosixxexbznq5",2025,REG,CIN,11,0,0,0,0,0,0,0,0,0,0,0,0,NA,NA,0,NA,145,626,2,1,0,35,-5.587582801686832,0,41,57,252,1,1,0,17,259,9,-19.78831191423927,1,14.823529411764707,0.14615384615384616,0.005542875774372351,0.22311078227282988,0,2,0,0,0,0,0,0,0,0,0,0,0,0,0,0,0,1,1,0,0,0,0,0,0,0,0,0,0,0,0,0,NA,NA,0,0,0,0,0,0,0,0,0,0,0,0,NA,NA,NA,0,0,0,0,0,0,0,NA,0,0,0,0,NA,107.80000000000001,148.8
00-0038599,H.To'oTo'o,Henry To'oTo'o,LB,LB,"https://static.www.nfl.com/image/upload/f_auto,q_auto/league/epsdr0zqlm2vrhizwama",2025,REG,HOU,11,0,0,0,0,0,0,0,0,0,0,0,0,NA,NA,0,NA,0,0,0,0,0,0,NA,0,0,0,0,0,0,0,0,0,0,NA,0,NA,0,0,0,0,29,0,30,6,31,0,2.5,19.5,3,0,0,3,0,0,0,0,0,0,0,0,0,3,26,0,0,0,0,0,0,0,0,NA,NA,0,0,0,0,0,0,0,0,0,0,0,0,NA,NA,NA,0,0,0,0,0,0,0,NA,0,0,0,0,NA,0,0
00-0038600,O.Pappoe,Owen Pappoe,LB,LB,"https://static.www.nfl.com/image/upload/f_auto,q_auto/league/in0wnyee7iv62hkgvnhf",2025,REG,ARI,8,0,0,0,0,0,0,0,0,0,0,0,0,NA,NA,0,NA,0,0,0,0,0,0,NA,0,0,0,0,0,0,0,0,0,0,NA,0,NA,0,0,0,0,2,0,5,0,0,0,0,0,0,0,0,0,0,0,0,0,0,0,0,0,0,1,12,0,0,0,0,0,0,0,0,NA,NA,0,0,0,0,0,0,0,0,0,0,0,0,NA,NA,NA,0,0,0,0,0,0,0,NA,0,0,0,0,NA,0,0
00-0038601,A.Richards,Asim Richards,OT,OL,"https://static.www.nfl.com/image/upload/f_auto,q_auto/league/kulqn4db5ffrf6xwzd2c",2025,REG,NO,1,0,0,0,0,0,0,0,0,0,0,0,0,NA,NA,0,NA,0,0,0,0,0,0,NA,0,0,0,0,0,0,0,0,0,0,NA,0,NA,0,0,0,0,0,0,0,0,0,0,0,0,0,0,0,0,0,0,0,0,0,0,0,0,0,1,5,0,0,0,0,0,0,0,0,NA,NA,0,0,0,0,0,0,0,0,0,0,0,0,NA,NA,NA,0,0,0,0,0,0,0,NA,0,0,0,0,NA,0,0
00-0038602,C.Smith,Chris Smith II,S,DB,"https://static.www.nfl.com/image/upload/f_auto,q_auto/league/vada29u8cv7aooueespg",2025,REG,LV,3,0,0,0,0,0,0,0,0,0,0,0,0,NA,NA,0,NA,0,0,0,0,0,0,NA,0,0,0,0,0,0,0,0,0,0,NA,0,NA,0,0,0,0,1,0,2,0,0,0,0,0,0,0,0,0,0,0,0,0,0,0,0,0,0,0,0,0,0,0,0,0,0,0,0,NA,NA,0,0,0,0,0,0,0,0,0,0,0,0,NA,NA,NA,0,0,0,0,0,0,0,NA,0,0,0,0,NA,0,0
00-0038603,R.Beal,Robert Beal Jr.,DE,DL,"https://static.www.nfl.com/image/upload/f_auto,q_auto/league/yuxokzgzu2p3o68w0wfx",2025,REG,SF,3,0,0,0,0,0,0,0,0,0,0,0,0,NA,NA,0,NA,0,0,0,0,0,0,NA,0,0,0,0,0,0,0,0,0,0,NA,0,NA,0,0,0,0,2,0,8,0,0,0,0,0,0,0,0,0,0,0,0,0,0,0,0,0,0,0,0,0,0,0,0,0,0,0,0,NA,NA,0,0,0,0,0,0,0,0,0,0,0,0,NA,NA,NA,0,0,0,0,0,0,0,NA,0,0,0,0,NA,0,0
00-0038605,J.Skinner,JL Skinner,SAF,DB,"https://static.www.nfl.com/image/upload/f_auto,q_auto/league/pss2lrg9jx4qauwyu3hu",2025,REG,DEN,8,0,0,0,0,0,0,0,0,0,0,0,0,NA,NA,0,NA,0,0,0,0,0,0,NA,0,0,0,0,0,0,0,0,0,0,NA,0,NA,0,0,0,0,5,0,3,0,0,0,0,0,0,0,0,0,0,0,0,0,0,0,1,1,0,5,53,0,0,0,0,0,0,0,0,NA,NA,0,0,0,0,0,0,0,0,0,0,0,0,NA,NA,NA,0,0,0,0,0,0,0,NA,0,0,0,0,NA,0,0
00-0038606,P.Washington,Parker Washington,WR,WR,"https://static.www.nfl.com/image/upload/f_auto,q_auto/league/sqgxayp6nrrpvwonksdm",2025,REG,JAX,11,0,0,0,0,0,0,0,0,0,0,0,0,NA,NA,0,NA,6,5,0,0,0,2,-1.3309072267147712,0,35,60,421,3,0,0,691,116,22,2.3970141578681594,0,0.6092619392185239,0.16666666666666666,0.23087203474774473,0.4116104243234213,2,2,0,0,0,0,0,0,0,0,0,0,0,0,2,0,0,0,0,0,0,0,0,0,18,309,3,75,0,0,0,0,NA,NA,0,0,0,0,0,0,0,0,0,0,0,0,NA,NA,NA,0,0,0,0,0,0,0,NA,0,0,0,0,NA,72.6,107.6
00-0038608,K.Boutte,Kayshon Boutte,WR,WR,"https://static.www.nfl.com/image/upload/f_auto,q_auto/league/mg4icjqhwhnc5uobmau5",2025,REG,NE,10,0,0,0,0,0,0,0,0,0,0,0,0,NA,NA,0,NA,0,0,0,0,0,0,NA,0,25,33,446,5,0,0,542,25,21,34.9167456539871,0,0.8228782287822878,0.09620991253644315,0.1708701134930643,0.2639239482498097,0,0,0,0,0,0,0,0,0,0,0,0,0,0,0,0,0,0,0,0,0,0,2,20,0,0,0,0,0,0,0,0,NA,NA,0,0,0,0,0,0,0,0,0,0,0,0,NA,NA,NA,0,0,0,0,0,0,0,NA,0,0,0,0,NA,74.6,99.6
00-0038609,L.Wypler,Luke Wypler,C,OL,"https://static.www.nfl.com/image/upload/f_auto,q_auto/league/alkthyatyuxkudodqhke",2025,REG,CLE,2,0,0,0,0,0,0,0,0,0,0,0,0,NA,NA,0,NA,0,0,0,0,0,0,NA,0,0,1,0,0,0,0,1,0,0,-0.24714013846823946,0,0,0.002785515320334262,3.92156862745098e-4,0.004452782784422961,0,0,0,0,0,0,0,0,0,0,0,0,0,0,0,0,0,0,0,0,0,0,1,10,0,0,0,0,0,0,0,0,NA,NA,0,0,0,0,0,0,0,0,0,0,0,0,NA,NA,NA,0,0,0,0,0,0,0,NA,0,0,0,0,NA,0,0
00-0038610,B.Baringer,Bryce Baringer,P,SPEC,"https://static.www.nfl.com/image/upload/f_auto,q_auto/league/chin7dbgay28deurzjbb",2025,REG,NE,12,0,0,0,0,0,0,0,0,0,0,0,0,NA,NA,0,NA,0,0,0,0,0,0,NA,0,0,0,0,0,0,0,0,0,0,NA,0,NA,0,0,0,0,0,0,0,0,0,0,0,0,0,0,0,0,0,0,0,0,0,0,0,0,0,0,0,0,0,0,0,0,0,0,0,NA,NA,0,0,0,0,0,0,0,0,0,0,0,0,NA,NA,NA,0,0,0,0,0,0,0,NA,0,0,0,0,NA,0,0
00-0038611,C.Rodriguez,Chris Rodriguez Jr.,RB,RB,"https://static.www.nfl.com/image/upload/f_auto,q_auto/league/z5nbh1nza9je683o17h1",2025,REG,WAS,8,0,0,0,0,0,0,0,0,0,0,0,0,NA,NA,0,NA,60,279,3,0,0,19,0.9218338991922792,0,1,1,6,0,0,0,3,3,0,0.39914171886630356,0,2,0.003436426116838488,0.0011695906432748538,0.005973352625550129,0,2,0,0,0,0,0,0,0,0,0,0,0,0,0,0,0,0,0,0,0,0,1,5,0,0,0,0,0,0,0,0,NA,NA,0,0,0,0,0,0,0,0,0,0,0,0,NA,NA,NA,0,0,0,0,0,0,0,NA,0,0,0,0,NA,46.5,47.5
00-0038613,Je.Reed,Jerrick Reed II,SAF,DB,"https://static.www.nfl.com/image/upload/f_auto,q_auto/league/jdg6nd5cot2srdfixjnv",2025,REG,SEA,2,0,0,0,0,0,0,0,0,0,0,0,0,NA,NA,0,NA,0,0,0,0,0,0,NA,0,0,0,0,0,0,0,0,0,0,NA,0,NA,0,0,0,0,2,0,2,0,0,0,0,0,0,0,0,0,0,0,0,0,0,0,0,0,0,0,0,0,0,0,0,0,0,0,0,NA,NA,0,0,0,0,0,0,0,0,0,0,0,0,NA,NA,NA,0,0,0,0,0,0,0,NA,0,0,0,0,NA,0,0
00-0038614,S.Matlock,Scott Matlock,DT,DL,"https://static.www.nfl.com/image/upload/f_auto,q_auto/league/cuk2ssb69ywuhputouz8",2025,REG,LAC,2,0,0,0,0,0,0,0,0,0,0,0,0,NA,NA,0,NA,0,0,0,0,0,0,NA,0,2,2,3,1,0,0,0,3,1,0.5882845206651837,0,0,0.005305039787798408,0,0.007957559681697613,0,0,0,0,0,0,0,0,0,0,0,0,0,0,0,0,0,0,0,0,0,0,0,0,0,0,0,0,0,0,0,0,NA,NA,0,0,0,0,0,0,0,0,0,0,0,0,NA,NA,NA,0,0,0,0,0,0,0,NA,0,0,0,0,NA,6.3,8.3
00-0038615,J.Patterson,Jarrett Patterson,C,OL,"https://static.www.nfl.com/image/upload/f_auto,q_auto/league/etaxd4fgrxgfeygli9af",2025,REG,HOU,1,0,0,0,0,0,0,0,0,0,0,0,0,NA,NA,0,NA,0,0,0,0,0,0,NA,0,0,0,0,0,0,0,0,0,0,NA,0,NA,0,0,0,0,0,0,0,0,0,0,0,0,0,0,0,0,0,0,0,0,0,0,0,0,0,1,5,0,0,0,0,0,0,0,0,NA,NA,0,0,0,0,0,0,0,0,0,0,0,0,NA,NA,NA,0,0,0,0,0,0,0,NA,0,0,0,0,NA,0,0
00-0038616,C.Braswell,Christian Braswell,CB,DB,"https://static.www.nfl.com/image/upload/f_auto,q_auto/league/jhh2vnmqgpzew31qkkct",2025,REG,JAX,2,0,0,0,0,0,0,0,0,0,0,0,0,NA,NA,0,NA,0,0,0,0,0,0,NA,0,0,0,0,0,0,0,0,0,0,NA,0,NA,0,0,0,0,7,0,2,0,0,0,0,0,0,0,0,2,0,0,0,0,0,0,0,0,0,0,0,0,0,0,0,0,0,0,0,NA,NA,0,0,0,0,0,0,0,0,0,0,0,0,NA,NA,NA,0,0,0,0,0,0,0,NA,0,0,0,0,NA,0,0
00-0038618,X.Hutchinson,Xavier Hutchinson,WR,WR,"https://static.www.nfl.com/image/upload/f_auto,q_auto/league/hv3mfhadliph08b4pl4s",2025,REG,HOU,10,0,0,0,0,0,0,0,0,0,0,0,0,NA,NA,0,NA,2,14,0,0,0,1,1.3617413468309678,0,24,34,264,3,0,0,345,67,12,13.811562090056015,0,0.7652173913043478,0.08947368421052632,0.1079136690647482,0.20975009466111322,0,1,0,1,0,0,0,0,0,0,0,0,0,0,0,0,0,0,0,0,0,0,2,20,0,0,0,0,0,0,0,0,NA,NA,0,0,0,0,0,0,0,0,0,0,0,0,NA,NA,NA,0,0,0,0,0,0,0,NA,0,0,0,0,NA,45.8,69.8
00-0038619,A.Iosivas,Andrei Iosivas,WR,WR,"https://static.www.nfl.com/image/upload/f_auto,q_auto/league/zvanfldklpds1gp08bsp",2025,REG,CIN,9,0,0,0,0,0,0,0,0,0,0,0,0,NA,NA,0,NA,3,14,0,0,0,0,-0.14851663075387478,0,23,42,317,1,0,0,437,75,16,5.986099575025877,0,0.7254004576659039,0.1076923076923077,0.14248451255298336,0.2612776203255499,0,0,0,0,0,0,0,0,0,0,0,0,0,0,0,0,0,0,0,0,0,0,1,5,0,0,0,0,0,0,0,0,NA,NA,0,0,0,0,0,0,0,0,0,0,0,0,NA,NA,NA,0,0,0,0,0,0,0,NA,0,0,0,0,NA,39.1,62.1
00-0038620,E.Hallett,Erick Hallett,SAF,DB,"https://static.www.nfl.com/image/upload/f_auto,q_auto/league/hnpxgdu65sr9w51rkp6g",2025,REG,DET,1,0,0,0,0,0,0,0,0,0,0,0,0,NA,NA,0,NA,0,0,0,0,0,0,NA,0,0,0,0,0,0,0,0,0,0,NA,0,NA,0,0,0,0,6,0,2,0,0,0,0,0,0,0,0,0,0,0,0,0,0,0,0,0,0,0,0,0,0,0,0,0,0,0,0,NA,NA,0,0,0,0,0,0,0,0,0,0,0,0,NA,NA,NA,0,0,0,0,0,0,0,NA,0,0,0,0,NA,0,0
00-0038621,D.Douglas,DeMario Douglas,WR,WR,"https://static.www.nfl.com/image/upload/f_auto,q_auto/league/almsm6nmovpasu8ts9u3",2025,REG,NE,11,0,0,0,0,0,0,0,0,0,0,0,0,NA,NA,0,NA,6,16,0,0,0,2,-1.1917619971791282,0,24,36,369,3,0,0,349,150,14,25.033286811143626,0,1.0573065902578798,0.10495626822157435,0.11002522068095838,0.2344520568090324,0,0,0,0,0,0,0,0,0,0,0,0,0,0,0,0,0,0,0,0,0,0,0,0,0,0,0,0,0,0,0,0,NA,NA,0,0,0,0,0,0,0,0,0,0,0,0,NA,NA,NA,0,0,0,0,0,0,0,NA,0,0,0,0,NA,56.5,80.5
00-0038623,D.Stills,Dante Stills,DT,DL,"https://static.www.nfl.com/image/upload/f_auto,q_auto/league/aqvvpt76ifof0r42hsgg",2025,REG,ARI,11,0,0,0,0,0,0,0,0,0,0,0,0,NA,NA,0,NA,0,0,0,0,0,0,NA,0,0,0,0,0,0,0,0,0,0,NA,0,NA,0,0,0,0,12,0,12,1,4,0,0,0,0,0,0,1,0,0,0,0,0,0,0,0,0,2,15,0,0,0,0,0,0,0,0,NA,NA,0,0,0,0,0,0,0,0,0,0,0,0,NA,NA,NA,0,0,0,0,0,0,0,NA,0,0,0,0,NA,0,0
00-0038625,D.Winters,Dee Winters,LB,LB,"https://static.www.nfl.com/image/upload/f_auto,q_auto/league/uq6qbsrwlkhnu7lsrejj",2025,REG,SF,12,0,0,0,0,0,0,0,0,0,0,0,0,NA,NA,0,NA,0,0,0,0,0,0,NA,0,0,0,0,0,0,0,0,0,0,NA,0,NA,0,0,0,0,50,3,25,6,12,0,0,0,3,0,0,3,0,0,0,0,0,0,0,0,0,2,30,0,0,0,0,0,0,0,0,NA,NA,0,0,0,0,0,0,0,0,0,0,0,0,NA,NA,NA,0,0,0,0,0,0,0,NA,0,0,0,0,NA,0,0
00-0038626,B.Robbins,Brad Robbins,P,SPEC,"https://static.www.nfl.com/image/upload/f_auto,q_auto/league/vhvczed44djnv8vrfwly",2025,REG,BUF,1,0,0,0,0,0,0,0,0,0,0,0,0,NA,NA,0,NA,0,0,0,0,0,0,NA,0,0,0,0,0,0,0,0,0,0,NA,0,NA,0,0,0,0,0,0,0,0,0,0,0,0,0,0,0,0,0,0,0,0,0,0,0,0,0,0,0,0,0,0,0,0,0,0,0,NA,NA,0,0,0,0,0,0,0,0,0,0,0,0,NA,NA,NA,0,0,0,0,0,0,0,NA,0,0,0,0,NA,0,0
00-0038628,D.Hellams,DeMarcco Hellams,SAF,DB,"https://static.www.nfl.com/image/upload/f_auto,q_auto/league/sgwgvm0vfhjzx2skseii",2025,REG,ATL,7,0,0,0,0,0,0,0,0,0,0,0,0,NA,NA,0,NA,0,0,0,0,0,0,NA,0,0,0,0,0,0,0,0,0,0,NA,0,NA,0,0,0,0,4,0,6,0,0,0,0,0,0,0,0,0,0,0,0,0,0,0,1,1,0,1,10,0,0,0,0,0,0,0,0,NA,NA,0,0,0,0,0,0,0,0,0,0,0,0,NA,NA,NA,0,0,0,0,0,0,0,NA,0,0,0,0,NA,0,0
00-0038640,J.Brooks,Jalen Brooks,WR,WR,"https://static.www.nfl.com/image/upload/f_auto,q_auto/league/drpljzij7e0e9ojwf0cq",2025,REG,DAL,1,0,0,0,0,0,0,0,0,0,0,0,0,NA,NA,0,NA,0,0,0,0,0,0,NA,0,0,0,0,0,0,0,0,0,0,NA,0,NA,0,0,0,0,1,0,0,0,0,0,0,0,0,0,0,0,0,0,0,0,0,0,0,0,0,1,10,0,0,0,0,0,0,0,0,NA,NA,0,0,0,0,0,0,0,0,0,0,0,0,NA,NA,NA,0,0,0,0,0,0,0,NA,0,0,0,0,NA,0,0
00-0038642,D.Ivey,D.J. Ivey,CB,DB,"https://static.www.nfl.com/image/upload/f_auto,q_auto/league/bgycp6whsc4bd61aumsq",2025,REG,CIN,6,0,0,0,0,0,0,0,0,0,0,0,0,NA,NA,0,NA,0,0,0,0,0,0,NA,0,0,0,0,0,0,0,0,0,0,NA,0,NA,0,0,0,0,2,0,4,0,0,0,0,0,0,0,0,1,0,0,0,0,0,0,0,0,0,1,5,0,0,0,0,0,0,0,0,NA,NA,0,0,0,0,0,0,0,0,0,0,0,0,NA,NA,NA,0,0,0,0,0,0,0,NA,0,0,0,0,NA,0,0
00-0038643,B.Willis,Brayden Willis,TE,TE,"https://static.www.nfl.com/image/upload/f_auto,q_auto/league/pz1nzzfellquco7nk65e",2025,REG,SF,5,0,0,0,0,0,0,0,0,0,0,0,0,NA,NA,0,NA,0,0,0,0,0,0,NA,0,0,1,0,0,0,0,2,0,0,-0.7294479382690042,0,0,0.0024630541871921183,6.508298080052066e-4,0.004150162146391822,0,3,0,2,0,0,0,0,0,0,0,0,0,0,0,0,0,0,0,0,0,0,0,0,0,0,0,0,0,0,0,0,NA,NA,0,0,0,0,0,0,0,0,0,0,0,0,NA,NA,NA,0,0,0,0,0,0,0,NA,0,0,0,0,NA,0,0
00-0038645,S.Anderson,Spencer Anderson,G,OL,"https://static.www.nfl.com/image/upload/f_auto,q_auto/league/c7wzlwet93jblhklcgax",2025,REG,PIT,3,0,0,0,0,0,0,0,0,0,0,0,0,NA,NA,0,NA,0,0,0,0,0,0,NA,0,1,1,4,0,0,0,0,4,0,-0.007790219970047474,0,0,0.003125,0,0.004687500000000001,0,1,0,0,0,0,0,0,0,0,0,0,0,0,0,0,0,0,0,0,0,0,1,10,0,0,0,0,0,0,0,0,NA,NA,0,0,0,0,0,0,0,0,0,0,0,0,NA,NA,NA,0,0,0,0,0,0,0,NA,0,0,0,0,NA,0.4,1.4
00-0038646,A.Austin,Alex Austin,CB,DB,"https://static.www.nfl.com/image/upload/f_auto,q_auto/league/vtgwc8celooprxtaqlb6",2025,REG,NE,6,0,0,0,0,0,0,0,0,0,0,0,0,NA,NA,0,NA,0,0,0,0,0,0,NA,0,0,0,0,0,0,0,0,0,0,NA,0,NA,0,0,0,0,9,1,3,1,1,0,0,0,0,0,0,1,0,0,0,0,0,0,0,0,0,2,6,0,0,0,0,0,0,0,0,NA,NA,0,0,0,0,0,0,0,0,0,0,0,0,NA,NA,NA,0,0,0,0,0,0,0,NA,0,0,0,0,NA,0,0
00-0038653,C.Durden,Cory Durden,DT,DL,"https://static.www.nfl.com/image/upload/f_auto,q_auto/league/cdqrqnmvljjdupjz9wgc",2025,REG,NE,11,0,0,0,0,0,0,0,0,0,0,0,0,NA,NA,0,NA,0,0,0,0,0,0,NA,0,0,0,0,0,0,0,0,0,0,NA,0,NA,0,0,0,0,3,1,11,2,2,0,0,0,0,0,0,0,0,0,0,0,0,0,0,0,0,1,15,0,0,0,0,0,0,0,0,NA,NA,0,0,0,0,0,0,0,0,0,0,0,0,NA,NA,NA,0,0,0,0,0,0,0,NA,0,0,0,0,NA,0,0
00-0038658,A.Martinez,Adrian Martinez,QB,QB,"https://static.www.nfl.com/image/upload/f_auto,q_auto/league/uxqlgiljk3wecurnynmg",2025,REG,SF,1,0,0,0,0,0,0,0,0,0,0,0,0,NA,NA,0,NA,1,-1,0,0,0,0,-2.324388109263964,0,0,0,0,0,0,0,0,0,0,NA,0,NA,0,0,0,0,0,0,0,0,0,0,0,0,0,0,0,0,0,0,0,0,0,0,0,0,0,0,0,0,0,0,0,0,0,0,0,NA,NA,0,0,0,0,0,0,0,0,0,0,0,0,NA,NA,NA,0,0,0,0,0,0,0,NA,0,0,0,0,NA,-0.1,-0.1
00-0038660,T.Nowaske,Trevor Nowaske,LB,LB,"https://static.www.nfl.com/image/upload/f_auto,q_auto/league/kwj6mthtdunxiwdcogz2",2025,REG,DET,8,0,0,0,0,0,0,0,0,0,0,0,0,NA,NA,0,NA,0,0,0,0,0,0,NA,0,0,0,0,0,0,0,0,0,0,NA,0,NA,0,0,0,0,6,0,8,2,5,0,1,4,2,0,0,0,0,0,0,0,0,0,1,1,0,0,0,0,0,0,0,0,0,0,0,NA,NA,0,0,0,0,0,0,0,0,0,0,0,0,NA,NA,NA,0,0,0,0,0,0,0,NA,0,0,0,0,NA,0,0
00-0038678,J.Mims,Jordan Mims,RB,RB,"https://static.www.nfl.com/image/upload/f_auto,q_auto/league/nvamfcrdqvkwtnpgmzdh",2025,REG,TEN,1,0,0,0,0,0,0,0,0,0,0,0,0,NA,NA,0,NA,0,0,0,0,0,0,NA,0,0,0,0,0,0,0,0,0,0,NA,0,NA,0,0,0,0,1,0,0,0,0,0,0,0,0,0,0,0,0,0,0,0,0,0,0,0,0,0,0,0,0,0,0,0,0,0,0,NA,NA,0,0,0,0,0,0,0,0,0,0,0,0,NA,NA,NA,0,0,0,0,0,0,0,NA,0,0,0,0,NA,0,0
00-0038679,T.Shavers,Tyrell Shavers,WR,WR,"https://static.www.nfl.com/image/upload/f_auto,q_auto/league/mfazuecipz3csodtztwc",2025,REG,BUF,8,0,0,0,0,0,0,0,0,0,0,0,0,NA,NA,0,NA,0,0,0,0,0,0,NA,0,11,17,172,1,0,0,217,55,7,7.759920809650794,0,0.7926267281105991,0.05246913580246913,0.08330134357005758,0.137014644202744,0,1,0,1,0,0,0,0,0,0,0,0,0,0,0,0,0,0,0,0,0,0,2,20,0,0,0,0,0,0,0,0,NA,NA,0,0,0,0,0,0,0,0,0,0,0,0,NA,NA,NA,0,0,0,0,0,0,0,NA,0,0,0,0,NA,23.2,34.2
00-0038684,E.Bonner,Ethan Bonner,CB,DB,"https://static.www.nfl.com/image/upload/f_auto,q_auto/league/dgnoznkjwxtrum7vg5oe",2025,REG,MIA,7,0,0,0,0,0,0,0,0,0,0,0,0,NA,NA,0,NA,0,0,0,0,0,0,NA,0,0,0,0,0,0,0,0,0,0,NA,0,NA,0,0,0,0,4,1,6,1,1,0,0,0,0,0,0,1,0,0,0,0,0,0,1,1,0,1,5,0,0,0,0,0,0,0,0,NA,NA,0,0,0,0,0,0,0,0,0,0,0,0,NA,NA,NA,0,0,0,0,0,0,0,NA,0,0,0,0,NA,0,0
00-0038685,C.Brooks,Chris Brooks,RB,RB,"https://static.www.nfl.com/image/upload/f_auto,q_auto/league/nnwloijqopel4em6vfhb",2025,REG,GB,11,0,0,0,0,0,0,0,0,0,0,0,0,NA,NA,0,NA,11,31,0,0,0,2,-2.133440623001661,0,8,10,59,0,0,0,-4,68,2,0.8532542710869135,0,-14.75,0.03194888178913738,-0.0014853323431117712,0.04688359004352783,0,3,0,6,0,0,0,0,0,0,0,0,0,0,0,0,0,0,0,0,0,0,1,10,0,0,0,0,0,0,0,0,NA,NA,0,0,0,0,0,0,0,0,0,0,0,0,NA,NA,NA,0,0,0,0,0,0,0,NA,0,0,0,0,NA,9,17
00-0038694,B.Pili,Brandon Pili,DT,DL,"https://static.www.nfl.com/image/upload/f_auto,q_auto/league/hwulhwha4dlvlwapdl4r",2025,REG,SEA,5,0,0,0,0,0,0,0,0,0,0,0,0,NA,NA,0,NA,0,0,0,0,0,0,NA,0,0,0,0,0,0,0,0,0,0,NA,0,NA,0,0,0,0,1,0,8,0,0,1,0,0,0,0,0,0,0,0,0,0,0,0,0,0,0,0,0,0,0,0,0,0,0,0,0,NA,NA,0,0,0,0,0,0,0,0,0,0,0,0,NA,NA,NA,0,0,0,0,0,0,0,NA,0,0,0,0,NA,0,0
00-0038703,K.Brooks,Kendell Brooks,SAF,DB,"https://static.www.nfl.com/image/upload/f_auto,q_auto/league/folwn5nqummgddg3li5y",2025,REG,TEN,3,0,0,0,0,0,0,0,0,0,0,0,0,NA,NA,0,NA,0,0,0,0,0,0,NA,0,0,0,0,0,0,0,0,0,0,NA,0,NA,0,0,0,0,3,0,2,0,0,0,0,0,0,0,0,0,0,0,0,0,0,0,0,0,0,2,20,0,0,0,0,0,0,0,0,NA,NA,0,0,0,0,0,0,0,0,0,0,0,0,NA,NA,NA,0,0,0,0,0,0,0,NA,0,0,0,0,NA,0,0
00-0038705,E.Demercado,Emari Demercado,RB,RB,"https://static.www.nfl.com/image/upload/f_auto,q_auto/league/jasnk9akri8eghfgolsn",2025,REG,ARI,8,0,0,0,0,0,0,0,0,0,0,0,0,NA,NA,0,NA,31,241,0,1,1,7,-5.758170428860467,0,8,12,64,1,0,0,-16,70,2,0.6798294452969751,0,-4,0.029556650246305417,-0.0053351117039013,0.04060039717672722,0,2,0,0,0,0,0,0,0,0,0,0,0,0,0,0,0,0,0,0,0,0,0,0,0,0,3,86,0,0,0,0,NA,NA,0,0,0,0,0,0,0,0,0,0,0,0,NA,NA,NA,0,0,0,0,0,0,0,NA,0,0,0,0,NA,34.5,42.5
00-0038710,B.Whiteheart,Blake Whiteheart,TE,TE,"https://static.www.nfl.com/image/upload/f_auto,q_auto/league/senw8edxu2ovkg1dbdxs",2025,REG,CLE,5,0,0,0,0,0,0,0,0,0,0,0,0,NA,NA,0,NA,0,0,0,0,0,0,NA,0,2,3,4,0,1,0,29,1,0,-2.673659414751455,0,0.13793103448275862,0.008356545961002786,0.011372549019607842,0.02049560325522967,0,1,0,4,0,0,0,0,0,0,0,0,0,0,0,0,0,1,1,0,0,0,0,0,0,0,0,0,0,0,0,0,NA,NA,0,0,0,0,0,0,0,0,0,0,0,0,NA,NA,NA,0,0,0,0,0,0,0,NA,0,0,0,0,NA,0.4,2.4
00-0038711,M.Diabate,Mohamoud Diabate,LB,LB,"https://static.www.nfl.com/image/upload/f_auto,q_auto/league/clvmbgcxk6mw8gqdzyxa",2025,REG,CLE,9,0,0,0,0,0,0,0,0,0,0,0,0,NA,NA,0,NA,0,0,0,0,0,0,NA,0,0,0,0,0,0,0,0,0,0,NA,0,NA,0,0,0,0,10,0,9,1,5,1,0,0,0,0,0,0,0,0,0,0,0,0,1,1,0,0,0,0,0,0,0,0,0,0,0,NA,NA,0,0,0,0,0,0,0,0,0,0,0,0,NA,NA,NA,0,0,0,0,0,0,0,NA,0,0,0,0,NA,0,0
00-0038715,R.Hickman,Ronnie Hickman Jr.,SAF,DB,"https://static.www.nfl.com/image/upload/f_auto,q_auto/league/ds24p7j86p9mwshsjvbu",2025,REG,CLE,11,0,0,0,0,0,0,0,0,0,0,0,0,NA,NA,0,NA,0,0,0,0,0,0,NA,0,0,0,0,0,0,0,0,0,0,NA,0,NA,0,0,0,0,32,0,36,1,2,0,0,0,0,2,31,3,0,0,0,0,0,0,0,0,0,0,0,0,0,0,0,0,0,0,0,NA,NA,0,0,0,0,0,0,0,0,0,0,0,0,NA,NA,NA,0,0,0,0,0,0,0,NA,0,0,0,0,NA,0,0
00-0038720,J.Hill,Julian Hill,TE,TE,"https://static.www.nfl.com/image/upload/f_auto,q_auto/league/yogwwyzq4sydycahhbgw",2025,REG,MIA,7,0,0,0,0,0,0,0,0,0,0,0,0,NA,NA,0,NA,0,0,0,0,0,0,NA,0,11,14,91,0,0,0,44,74,3,-1.3398683191265004,1,2.0681818181818183,0.04375,0.019581664441477527,0.07933216510903426,0,0,0,1,0,0,0,0,0,0,0,0,0,0,0,0,0,0,0,0,0,0,0,0,0,0,0,0,0,0,0,0,NA,NA,0,0,0,0,0,0,0,0,0,0,0,0,NA,NA,NA,0,0,0,0,0,0,0,NA,0,0,0,0,NA,11.1,22.1
00-0038724,A.Gaye,Ali Gaye,LB,LB,"https://static.www.nfl.com/image/upload/f_auto,q_auto/league/albsv8nicyb1weilqhls",2025,REG,TEN,1,0,0,0,0,0,0,0,0,0,0,0,0,NA,NA,0,NA,0,0,0,0,0,0,NA,0,0,0,0,0,0,0,0,0,0,NA,0,NA,0,0,0,0,1,0,0,0,0,0,0,0,0,0,0,0,0,0,0,0,0,0,0,0,0,0,0,0,0,0,0,0,0,0,0,NA,NA,0,0,0,0,0,0,0,0,0,0,0,0,NA,NA,NA,0,0,0,0,0,0,0,NA,0,0,0,0,NA,0,0
00-0038728,J.Wayne,Jared Wayne,WR,WR,"https://static.www.nfl.com/image/upload/f_auto,q_auto/league/gvyy4ez9taf0kmxx7t5w",2025,REG,HOU,1,0,0,0,0,0,0,0,0,0,0,0,0,NA,NA,0,NA,0,0,0,0,0,0,NA,0,2,2,20,0,0,0,17,3,1,0.594522395520471,0,1.1764705882352942,0.005263157894736842,0.005317485142320926,0.01161697644172991,0,0,0,0,0,0,0,0,0,0,0,0,0,0,0,0,0,0,0,0,0,0,0,0,0,0,0,0,0,0,0,0,NA,NA,0,0,0,0,0,0,0,0,0,0,0,0,NA,NA,NA,0,0,0,0,0,0,0,NA,0,0,0,0,NA,2,4
00-0038731,T.Bass,TJ Bass,G,OL,"https://static.www.nfl.com/image/upload/f_auto,q_auto/league/hnmg3ncfxso056ybw5zz",2025,REG,DAL,2,0,0,0,0,0,0,0,0,0,0,0,0,NA,NA,0,NA,0,0,0,0,0,0,NA,0,0,0,0,0,0,0,0,0,0,NA,0,NA,0,0,0,0,0,0,0,0,0,0,0,0,0,0,0,0,0,0,0,0,0,0,0,0,0,2,10,0,0,0,0,0,0,0,0,NA,NA,0,0,0,0,0,0,0,0,0,0,0,0,NA,NA,NA,0,0,0,0,0,0,0,NA,0,0,0,0,NA,0,0
00-0038735,P.Fant,Princeton Fant,TE,TE,"https://static.www.nfl.com/image/upload/f_auto,q_auto/league/dh67wj7xhek86nhyucig",2025,REG,DAL,1,0,0,0,0,0,0,0,0,0,0,0,0,NA,NA,0,NA,0,0,0,0,0,0,NA,0,0,0,0,0,0,0,0,0,0,NA,0,NA,0,0,0,0,0,0,1,0,0,0,0,0,0,0,0,0,0,0,0,0,0,0,0,0,0,0,0,0,0,0,0,0,0,0,0,NA,NA,0,0,0,0,0,0,0,0,0,0,0,0,NA,NA,NA,0,0,0,0,0,0,0,NA,0,0,0,0,NA,0,0
00-0038738,H.Luepke,Hunter Luepke,RB,RB,"https://static.www.nfl.com/image/upload/f_auto,q_auto/league/buachhzmd8p3hq2olwtf",2025,REG,DAL,9,0,0,0,0,0,0,0,0,0,0,0,0,NA,NA,0,NA,3,13,0,0,0,2,0.9871372345369309,0,8,9,63,1,0,0,-6,74,4,3.3816474633517153,0,-10.5,0.022670025188916875,-0.001894537417113988,0.03267886159139552,0,5,0,7,0,0,0,0,0,0,0,0,0,0,0,0,0,0,0,0,0,0,1,10,0,0,0,0,0,0,0,0,NA,NA,0,0,0,0,0,0,0,0,0,0,0,0,NA,NA,NA,0,0,0,0,0,0,0,NA,0,0,0,0,NA,13.600000000000001,21.6
00-0038740,J.Moreno-Cropper,Jalen Cropper,WR,WR,"https://static.www.nfl.com/image/upload/f_auto,q_auto/league/key7qkukzlgva9oz7k2r",2025,REG,DAL,2,0,0,0,0,0,0,0,0,0,0,0,0,NA,NA,0,NA,0,0,0,0,0,0,NA,0,0,0,0,0,0,0,0,0,0,NA,0,NA,0,0,0,0,0,0,0,0,0,0,0,0,0,0,0,0,0,1,0,0,1,1,0,0,0,1,4,3,27,2,38,0,0,0,0,NA,NA,0,0,0,0,0,0,0,0,0,0,0,0,NA,NA,NA,0,0,0,0,0,0,0,NA,0,0,0,0,NA,0,0
00-0038742,T.Wheat,Tyrus Wheat,DE,DL,"https://static.www.nfl.com/image/upload/f_auto,q_auto/league/mismzdnqkzpufwxohzvf",2025,REG,DET,6,0,0,0,0,0,0,0,0,0,0,0,0,NA,NA,0,NA,0,0,0,0,0,0,NA,0,0,0,0,0,0,0,0,0,0,NA,0,NA,0,0,0,0,3,0,8,1,11,1,1.5,11,1,0,0,0,0,0,0,0,0,0,0,0,0,0,0,0,0,0,0,0,0,0,0,NA,NA,0,0,0,0,0,0,0,0,0,0,0,0,NA,NA,NA,0,0,0,0,0,0,0,NA,0,0,0,0,NA,0,0
00-0038752,J.Bobo,Jake Bobo,WR,WR,"https://static.www.nfl.com/image/upload/f_auto,q_auto/league/xkwlqqmn2dcjlyeywpw5",2025,REG,SEA,4,0,0,0,0,0,0,0,0,0,0,0,0,NA,NA,0,NA,0,0,0,0,0,0,NA,0,2,2,20,0,0,0,14,6,1,1.1352619304088876,0,1.4285714285714286,0.006993006993006993,0.005185185185185185,0.01411914011914012,0,0,0,1,0,0,0,0,0,0,0,0,0,0,0,0,0,0,0,0,0,0,3,30,0,0,0,0,0,0,0,0,NA,NA,0,0,0,0,0,0,0,0,0,0,0,0,NA,NA,NA,0,0,0,0,0,0,0,NA,0,0,0,0,NA,2,4
00-0038764,P.O'Connell,Patrick O'Connell,LB,LB,"https://static.www.nfl.com/image/upload/f_auto,q_auto/league/s5wok0ocqr8yc86xhucm",2025,REG,SEA,2,0,0,0,0,0,0,0,0,0,0,0,0,NA,NA,0,NA,0,0,0,0,0,0,NA,0,0,0,0,0,0,0,0,0,0,NA,0,NA,0,0,0,0,5,0,8,1,1,0,1,1,1,0,0,0,0,0,0,0,0,0,0,0,0,0,0,0,0,0,0,0,0,0,0,NA,NA,0,0,0,0,0,0,0,0,0,0,0,0,NA,NA,NA,0,0,0,0,0,0,0,NA,0,0,0,0,NA,0,0
00-0038765,T.Okada,Ty Okada,SAF,DB,"https://static.www.nfl.com/image/upload/f_auto,q_auto/league/qnhwwei8cfomvdveuhg2",2025,REG,SEA,9,0,0,0,0,0,0,0,0,0,0,0,0,NA,NA,0,NA,0,0,0,0,0,0,NA,0,0,0,0,0,0,0,0,0,0,NA,0,NA,0,0,0,0,30,0,17,1,8,0,1.5,11.5,2,1,0,5,0,0,0,0,0,0,0,0,0,0,0,0,0,0,0,0,0,0,0,NA,NA,0,0,0,0,0,0,0,0,0,0,0,0,NA,NA,NA,0,0,0,0,0,0,0,NA,0,0,0,0,NA,0,0
00-0038769,C.Stoll,Chris Stoll,LS,SPEC,"https://static.www.nfl.com/image/upload/f_auto,q_auto/league/lqeose8mmkyqtdnhirab",2025,REG,SEA,1,0,0,0,0,0,0,0,0,0,0,0,0,NA,NA,0,NA,0,0,0,0,0,0,NA,0,0,0,0,0,0,0,0,0,0,NA,0,NA,0,0,0,0,0,0,1,0,0,0,0,0,0,0,0,0,0,0,0,0,0,0,0,0,0,0,0,0,0,0,0,0,0,0,0,NA,NA,0,0,0,0,0,0,0,0,0,0,0,0,NA,NA,NA,0,0,0,0,0,0,0,NA,0,0,0,0,NA,0,0
00-0038778,J.Redmond,Jalen Redmond,DL,DL,"https://static.www.nfl.com/image/upload/f_auto,q_auto/league/twjqbuybqow2v6zvpluq",2025,REG,MIN,11,0,0,0,0,0,0,0,0,0,0,0,0,NA,NA,0,NA,0,0,0,0,0,0,NA,0,0,0,0,0,0,0,0,0,0,NA,0,NA,0,0,0,0,21,2,17,8,47,1,4,36,6,0,0,3,0,0,0,0,0,0,0,0,0,1,5,0,0,0,0,0,0,0,0,NA,NA,0,0,0,0,0,0,0,0,0,0,0,0,NA,NA,NA,0,0,0,0,0,0,0,NA,0,0,0,0,NA,0,0
00-0038782,E.Leota,Eku Leota,LB,LB,"https://static.www.nfl.com/image/upload/f_auto,q_auto/league/omtbxuvxr6jedl4ukduv",2025,REG,NO,1,0,0,0,0,0,0,0,0,0,0,0,0,NA,NA,0,NA,0,0,0,0,0,0,NA,0,0,0,0,0,0,0,0,0,0,NA,0,NA,0,0,0,0,0,0,1,0,0,0,0,0,0,0,0,0,0,0,0,0,0,0,0,0,0,0,0,0,0,0,0,0,0,0,0,NA,NA,0,0,0,0,0,0,0,0,0,0,0,0,NA,NA,NA,0,0,0,0,0,0,0,NA,0,0,0,0,NA,0,0
00-0038783,N.Adkins,Nate Adkins,TE,TE,"https://static.www.nfl.com/image/upload/f_auto,q_auto/league/k3js5r3a9fl0q2gghqmv",2025,REG,DEN,5,0,0,0,0,0,0,0,0,0,0,0,0,NA,NA,0,NA,0,0,0,0,0,0,NA,0,6,10,48,1,0,0,29,26,3,-0.0983186733792536,0,1.6551724137931034,0.027247956403269755,0.009418642416368951,0.047464984296362894,0,1,0,0,0,0,0,0,0,0,0,0,0,0,0,0,0,0,0,0,0,0,0,0,0,0,0,0,0,0,0,0,NA,NA,0,0,0,0,0,0,0,0,0,0,0,0,NA,NA,NA,0,0,0,0,0,0,0,NA,0,0,0,0,NA,10.8,16.8
00-0038788,A.Green,Art Green,CB,DB,"https://static.www.nfl.com/image/upload/f_auto,q_auto/league/ubfznl2ifvpvai5cfftv",2025,REG,NYG,5,0,0,0,0,0,0,0,0,0,0,0,0,NA,NA,0,NA,0,0,0,0,0,0,NA,0,0,0,0,0,0,0,0,0,0,NA,0,NA,0,0,0,0,3,0,3,0,0,0,0,0,0,0,0,0,0,0,0,0,0,0,0,0,0,0,0,0,0,0,0,0,0,0,0,NA,NA,0,0,0,0,0,0,0,0,0,0,0,0,NA,NA,NA,0,0,0,0,0,0,0,NA,0,0,0,0,NA,0,0
00-0038791,T.Incoom,Thomas Incoom,LB,LB,"https://static.www.nfl.com/image/upload/f_auto,q_auto/league/fdp1jblpdjc6l7nw8u8a",2025,REG,CAR,11,0,0,0,0,0,0,0,0,0,0,0,0,NA,NA,0,NA,0,0,0,0,0,0,NA,0,0,0,0,0,0,0,0,0,0,NA,0,NA,0,0,0,0,6,1,6,0,0,0,0,0,0,0,0,0,0,0,0,0,0,0,0,0,0,1,10,0,0,0,0,0,0,0,0,NA,NA,0,0,0,0,0,0,0,0,0,0,0,0,NA,NA,NA,0,0,0,0,0,0,0,NA,0,0,0,0,NA,0,0
00-0038794,J.McLaughlin,Jaleel McLaughlin,RB,RB,"https://static.www.nfl.com/image/upload/f_auto,q_auto/league/pw2tngyy8k8jlb1qpooo",2025,REG,DEN,2,0,0,0,0,0,0,0,0,0,0,0,0,NA,NA,0,NA,7,19,1,0,0,2,0.14309185178717598,0,1,2,-5,0,0,0,-11,1,0,-2.82573558203876,0,0.45454545454545453,0.005449591280653951,-0.0035725885027606367,0.00567357496904848,0,0,0,0,0,0,0,0,0,0,0,0,0,0,0,0,0,0,0,0,0,0,0,0,0,0,0,0,0,0,0,0,NA,NA,0,0,0,0,0,0,0,0,0,0,0,0,NA,NA,NA,0,0,0,0,0,0,0,NA,0,0,0,0,NA,7.4,8.4
00-0038795,P.Mustipher,PJ Mustipher,DT,DL,"https://static.www.nfl.com/image/upload/f_auto,q_auto/league/z6ege6sbkke2esr7vx0u",2025,REG,ARI,9,0,0,0,0,0,0,0,0,0,0,0,0,NA,NA,0,NA,0,0,0,0,0,0,NA,0,0,0,0,0,0,0,0,0,0,NA,0,NA,0,0,0,0,9,0,10,1,1,0,0,0,0,0,0,1,0,0,0,0,0,0,0,0,0,2,10,0,0,0,0,0,0,0,0,NA,NA,0,0,0,0,0,0,0,0,0,0,0,0,NA,NA,NA,0,0,0,0,0,0,0,NA,0,0,0,0,NA,0,0
00-0038796,A.Palczewski,Alex Palczewski,OT,OL,"https://static.www.nfl.com/image/upload/f_auto,q_auto/league/xxzowzlubkllg1hzn0cg",2025,REG,DEN,2,0,0,0,0,0,0,0,0,0,0,0,0,NA,NA,0,NA,0,0,0,0,0,0,NA,0,0,0,0,0,0,0,0,0,0,NA,0,NA,0,0,0,0,0,0,0,0,0,0,0,0,0,0,0,0,0,0,0,0,0,0,0,0,0,2,25,0,0,0,0,0,0,0,0,NA,NA,0,0,0,0,0,0,0,0,0,0,0,0,NA,NA,NA,0,0,0,0,0,0,0,NA,0,0,0,0,NA,0,0
00-0038797,E.Wilson,Emanuel Wilson,RB,RB,"https://static.www.nfl.com/image/upload/f_auto,q_auto/league/xni9gnwmhdex7h1ey3jq",2025,REG,GB,11,0,0,0,0,0,0,0,0,0,0,0,0,NA,NA,0,NA,81,327,3,0,0,20,-7.383689352019362,0,13,15,87,0,1,0,-29,118,5,1.513307763986869,1,-3,0.04792332268370607,-0.010768659487560341,0.06434692238426686,0,1,0,0,0,0,0,0,0,0,0,0,0,0,0,0,0,0,0,0,0,0,0,0,0,0,1,27,0,0,0,0,NA,NA,0,0,0,0,0,0,0,0,0,0,0,0,NA,NA,NA,0,0,0,0,0,0,0,NA,0,0,0,0,NA,61.400000000000006,74.4
00-0038807,I.Pace,Ivan Pace Jr.,LB,LB,"https://static.www.nfl.com/image/upload/f_auto,q_auto/league/til1eiumoueha3mnindj",2025,REG,MIN,10,0,0,0,0,0,0,0,0,0,0,0,0,NA,NA,0,NA,0,0,0,0,0,0,NA,0,0,0,0,0,0,0,0,0,0,NA,0,NA,0,0,0,0,24,4,22,2,3,0,1,2,6,0,0,0,0,0,0,0,0,0,0,0,0,2,20,0,0,0,0,0,0,0,0,NA,NA,0,0,0,0,0,0,0,0,0,0,0,0,NA,NA,NA,0,0,0,0,0,0,0,NA,0,0,0,0,NA,0,0
00-0038818,L.Haggard,Luke Haggard,OT,OL,"https://static.www.nfl.com/image/upload/f_auto,q_auto/league/cq9lilfcoz4je17ryjlo",2025,REG,TB,1,0,0,0,0,0,0,0,0,0,0,0,0,NA,NA,0,NA,0,0,0,0,0,0,NA,0,0,0,0,0,0,0,0,0,0,NA,0,NA,0,0,0,0,0,0,0,0,0,0,0,0,0,0,0,0,0,0,0,0,0,0,0,0,0,2,20,0,0,0,0,0,0,0,0,NA,NA,0,0,0,0,0,0,0,0,0,0,0,0,NA,NA,NA,0,0,0,0,0,0,0,NA,0,0,0,0,NA,0,0
00-0038820,C.Izien,Christian Izien,SAF,DB,"https://static.www.nfl.com/image/upload/f_auto,q_auto/league/klbosecrlbeeqvuts8l4",2025,REG,TB,5,0,0,0,0,0,0,0,0,0,0,0,0,NA,NA,0,NA,0,0,0,0,0,0,NA,0,0,0,0,0,0,0,0,0,0,NA,0,NA,0,0,0,0,4,0,1,0,0,0,0,0,0,0,0,0,0,0,0,0,0,0,0,0,0,1,7,0,0,0,0,0,0,0,0,NA,NA,0,0,0,0,0,0,0,0,0,0,0,0,NA,NA,NA,0,0,0,0,0,0,0,NA,0,0,0,0,NA,0,0
00-0038823,K.Merriweather,Kaevon Merriweather,SAF,DB,"https://static.www.nfl.com/image/upload/f_auto,q_auto/league/tglrg1tbq9ixnb81ala0",2025,REG,TB,6,0,0,0,0,0,0,0,0,0,0,0,0,NA,NA,0,NA,0,0,0,0,0,0,NA,0,0,0,0,0,0,0,0,0,0,NA,0,NA,0,0,0,0,4,0,4,1,34,0,0,0,0,0,0,0,0,0,1,0,0,0,0,0,0,1,10,0,0,0,0,0,0,0,0,NA,NA,0,0,0,0,0,0,0,0,0,0,0,0,NA,NA,NA,0,0,0,0,0,0,0,NA,0,0,0,0,NA,0,0
00-0038824,R.Miller,Ryan Miller,WR,WR,"https://static.www.nfl.com/image/upload/f_auto,q_auto/league/lakkaed2btx1ndkqj2pt",2025,REG,TB,7,0,0,0,0,0,0,0,0,0,0,0,0,NA,NA,0,NA,0,0,0,0,0,0,NA,0,2,4,34,1,0,0,70,0,1,-0.7049306242245401,0,0.4857142857142857,0.01098901098901099,0.022920759659463,0.03252804824514058,0,5,0,1,0,0,0,0,0,0,0,0,0,0,0,0,0,0,0,1,1,0,1,10,0,0,0,0,0,0,0,0,NA,NA,0,0,0,0,0,0,0,0,0,0,0,0,NA,NA,NA,0,0,0,0,0,0,0,NA,0,0,0,0,NA,9.4,11.4
00-0038839,M.Tinsley,Mitchell Tinsley,WR,WR,"https://static.www.nfl.com/image/upload/f_auto,q_auto/league/t4h8qtzndtvf6is6naew",2025,REG,CIN,5,0,0,0,0,0,0,0,0,0,0,0,0,NA,NA,0,NA,0,0,0,0,0,0,NA,0,5,12,78,2,0,0,182,7,4,5.203280989342602,0,0.42857142857142855,0.03076923076923077,0.05934137593739811,0.08769280931002484,0,0,0,0,0,0,0,0,0,0,0,0,0,0,0,0,0,0,0,0,0,0,0,0,0,0,0,0,0,0,0,0,NA,NA,0,0,0,0,0,0,0,0,0,0,0,0,NA,NA,NA,0,0,0,0,0,0,0,NA,0,0,0,0,NA,19.8,24.8
00-0038840,B.Tremayne,Brycen Tremayne,WR,WR,"https://static.www.nfl.com/image/upload/f_auto,q_auto/league/mpjkirsgrx6qavqrdum6",2025,REG,CAR,10,0,0,0,0,0,0,0,0,0,0,0,0,NA,NA,0,NA,0,0,0,0,0,0,NA,0,12,15,133,0,1,0,128,46,6,7.913545167148827,0,1.0390625,0.04189944134078212,0.0504334121355398,0.09815255050605104,0,3,0,8,0,0,0,0,0,0,0,0,0,0,0,0,0,0,0,0,0,0,0,0,0,0,0,0,0,0,0,0,NA,NA,0,0,0,0,0,0,0,0,0,0,0,0,NA,NA,NA,0,0,0,0,0,0,0,NA,0,0,0,0,NA,13.3,25.3
00-0038841,N.Whiteside,Nick Whiteside,DB,DB,"https://static.www.nfl.com/image/upload/f_auto,q_auto/league/j0pukchzjtdenj8mw6os",2025,REG,DET,2,0,0,0,0,0,0,0,0,0,0,0,0,NA,NA,0,NA,0,0,0,0,0,0,NA,0,0,0,0,0,0,0,0,0,0,NA,0,NA,0,0,0,0,2,0,1,0,0,0,0,0,0,0,0,3,0,0,0,0,0,0,0,0,0,0,0,0,0,0,0,0,0,0,0,NA,NA,0,0,0,0,0,0,0,0,0,0,0,0,NA,NA,NA,0,0,0,0,0,0,0,NA,0,0,0,0,NA,0,0
00-0038851,C.Murphy,Caleb Murphy,LB,LB,"https://static.www.nfl.com/image/upload/f_auto,q_auto/league/qenmdl6vsivdtjpj9mvk",2025,REG,LAC,5,0,0,0,0,0,0,0,0,0,0,0,0,NA,NA,0,NA,0,0,0,0,0,0,NA,0,0,0,0,0,0,0,0,0,0,NA,0,NA,0,0,0,0,5,0,7,0,0,0,0.5,3,1,0,0,0,0,0,0,0,0,0,0,0,0,0,0,0,0,0,0,0,0,0,0,NA,NA,0,0,0,0,0,0,0,0,0,0,0,0,NA,NA,NA,0,0,0,0,0,0,0,NA,0,0,0,0,NA,0,0
00-0038852,J.Ojukwu,John Ojukwu,OT,OL,"https://static.www.nfl.com/image/upload/f_auto,q_auto/league/bboicl6b5fakzgphkplg",2025,REG,TEN,1,0,0,0,0,0,0,0,0,0,0,0,0,NA,NA,0,NA,0,0,0,0,0,0,NA,0,0,0,0,0,0,0,0,0,0,NA,0,NA,0,0,0,0,0,0,0,0,0,0,0,0,0,0,0,0,0,0,0,0,0,0,0,0,0,2,10,0,0,0,0,0,0,0,0,NA,NA,0,0,0,0,0,0,0,0,0,0,0,0,NA,NA,NA,0,0,0,0,0,0,0,NA,0,0,0,0,NA,0,0
00-0038877,D.Jamison,D'Shawn Jamison,CB,DB,"https://static.www.nfl.com/image/upload/f_auto,q_auto/league/tpz66swcddlot6x1lcfz",2025,REG,PIT,1,0,0,0,0,0,0,0,0,0,0,0,0,NA,NA,0,NA,0,0,0,0,0,0,NA,0,0,0,0,0,0,0,0,0,0,NA,0,NA,0,0,0,0,0,0,0,0,0,0,0,0,0,0,0,0,0,0,0,0,0,0,0,0,0,0,0,0,0,1,20,0,0,0,0,NA,NA,0,0,0,0,0,0,0,0,0,0,0,0,NA,NA,NA,0,0,0,0,0,0,0,NA,0,0,0,0,NA,0,0
00-0038890,S.Heyward,Shaka Heyward,LB,LB,"https://static.www.nfl.com/image/upload/f_auto,q_auto/league/iyfys24q8kfywfgipkni",2025,REG,CIN,7,0,0,0,0,0,0,0,0,0,0,0,0,NA,NA,0,NA,0,0,0,0,0,0,NA,0,0,0,0,0,0,0,0,0,0,NA,0,NA,0,0,0,0,4,0,6,0,0,0,0,0,0,0,0,0,0,0,0,0,0,0,0,0,0,0,0,0,0,0,0,0,0,0,0,NA,NA,0,0,0,0,0,0,0,0,0,0,0,0,NA,NA,NA,0,0,0,0,0,0,0,NA,0,0,0,0,NA,0,0
00-0038896,J.Saylors,Jacob Saylors,RB,RB,"https://static.www.nfl.com/image/upload/f_auto,q_auto/league/ka2sa8lwtxlij52jimtu",2025,REG,DET,9,0,0,0,0,0,0,0,0,0,0,0,0,NA,NA,0,NA,2,11,0,0,0,1,-1.0589698900002986,0,0,0,0,0,0,0,0,0,0,NA,0,NA,0,0,0,0,4,0,2,0,0,0,0,0,0,0,0,0,0,0,0,0,0,0,0,0,0,0,0,0,0,26,699,0,0,0,0,NA,NA,0,0,0,0,0,0,0,0,0,0,0,0,NA,NA,NA,0,0,0,0,0,0,0,NA,0,0,0,0,NA,1.1,1.1
00-0038905,B.Grupe,Blake Grupe,K,SPEC,"https://static.www.nfl.com/image/upload/f_auto,q_auto/league/de3vz6xjjo9paba6encd",2025,REG,NO,11,0,0,0,0,0,0,0,0,0,0,0,0,NA,NA,0,NA,0,0,0,0,0,0,NA,0,0,0,0,0,0,0,0,0,0,NA,0,NA,0,0,0,0,1,0,0,0,0,0,0,0,0,0,0,0,0,0,0,0,0,0,0,0,0,2,0,0,0,0,0,18,26,8,0,54,0.6923076923076923,0,7,6,2,3,0,0,0,2,3,3,0,36;28;27;23;54;35;28;53;29;28;34;48;38;54;48;39;20;33,37;40;52;52;46;53;38;47,NA,655,365,0,15,15,0,0,1,0,0,0,0,NA,0,0
00-0038922,D.Thomas,Drake Thomas,LB,LB,"https://static.www.nfl.com/image/upload/f_auto,q_auto/league/egqpcx91rp0iadqqxu2v",2025,REG,SEA,10,0,0,0,0,0,0,0,0,0,0,0,0,NA,NA,0,NA,0,0,0,0,0,0,NA,0,0,0,0,0,0,0,0,0,0,NA,0,NA,0,0,0,0,31,2,25,9,31,0,3,17,4,0,0,6,0,0,0,0,0,0,1,1,0,1,5,0,0,0,0,0,0,0,0,NA,NA,0,0,0,0,0,0,0,0,0,0,0,0,NA,NA,NA,0,0,0,0,0,0,0,NA,0,0,0,0,NA,0,0
00-0038932,D.Wright,Darnell Wright,OT,OL,"https://static.www.nfl.com/image/upload/f_auto,q_auto/league/ihow3o7fo62p8abdqgn3",2025,REG,CHI,6,0,0,0,0,0,0,0,0,0,0,0,0,NA,NA,0,NA,0,0,0,0,0,0,NA,0,0,0,0,0,0,0,0,0,0,NA,0,NA,0,0,0,0,0,0,0,0,0,0,0,0,0,0,0,0,0,0,0,0,0,0,0,0,0,9,70,0,0,0,0,0,0,0,0,NA,NA,0,0,0,0,0,0,0,0,0,0,0,0,NA,NA,NA,0,0,0,0,0,0,0,NA,0,0,0,0,NA,0,0
00-0038933,D.Kincaid,Dalton Kincaid,TE,TE,"https://static.www.nfl.com/image/upload/f_auto,q_auto/league/zwkeaiecuyafkidllebz",2025,REG,BUF,8,0,0,0,0,0,0,0,0,0,0,0,0,NA,NA,0,NA,0,0,0,0,0,0,NA,0,29,36,448,4,1,0,344,195,22,32.10588486594706,0,1.302325581395349,0.1111111111111111,0.13205374280230325,0.25910428662827895,0,0,0,0,0,0,0,0,0,0,0,0,0,0,0,0,0,0,0,0,0,0,2,17,0,0,0,0,0,0,0,0,NA,NA,0,0,0,0,0,0,0,0,0,0,0,0,NA,NA,NA,0,0,0,0,0,0,0,NA,0,0,0,0,NA,68.80000000000001,97.80000000000001
00-0038934,A.Harrison,Anton Harrison,OT,OL,"https://static.www.nfl.com/image/upload/f_auto,q_auto/league/zgvchtxhtni7sablqnu9",2025,REG,JAX,3,0,0,0,0,0,0,0,0,0,0,0,0,NA,NA,0,NA,0,0,0,0,0,0,NA,0,0,0,0,0,0,0,0,0,0,NA,0,NA,0,0,0,0,0,0,0,0,0,0,0,0,0,0,0,0,0,0,0,0,1,1,0,0,0,4,23,0,0,0,0,0,0,0,0,NA,NA,0,0,0,0,0,0,0,0,0,0,0,0,NA,NA,NA,0,0,0,0,0,0,0,NA,0,0,0,0,NA,0,0
00-0038935,B.Strange,Brenton Strange,TE,TE,"https://static.www.nfl.com/image/upload/f_auto,q_auto/league/yabpcvadjlrkxzducv7k",2025,REG,JAX,6,0,0,0,0,0,0,0,0,0,0,0,0,NA,NA,0,NA,0,0,0,0,0,0,NA,0,25,29,297,0,0,0,194,135,14,19.320546273322847,0,1.5309278350515463,0.08055555555555556,0.06481790845305713,0.16620586925047334,0,0,0,0,0,0,0,0,0,0,0,0,0,0,0,0,0,0,0,0,0,0,4,20,0,0,0,0,0,0,0,0,NA,NA,0,0,0,0,0,0,0,0,0,0,0,0,NA,NA,NA,0,0,0,0,0,0,0,NA,0,0,0,0,NA,29.700000000000003,54.7
00-0038936,J.Scruggs,Juice Scruggs,C,OL,"https://static.www.nfl.com/image/upload/f_auto,q_auto/league/k4ptrnct4nayobia4qcw",2025,REG,HOU,3,0,0,0,0,0,0,0,0,0,0,0,0,NA,NA,0,NA,0,0,0,0,0,0,NA,0,0,0,0,0,0,0,0,0,0,NA,0,NA,0,0,0,0,0,0,0,0,0,0,0,0,0,0,0,0,0,0,0,0,0,0,0,0,0,3,25,0,0,0,0,0,0,0,0,NA,NA,0,0,0,0,0,0,0,0,0,0,0,0,NA,NA,NA,0,0,0,0,0,0,0,NA,0,0,0,0,NA,0,0
00-0038938,J.Hyatt,Jalin Hyatt,WR,WR,"https://static.www.nfl.com/image/upload/f_auto,q_auto/league/bzyn9cpmwfqjtztwblmy",2025,REG,NYG,5,0,0,0,0,0,0,0,0,0,0,0,0,NA,NA,0,NA,0,0,0,0,0,0,NA,0,5,13,35,0,0,0,266,2,2,-5.74502713693073,0,0.13157894736842105,0.03523035230352303,0.07746068724519511,0.10706800952692112,0,1,0,0,0,0,0,0,0,0,0,0,0,0,0,0,0,0,0,0,0,0,0,0,0,0,4,111,0,0,0,0,NA,NA,0,0,0,0,0,0,0,0,0,0,0,0,NA,NA,NA,0,0,0,0,0,0,0,NA,0,0,0,0,NA,3.5,8.5
00-0038940,T.Lacy,Tyler Lacy,DE,DL,"https://static.www.nfl.com/image/upload/f_auto,q_auto/league/t11eflx8jvobxmnssg22",2025,REG,DET,8,0,0,0,0,0,0,0,0,0,0,0,0,NA,NA,0,NA,0,0,0,0,0,0,NA,0,0,0,0,0,0,0,0,0,0,NA,0,NA,0,0,0,0,5,0,14,0,0,0,1,0,2,0,0,0,0,0,0,0,0,0,0,0,0,0,0,0,0,0,0,0,0,0,0,NA,NA,0,0,0,0,0,0,0,0,0,0,0,0,NA,NA,NA,0,0,0,0,0,0,0,NA,0,0,0,0,NA,0,0
00-0038951,S.Tucker,Sean Tucker,RB,RB,"https://static.www.nfl.com/image/upload/f_auto,q_auto/league/zyzp7e2gos47ebzur9gi",2025,REG,TB,11,0,0,0,0,0,0,0,0,0,0,0,0,NA,NA,0,NA,63,277,4,1,0,16,1.1142845046274505,0,8,10,34,1,0,0,-14,49,1,-2.1775828616227955,0,-2.4285714285714284,0.027472527472527472,-0.0045841519318926,0.03799988485646639,0,0,0,0,0,0,0,0,0,0,0,0,0,0,0,0,0,0,0,0,0,0,1,5,0,0,19,462,0,0,0,0,NA,NA,0,0,0,0,0,0,0,0,0,0,0,0,NA,NA,NA,0,0,0,0,0,0,0,NA,0,0,0,0,NA,61.1,69.1
00-0038953,D.Drummond,Dylan Drummond,WR,WR,"https://static.www.nfl.com/image/upload/f_auto,q_auto/league/up6bfwtgftqcvlfshtmt",2025,REG,ATL,1,0,0,0,0,0,0,0,0,0,0,0,0,NA,NA,0,NA,0,0,0,0,0,0,NA,0,3,3,18,0,0,0,14,4,0,-0.1429866616963409,0,1.2857142857142858,0.008955223880597015,0.004844290657439446,0.016823839281103134,0,0,0,0,0,0,0,0,0,0,0,0,0,0,0,0,0,0,0,0,0,0,0,0,0,0,1,25,0,0,0,0,NA,NA,0,0,0,0,0,0,0,0,0,0,0,0,NA,NA,NA,0,0,0,0,0,0,0,NA,0,0,0,0,NA,1.8,4.8
00-0038958,M.Watts,Markees Watts,LB,LB,"https://static.www.nfl.com/image/upload/f_auto,q_auto/league/hwxh3ps9lwnj0qu4mw8v",2025,REG,TB,5,0,0,0,0,0,0,0,0,0,0,0,0,NA,NA,0,NA,0,0,0,0,0,0,NA,0,0,0,0,0,0,0,0,0,0,NA,0,NA,0,0,0,0,1,0,5,0,0,0,0.5,4,1,0,0,0,0,0,0,0,0,0,0,0,0,0,0,0,0,0,0,0,0,0,0,NA,NA,0,0,0,0,0,0,0,0,0,0,0,0,NA,NA,NA,0,0,0,0,0,0,0,NA,0,0,0,0,NA,0,0
00-0038966,N.Brooks,Natrone Brooks,CB,DB,"https://static.www.nfl.com/image/upload/f_auto,q_auto/league/oyyrzk7ofcuyu7bdxshe",2025,REG,ATL,8,0,0,0,0,0,0,0,0,0,0,0,0,NA,NA,0,NA,0,0,0,0,0,0,NA,0,0,0,0,0,0,0,0,0,0,NA,0,NA,0,0,0,0,6,0,2,0,0,0,0,0,0,0,0,2,0,0,0,0,0,0,0,0,0,0,0,0,0,15,288,0,0,0,0,NA,NA,0,0,0,0,0,0,0,0,0,0,0,0,NA,NA,NA,0,0,0,0,0,0,0,NA,0,0,0,0,NA,0,0
00-0038976,M.Mims,Marvin Mims Jr.,WR,WR,"https://static.www.nfl.com/image/upload/f_auto,q_auto/league/zbdjtph5xplbf4yocz0l",2025,REG,DEN,9,0,0,0,0,0,0,0,0,0,0,0,0,NA,NA,0,NA,8,56,1,1,0,3,4.4508752840338275,0,22,32,234,1,0,0,403,133,9,7.515040954723403,0,0.5806451612903226,0.08719346049046321,0.1308866515102306,0.22241084679285622,0,0,0,0,0,0,0,0,0,0,0,0,0,0,1,0,0,1,1,0,0,0,0,0,22,336,16,445,0,0,0,0,NA,NA,0,0,0,0,0,0,0,0,0,0,0,0,NA,NA,NA,0,0,0,0,0,0,0,NA,0,0,0,0,NA,41,63
00-0038978,B.Young,Byron Young,DT,DL,"https://static.www.nfl.com/image/upload/f_auto,q_auto/league/zkjuhizs7now7kfwp9s3",2025,REG,PHI,8,0,0,0,0,0,0,0,0,0,0,0,0,NA,NA,0,NA,0,0,0,0,0,0,NA,0,0,0,0,0,0,0,0,0,0,NA,0,NA,0,0,0,0,5,1,8,1,1,0,0,0,1,0,0,0,0,0,0,0,0,0,0,0,0,1,15,0,0,0,0,0,0,0,0,NA,NA,0,0,0,0,0,0,0,0,0,0,0,0,NA,NA,NA,0,0,0,0,0,0,0,NA,0,0,0,0,NA,0,0
00-0038979,C.Tillman,Cedric Tillman,WR,WR,"https://static.www.nfl.com/image/upload/f_auto,q_auto/league/a4mcdjjl1pkxr3etechx",2025,REG,CLE,7,0,0,0,0,0,0,0,0,0,0,0,0,NA,NA,0,NA,0,0,0,0,0,0,NA,0,17,31,174,2,0,0,334,31,10,2.3688864573828767,0,0.5209580838323353,0.08635097493036212,0.13098039215686275,0.2212127369053471,0,0,0,0,0,0,0,0,0,0,0,0,0,0,0,0,0,0,0,0,0,0,2,16,0,0,0,0,0,0,0,0,NA,NA,0,0,0,0,0,0,0,0,0,0,0,0,NA,NA,NA,0,0,0,0,0,0,0,NA,0,0,0,0,NA,29.400000000000002,46.400000000000006
00-0038980,Z.Harrison,Zach Harrison,DE,DL,"https://static.www.nfl.com/image/upload/f_auto,q_auto/league/ufhdwcktmkeamlzdcuvg",2025,REG,ATL,7,0,0,0,0,0,0,0,0,0,0,0,0,NA,NA,0,NA,0,0,0,0,0,0,NA,0,0,0,0,0,0,0,0,0,0,NA,0,NA,0,0,0,0,9,0,13,5,21,2,4.5,16.5,5,0,0,1,0,0,0,0,0,0,0,0,0,0,0,0,0,0,0,0,0,0,0,NA,NA,0,0,0,0,0,0,0,0,0,0,0,0,NA,NA,NA,0,0,0,0,0,0,0,NA,0,0,0,0,NA,0,0
00-0038981,W.Morris,Wanya Morris,OT,OL,"https://static.www.nfl.com/image/upload/f_auto,q_auto/league/snaxi8ken7hkapokvwfr",2025,REG,KC,2,0,0,0,0,0,0,0,0,0,0,0,0,NA,NA,0,NA,0,0,0,0,0,0,NA,0,0,0,0,0,0,0,0,0,0,NA,0,NA,0,0,0,0,0,0,0,0,0,0,0,0,0,0,0,0,0,0,0,0,0,0,0,0,0,2,20,0,0,0,0,0,0,0,0,NA,NA,0,0,0,0,0,0,0,0,0,0,0,0,NA,NA,NA,0,0,0,0,0,0,0,NA,0,0,0,0,NA,0,0
00-0038982,C.Conner,Chamarri Conner,DB,DB,"https://static.www.nfl.com/image/upload/f_auto,q_auto/league/fzzbwoogfbowestdz7gz",2025,REG,KC,11,0,0,0,0,0,0,0,0,0,0,0,0,NA,NA,0,NA,0,0,0,0,0,0,NA,0,0,0,0,0,0,0,0,0,0,NA,0,NA,0,0,0,0,44,1,33,2,9,2,1,6,2,0,0,1,0,0,0,0,0,0,0,0,0,1,13,0,0,0,0,0,0,0,0,NA,NA,0,0,0,0,0,0,0,0,0,0,0,0,NA,NA,NA,0,0,0,0,0,0,0,NA,0,0,0,0,NA,0,0
00-0038984,K.Clark,Kei'Trel Clark,CB,DB,"https://static.www.nfl.com/image/upload/f_auto,q_auto/league/mcmz4ef4fvvoqapbf8rf",2025,REG,ARI,10,0,0,0,0,0,0,0,0,0,0,0,0,NA,NA,0,NA,0,0,0,0,0,0,NA,0,0,0,0,0,0,0,0,0,0,NA,0,NA,0,0,0,0,16,0,8,1,1,1,0,0,0,0,0,2,0,0,0,0,0,0,0,0,0,1,5,0,0,0,0,0,0,0,0,NA,NA,0,0,0,0,0,0,0,0,0,0,0,0,NA,NA,NA,0,0,0,0,0,0,0,NA,0,0,0,0,NA,0,0
00-0038986,N.Jones,Nic Jones,CB,DB,"https://static.www.nfl.com/image/upload/f_auto,q_auto/league/y6vbjn7oqj8j5zm94cwx",2025,REG,NYG,6,0,0,0,0,0,0,0,0,0,0,0,0,NA,NA,0,NA,0,0,0,0,0,0,NA,0,0,0,0,0,0,0,0,0,0,NA,0,NA,0,0,0,0,3,0,5,0,0,0,0,0,0,0,0,1,0,0,0,0,0,0,0,0,0,1,3,0,0,0,0,0,0,0,0,NA,NA,0,0,0,0,0,0,0,0,0,0,0,0,NA,NA,NA,0,0,0,0,0,0,0,NA,0,0,0,0,NA,0,0
00-0038994,J.Addison,Jordan Addison,WR,WR,"https://static.www.nfl.com/image/upload/f_auto,q_auto/league/s2ey8g5memyqvxc52uzy",2025,REG,MIN,8,0,0,0,0,0,0,0,0,0,0,0,0,NA,NA,0,NA,1,16,0,0,0,1,1.8477918777498417,0,28,53,412,3,0,0,742,101,18,7.393290352047188,0,0.555256064690027,0.16307692307692306,0.2651894210150107,0.4302479793258921,0,1,0,0,0,0,0,0,0,0,0,0,0,0,0,0,0,0,0,0,0,0,0,0,0,0,0,0,0,0,0,0,NA,NA,0,0,0,0,0,0,0,0,0,0,0,0,NA,NA,NA,0,0,0,0,0,0,0,NA,0,0,0,0,NA,60.800000000000004,88.80000000000001
00-0038995,B.Bresee,Bryan Bresee,DT,DL,"https://static.www.nfl.com/image/upload/f_auto,q_auto/league/ggluxdivvc7bhfhpfrsl",2025,REG,NO,11,0,0,0,0,0,0,0,0,0,0,0,0,NA,NA,0,NA,0,0,0,0,0,0,NA,0,0,0,0,0,0,0,0,0,0,NA,0,NA,0,0,0,0,10,0,17,3,5,1,1.5,6,7,0,0,3,0,0,0,0,0,0,0,0,0,3,22,0,0,0,0,0,0,0,0,NA,NA,0,0,0,0,0,0,0,0,0,0,0,0,NA,NA,NA,0,0,0,0,0,0,0,NA,0,0,0,0,NA,0,0
00-0038996,T.Kraft,Tucker Kraft,TE,TE,"https://static.www.nfl.com/image/upload/f_auto,q_auto/league/yr6nj1zqaqg6nbdnxu3q",2025,REG,GB,8,0,0,0,0,0,0,0,0,0,0,0,0,NA,NA,0,NA,1,3,0,0,0,0,-0.6811154326424003,0,32,44,489,6,0,0,201,344,22,39.123876830533845,0,2.4328358208955225,0.14057507987220447,0.0746379502413665,0.26310918497726327,0,0,0,0,0,0,0,0,0,0,0,0,0,0,0,0,0,0,0,0,0,0,1,5,0,0,0,0,0,0,0,0,NA,NA,0,0,0,0,0,0,0,0,0,0,0,0,NA,NA,NA,0,0,0,0,0,0,0,NA,0,0,0,0,NA,85.2,117.2
00-0038997,J.Downs,Josh Downs,WR,WR,"https://static.www.nfl.com/image/upload/f_auto,q_auto/league/gqozitn9vxnp8acz6wwg",2025,REG,IND,10,0,0,0,0,0,0,0,0,0,0,0,0,NA,NA,0,NA,0,0,0,0,0,0,NA,0,38,54,326,3,0,0,363,89,23,11.660266567351067,0,0.8980716253443526,0.1565217391304348,0.12670157068062826,0.323473708172092,0,0,0,0,0,0,0,0,0,0,0,0,0,0,1,0,0,0,0,0,0,0,0,0,6,55,0,0,0,0,0,0,NA,NA,0,0,0,0,0,0,0,0,0,0,0,0,NA,NA,NA,0,0,0,0,0,0,0,NA,0,0,0,0,NA,50.6,88.6
00-0039000,D.Banks,Deonte Banks,CB,DB,"https://static.www.nfl.com/image/upload/f_auto,q_auto/league/disrzmax4qwvr20oheiw",2025,REG,NYG,9,0,0,0,0,0,0,0,0,0,0,0,0,NA,NA,0,NA,0,0,0,0,0,0,NA,0,0,0,0,0,0,0,0,0,0,NA,0,NA,0,0,0,0,20,1,6,2,2,0,0,0,0,0,0,3,0,0,0,0,0,0,0,0,0,4,54,0,0,9,276,0,0,0,0,NA,NA,0,0,0,0,0,0,0,0,0,0,0,0,NA,NA,NA,0,0,0,0,0,0,0,NA,0,0,0,0,NA,0,0
00-0039001,T.Steen,Tyler Steen,OT,OL,"https://static.www.nfl.com/image/upload/f_auto,q_auto/league/vql0qqvuq0eqkaolcqep",2025,REG,PHI,4,0,0,0,0,0,0,0,0,0,0,0,0,NA,NA,0,NA,0,0,0,0,0,0,NA,0,0,0,0,0,0,0,0,0,0,NA,0,NA,0,0,0,0,0,0,0,0,0,0,0,0,0,0,0,0,0,0,0,0,0,0,0,0,0,4,29,0,0,0,0,0,0,0,0,NA,NA,0,0,0,0,0,0,0,0,0,0,0,0,NA,NA,NA,0,0,0,0,0,0,0,NA,0,0,0,0,NA,0,0
00-0039002,S.Brown,Sydney Brown,SAF,DB,"https://static.www.nfl.com/image/upload/f_auto,q_auto/league/r3cwxtqft79kjy5nvpjm",2025,REG,PHI,9,0,0,0,0,0,0,0,0,0,0,0,0,NA,NA,0,NA,0,0,0,0,0,0,NA,0,0,0,0,0,0,0,0,0,0,NA,0,NA,0,0,0,1,9,0,8,0,0,0,0,0,0,0,0,0,0,0,0,35,0,0,0,0,0,3,20,0,0,0,0,0,0,0,0,NA,NA,0,0,0,0,0,0,0,0,0,0,0,0,NA,NA,NA,0,0,0,0,0,0,0,NA,0,0,0,0,NA,6,6
00-0039007,G.Williams,Garrett Williams,CB,DB,"https://static.www.nfl.com/image/upload/f_auto,q_auto/league/xlczxxctbgim3ynwtsw4",2025,REG,ARI,6,0,0,0,0,0,0,0,0,0,0,0,0,NA,NA,0,NA,0,0,0,0,0,0,NA,0,0,0,0,0,0,0,0,0,0,NA,0,NA,0,0,0,0,15,0,10,0,0,1,0,0,0,1,0,5,0,0,0,0,0,0,0,0,0,1,7,0,0,0,0,0,0,0,0,NA,NA,0,0,0,0,0,0,0,0,0,0,0,0,NA,NA,NA,0,0,0,0,0,0,0,NA,0,0,0,0,NA,0,0
00-0039009,D.Horton,Dylan Horton,DE,DL,"https://static.www.nfl.com/image/upload/f_auto,q_auto/league/ocqc1uhsjinyou8klloj",2025,REG,HOU,9,0,0,0,0,0,0,0,0,0,0,0,0,NA,NA,0,NA,0,0,0,0,0,0,NA,0,0,0,0,0,0,0,0,0,0,NA,0,NA,0,0,0,0,8,0,6,0,0,0,0.5,2,4,0,0,0,0,0,0,0,0,0,0,0,0,2,20,0,0,0,0,0,0,0,0,NA,NA,0,0,0,0,0,0,0,0,0,0,0,0,NA,NA,NA,0,0,0,0,0,0,0,NA,0,0,0,0,NA,0,0
00-0039013,N.Smith,Nolan Smith,LB,LB,"https://static.www.nfl.com/image/upload/f_auto,q_auto/league/mutic3dzmrlfruwqlgcb",2025,REG,PHI,6,0,0,0,0,0,0,0,0,0,0,0,0,NA,NA,0,NA,0,0,0,0,0,0,NA,0,0,0,0,0,0,0,0,0,0,NA,0,NA,0,0,0,0,8,0,8,0,0,1,1,0,5,0,0,0,0,0,0,0,0,0,0,0,0,2,30,0,0,0,0,0,0,0,0,NA,NA,0,0,0,0,0,0,0,0,0,0,0,0,NA,NA,NA,0,0,0,0,0,0,0,NA,0,0,0,0,NA,0,0
00-0039014,D.Jones,Dawand Jones,OT,OL,"https://static.www.nfl.com/image/upload/f_auto,q_auto/league/tm5zyhltmnhwcqkutc2u",2025,REG,CLE,2,0,0,0,0,0,0,0,0,0,0,0,0,NA,NA,0,NA,0,0,0,0,0,0,NA,0,0,0,0,0,0,0,0,0,0,NA,0,NA,0,0,0,0,0,0,0,0,0,0,0,0,0,0,0,0,0,0,0,0,0,0,0,0,0,3,18,0,0,0,0,0,0,0,0,NA,NA,0,0,0,0,0,0,0,0,0,0,0,0,NA,NA,NA,0,0,0,0,0,0,0,NA,0,0,0,0,NA,0,0
00-0039018,J.Campbell,Jack Campbell,LB,LB,"https://static.www.nfl.com/image/upload/f_auto,q_auto/league/mmmtiej4dp5nt7giycwy",2025,REG,DET,11,0,0,0,0,0,0,0,0,0,0,0,0,NA,NA,0,NA,0,0,0,0,0,0,NA,0,0,0,0,0,0,0,0,0,0,NA,0,NA,0,0,0,0,54,2,52,8,43,2,4,33,4,0,0,1,0,0,0,0,0,0,1,1,0,1,15,0,0,0,0,0,0,0,0,NA,NA,0,0,0,0,0,0,0,0,0,0,0,0,NA,NA,NA,0,0,0,0,0,0,0,NA,0,0,0,0,NA,0,0
00-0039019,J.Schmitz,John Michael Schmitz,C,OL,"https://static.www.nfl.com/image/private/f_auto,q_auto/league/viajsunbxleejrou46vu",2025,REG,NYG,2,0,0,0,0,0,0,0,0,0,0,0,0,NA,NA,0,NA,0,0,0,0,0,0,NA,0,0,0,0,0,0,0,0,0,0,NA,0,NA,0,0,0,0,0,0,0,0,0,0,0,0,0,0,0,0,0,0,0,0,0,0,0,0,0,2,15,0,0,0,0,0,0,0,0,NA,NA,0,0,0,0,0,0,0,0,0,0,0,0,NA,NA,NA,0,0,0,0,0,0,0,NA,0,0,0,0,NA,0,0
00-0039020,A.Bradford,Anthony Bradford,G,OL,"https://static.www.nfl.com/image/upload/f_auto,q_auto/league/yooqcfbbgozkkkcuhhva",2025,REG,SEA,2,0,0,0,0,0,0,0,0,0,0,0,0,NA,NA,0,NA,0,0,0,0,0,0,NA,0,0,0,0,0,0,0,0,0,0,NA,0,NA,0,0,0,0,0,0,0,0,0,0,0,0,0,0,0,0,0,0,0,0,0,0,0,0,0,3,25,0,0,0,0,0,0,0,0,NA,NA,0,0,0,0,0,0,0,0,0,0,0,0,NA,NA,NA,0,0,0,0,0,0,0,NA,0,0,0,0,NA,0,0
00-0039021,R.Johnson,Roschon Johnson,RB,RB,"https://static.www.nfl.com/image/upload/f_auto,q_auto/league/gxzw5kntjivjixre9whh",2025,REG,CHI,6,0,0,0,0,0,0,0,0,0,0,0,0,NA,NA,0,NA,2,17,0,0,0,1,1.3584852102212608,0,0,0,0,0,0,0,0,0,0,NA,0,NA,0,0,0,0,6,0,1,0,0,0,0,0,0,0,0,0,0,0,0,0,0,0,0,0,0,1,10,0,0,1,22,0,0,0,0,NA,NA,0,0,0,0,0,0,0,0,0,0,0,0,NA,NA,NA,0,0,0,0,0,0,0,NA,0,0,0,0,NA,1.7000000000000002,1.7000000000000002
00-0039030,J.Andrews,Jake Andrews,C,OL,"https://static.www.nfl.com/image/upload/f_auto,q_auto/league/r4e0hfluqiwofsnqr2gm",2025,REG,HOU,3,0,0,0,0,0,0,0,0,0,0,0,0,NA,NA,0,NA,0,0,0,0,0,0,NA,0,0,0,0,0,0,0,0,0,0,NA,0,NA,0,0,0,0,0,0,0,0,0,0,0,0,0,0,0,0,0,0,0,0,0,0,0,0,0,4,30,0,0,0,0,0,0,0,0,NA,NA,0,0,0,0,0,0,0,0,0,0,0,0,NA,NA,NA,0,0,0,0,0,0,0,NA,0,0,0,0,NA,0,0
00-0039031,A.Adebawore,Adetomiwa Adebawore,DT,DL,"https://static.www.nfl.com/image/upload/f_auto,q_auto/league/of8dhgchuzh584ipm4ut",2025,REG,IND,10,0,0,0,0,0,0,0,0,0,0,0,0,NA,NA,0,NA,0,0,0,0,0,0,NA,0,0,0,0,0,0,0,0,0,0,NA,0,NA,0,0,0,0,7,1,13,2,9,0,2,11.5,4,0,0,0,0,0,0,0,0,0,1,1,0,1,5,0,0,0,0,0,0,0,0,NA,NA,0,0,0,0,0,0,0,0,0,0,0,0,NA,NA,NA,0,0,0,0,0,0,0,NA,0,0,0,0,NA,0,0
00-0039032,T.Spears,Tyjae Spears,RB,RB,"https://static.www.nfl.com/image/upload/f_auto,q_auto/league/fc7vhbtw80einad9hsfu",2025,REG,TEN,7,0,0,0,0,0,0,0,0,0,0,0,0,NA,NA,0,NA,37,159,1,0,0,6,-0.3638260435097451,0,22,24,148,0,0,0,-42,190,4,1.3662114549078979,0,-3.5238095238095237,0.06896551724137931,-0.015228426395939087,0.09278837738491161,0,1,0,0,0,0,0,0,0,0,0,0,0,0,0,0,0,0,0,0,0,0,0,0,0,0,0,0,0,0,0,0,NA,NA,0,0,0,0,0,0,0,0,0,0,0,0,NA,NA,NA,0,0,0,0,0,0,0,NA,0,0,0,0,NA,36.7,58.7
00-0039034,P.Skoronski,Peter Skoronski,OT,OL,"https://static.www.nfl.com/image/upload/f_auto,q_auto/league/c4arvhcrnxg0y3vkzgp7",2025,REG,TEN,3,0,0,0,0,0,0,0,0,0,0,0,0,NA,NA,0,NA,0,0,0,0,0,0,NA,0,0,0,0,0,0,0,0,0,0,NA,0,NA,0,0,0,0,0,0,0,0,0,0,0,0,0,0,0,0,0,0,0,0,0,0,0,0,0,3,25,0,0,0,0,0,0,0,0,NA,NA,0,0,0,0,0,0,0,0,0,0,0,0,NA,NA,NA,0,0,0,0,0,0,0,NA,0,0,0,0,NA,0,0
00-0039040,D.Achane,De'Von Achane,RB,RB,"https://static.www.nfl.com/image/upload/f_auto,q_auto/league/xk1xwio0bryfxo1ylweu",2025,REG,MIA,11,0,0,0,0,0,0,0,0,0,0,0,0,NA,NA,0,NA,164,900,5,1,0,41,5.696705469037084,0,54,71,370,4,0,0,19,450,17,-14.082918433459533,0,19.473684210526315,0.221875,0.008455718736092568,0.33873150311526473,0,3,0,0,0,0,0,0,0,0,0,0,0,0,0,0,0,1,1,0,0,0,1,4,0,0,0,0,0,0,0,0,NA,NA,0,0,0,0,0,0,0,0,0,0,0,0,NA,NA,NA,0,0,0,0,0,0,0,NA,0,0,0,0,NA,181,235
00-0039041,E.Higgins,Elijah Higgins,TE,TE,"https://static.www.nfl.com/image/upload/f_auto,q_auto/league/yjvdxmqromyt64w89bhq",2025,REG,ARI,11,0,0,0,0,0,0,0,0,0,0,0,0,NA,NA,0,NA,0,0,0,0,0,0,NA,0,16,20,162,0,1,1,68,120,7,-6.12739157298347,0,2.3823529411764706,0.04926108374384237,0.022674224741580526,0.08976358293486993,0,3,0,4,0,0,0,0,0,0,0,0,0,0,0,0,0,0,0,0,0,0,2,16,0,0,0,0,0,0,0,0,NA,NA,0,0,0,0,0,0,0,0,0,0,0,0,NA,NA,NA,0,0,0,0,0,0,0,NA,0,0,0,0,NA,14.2,30.2
00-0039047,D.Hall,Derick Hall,LB,LB,"https://static.www.nfl.com/image/upload/f_auto,q_auto/league/gbzmlna8fujliinb6g33",2025,REG,SEA,9,0,0,0,0,0,0,0,0,0,0,0,0,NA,NA,0,NA,0,0,0,0,0,0,NA,0,0,0,0,0,0,0,0,0,0,NA,0,NA,0,0,0,0,8,0,12,2,5,0,1,4,8,0,0,1,0,0,0,0,0,0,0,0,0,1,5,0,0,0,0,0,0,0,0,NA,NA,0,0,0,0,0,0,0,0,0,0,0,0,NA,NA,NA,0,0,0,0,0,0,0,NA,0,0,0,0,NA,0,0
00-0039048,M.Bergeron,Matthew Bergeron,G,OL,"https://static.www.nfl.com/image/upload/f_auto,q_auto/league/lyfj3zqtupagc1yrcdr7",2025,REG,ATL,3,0,0,0,0,0,0,0,0,0,0,0,0,NA,NA,0,NA,0,0,0,0,0,0,NA,0,0,0,0,0,0,0,0,0,0,NA,0,NA,0,0,0,0,1,0,1,0,0,0,0,0,0,0,0,0,0,0,0,0,0,0,0,0,0,1,5,0,0,0,0,0,0,0,0,NA,NA,0,0,0,0,0,0,0,0,0,0,0,0,NA,NA,NA,0,0,0,0,0,0,0,NA,0,0,0,0,NA,0,0
00-0039049,S.Dennis,SirVocea Dennis,LB,LB,"https://static.www.nfl.com/image/upload/f_auto,q_auto/league/gdi13xin0t60pyxsmjc6",2025,REG,TB,11,0,0,0,0,0,0,0,0,0,0,0,0,NA,NA,0,NA,0,0,0,0,0,0,NA,0,0,0,0,0,0,0,0,0,0,NA,0,NA,0,0,0,0,41,4,26,7,32,0,2,22,4,1,0,4,0,0,0,0,0,0,0,0,0,0,0,0,0,0,0,0,0,0,0,NA,NA,0,0,0,0,0,0,0,0,0,0,0,0,NA,NA,NA,0,0,0,0,0,0,0,NA,0,0,0,0,NA,0,0
00-0039050,P.Durham,Payne Durham,TE,TE,"https://static.www.nfl.com/image/upload/f_auto,q_auto/league/ijjyd8bvvkjttepqv82u",2025,REG,TB,5,0,0,0,0,0,0,0,0,0,0,0,0,NA,NA,0,NA,0,0,0,0,0,0,NA,0,0,2,0,0,0,0,3,0,0,-1.3350540036335588,0,0,0.005494505494505495,9.823182711198428e-4,0.008929381031542132,0,1,0,1,0,0,0,0,0,0,0,0,0,0,0,0,0,0,0,0,0,0,1,10,0,0,0,0,0,0,0,0,NA,NA,0,0,0,0,0,0,0,0,0,0,0,0,NA,NA,NA,0,0,0,0,0,0,0,NA,0,0,0,0,NA,0,0
00-0039051,J.Hayes,Josh Hayes,CB,DB,"https://static.www.nfl.com/image/upload/f_auto,q_auto/league/yikjuckgb86cwgym5tf4",2025,REG,TB,9,0,0,0,0,0,0,0,0,0,0,0,0,NA,NA,0,NA,0,0,0,0,0,0,NA,0,0,0,0,0,0,0,0,0,0,NA,0,NA,0,0,0,0,6,0,6,0,0,1,0,0,0,0,0,0,0,0,0,0,0,0,0,0,0,1,5,0,0,0,0,0,0,0,0,NA,NA,0,0,0,0,0,0,0,0,0,0,0,0,NA,NA,NA,0,0,0,0,0,0,0,NA,0,0,0,0,NA,0,0
00-0039054,M.Mapu,Marte Mapu,LB,LB,"https://static.www.nfl.com/image/upload/f_auto,q_auto/league/yowcsdwn6r2bh5q2fpa0",2025,REG,NE,10,0,0,0,0,0,0,0,0,0,0,0,0,NA,NA,0,NA,0,0,0,0,0,0,NA,0,0,0,0,0,0,0,0,0,0,NA,0,NA,0,0,0,0,14,0,5,0,0,0,0,0,0,1,20,2,0,0,0,0,0,0,0,0,0,1,5,0,0,0,0,0,0,0,0,NA,NA,0,0,0,0,0,0,0,0,0,0,0,0,NA,NA,NA,0,0,0,0,0,0,0,NA,0,0,0,0,NA,0,0
00-0039058,S.Avila,Steve Avila,G,OL,"https://static.www.nfl.com/image/upload/f_auto,q_auto/league/k8py6unecntq8dio0wrz",2025,REG,LA,1,0,0,0,0,0,0,0,0,0,0,0,0,NA,NA,0,NA,0,0,0,0,0,0,NA,0,0,0,0,0,0,0,0,0,0,NA,0,NA,0,0,0,0,1,0,0,0,0,0,0,0,0,0,0,0,0,0,0,0,0,0,0,0,0,0,0,0,0,0,0,0,0,0,0,NA,NA,0,0,0,0,0,0,0,0,0,0,0,0,NA,NA,NA,0,0,0,0,0,0,0,NA,0,0,0,0,NA,0,0
00-0039059,E.Evans,Ethan Evans,P,SPEC,"https://static.www.nfl.com/image/upload/f_auto,q_auto/league/xqev6nqi3dzbwf6q5xkg",2025,REG,LA,11,0,0,0,0,0,0,0,0,0,0,0,0,NA,NA,0,NA,0,0,0,0,0,0,NA,0,0,0,0,0,0,0,0,0,0,NA,0,NA,0,0,0,0,1,0,0,0,0,0,0,0,0,0,0,0,0,0,0,0,0,0,0,0,0,0,0,0,0,0,0,0,0,0,0,NA,NA,0,0,0,0,0,0,0,0,0,0,0,0,NA,NA,NA,0,0,0,0,0,0,0,NA,0,0,0,0,NA,0,0
00-0039063,C.Kancey,Calijah Kancey,DT,DL,"https://static.www.nfl.com/image/upload/f_auto,q_auto/league/idizvzmzmmdkc4dprb0g",2025,REG,TB,1,0,0,0,0,0,0,0,0,0,0,0,0,NA,NA,0,NA,0,0,0,0,0,0,NA,0,0,0,0,0,0,0,0,0,0,NA,0,NA,0,0,0,0,1,0,0,1,2,0,0,0,0,0,0,0,0,0,0,0,0,0,0,0,0,0,0,0,0,0,0,0,0,0,0,NA,NA,0,0,0,0,0,0,0,0,0,0,0,0,NA,NA,NA,0,0,0,0,0,0,0,NA,0,0,0,0,NA,0,0
00-0039064,Z.Flowers,Zay Flowers,WR,WR,"https://static.www.nfl.com/image/upload/f_auto,q_auto/league/sqqh8gmxdpo55qwpsszj",2025,REG,BAL,11,0,0,0,0,0,0,0,0,0,0,0,0,NA,NA,0,NA,8,42,0,0,0,3,0.5611219821730629,0,58,77,761,1,1,1,693,331,31,30.26067598158411,0,1.098124098124098,0.28,0.3111809609339919,0.6378266726537943,0,1,0,0,0,0,0,0,0,0,0,0,0,0,0,0,0,1,1,0,0,0,1,5,0,0,0,0,0,0,0,0,NA,NA,0,0,0,0,0,0,0,0,0,0,0,0,NA,NA,NA,0,0,0,0,0,0,0,NA,0,0,0,0,NA,84.30000000000001,142.3
00-0039065,S.LaPorta,Sam LaPorta,TE,TE,"https://static.www.nfl.com/image/upload/f_auto,q_auto/league/qfcy3taaoage00rrl0cc",2025,REG,DET,9,0,0,0,0,0,0,0,0,0,0,0,0,NA,NA,0,NA,0,0,0,0,0,0,NA,0,40,49,489,3,0,0,277,274,23,36.4278423127509,0,1.7653429602888087,0.14540059347181009,0.12466246624662466,0.30536461658035235,0,1,0,0,0,0,0,0,0,0,0,0,0,0,0,0,0,0,0,0,0,0,1,5,0,0,0,0,0,0,0,0,NA,NA,0,0,0,0,0,0,0,0,0,0,0,0,NA,NA,NA,0,0,0,0,0,0,0,NA,0,0,0,0,NA,66.9,106.9
00-0039066,M.Mayer,Michael Mayer,TE,TE,"https://static.www.nfl.com/image/upload/f_auto,q_auto/league/crb4nzumiww6ftxcyiqm",2025,REG,LV,9,0,0,0,0,0,0,0,0,0,0,0,0,NA,NA,0,NA,0,0,0,0,0,0,NA,0,22,32,182,1,0,0,132,120,11,-8.416700162239703,0,1.378787878787879,0.09329446064139942,0.06,0.1819416909620991,0,8,0,0,0,0,0,0,0,0,0,0,0,0,0,0,0,0,0,0,0,0,1,5,0,0,0,0,0,0,0,0,NA,NA,0,0,0,0,0,0,0,0,0,0,0,0,NA,NA,NA,0,0,0,0,0,0,0,NA,0,0,0,0,NA,24.2,46.2
00-0039067,R.Rice,Rashee Rice,WR,WR,"https://static.www.nfl.com/image/upload/f_auto,q_auto/league/iy0uidp9wokc6a7u8lwq",2025,REG,KC,5,0,0,0,0,0,0,0,0,0,0,0,0,NA,NA,0,NA,4,18,1,0,0,2,2.306668645469472,0,34,47,394,3,1,0,231,259,21,21.73168794481508,1,1.7056277056277056,0.12176165803108809,0.06985182945267614,0.23153876766350542,0,0,0,0,0,0,0,0,0,0,0,0,0,0,0,0,0,1,1,0,0,0,2,25,0,0,0,0,0,0,0,0,NA,NA,0,0,0,0,0,0,0,0,0,0,0,0,NA,NA,NA,0,0,0,0,0,0,0,NA,0,0,0,0,NA,67.2,101.2
00-0039068,Y.Diaby,Yaya Diaby,LB,LB,"https://static.www.nfl.com/image/upload/f_auto,q_auto/league/wccyapm2qdoidjmfveos",2025,REG,TB,11,0,0,0,0,0,0,0,0,0,0,0,0,NA,NA,0,NA,0,0,0,0,0,0,NA,0,0,0,0,0,0,0,0,0,0,NA,0,NA,0,0,0,0,18,1,12,8,41,1,5,38,11,0,0,0,0,0,0,0,0,0,0,0,0,3,15,0,0,0,0,0,0,0,0,NA,NA,0,0,0,0,0,0,0,0,0,0,0,0,NA,NA,NA,0,0,0,0,0,0,0,NA,0,0,0,0,NA,0,0
00-0039070,G.Dexter,Gervon Dexter Sr.,DT,DL,"https://static.www.nfl.com/image/private/f_auto,q_auto/league/vj6m4qixxhqmufrr5ilo",2025,REG,CHI,10,0,0,0,0,0,0,0,0,0,0,0,0,NA,NA,0,NA,0,0,0,0,0,0,NA,0,0,0,0,0,0,0,0,0,0,NA,0,NA,0,0,0,0,11,1,14,4,8,0,4,11,6,0,0,0,0,0,0,0,0,0,2,2,0,0,0,0,0,0,0,0,0,0,0,NA,NA,0,0,0,0,0,0,0,0,0,0,0,0,NA,NA,NA,0,0,0,0,0,0,0,NA,0,0,0,0,NA,0,0
00-0039071,T.Stevenson,Tyrique Stevenson,CB,DB,"https://static.www.nfl.com/image/upload/f_auto,q_auto/league/whzeosd28apu5wrlaixk",2025,REG,CHI,10,0,0,0,0,0,0,0,0,0,0,0,0,NA,NA,0,NA,0,0,0,0,0,0,NA,0,0,0,0,0,0,0,0,0,0,NA,0,NA,0,0,0,0,32,1,13,1,2,2,0,0,0,1,3,9,0,0,0,0,0,0,2,2,0,2,19,0,0,0,0,0,0,0,0,NA,NA,0,0,0,0,0,0,0,0,0,0,0,0,NA,NA,NA,0,0,0,0,0,0,0,NA,0,0,0,0,NA,0,0
00-0039072,J.Bennett,Jakorian Bennett,CB,DB,"https://static.www.nfl.com/image/upload/f_auto,q_auto/league/faleietqfsmpnhibdhad",2025,REG,PHI,2,0,0,0,0,0,0,0,0,0,0,0,0,NA,NA,0,NA,0,0,0,0,0,0,NA,0,0,0,0,0,0,0,0,0,0,NA,0,NA,0,0,0,0,5,1,0,0,0,0,0,0,0,0,0,1,0,0,0,0,0,0,0,0,0,1,9,0,0,0,0,0,0,0,0,NA,NA,0,0,0,0,0,0,0,0,0,0,0,0,NA,NA,NA,0,0,0,0,0,0,0,NA,0,0,0,0,NA,0,0
00-0039074,D.Allen,Davis Allen,TE,TE,"https://static.www.nfl.com/image/upload/f_auto,q_auto/league/knzujvs0ge3lozkyilsf",2025,REG,LA,10,0,0,0,0,0,0,0,0,0,0,0,0,NA,NA,0,NA,0,0,0,0,0,0,NA,0,16,20,133,3,0,0,87,74,8,5.511668639956042,0,1.528735632183908,0.054945054945054944,0.027496839443742097,0.10166537002820189,0,0,0,1,0,0,0,0,0,0,0,0,0,0,0,0,0,0,0,0,0,0,2,25,0,0,0,0,0,0,0,0,NA,NA,0,0,0,0,0,0,0,0,0,0,0,0,NA,NA,NA,0,0,0,0,0,0,0,NA,0,0,0,0,NA,31.3,47.3
00-0039075,P.Nacua,Puka Nacua,WR,WR,"https://static.www.nfl.com/image/upload/f_auto,q_auto/league/zvi4hdm6fywcekfe7ceb",2025,REG,LA,10,0,0,0,0,0,0,0,0,0,0,0,0,NA,NA,0,NA,6,73,1,0,0,3,7.555892680713441,0,80,98,947,4,1,1,889,355,48,62.90110262055157,0,1.0652418447694039,0.2692307692307692,0.2809734513274336,0.6005275697753574,0,0,0,0,0,0,0,0,0,0,0,0,0,0,0,0,0,0,0,0,0,0,1,15,0,0,0,0,0,0,0,0,NA,NA,0,0,0,0,0,0,0,0,0,0,0,0,NA,NA,NA,0,0,0,0,0,0,0,NA,0,0,0,0,NA,130,210
00-0039076,N.Hampton,Nick Hampton,LB,LB,"https://static.www.nfl.com/image/upload/f_auto,q_auto/league/pyouk6br5ca950zlofia",2025,REG,LA,4,0,0,0,0,0,0,0,0,0,0,0,0,NA,NA,0,NA,0,0,0,0,0,0,NA,0,0,0,0,0,0,0,0,0,0,NA,0,NA,0,0,0,0,2,0,6,0,0,0,0,0,0,0,0,0,0,0,0,0,0,0,0,0,0,0,0,0,0,0,0,0,0,0,0,NA,NA,0,0,0,0,0,0,0,0,0,0,0,0,NA,NA,NA,0,0,0,0,0,0,0,NA,0,0,0,0,NA,0,0
00-0039108,W.Anderson,Will Anderson Jr.,DE,DL,"https://static.www.nfl.com/image/upload/f_auto,q_auto/league/ar9k2r2btzzb10zc0xja",2025,REG,HOU,11,0,0,0,0,0,0,0,0,0,0,0,0,NA,NA,0,NA,0,0,0,0,0,0,NA,0,0,0,0,0,0,0,0,0,0,NA,0,NA,0,0,0,0,21,2,13,14,113,3,10.5,88.5,17,0,0,3,0,0,0,0,0,0,2,2,1,5,21,0,0,0,0,0,0,0,0,NA,NA,0,0,0,0,0,0,0,0,0,0,0,0,NA,NA,NA,0,0,0,0,0,0,0,NA,0,0,0,0,NA,0,0
00-0039109,B.Jones,Broderick Jones,OT,OL,"https://static.www.nfl.com/image/upload/f_auto,q_auto/league/vaquwulcfwqcn8vaumac",2025,REG,PIT,2,0,0,0,0,0,0,0,0,0,0,0,0,NA,NA,0,NA,0,0,0,0,0,0,NA,0,0,0,0,0,0,0,0,0,0,NA,0,NA,0,0,0,0,0,0,0,0,0,0,0,0,0,0,0,0,0,0,0,0,1,1,0,0,0,1,10,0,0,0,0,0,0,0,0,NA,NA,0,0,0,0,0,0,0,0,0,0,0,0,NA,NA,NA,0,0,0,0,0,0,0,NA,0,0,0,0,NA,0,0
00-0039110,K.Benton,Keeanu Benton,DT,DL,"https://static.www.nfl.com/image/upload/f_auto,q_auto/league/xhauoqvtf8w00rv8wtwv",2025,REG,PIT,11,0,0,0,0,0,0,0,0,0,0,0,0,NA,NA,0,NA,0,0,0,0,0,0,NA,0,0,0,0,0,0,0,0,0,0,NA,0,NA,0,0,0,0,17,0,17,5,31,0,4.5,33,10,0,0,0,0,0,0,0,0,0,0,0,0,1,3,0,0,0,0,0,0,0,0,NA,NA,0,0,0,0,0,0,0,0,0,0,0,0,NA,NA,NA,0,0,0,0,0,0,0,NA,0,0,0,0,NA,0,0
00-0039111,T.Tuipulotu,Tuli Tuipulotu,LB,LB,"https://static.www.nfl.com/image/upload/f_auto,q_auto/league/dxdvukwnw4gk0j5ttihc",2025,REG,LAC,10,0,0,0,0,0,0,0,0,0,0,0,0,NA,NA,0,NA,0,0,0,0,0,0,NA,0,0,0,0,0,0,0,0,0,0,NA,0,NA,0,0,0,0,19,1,9,12,54,2,8,45,14,0,0,2,0,0,0,0,0,0,0,0,0,0,0,0,0,0,0,0,0,0,0,NA,NA,0,0,0,0,0,0,0,0,0,0,0,0,NA,NA,NA,0,0,0,0,0,0,0,NA,0,0,0,0,NA,0,0
00-0039112,L.Van Ness,Lukas Van Ness,DE,DL,"https://static.www.nfl.com/image/upload/f_auto,q_auto/league/qxrs2r7nvy9k6hlkqvyb",2025,REG,GB,4,0,0,0,0,0,0,0,0,0,0,0,0,NA,NA,0,NA,0,0,0,0,0,0,NA,0,0,0,0,0,0,0,0,0,0,NA,0,NA,0,0,0,0,6,0,5,3,9,0,1.5,9,6,0,0,0,0,0,0,0,0,0,0,0,0,2,15,0,0,0,0,0,0,0,0,NA,NA,0,0,0,0,0,0,0,0,0,0,0,0,NA,NA,NA,0,0,0,0,0,0,0,NA,0,0,0,0,NA,0,0
00-0039137,B.Young,Byron Young,LB,LB,"https://static.www.nfl.com/image/upload/f_auto,q_auto/league/q68ctteciw57fgxh8c4u",2025,REG,LA,11,0,0,0,0,0,0,0,0,0,0,0,0,NA,NA,0,NA,0,0,0,0,0,0,NA,0,0,0,0,0,0,0,0,0,0,NA,0,NA,0,0,0,0,31,1,21,9,56,1,9,48.5,18,0,0,0,0,0,0,0,0,0,0,0,0,1,12,0,0,0,0,0,0,0,0,NA,NA,0,0,0,0,0,0,0,0,0,0,0,0,NA,NA,NA,0,0,0,0,0,0,0,NA,0,0,0,0,NA,0,0
00-0039138,K.Turner,Kobie Turner,DE,DL,"https://static.www.nfl.com/image/upload/f_auto,q_auto/league/tmifh6zibjgxpesgp7bf",2025,REG,LA,11,0,0,0,0,0,0,0,0,0,0,0,0,NA,NA,0,NA,0,0,0,0,0,0,NA,0,0,0,0,0,0,0,0,0,0,NA,0,NA,0,0,0,0,14,0,14,4,25,0,3.5,28.5,8,0,0,1,0,0,0,0,0,0,0,0,0,3,25,0,0,0,0,0,0,0,0,NA,NA,0,0,0,0,0,0,0,0,0,0,0,0,NA,NA,NA,0,0,0,0,0,0,0,NA,0,0,0,0,NA,0,0
00-0039139,J.Gibbs,Jahmyr Gibbs,RB,RB,"https://static.www.nfl.com/image/upload/f_auto,q_auto/league/hjxk3judytgsxkqiilre",2025,REG,DET,11,0,0,0,0,0,0,0,0,0,0,0,0,NA,NA,0,NA,155,951,10,0,0,44,22.29356439120602,0,48,55,379,3,0,0,-17,442,17,10.342025092559368,0,-22.294117647058822,0.1632047477744807,-0.00765076507650765,0.23945158610816572,0,0,0,0,0,0,0,0,0,0,0,0,0,0,0,0,0,1,1,0,0,0,1,5,0,0,0,0,0,0,0,0,NA,NA,0,0,0,0,0,0,0,0,0,0,0,0,NA,NA,NA,0,0,0,0,0,0,0,NA,0,0,0,0,NA,211,259
00-0039140,K.Ringo,Kelee Ringo,CB,DB,"https://static.www.nfl.com/image/upload/f_auto,q_auto/league/ly44wusmozddh3mx9jqv",2025,REG,PHI,10,0,0,0,0,0,0,0,0,0,0,0,0,NA,NA,0,NA,0,0,0,0,0,0,NA,0,0,0,0,0,0,0,0,0,0,NA,0,NA,0,0,0,0,20,0,7,0,0,0,0,0,0,0,0,1,0,0,0,0,0,0,1,1,0,6,55,0,0,0,0,0,0,0,0,NA,NA,0,0,0,0,0,0,0,0,0,0,0,0,NA,NA,NA,0,0,0,0,0,0,0,NA,0,0,0,0,NA,0,0
00-0039141,B.Branch,Brian Branch,SAF,DB,"https://static.www.nfl.com/image/upload/f_auto,q_auto/league/zcri8hzscyasi2nhjdlk",2025,REG,DET,10,0,0,0,0,0,0,0,0,0,0,0,0,NA,NA,0,NA,0,0,0,0,0,0,NA,0,0,0,0,0,0,0,0,0,0,NA,0,NA,0,0,0,0,36,2,21,5,24,1,2.5,22.5,4,0,0,6,0,0,0,0,0,0,0,0,0,7,80,0,0,0,0,0,0,0,0,NA,NA,0,0,0,0,0,0,0,0,0,0,0,0,NA,NA,NA,0,0,0,0,0,0,0,NA,0,0,0,0,NA,0,0
00-0039142,W.McDonald,Will McDonald IV,DE,DL,"https://static.www.nfl.com/image/private/f_auto,q_auto/league/nw8aiicw9bjhxaqwbeo9",2025,REG,NYJ,9,0,0,0,0,0,0,0,0,0,0,0,0,NA,NA,0,NA,0,0,0,0,0,0,NA,0,0,0,0,0,0,0,0,0,0,NA,0,NA,0,0,0,1,11,1,9,8,53,0,7,51,12,0,0,0,0,0,0,50,0,0,0,0,0,1,1,0,0,0,0,0,0,0,0,NA,NA,0,0,0,0,0,0,0,0,0,0,0,0,NA,NA,NA,0,0,0,0,0,0,0,NA,0,0,0,0,NA,6,6
00-0039144,L.Musgrave,Luke Musgrave,TE,TE,"https://static.www.nfl.com/image/upload/f_auto,q_auto/league/erqld7keza48co6umuaa",2025,REG,GB,9,0,0,0,0,0,0,0,0,0,0,0,0,NA,NA,0,NA,0,0,0,0,0,0,NA,0,14,17,117,0,1,0,111,40,5,0.41104816051665694,0,1.054054054054054,0.054313099041533544,0.041217972521351655,0.11032222932724647,0,0,0,0,0,0,0,0,0,0,0,0,0,0,0,0,0,0,0,0,0,0,0,0,0,0,0,0,0,0,0,0,NA,NA,0,0,0,0,0,0,0,0,0,0,0,0,NA,NA,NA,0,0,0,0,0,0,0,NA,0,0,0,0,NA,11.700000000000001,25.700000000000003
00-0039145,J.Tippmann,Joe Tippmann,G,OL,"https://static.www.nfl.com/image/upload/f_auto,q_auto/league/q8sbzzwjkyb42gn9shb3",2025,REG,NYJ,6,0,0,0,0,0,0,0,0,0,0,0,0,NA,NA,0,NA,0,0,0,0,0,0,NA,0,0,0,0,0,0,0,0,0,0,NA,0,NA,0,0,0,0,0,0,0,0,0,0,0,0,0,0,0,0,0,0,0,0,0,0,0,0,0,6,45,0,0,0,0,0,0,0,0,NA,NA,0,0,0,0,0,0,0,0,0,0,0,0,NA,NA,NA,0,0,0,0,0,0,0,NA,0,0,0,0,NA,0,0
00-0039146,J.Reed,Jayden Reed,WR,WR,"https://static.www.nfl.com/image/upload/f_auto,q_auto/league/blh2tfg9qjthqo2g6ot4",2025,REG,GB,1,0,0,0,0,0,0,0,0,0,0,0,0,NA,NA,0,NA,0,0,0,0,0,0,NA,0,3,5,45,1,0,0,70,14,2,2.658599049085751,0,0.6428571428571429,0.01597444089456869,0.025993316004455997,0.04215698254497223,0,0,0,0,0,0,0,0,0,0,0,0,0,0,0,0,0,0,0,0,0,0,0,0,2,21,0,0,0,0,0,0,NA,NA,0,0,0,0,0,0,0,0,0,0,0,0,NA,NA,NA,0,0,0,0,0,0,0,NA,0,0,0,0,NA,10.5,13.5
00-0039147,C.Gonzalez,Christian Gonzalez,CB,DB,"https://static.www.nfl.com/image/upload/f_auto,q_auto/league/iua1eh08ixdlgp2qisst",2025,REG,NE,9,0,0,0,0,0,0,0,0,0,0,0,0,NA,NA,0,NA,0,0,0,0,0,0,NA,0,0,0,0,0,0,0,0,0,0,NA,0,NA,0,0,0,0,36,0,10,1,1,0,0,0,0,0,0,7,0,0,0,0,0,0,0,0,0,2,27,0,0,0,0,0,0,0,0,NA,NA,0,0,0,0,0,0,0,0,0,0,0,0,NA,NA,NA,0,0,0,0,0,0,0,NA,0,0,0,0,NA,0,0
00-0039148,K.White,Keion White,DE,DL,"https://static.www.nfl.com/image/upload/f_auto,q_auto/league/wkq3kmgtrqxsndffclam",2025,REG,SF,8,0,0,0,0,0,0,0,0,0,0,0,0,NA,NA,0,NA,0,0,0,0,0,0,NA,0,0,0,0,0,0,0,0,0,0,NA,0,NA,0,0,0,0,1,1,7,0,0,0,0.5,2.5,1,0,0,1,0,0,0,0,0,0,1,1,0,0,0,0,0,0,0,0,0,0,0,NA,NA,0,0,0,0,0,0,0,0,0,0,0,0,NA,NA,NA,0,0,0,0,0,0,0,NA,0,0,0,0,NA,0,0
00-0039149,Q.Martin,Quan Martin,SAF,DB,"https://static.www.nfl.com/image/upload/f_auto,q_auto/league/mqvepjtbymevlwn2c7qj",2025,REG,WAS,11,0,0,0,0,0,0,0,0,0,0,0,0,NA,NA,0,NA,0,0,0,0,0,0,NA,0,0,0,0,0,0,0,0,0,0,NA,0,NA,0,0,0,0,38,0,33,1,5,1,0,0,2,0,0,2,0,0,0,0,0,0,0,0,0,2,30,0,0,0,0,0,0,0,0,NA,NA,0,0,0,0,0,0,0,0,0,0,0,0,NA,NA,NA,0,0,0,0,0,0,0,NA,0,0,0,0,NA,0,0
00-0039150,B.Young,Bryce Young,QB,QB,"https://static.www.nfl.com/image/upload/f_auto,q_auto/league/qy1lfhlzhiacsyzzm1j7",2025,REG,CAR,11,215,343,2131,15,9,20,-150,3,2,2190,1108,113,-33.137786591992516,-0.8426482170264937,1,0.9730593607305936,27,98,1,2,2,10,3.5757283661935073,0,0,0,0,0,0,0,0,0,0,NA,0,NA,0,0,0,0,0,0,0,0,0,0,0,0,0,0,0,0,0,0,0,0,1,2,0,0,0,2,20,0,0,0,0,0,0,0,0,NA,NA,0,0,0,0,0,0,0,0,0,0,0,0,NA,NA,NA,0,0,0,0,0,0,0,NA,0,0,0,0,NA,137.04000000000002,137.04000000000002
00-0039151,E.Forbes,Emmanuel Forbes,CB,DB,"https://static.www.nfl.com/image/upload/f_auto,q_auto/league/zuqfigu7eadzoeo0uymt",2025,REG,LA,11,0,0,0,0,0,0,0,0,0,0,0,0,NA,NA,0,NA,0,0,0,0,0,0,NA,0,0,0,0,0,0,0,0,0,0,NA,0,NA,0,0,0,0,21,0,6,0,0,1,0,0,0,3,43,13,0,0,0,0,0,0,0,0,0,2,18,0,0,0,0,0,0,0,0,NA,NA,0,0,0,0,0,0,0,0,0,0,0,0,NA,NA,NA,0,0,0,0,0,0,0,NA,0,0,0,0,NA,0,0
00-0039155,B.Ojulari,BJ Ojulari,LB,LB,"https://static.www.nfl.com/image/upload/f_auto,q_auto/league/yiulza2bhdta4aegzpnm",2025,REG,ARI,1,0,0,0,0,0,0,0,0,0,0,0,0,NA,NA,0,NA,0,0,0,0,0,0,NA,0,0,0,0,0,0,0,0,0,0,NA,0,NA,0,0,0,0,2,0,1,0,0,0,0,0,0,0,0,0,0,0,0,0,0,0,0,0,0,1,5,0,0,0,0,0,0,0,0,NA,NA,0,0,0,0,0,0,0,0,0,0,0,0,NA,NA,NA,0,0,0,0,0,0,0,NA,0,0,0,0,NA,0,0
00-0039156,J.Brents,Julius Brents,CB,DB,"https://static.www.nfl.com/image/upload/f_auto,q_auto/league/chqdioyasofpjnu25iqi",2025,REG,MIA,5,0,0,0,0,0,0,0,0,0,0,0,0,NA,NA,0,NA,0,0,0,0,0,0,NA,0,0,0,0,0,0,0,0,0,0,NA,0,NA,0,0,0,0,10,0,4,0,0,0,0,0,0,0,0,1,0,0,0,0,0,0,1,1,0,1,10,0,0,0,0,0,0,0,0,NA,NA,0,0,0,0,0,0,0,0,0,0,0,0,NA,NA,NA,0,0,0,0,0,0,0,NA,0,0,0,0,NA,0,0
00-0039157,C.Mauch,Cody Mauch,G,OL,"https://static.www.nfl.com/image/upload/f_auto,q_auto/league/m0851jmhecw29hxwlygs",2025,REG,TB,1,0,0,0,0,0,0,0,0,0,0,0,0,NA,NA,0,NA,0,0,0,0,0,0,NA,0,0,0,0,0,0,0,0,0,0,NA,0,NA,0,0,0,0,0,0,0,0,0,0,0,0,0,0,0,0,0,0,0,0,0,0,0,0,0,1,5,0,0,0,0,0,0,0,0,NA,NA,0,0,0,0,0,0,0,0,0,0,0,0,NA,NA,NA,0,0,0,0,0,0,0,NA,0,0,0,0,NA,0,0
00-0039163,C.Stroud,C.J. Stroud,QB,QB,"https://static.www.nfl.com/image/upload/f_auto,q_auto/league/tt4zrtxlhifaljhj0rn7",2025,REG,HOU,8,161,242,1702,11,5,17,-148,0,0,1891,767,77,22.472479548394066,0.6211924299280697,0,0.9000528820729773,29,189,0,0,0,14,22.73999094681882,0,0,0,0,0,0,0,0,0,0,NA,0,NA,0,0,0,0,0,0,0,0,0,0,0,0,0,0,0,0,0,0,0,0,0,0,0,0,0,0,0,0,0,0,0,0,0,0,0,NA,NA,0,0,0,0,0,0,0,0,0,0,0,0,NA,NA,NA,0,0,0,0,0,0,0,NA,0,0,0,0,NA,120.98,120.98
00-0039164,A.Richardson,Anthony Richardson,QB,QB,"https://static.www.nfl.com/image/upload/f_auto,q_auto/league/wrddeyklfcgk9qybgofq",2025,REG,IND,2,1,2,9,0,0,0,0,0,0,31,7,1,-1.2116199531592429,-8.090043067932129,0,0.2903225806451613,4,-1,0,0,0,1,-2.4298220174387097,0,1,1,9,0,0,0,2,7,1,0.45754102151840925,0,4.5,0.002898550724637681,6.980802792321117e-4,0.004836482282419,0,0,0,0,0,0,0,0,0,0,0,0,0,0,0,0,0,0,0,0,0,0,0,0,0,0,0,0,0,0,0,0,NA,NA,0,0,0,0,0,0,0,0,0,0,0,0,NA,NA,NA,0,0,0,0,0,0,0,NA,0,0,0,0,NA,1.1600000000000001,2.16
00-0039165,Z.Charbonnet,Zach Charbonnet,RB,RB,"https://static.www.nfl.com/image/upload/f_auto,q_auto/league/jqbzg5e8pdltbnb7hc8p",2025,REG,SEA,10,0,0,0,0,0,0,0,0,0,0,0,0,NA,NA,0,NA,111,385,7,0,0,25,-12.364786867698623,0,9,10,67,0,0,0,16,53,3,1.2335417395189925,0,4.1875,0.03496503496503497,0.005925925925925926,0.0565957005957006,0,0,0,0,0,0,0,0,0,0,0,0,0,0,0,0,0,0,0,0,0,0,0,0,0,0,0,0,0,0,0,0,NA,NA,0,0,0,0,0,0,0,0,0,0,0,0,NA,NA,NA,0,0,0,0,0,0,0,NA,0,0,0,0,NA,87.2,96.2
00-0039167,J.Porter,Joey Porter Jr.,CB,DB,"https://static.www.nfl.com/image/upload/f_auto,q_auto/league/pcan3dqynqusx1ltmecf",2025,REG,PIT,8,0,0,0,0,0,0,0,0,0,0,0,0,NA,NA,0,NA,0,0,0,0,0,0,NA,0,0,0,0,0,0,0,0,0,0,NA,0,NA,0,0,0,0,19,1,8,0,0,0,1,0,0,1,0,11,0,0,0,0,0,0,0,0,0,4,48,0,0,0,0,0,0,0,0,NA,NA,0,0,0,0,0,0,0,0,0,0,0,0,NA,NA,NA,0,0,0,0,0,0,0,NA,0,0,0,0,NA,0,0
00-0039169,D.Witherspoon,Devon Witherspoon,CB,DB,"https://static.www.nfl.com/image/upload/f_auto,q_auto/league/zlp8cnwllrdonrcmoxpl",2025,REG,SEA,6,0,0,0,0,0,0,0,0,0,0,0,0,NA,NA,0,NA,0,0,0,0,0,0,NA,0,0,0,0,0,0,0,0,0,0,NA,0,NA,0,0,0,0,24,0,11,1,1,0,0.5,3.5,2,0,0,3,0,0,0,0,0,0,0,0,0,1,15,0,0,0,0,0,0,0,0,NA,NA,0,0,0,0,0,0,0,0,0,0,0,0,NA,NA,NA,0,0,0,0,0,0,0,NA,0,0,0,0,NA,0,0
00-0039172,J.Bates,Jake Bates,K,SPEC,"https://static.www.nfl.com/image/upload/f_auto,q_auto/league/heh3zqyv3tqapnpnzgoj",2025,REG,DET,11,0,0,0,0,0,0,0,0,0,0,0,0,NA,NA,0,NA,0,0,0,0,0,0,NA,0,0,0,0,0,0,0,0,0,0,NA,0,NA,0,0,0,0,3,0,1,0,0,0,0,0,0,0,0,0,0,0,0,0,0,0,0,0,0,5,0,0,0,0,0,15,19,3,1,59,0.7894736842105263,0,4,3,4,4,0,0,0,0,0,2,1,30;27;34;45;48;58;28;58;41;22;28;48;54;37;59,55;67;54,45,617,176,45,37,39,1,1,0.9487179487179487,0,0,0,0,NA,0,0
00-0039176,B.Okoye,Basil Okoye,DT,DL,"https://static.www.nfl.com/image/upload/f_auto,q_auto/league/g0bc8uf6fx9g6myyswi5",2025,REG,BAL,7,0,0,0,0,0,0,0,0,0,0,0,0,NA,NA,0,NA,0,0,0,0,0,0,NA,0,0,0,0,0,0,0,0,0,0,NA,0,NA,0,0,0,0,6,0,7,1,1,0,0,0,1,0,0,1,0,0,0,0,0,0,0,0,0,1,5,0,0,0,0,0,0,0,0,NA,NA,0,0,0,0,0,0,0,0,0,0,0,0,NA,NA,NA,0,0,0,0,0,0,0,NA,0,0,0,0,NA,0,0
00-0039178,A.Ajiake,Austin Ajiake,LB,LB,"https://static.www.nfl.com/image/upload/f_auto,q_auto/league/oac43hjcupsdhh4ssp6m",2025,REG,IND,8,0,0,0,0,0,0,0,0,0,0,0,0,NA,NA,0,NA,0,0,0,0,0,0,NA,0,0,0,0,0,0,0,0,0,0,NA,0,NA,0,0,0,0,12,0,14,0,0,0,0.5,0.5,2,0,0,0,0,0,0,0,0,0,0,0,0,0,0,0,0,0,0,0,0,0,0,NA,NA,0,0,0,0,0,0,0,0,0,0,0,0,NA,NA,NA,0,0,0,0,0,0,0,NA,0,0,0,0,NA,0,0
00-0039207,D.Nchami,Durell Nchami,DE,DL,"https://static.www.nfl.com/image/upload/f_auto,q_auto/league/arq8u512zcrrr9nyqjln",2025,REG,IND,1,0,0,0,0,0,0,0,0,0,0,0,0,NA,NA,0,NA,0,0,0,0,0,0,NA,0,0,0,0,0,0,0,0,0,0,NA,0,NA,0,0,0,0,1,0,1,0,0,0,0,0,0,0,0,0,0,0,0,0,0,0,0,0,0,0,0,0,0,0,0,0,0,0,0,NA,NA,0,0,0,0,0,0,0,0,0,0,0,0,NA,NA,NA,0,0,0,0,0,0,0,NA,0,0,0,0,NA,0,0
00-0039232,N.Wiggins,Nate Wiggins,CB,DB,"https://static.www.nfl.com/image/upload/f_auto,q_auto/league/ggnkwrepoggazbn1s2ld",2025,REG,BAL,11,0,0,0,0,0,0,0,0,0,0,0,0,NA,NA,0,NA,0,0,0,0,0,0,NA,0,0,0,0,0,0,0,0,0,0,NA,0,NA,0,0,0,0,36,0,9,2,2,0,0,0,0,3,84,7,0,0,0,0,0,0,0,0,0,4,54,0,0,0,0,0,0,0,0,NA,NA,0,0,0,0,0,0,0,0,0,0,0,0,NA,NA,NA,0,0,0,0,0,0,0,NA,0,0,0,0,NA,0,0
00-0039233,R.Rosengarten,Roger Rosengarten,OT,OL,"https://static.www.nfl.com/image/upload/f_auto,q_auto/league/yl4hhbcxdtcxqgiezmss",2025,REG,BAL,3,0,0,0,0,0,0,0,0,0,0,0,0,NA,NA,0,NA,0,0,0,0,0,0,NA,0,0,0,0,0,0,0,0,0,0,NA,0,NA,0,0,0,0,0,0,0,0,0,0,0,0,0,0,0,0,0,0,0,0,0,0,0,0,0,3,15,0,0,0,0,0,0,0,0,NA,NA,0,0,0,0,0,0,0,0,0,0,0,0,NA,NA,NA,0,0,0,0,0,0,0,NA,0,0,0,0,NA,0,0
00-0039234,T.Tampa,T.J. Tampa,CB,DB,"https://static.www.nfl.com/image/upload/f_auto,q_auto/league/poanrufasprugy1q1ulq",2025,REG,BAL,10,0,0,0,0,0,0,0,0,0,0,0,0,NA,NA,0,NA,0,0,0,0,0,0,NA,0,0,0,0,0,0,0,0,0,0,NA,0,NA,0,0,0,0,16,0,5,0,0,0,0,0,0,1,0,2,0,0,0,0,0,0,0,0,0,0,0,0,0,0,0,0,0,0,0,NA,NA,0,0,0,0,0,0,0,0,0,0,0,0,NA,NA,NA,0,0,0,0,0,0,0,NA,0,0,0,0,NA,0,0
00-0039235,S.Kane,Sanoussi Kane,SAF,DB,"https://static.www.nfl.com/image/upload/f_auto,q_auto/league/uj78zgtqjemh0ftylsjd",2025,REG,BAL,2,0,0,0,0,0,0,0,0,0,0,0,0,NA,NA,0,NA,0,0,0,0,0,0,NA,0,0,0,0,0,0,0,0,0,0,NA,0,NA,0,0,0,0,0,0,1,0,0,0,0,0,0,0,0,0,0,0,0,5,0,0,0,0,0,0,0,0,0,0,0,0,0,0,0,NA,NA,0,0,0,0,0,0,0,0,0,0,0,0,NA,NA,NA,0,0,0,0,0,0,0,NA,0,0,0,0,NA,0,0
00-0039241,B.Brade,Beau Brade,SAF,DB,"https://static.www.nfl.com/image/upload/f_auto,q_auto/league/ojsyg4qghwqlpwswlhu9",2025,REG,NYG,2,0,0,0,0,0,0,0,0,0,0,0,0,NA,NA,0,NA,0,0,0,0,0,0,NA,0,0,0,0,0,0,0,0,0,0,NA,0,NA,0,0,0,0,1,0,1,0,0,0,0,0,0,0,0,0,0,0,0,0,0,0,0,0,0,0,0,0,0,0,0,0,0,0,0,NA,NA,0,0,0,0,0,0,0,0,0,0,0,0,NA,NA,NA,0,0,0,0,0,0,0,NA,0,0,0,0,NA,0,0
00-0039266,K.Milton,Kendall Milton,RB,RB,"https://static.www.nfl.com/image/upload/f_auto,q_auto/league/loxc2ylhbuvifty85fqv",2025,REG,CIN,1,0,0,0,0,0,0,0,0,0,0,0,0,NA,NA,0,NA,2,2,0,0,0,0,0.8584410675102845,0,0,0,0,0,0,0,0,0,0,NA,0,NA,0,0,0,0,0,0,0,0,0,0,0,0,0,0,0,0,0,0,0,0,0,0,0,0,0,0,0,0,0,0,0,0,0,0,0,NA,NA,0,0,0,0,0,0,0,0,0,0,0,0,NA,NA,NA,0,0,0,0,0,0,0,NA,0,0,0,0,NA,0.2,0.2
00-0039284,B.McGregor,Braiden McGregor,DE,DL,"https://static.www.nfl.com/image/upload/f_auto,q_auto/league/kk8h8mlhxzthxil6nvrt",2025,REG,NYJ,6,0,0,0,0,0,0,0,0,0,0,0,0,NA,NA,0,NA,0,0,0,0,0,0,NA,0,0,0,0,0,0,0,0,0,0,NA,0,NA,0,0,0,0,5,0,6,1,1,0,1,1,2,0,0,1,0,0,0,0,0,0,0,0,0,0,0,0,0,0,0,0,0,0,0,NA,NA,0,0,0,0,0,0,0,0,0,0,0,0,NA,NA,NA,0,0,0,0,0,0,0,NA,0,0,0,0,NA,0,0
00-0039288,J.Sirmon,Jackson Sirmon,LB,LB,"https://static.www.nfl.com/image/upload/f_auto,q_auto/league/idufv4y0etchs4cvgkad",2025,REG,NYJ,1,0,0,0,0,0,0,0,0,0,0,0,0,NA,NA,0,NA,0,0,0,0,0,0,NA,0,0,0,0,0,0,0,0,0,0,NA,0,NA,0,0,0,0,1,0,0,0,0,0,0,0,0,0,0,0,0,0,0,0,0,0,0,0,0,0,0,0,0,0,0,0,0,0,0,NA,NA,0,0,0,0,0,0,0,0,0,0,0,0,NA,NA,NA,0,0,0,0,0,0,0,NA,0,0,0,0,NA,0,0
00-0039289,L.Taylor,Leonard Taylor III,DT,DL,"https://static.www.nfl.com/image/upload/f_auto,q_auto/league/qfnjnvom3evftnkgwcqg",2025,REG,NYJ,2,0,0,0,0,0,0,0,0,0,0,0,0,NA,NA,0,NA,0,0,0,0,0,0,NA,0,0,0,0,0,0,0,0,0,0,NA,0,NA,0,0,0,0,1,1,1,1,5,0,0,0,0,0,0,1,0,0,0,0,0,0,0,0,0,0,0,0,0,0,0,0,0,0,0,NA,NA,0,0,0,0,0,0,0,0,0,0,0,0,NA,NA,NA,0,0,0,0,0,0,0,NA,0,0,0,0,NA,0,0
00-0039299,G.Holani,George Holani,RB,RB,"https://static.www.nfl.com/image/upload/f_auto,q_auto/league/nadkmkb2sqgjhbkpirkg",2025,REG,SEA,10,0,0,0,0,0,0,0,0,0,0,0,0,NA,NA,0,NA,22,73,1,1,1,5,-9.349929695804176,0,2,2,15,0,0,0,-1,16,1,-0.1405418971553445,0,-15,0.006993006993006993,-3.7037037037037035e-4,0.01023025123025123,1,1,0,2,0,0,0,0,0,0,0,0,0,0,0,0,0,0,0,0,0,0,0,0,0,0,16,387,0,0,0,0,NA,NA,0,0,0,0,0,0,0,0,0,0,0,0,NA,NA,NA,0,0,0,0,0,0,0,NA,0,0,0,0,NA,18.8,20.8
00-0039305,J.Westover,Jack Westover,TE,TE,"https://static.www.nfl.com/image/upload/f_auto,q_auto/league/jdqum14r2ihtymt8h1na",2025,REG,NE,3,0,0,0,0,0,0,0,0,0,0,0,0,NA,NA,0,NA,0,0,0,0,0,0,NA,0,0,1,0,0,0,0,2,0,0,-0.5347519975621253,0,0,0.0029154518950437317,6.305170239596469e-4,0.0048145397593373504,0,1,0,0,0,0,0,0,0,0,0,0,0,0,0,0,0,0,0,0,0,0,1,10,0,0,0,0,0,0,0,0,NA,NA,0,0,0,0,0,0,0,0,0,0,0,0,NA,NA,NA,0,0,0,0,0,0,0,NA,0,0,0,0,NA,0,0
00-0039309,B.Murphy,Byron Murphy II,DT,DL,"https://static.www.nfl.com/image/upload/f_auto,q_auto/league/xeq70yetr8qznbkjjiye",2025,REG,SEA,10,0,0,0,0,0,0,0,0,0,0,0,0,NA,NA,0,NA,0,0,0,0,0,0,NA,0,0,0,0,0,0,0,0,0,0,NA,0,NA,0,0,0,0,14,1,28,6,39,0,6,36.5,11,0,0,0,0,0,0,0,0,0,0,0,0,1,16,0,0,0,0,0,0,0,0,NA,NA,0,0,0,0,0,0,0,0,0,0,0,0,NA,NA,NA,0,0,0,0,0,0,0,NA,0,0,0,0,NA,0,0
00-0039313,S.Bozeman,Swayze Bozeman,LB,LB,"https://static.www.nfl.com/image/upload/f_auto,q_auto/league/x5fvun7baplarpt8deoq",2025,REG,NYG,4,0,0,0,0,0,0,0,0,0,0,0,0,NA,NA,0,NA,0,0,0,0,0,0,NA,0,0,0,0,0,0,0,0,0,0,NA,0,NA,0,0,0,0,1,0,5,0,0,0,0,0,0,0,0,0,0,0,0,0,0,0,0,0,0,1,10,0,0,0,0,0,0,0,0,NA,NA,0,0,0,0,0,0,0,0,0,0,0,0,NA,NA,NA,0,0,0,0,0,0,0,NA,0,0,0,0,NA,0,0
00-0039323,R.Rehkow,Ryan Rehkow,P,SPEC,"https://static.www.nfl.com/image/upload/f_auto,q_auto/league/kahposyaa7l0zpdvzyoa",2025,REG,CIN,11,0,0,0,0,0,0,0,0,0,0,0,0,NA,NA,0,NA,0,0,0,0,0,0,NA,0,0,0,0,0,0,0,0,0,0,NA,0,NA,0,0,0,0,0,0,0,0,0,0,0,0,0,0,0,0,0,0,0,0,0,0,0,0,0,1,10,0,0,0,0,0,0,0,0,NA,NA,0,0,0,0,0,0,0,0,0,0,0,0,NA,NA,NA,0,0,0,0,0,0,0,NA,0,0,0,0,NA,0,0
00-0039324,C.Roland-Wallace,Christian Roland-Wallace,CB,DB,"https://static.www.nfl.com/image/upload/f_auto,q_auto/league/foy9ykwmm3vcqgfviowz",2025,REG,KC,9,0,0,0,0,0,0,0,0,0,0,0,0,NA,NA,0,NA,0,0,0,0,0,0,NA,0,0,0,0,0,0,0,0,0,0,NA,0,NA,0,0,0,0,19,0,15,0,0,0,0,0,0,1,23,3,0,0,0,0,0,0,0,0,0,1,10,0,0,0,0,0,0,0,0,NA,NA,0,0,0,0,0,0,0,0,0,0,0,0,NA,NA,NA,0,0,0,0,0,0,0,NA,0,0,0,0,NA,0,0
00-0039332,C.Ravenell,C.J. Ravenell,DE,DL,"https://static.www.nfl.com/image/upload/f_auto,q_auto/league/rqjhomavdixcd1tqcge5",2025,REG,TEN,4,0,0,0,0,0,0,0,0,0,0,0,0,NA,NA,0,NA,0,0,0,0,0,0,NA,0,0,0,0,0,0,0,0,0,0,NA,0,NA,0,0,0,0,1,0,4,0,0,1,0,0,0,0,0,0,0,0,0,0,0,0,0,0,0,0,0,0,0,0,0,0,0,0,0,NA,NA,0,0,0,0,0,0,0,0,0,0,0,0,NA,NA,NA,0,0,0,0,0,0,0,NA,0,0,0,0,NA,0,0
00-0039333,B.Codrington,Brandon Codrington,CB,DB,"https://static.www.nfl.com/image/upload/f_auto,q_auto/league/zcfwdsirygqnl15jnd0m",2025,REG,BUF,4,0,0,0,0,0,0,0,0,0,0,0,0,NA,NA,0,NA,0,0,0,0,0,0,NA,0,0,0,0,0,0,0,0,0,0,NA,0,NA,0,0,0,0,0,0,0,0,0,0,0,0,0,0,0,0,0,1,0,0,1,1,0,0,0,0,0,10,58,14,375,0,0,0,0,NA,NA,0,0,0,0,0,0,0,0,0,0,0,0,NA,NA,NA,0,0,0,0,0,0,0,NA,0,0,0,0,NA,0,0
00-0039337,M.Nabers,Malik Nabers,WR,WR,"https://static.www.nfl.com/image/upload/f_auto,q_auto/league/w3edoyyuomqlovvp9ixc",2025,REG,NYG,4,0,0,0,0,0,0,0,0,0,0,0,0,NA,NA,0,NA,0,0,0,0,0,0,NA,0,18,35,271,2,0,0,555,52,11,2.308888526029296,0,0.4882882882882883,0.0948509485094851,0.16161910308677926,0.2554097949249731,0,2,0,0,0,0,0,0,0,0,0,0,0,0,0,0,0,0,0,0,0,0,0,0,0,0,0,0,0,0,0,0,NA,NA,0,0,0,0,0,0,0,0,0,0,0,0,NA,NA,NA,0,0,0,0,0,0,0,NA,0,0,0,0,NA,39.1,57.1
00-0039338,B.Bowers,Brock Bowers,TE,TE,"https://static.www.nfl.com/image/upload/f_auto,q_auto/league/uzp2ffi0lomamxofsrhy",2025,REG,LV,8,0,0,0,0,0,0,0,0,0,0,0,0,NA,NA,0,NA,2,2,0,0,0,0,-1.1543679854366928,0,45,64,510,3,0,0,447,236,24,13.810764830849273,1,1.1409395973154361,0.18658892128279883,0.20318181818181819,0.422110654651471,0,1,0,0,0,0,0,0,0,0,0,0,0,0,0,0,0,0,0,0,0,0,0,0,0,0,0,0,0,0,0,0,NA,NA,0,0,0,0,0,0,0,0,0,0,0,0,NA,NA,NA,0,0,0,0,0,0,0,NA,0,0,0,0,NA,71.2,116.2
00-0039339,T.Fuaga,Taliese Fuaga,OT,OL,"https://static.www.nfl.com/image/upload/f_auto,q_auto/league/b67s32fuqrcohbu78ur5",2025,REG,NO,2,0,0,0,0,0,0,0,0,0,0,0,0,NA,NA,0,NA,0,0,0,0,0,0,NA,0,0,0,0,0,0,0,0,0,0,NA,0,NA,0,0,0,0,1,0,0,0,0,0,0,0,0,0,0,0,0,0,0,0,0,0,0,0,0,1,5,0,0,0,0,0,0,0,0,NA,NA,0,0,0,0,0,0,0,0,0,0,0,0,NA,NA,NA,0,0,0,0,0,0,0,NA,0,0,0,0,NA,0,0
00-0039340,L.Latu,Laiatu Latu,DE,DL,"https://static.www.nfl.com/image/upload/f_auto,q_auto/league/upfo1ikqlsmwvbduxqsw",2025,REG,IND,10,0,0,0,0,0,0,0,0,0,0,0,0,NA,NA,0,NA,0,0,0,0,0,0,NA,0,0,0,0,0,0,0,0,0,0,NA,0,NA,0,0,0,0,17,0,15,6,29,0,6,34,15,3,9,4,0,0,0,0,0,0,0,0,0,2,11,0,0,0,0,0,0,0,0,NA,NA,0,0,0,0,0,0,0,0,0,0,0,0,NA,NA,NA,0,0,0,0,0,0,0,NA,0,0,0,0,NA,0,0
00-0039341,T.Guyton,Tyler Guyton,OT,OL,"https://static.www.nfl.com/image/upload/f_auto,q_auto/league/vkthsqd2smgoymkspfth",2025,REG,DAL,4,0,0,0,0,0,0,0,0,0,0,0,0,NA,NA,0,NA,0,0,0,0,0,0,NA,0,0,0,0,0,0,0,0,0,0,NA,0,NA,0,0,0,0,0,0,0,0,0,0,0,0,0,0,0,0,0,0,0,0,0,0,0,0,0,7,49,0,0,0,0,0,0,0,0,NA,NA,0,0,0,0,0,0,0,0,0,0,0,0,NA,NA,NA,0,0,0,0,0,0,0,NA,0,0,0,0,NA,0,0
00-0039342,X.Legette,Xavier Legette,WR,WR,"https://static.www.nfl.com/image/upload/f_auto,q_auto/league/j4jj8rvgzji7zut86ux7",2025,REG,CAR,10,0,0,0,0,0,0,0,0,0,0,0,0,NA,NA,0,NA,1,0,0,0,0,0,-0.5305159189738333,0,27,51,286,3,1,0,491,62,14,-6.5770057775951685,0,0.5824847250509165,0.1424581005586592,0.19345941686367218,0.3491087426425593,0,0,0,0,0,0,0,0,0,0,0,0,0,0,0,0,0,1,1,0,0,0,7,35,0,0,0,0,0,0,0,0,NA,NA,0,0,0,0,0,0,0,0,0,0,0,0,NA,NA,NA,0,0,0,0,0,0,0,NA,0,0,0,0,NA,46.6,73.6
00-0039343,K.Lassiter,Kamari Lassiter,CB,DB,"https://static.www.nfl.com/image/upload/f_auto,q_auto/league/ats8cbxfzajzvwyzwsjb",2025,REG,HOU,11,0,0,0,0,0,0,0,0,0,0,0,0,NA,NA,0,NA,0,0,0,0,0,0,NA,0,0,0,0,0,0,0,0,0,0,NA,0,NA,0,0,0,0,39,5,19,6,13,0,0,0,0,2,0,10,0,0,0,0,0,0,0,0,0,4,40,0,0,0,0,0,0,0,0,NA,NA,0,0,0,0,0,0,0,0,0,0,0,0,NA,NA,NA,0,0,0,0,0,0,0,NA,0,0,0,0,NA,0,0
00-0039345,R.Green,Renardo Green,CB,DB,"https://static.www.nfl.com/image/upload/f_auto,q_auto/league/reoqk5hmsjugiaed55fk",2025,REG,SF,11,0,0,0,0,0,0,0,0,0,0,0,0,NA,NA,0,NA,0,0,0,0,0,0,NA,0,0,0,0,0,0,0,0,0,0,NA,0,NA,0,0,0,0,25,0,20,0,0,0,0,0,0,0,0,9,0,0,0,0,0,0,0,0,0,2,48,0,0,0,0,0,0,0,0,NA,NA,0,0,0,0,0,0,0,0,0,0,0,0,NA,NA,NA,0,0,0,0,0,0,0,NA,0,0,0,0,NA,0,0
00-0039347,T.Wallace,Trevin Wallace,LB,LB,"https://static.www.nfl.com/image/upload/f_auto,q_auto/league/m4dt3rza3lvzhhxsag4u",2025,REG,CAR,10,0,0,0,0,0,0,0,0,0,0,0,0,NA,NA,0,NA,0,0,0,0,0,0,NA,0,0,0,0,0,0,0,0,0,0,NA,0,NA,0,0,0,0,33,0,19,4,24,0,2,12,4,0,0,4,0,0,0,0,0,0,0,0,0,0,0,0,0,0,0,0,0,0,0,NA,NA,0,0,0,0,0,0,0,0,0,0,0,0,NA,NA,NA,0,0,0,0,0,0,0,NA,0,0,0,0,NA,0,0
00-0039349,D.Glaze,DJ Glaze,OT,OL,"https://static.www.nfl.com/image/upload/f_auto,q_auto/league/yj1mdamgenemfg28e4b9",2025,REG,LV,3,0,0,0,0,0,0,0,0,0,0,0,0,NA,NA,0,NA,0,0,0,0,0,0,NA,0,0,0,0,0,0,0,0,0,0,NA,0,NA,0,0,0,0,0,0,0,0,0,0,0,0,0,0,0,0,0,0,0,0,0,0,0,0,0,3,16,0,0,0,0,0,0,0,0,NA,NA,0,0,0,0,0,0,0,0,0,0,0,0,NA,NA,NA,0,0,0,0,0,0,0,NA,0,0,0,0,NA,0,0
00-0039351,D.Puni,Dominick Puni,OT,OL,"https://static.www.nfl.com/image/upload/f_auto,q_auto/league/ig3zuxuiem0nqnrytcls",2025,REG,SF,2,0,0,0,0,0,0,0,0,0,0,0,0,NA,NA,0,NA,0,0,0,0,0,0,NA,0,0,0,0,0,0,0,0,0,0,NA,0,NA,0,0,0,0,1,0,0,0,0,0,0,0,0,0,0,0,0,0,0,0,0,0,0,0,0,2,10,0,0,0,0,0,0,0,0,NA,NA,0,0,0,0,0,0,0,0,0,0,0,0,NA,NA,NA,0,0,0,0,0,0,0,NA,0,0,0,0,NA,0,0
00-0039352,M.Liufau,Marist Liufau,LB,LB,"https://static.www.nfl.com/image/upload/f_auto,q_auto/league/voinp0fsdncarxwbgrii",2025,REG,DAL,9,0,0,0,0,0,0,0,0,0,0,0,0,NA,NA,0,NA,0,0,0,0,0,0,NA,0,0,0,0,0,0,0,0,0,0,NA,0,NA,0,0,0,0,15,0,9,1,5,1,1,5,2,0,0,0,0,0,0,0,0,0,0,0,0,4,52,0,0,0,0,0,0,0,0,NA,NA,0,0,0,0,0,0,0,0,0,0,0,0,NA,NA,NA,0,0,0,0,0,0,0,NA,0,0,0,0,NA,0,0
00-0039353,J.Jones,Jarrian Jones,CB,DB,"https://static.www.nfl.com/image/upload/f_auto,q_auto/league/h7p71pyzltv3nco6ktkj",2025,REG,JAX,9,0,0,0,0,0,0,0,0,0,0,0,0,NA,NA,0,NA,0,0,0,0,0,0,NA,0,0,0,0,0,0,0,0,0,0,NA,0,NA,0,0,0,0,21,2,10,4,6,0,0,0,1,1,0,5,0,0,0,0,0,0,0,0,0,5,76,0,0,0,0,0,0,0,0,NA,NA,0,0,0,0,0,0,0,0,0,0,0,0,NA,NA,NA,0,0,0,0,0,0,0,NA,0,0,0,0,NA,0,0
00-0039354,M.Jackson,McKinnley Jackson,DT,DL,"https://static.www.nfl.com/image/upload/f_auto,q_auto/league/qqi681wzmujua627n1db",2025,REG,CIN,2,0,0,0,0,0,0,0,0,0,0,0,0,NA,NA,0,NA,0,0,0,0,0,0,NA,0,0,0,0,0,0,0,0,0,0,NA,0,NA,0,0,0,0,0,0,3,0,0,0,0,0,0,0,0,0,0,0,0,0,0,0,0,0,0,0,0,0,0,0,0,0,0,0,0,NA,NA,0,0,0,0,0,0,0,0,0,0,0,0,NA,NA,NA,0,0,0,0,0,0,0,NA,0,0,0,0,NA,0,0
00-0039355,L.McCaffrey,Luke McCaffrey,WR,WR,"https://static.www.nfl.com/image/upload/f_auto,q_auto/league/iqzscuxu9lxjfhoyxsjg",2025,REG,WAS,9,0,0,0,0,0,0,0,0,0,0,0,0,NA,NA,0,NA,0,0,0,0,0,0,NA,0,11,15,203,3,0,0,218,69,6,9.451310370947791,1,0.9311926605504587,0.05154639175257732,0.08499025341130605,0.13681276501678022,0,2,0,3,0,0,0,0,0,0,0,0,0,0,0,0,0,0,0,0,0,0,1,10,0,0,26,769,0,0,0,0,NA,NA,0,0,0,0,0,0,0,0,0,0,0,0,NA,NA,NA,0,0,0,0,0,0,0,NA,0,0,0,0,NA,40.3,51.3
00-0039356,J.Sanders,Ja'Tavion Sanders,TE,TE,"https://static.www.nfl.com/image/upload/f_auto,q_auto/league/le2akm1cbou170ioctxl",2025,REG,CAR,9,0,0,0,0,0,0,0,0,0,0,0,0,NA,NA,0,NA,0,0,0,0,0,0,NA,0,25,30,176,0,0,0,155,81,7,3.7270890864135673,0,1.135483870967742,0.08379888268156424,0.06107171000788022,0.16844852102786254,0,4,0,1,0,0,0,0,0,0,0,0,0,0,0,0,0,0,0,0,0,0,0,0,0,0,0,0,0,0,0,0,NA,NA,0,0,0,0,0,0,0,0,0,0,0,0,NA,NA,NA,0,0,0,0,0,0,0,NA,0,0,0,0,NA,17.6,42.6
00-0039357,D.Richardson,Decamerion Richardson,CB,DB,"https://static.www.nfl.com/image/upload/f_auto,q_auto/league/l2jarpo9v1hfsmcoqoeb",2025,REG,LV,6,0,0,0,0,0,0,0,0,0,0,0,0,NA,NA,0,NA,0,0,0,0,0,0,NA,0,0,0,0,0,0,0,0,0,0,NA,0,NA,0,0,0,0,5,0,1,0,0,0,0,0,0,0,0,0,0,0,0,0,0,0,0,0,0,2,10,0,0,0,0,0,0,0,0,NA,NA,0,0,0,0,0,0,0,0,0,0,0,0,NA,NA,NA,0,0,0,0,0,0,0,NA,0,0,0,0,NA,0,0
00-0039358,M.McCormick,Mason McCormick,G,OL,"https://static.www.nfl.com/image/upload/f_auto,q_auto/league/yp0vhffpxs7w9efy8nvh",2025,REG,PIT,1,0,0,0,0,0,0,0,0,0,0,0,0,NA,NA,0,NA,0,0,0,0,0,0,NA,0,0,0,0,0,0,0,0,0,0,NA,0,NA,0,0,0,0,0,0,0,0,0,0,0,0,0,0,0,0,0,0,0,0,0,0,0,0,0,1,4,0,0,0,0,0,0,0,0,NA,NA,0,0,0,0,0,0,0,0,0,0,0,0,NA,NA,NA,0,0,0,0,0,0,0,NA,0,0,0,0,NA,0,0
00-0039359,C.Stover,Cade Stover,TE,TE,"https://static.www.nfl.com/image/upload/f_auto,q_auto/league/ltjwprbwuy9dtyz1dg7y",2025,REG,HOU,2,0,0,0,0,0,0,0,0,0,0,0,0,NA,NA,0,NA,0,0,0,0,0,0,NA,0,4,6,22,0,0,0,14,13,1,-1.1529675126075745,0,1.5714285714285714,0.015789473684210527,0.004379105411323116,0.026749584314241973,0,0,0,0,0,0,0,0,0,0,0,0,0,0,0,0,0,0,0,0,0,0,1,5,0,0,0,0,0,0,0,0,NA,NA,0,0,0,0,0,0,0,0,0,0,0,0,NA,NA,NA,0,0,0,0,0,0,0,NA,0,0,0,0,NA,2.2,6.2
00-0039360,M.Mustapha,Malik Mustapha,SAF,DB,"https://static.www.nfl.com/image/upload/f_auto,q_auto/league/de6mruukp9ydyppi9ah6",2025,REG,SF,7,0,0,0,0,0,0,0,0,0,0,0,0,NA,NA,0,NA,0,0,0,0,0,0,NA,0,0,0,0,0,0,0,0,0,0,NA,0,NA,0,0,0,0,24,1,18,2,5,0,0,0,0,1,0,1,0,0,0,0,0,0,0,0,0,0,0,0,0,0,0,0,0,0,0,NA,NA,0,0,0,0,0,0,0,0,0,0,0,0,NA,NA,NA,0,0,0,0,0,0,0,NA,0,0,0,0,NA,0,0
00-0039361,B.Irving,Bucky Irving,RB,RB,"https://static.www.nfl.com/image/upload/f_auto,q_auto/league/hmgpumoxwhvrrkcjuuuw",2025,REG,TB,4,0,0,0,0,0,0,0,0,0,0,0,0,NA,NA,0,NA,71,237,0,1,1,9,-21.129001489287475,0,19,19,193,2,0,0,-41,234,7,10.977141474897508,0,-4.7073170731707314,0.0521978021978022,-0.013425016371971186,0.06889919183632347,0,0,0,0,0,0,0,0,0,0,0,0,0,0,0,0,0,0,0,0,0,0,0,0,0,0,0,0,0,0,0,0,NA,NA,0,0,0,0,0,0,0,0,0,0,0,0,NA,NA,NA,0,0,0,0,0,0,0,NA,0,0,0,0,NA,53,72
00-0039363,I.Guerendo,Isaac Guerendo,RB,RB,"https://static.www.nfl.com/image/upload/f_auto,q_auto/league/lr1qp5tsa5xshzt02urm",2025,REG,SF,6,0,0,0,0,0,0,0,0,0,0,0,0,NA,NA,0,NA,0,0,0,0,0,0,NA,0,0,0,0,0,0,0,0,0,0,NA,0,NA,0,0,0,0,2,0,1,0,0,0,0,0,0,0,0,0,0,0,0,0,0,0,0,0,0,0,0,0,0,5,100,0,0,0,0,NA,NA,0,0,0,0,0,0,0,0,0,0,0,0,NA,NA,NA,0,0,0,0,0,0,0,NA,0,0,0,0,NA,0,0
00-0039364,S.Vaki,Sione Vaki,RB,RB,"https://static.www.nfl.com/image/upload/f_auto,q_auto/league/jfy4vewdyadb6n1xj2ao",2025,REG,DET,3,0,0,0,0,0,0,0,0,0,0,0,0,NA,NA,0,NA,1,4,0,0,0,0,-0.8815627752337605,0,0,0,0,0,0,0,0,0,0,NA,0,NA,0,0,0,0,2,0,1,0,0,0,0,0,0,0,0,0,0,0,0,0,0,0,0,0,0,0,0,0,0,2,39,0,0,0,0,NA,NA,0,0,0,0,0,0,0,0,0,0,0,0,NA,NA,NA,0,0,0,0,0,0,0,NA,0,0,0,0,NA,0.4,0.4
00-0039366,T.Still,Tarheeb Still,CB,DB,"https://static.www.nfl.com/image/upload/f_auto,q_auto/league/omjsmxcvxrgmkboiauhi",2025,REG,LAC,9,0,0,0,0,0,0,0,0,0,0,0,0,NA,NA,0,NA,0,0,0,0,0,0,NA,0,0,0,0,0,0,0,0,0,0,NA,0,NA,0,0,0,0,22,1,9,2,7,0,0,0,2,0,0,6,0,0,0,0,0,0,0,0,0,3,62,5,36,0,0,0,0,0,0,NA,NA,0,0,0,0,0,0,0,0,0,0,0,0,NA,NA,NA,0,0,0,0,0,0,0,NA,0,0,0,0,NA,0,0
00-0039368,J.Magee,Jordan Magee,LB,LB,"https://static.www.nfl.com/image/upload/f_auto,q_auto/league/ixr3jyd3kfvwqa5qrawh",2025,REG,WAS,8,0,0,0,0,0,0,0,0,0,0,0,0,NA,NA,0,NA,0,0,0,0,0,0,NA,0,0,0,0,0,0,0,0,0,0,NA,0,NA,0,0,0,0,16,0,12,1,3,0,0,0,0,0,0,0,0,0,0,0,0,0,0,0,0,2,25,0,0,0,0,0,0,0,0,NA,NA,0,0,0,0,0,0,0,0,0,0,0,0,NA,NA,NA,0,0,0,0,0,0,0,NA,0,0,0,0,NA,0,0
00-0039369,C.Hart,Cam Hart,CB,DB,"https://static.www.nfl.com/image/upload/f_auto,q_auto/league/noczkerfdcdkwl2copl0",2025,REG,LAC,10,0,0,0,0,0,0,0,0,0,0,0,0,NA,NA,0,NA,0,0,0,0,0,0,NA,0,0,0,0,0,0,0,0,0,0,NA,0,NA,0,0,0,0,26,0,5,0,0,0,0,0,1,0,0,7,0,0,0,0,0,0,0,0,0,3,17,1,0,0,0,0,0,0,0,NA,NA,0,0,0,0,0,0,0,0,0,0,0,0,NA,NA,NA,0,0,0,0,0,0,0,NA,0,0,0,0,NA,0,0
00-0039370,J.Bertrand,JD Bertrand,LB,LB,"https://static.www.nfl.com/image/upload/f_auto,q_auto/league/aiooxohsxjemnkgprgqi",2025,REG,ATL,7,0,0,0,0,0,0,0,0,0,0,0,0,NA,NA,0,NA,0,0,0,0,0,0,NA,0,0,0,0,0,0,0,0,0,0,NA,0,NA,0,0,0,0,12,0,19,1,2,0,0,0,0,0,0,1,0,0,0,0,0,0,0,0,0,0,0,0,0,0,0,0,0,0,0,NA,NA,0,0,0,0,0,0,0,0,0,0,0,0,NA,NA,NA,0,0,0,0,0,0,0,NA,0,0,0,0,NA,0,0
00-0039371,K.Abrams-Draine,Kris Abrams-Draine,CB,DB,"https://static.www.nfl.com/image/upload/f_auto,q_auto/league/q96h765zxponbrs6cnon",2025,REG,DEN,6,0,0,0,0,0,0,0,0,0,0,0,0,NA,NA,0,NA,0,0,0,0,0,0,NA,0,0,0,0,0,0,0,0,0,0,NA,0,NA,0,0,0,0,16,0,7,1,1,0,0,0,0,0,0,1,0,0,0,0,0,0,0,0,0,0,0,0,0,0,0,0,0,0,0,NA,NA,0,0,0,0,0,0,0,0,0,0,0,0,NA,NA,NA,0,0,0,0,0,0,0,NA,0,0,0,0,NA,0,0
00-0039372,J.Brownlee,Jarvis Brownlee Jr.,CB,DB,"https://static.www.nfl.com/image/upload/f_auto,q_auto/league/u9vm18mpoxmzhukikjy2",2025,REG,NYJ,8,0,0,0,0,0,0,0,0,0,0,0,0,NA,NA,0,NA,0,0,0,0,0,0,NA,0,0,0,0,0,0,0,0,0,0,NA,0,NA,0,0,0,0,33,2,18,3,5,1,0,0,0,0,0,3,0,0,0,0,0,0,0,0,0,10,87,0,0,0,0,0,0,0,0,NA,NA,0,0,0,0,0,0,0,0,0,0,0,0,NA,NA,NA,0,0,0,0,0,0,0,NA,0,0,0,0,NA,0,0
00-0039374,T.Eichenberg,Tommy Eichenberg,LB,LB,"https://static.www.nfl.com/image/upload/f_auto,q_auto/league/nzujkx5ycu6leuz2ctie",2025,REG,LV,8,0,0,0,0,0,0,0,0,0,0,0,0,NA,NA,0,NA,0,0,0,0,0,0,NA,0,0,0,0,0,0,0,0,0,0,NA,0,NA,0,0,0,0,8,0,8,0,0,0,0,0,0,0,0,0,0,0,0,0,0,0,0,0,0,4,26,0,0,0,0,0,0,0,0,NA,NA,0,0,0,0,0,0,0,0,0,0,0,0,NA,NA,NA,0,0,0,0,0,0,0,NA,0,0,0,0,NA,0,0
00-0039375,J.Newton,Josh Newton,CB,DB,"https://static.www.nfl.com/image/upload/f_auto,q_auto/league/imssw1izljtqvd1j1nbp",2025,REG,CIN,9,0,0,0,0,0,0,0,0,0,0,0,0,NA,NA,0,NA,0,0,0,0,0,0,NA,0,0,0,0,0,0,0,0,0,0,NA,0,NA,0,0,0,0,12,0,3,0,0,0,0,0,0,0,0,1,0,0,0,0,0,0,0,0,0,1,4,0,0,0,0,0,0,0,0,NA,NA,0,0,0,0,0,0,0,0,0,0,0,0,NA,NA,NA,0,0,0,0,0,0,0,NA,0,0,0,0,NA,0,0
00-0039376,S.Rattler,Spencer Rattler,QB,QB,"https://static.www.nfl.com/image/upload/f_auto,q_auto/league/uridusydmg6brwrmpmq6",2025,REG,NO,8,174,256,1586,8,5,18,-104,3,1,2026,642,74,-21.610963592229627,2.3567769965346996,0,0.7828232971372162,31,167,0,1,1,18,8.639880268587266,0,1,2,0,0,0,0,4,0,0,-5.092498946818523,0,0,0.005376344086021506,0.00128783000643915,0.008965997133539664,0,1,0,0,0,0,0,0,0,0,0,0,0,0,0,0,0,0,0,0,0,0,2,21,0,0,0,0,0,0,0,0,NA,NA,0,0,0,0,0,0,0,0,0,0,0,0,NA,NA,NA,0,0,0,0,0,0,0,NA,0,0,0,0,NA,98.14,99.14
00-0039379,J.Thrash,Jamari Thrash,WR,WR,"https://static.www.nfl.com/image/upload/f_auto,q_auto/league/byihyhwwpltzyetas85a",2025,REG,CLE,8,0,0,0,0,0,0,0,0,0,0,0,0,NA,NA,0,NA,0,0,0,0,0,0,NA,0,10,15,107,0,0,0,102,39,5,2.350799160922179,0,1.0490196078431373,0.04178272980501393,0.04,0.09067409470752089,0,0,0,0,0,0,0,0,0,0,0,0,0,0,0,0,0,0,0,0,0,0,0,0,0,0,0,0,0,0,0,0,NA,NA,0,0,0,0,0,0,0,0,0,0,0,0,NA,NA,NA,0,0,0,0,0,0,0,NA,0,0,0,0,NA,10.700000000000001,20.700000000000003
00-0039380,C.Smith-Wade,Chau Smith-Wade,CB,DB,"https://static.www.nfl.com/image/upload/f_auto,q_auto/league/zaw1uynft16o6ltvxjpf",2025,REG,CAR,11,0,0,0,0,0,0,0,0,0,0,0,0,NA,NA,0,NA,0,0,0,0,0,0,NA,0,0,0,0,0,0,0,0,0,0,NA,0,NA,0,0,0,0,29,0,4,1,5,0,0,0,0,1,11,2,1,0,0,0,0,0,0,0,0,0,0,0,0,0,0,0,0,0,0,NA,NA,0,0,0,0,0,0,0,0,0,0,0,0,NA,NA,NA,0,0,0,0,0,0,0,NA,0,0,0,0,NA,0,0
00-0039384,T.Tracy,Tyrone Tracy Jr.,RB,RB,"https://static.www.nfl.com/image/upload/f_auto,q_auto/league/b9nje50lohbprf06xoom",2025,REG,NYG,10,0,0,0,0,0,0,0,0,0,0,0,0,NA,NA,0,NA,103,398,1,0,0,23,-9.649086992634693,0,21,30,206,0,0,0,-30,232,9,3.905995118821311,0,-6.866666666666666,0.08130081300813008,-0.008736167734420501,0.11583590209810077,0,0,0,0,0,0,0,0,0,0,0,0,0,0,0,0,0,0,0,0,0,0,0,0,0,0,5,132,0,0,0,0,NA,NA,0,0,0,0,0,0,0,0,0,0,0,0,NA,NA,NA,0,0,0,0,0,0,0,NA,0,0,0,0,NA,66.4,87.4
00-0039387,C.Carson,Caelen Carson,CB,DB,"https://static.www.nfl.com/image/upload/f_auto,q_auto/league/fh2ndkpodlxgqtvlnrz4",2025,REG,DAL,4,0,0,0,0,0,0,0,0,0,0,0,0,NA,NA,0,NA,0,0,0,0,0,0,NA,0,0,0,0,0,0,0,0,0,0,NA,0,NA,0,0,0,0,6,0,1,0,0,0,0,0,0,0,0,2,0,0,0,0,0,0,0,0,0,2,20,0,0,0,0,0,0,0,0,NA,NA,0,0,0,0,0,0,0,0,0,0,0,0,NA,NA,NA,0,0,0,0,0,0,0,NA,0,0,0,0,NA,0,0
00-0039388,J.Ford,Jaylan Ford,LB,LB,"https://static.www.nfl.com/image/upload/f_auto,q_auto/league/qns0y4mrxe7icohn5ewg",2025,REG,NO,6,0,0,0,0,0,0,0,0,0,0,0,0,NA,NA,0,NA,0,0,0,0,0,0,NA,0,0,0,0,0,0,0,0,0,0,NA,0,NA,0,0,0,0,3,0,4,0,0,0,0,0,0,0,0,0,0,0,0,0,0,0,0,0,0,1,10,0,0,0,0,0,0,0,0,NA,NA,0,0,0,0,0,0,0,0,0,0,0,0,NA,NA,NA,0,0,0,0,0,0,0,NA,0,0,0,0,NA,0,0
00-0039391,K.Vidal,Kimani Vidal,RB,RB,"https://static.www.nfl.com/image/upload/f_auto,q_auto/league/huwihtava8gkxzb4cxb8",2025,REG,LAC,8,0,0,0,0,0,0,0,0,0,0,0,0,NA,NA,0,NA,96,417,2,1,0,24,-4.3696424222107755,0,12,16,52,1,0,0,-25,79,3,-1.9001868257764727,0,-2.08,0.042440318302387266,-0.008517887563884156,0.057697956158861995,0,1,0,0,0,0,0,0,0,0,0,0,0,0,0,0,0,1,1,0,0,0,0,0,0,0,1,25,0,0,0,0,NA,NA,0,0,0,0,0,0,0,0,0,0,0,0,NA,NA,NA,0,0,0,0,0,0,0,NA,0,0,0,0,NA,64.9,76.9
00-0039394,Cas.Washington,Casey Washington,WR,WR,"https://static.www.nfl.com/image/upload/f_auto,q_auto/league/wkoysykj4htld4yajljn",2025,REG,ATL,5,0,0,0,0,0,0,0,0,0,0,0,0,NA,NA,0,NA,0,0,0,0,0,0,NA,0,6,14,94,0,0,0,262,12,6,3.7288784982520156,0,0.35877862595419846,0.041791044776119404,0.09065743944636678,0.12614677477663586,0,0,0,0,0,0,0,0,0,0,0,0,0,0,0,0,0,0,0,0,0,0,0,0,0,0,0,0,0,0,0,0,NA,NA,0,0,0,0,0,0,0,0,0,0,0,0,NA,NA,NA,0,0,0,0,0,0,0,NA,0,0,0,0,NA,9.4,15.4
00-0039395,J.Hill,Jamal Hill,LB,LB,"https://static.www.nfl.com/image/upload/f_auto,q_auto/league/bgdos2dbar8m6nvgsnjd",2025,REG,HOU,4,0,0,0,0,0,0,0,0,0,0,0,0,NA,NA,0,NA,0,0,0,0,0,0,NA,0,0,0,0,0,0,0,0,0,0,NA,0,NA,0,0,0,0,2,1,1,0,0,0,0,0,0,0,0,0,0,0,0,0,0,0,0,0,0,0,0,0,0,0,0,0,0,0,0,NA,NA,0,0,0,0,0,0,0,0,0,0,0,0,NA,NA,NA,0,0,0,0,0,0,0,NA,0,0,0,0,NA,0,0
00-0039396,M.Wingo,Mekhi Wingo,DT,DL,"https://static.www.nfl.com/image/upload/f_auto,q_auto/league/ckvl3i75w2bockcqkaxs",2025,REG,DET,1,0,0,0,0,0,0,0,0,0,0,0,0,NA,NA,0,NA,0,0,0,0,0,0,NA,0,0,0,0,0,0,0,0,0,0,NA,0,NA,0,0,0,0,1,0,0,0,0,0,0,0,0,0,0,0,0,0,0,0,0,0,0,0,0,0,0,0,0,0,0,0,0,0,0,NA,NA,0,0,0,0,0,0,0,0,0,0,0,0,NA,NA,NA,0,0,0,0,0,0,0,NA,0,0,0,0,NA,0,0
00-0039398,J.Milton,Joe Milton III,QB,QB,"https://static.www.nfl.com/image/upload/f_auto,q_auto/league/tsj9lobse1gxzanf39dt",2025,REG,DAL,2,6,9,99,1,1,0,0,0,0,115,21,5,5.007609700318426,7.876970701747474,0,0.8608695652173913,0,0,0,0,0,0,NA,0,0,0,0,0,0,0,0,0,0,NA,0,NA,0,0,0,0,0,0,0,0,0,0,0,0,0,0,0,0,0,0,0,0,0,0,0,0,0,0,0,0,0,0,0,0,0,0,0,NA,NA,0,0,0,0,0,0,0,0,0,0,0,0,NA,NA,NA,0,0,0,0,0,0,0,NA,0,0,0,0,NA,5.96,5.96
00-0039400,Z.Logue,Zion Logue,DT,DL,"https://static.www.nfl.com/image/upload/f_auto,q_auto/league/hjvgh6qokifb6ebk8y96",2025,REG,BUF,2,0,0,0,0,0,0,0,0,0,0,0,0,NA,NA,0,NA,0,0,0,0,0,0,NA,0,0,0,0,0,0,0,0,0,0,NA,0,NA,0,0,0,0,1,0,1,0,0,0,0.5,5,1,0,0,1,0,0,0,0,0,0,0,0,0,0,0,0,0,0,0,0,0,0,0,NA,NA,0,0,0,0,0,0,0,0,0,0,0,0,NA,NA,NA,0,0,0,0,0,0,0,NA,0,0,0,0,NA,0,0
00-0039401,K.Boyd,Khristian Boyd,DT,DL,"https://static.www.nfl.com/image/upload/f_auto,q_auto/league/fkztmzly7yp8zquuz1yc",2025,REG,NO,2,0,0,0,0,0,0,0,0,0,0,0,0,NA,NA,0,NA,0,0,0,0,0,0,NA,0,0,0,0,0,0,0,0,0,0,NA,0,NA,0,0,0,0,0,0,3,0,0,0,0,0,0,0,0,0,0,0,0,0,0,0,0,0,0,0,0,0,0,0,0,0,0,0,0,NA,NA,0,0,0,0,0,0,0,0,0,0,0,0,NA,NA,NA,0,0,0,0,0,0,0,NA,0,0,0,0,NA,0,0
00-0039402,J.Crumedy,Jaden Crumedy,DT,DL,"https://static.www.nfl.com/image/upload/f_auto,q_auto/league/xmbnm0swk4oqrrnslrn5",2025,REG,CAR,1,0,0,0,0,0,0,0,0,0,0,0,0,NA,NA,0,NA,0,0,0,0,0,0,NA,0,0,0,0,0,0,0,0,0,0,NA,0,NA,0,0,0,0,0,0,2,0,0,0,0,0,0,0,0,0,0,0,0,0,0,0,0,0,0,0,0,0,0,0,0,0,0,0,0,NA,NA,0,0,0,0,0,0,0,0,0,0,0,0,NA,NA,NA,0,0,0,0,0,0,0,NA,0,0,0,0,NA,0,0
00-0039404,W.Reichard,Will Reichard,K,SPEC,"https://static.www.nfl.com/image/upload/f_auto,q_auto/league/r1g0mqxqc23tmqmgdbwm",2025,REG,MIN,11,0,0,0,0,0,0,0,0,0,0,0,0,NA,NA,0,NA,0,0,0,0,0,0,NA,0,0,0,0,0,0,0,0,0,0,NA,0,NA,0,0,0,0,0,0,0,0,0,0,0,0,0,0,0,0,0,0,0,0,0,0,0,0,0,1,0,0,0,0,0,21,23,2,0,62,0.9130434782608695,0,4,6,3,7,1,0,0,0,0,2,0,31;59;33;51;35;62;41;28;59;34;28;35;29;54;50;20;49;43;31;52;59,51;53,NA,883,104,0,19,19,0,0,1,0,0,0,0,NA,0,0
00-0039407,D.Laube,Dylan Laube,RB,RB,"https://static.www.nfl.com/image/upload/f_auto,q_auto/league/lpizdza73bgksstymv5t",2025,REG,LV,11,0,0,0,0,0,0,0,0,0,0,0,0,NA,NA,0,NA,5,5,0,0,0,0,-5.541551736590918,0,3,4,18,0,0,0,-6,24,1,-0.7898677830817178,0,-3,0.011661807580174927,-0.0027272727272727275,0.015583620461171482,0,3,0,1,0,0,0,0,0,0,0,0,0,0,0,0,0,0,0,0,0,0,1,10,0,0,20,529,0,0,0,0,NA,NA,0,0,0,0,0,0,0,0,0,0,0,0,NA,NA,NA,0,0,0,0,0,0,0,NA,0,0,0,0,NA,2.3000000000000003,5.300000000000001
00-0039408,C.Mahogany,Christian Mahogany,G,OL,"https://static.www.nfl.com/image/upload/f_auto,q_auto/league/lsxh6dh5fkomkwvfjlwi",2025,REG,DET,2,0,0,0,0,0,0,0,0,0,0,0,0,NA,NA,0,NA,0,0,0,0,0,0,NA,0,0,0,0,0,0,0,0,0,0,NA,0,NA,0,0,0,0,0,0,0,0,0,0,0,0,0,0,0,0,0,0,0,0,0,0,0,0,0,2,20,0,0,0,0,0,0,0,0,NA,NA,0,0,0,0,0,0,0,0,0,0,0,0,NA,NA,NA,0,0,0,0,0,0,0,NA,0,0,0,0,NA,0,0
00-0039409,C.Little,Cam Little,K,SPEC,"https://static.www.nfl.com/image/upload/f_auto,q_auto/league/pfdod5cds77uznkotipk",2025,REG,JAX,11,0,0,0,0,0,0,0,0,0,0,0,0,NA,NA,0,NA,0,0,0,0,0,0,NA,0,0,0,0,0,0,0,0,0,0,NA,0,NA,0,0,0,0,0,0,1,0,0,0,0,0,0,0,0,0,0,0,0,0,0,0,0,0,0,2,0,0,0,0,0,18,22,4,0,68,0.8181818181818182,0,3,6,4,4,1,0,0,0,2,2,0,35;47;36;28;42;25;39;26;44;52;68;33;48;32;53;33;52;52,47;47;50;50,NA,745,194,0,27,28,1,0,0.9642857142857143,1,1,0,0,52,0,0
00-0039410,R.Flournoy,Ryan Flournoy,WR,WR,"https://static.www.nfl.com/image/upload/f_auto,q_auto/league/tqwq3cgpqu7j9hzoyicx",2025,REG,DAL,10,0,0,0,0,0,0,0,0,0,0,0,0,NA,NA,0,NA,4,25,0,0,0,2,0.47284456877969205,0,17,26,200,2,0,0,186,79,13,10.043394123284285,0,1.075268817204301,0.0654911838790932,0.05873065993053363,0.13934823777001332,0,2,0,2,0,0,0,0,0,0,0,0,0,0,0,0,0,0,0,0,0,0,2,20,0,0,0,0,0,0,0,0,NA,NA,0,0,0,0,0,0,0,0,0,0,0,0,NA,NA,NA,0,0,0,0,0,0,0,NA,0,0,0,0,NA,34.5,51.5
00-0039411,E.Klein,Elijah Klein,G,OL,"https://static.www.nfl.com/image/upload/f_auto,q_auto/league/icvvhledvoxc3b4exs0f",2025,REG,TB,1,0,0,0,0,0,0,0,0,0,0,0,0,NA,NA,0,NA,0,0,0,0,0,0,NA,0,0,0,0,0,0,0,0,0,0,NA,0,NA,0,0,0,0,0,0,0,0,0,0,0,0,0,0,0,0,0,0,0,0,0,0,0,0,0,2,20,0,0,0,0,0,0,0,0,NA,NA,0,0,0,0,0,0,0,0,0,0,0,0,NA,NA,NA,0,0,0,0,0,0,0,NA,0,0,0,0,NA,0,0
00-0039412,J.Jean-Baptiste,Javontae Jean-Baptiste,DE,DL,"https://static.www.nfl.com/image/upload/f_auto,q_auto/league/cgw1mirojztblwmhsz45",2025,REG,WAS,3,0,0,0,0,0,0,0,0,0,0,0,0,NA,NA,0,NA,0,0,0,0,0,0,NA,0,0,0,0,0,0,0,0,0,0,NA,0,NA,0,0,0,0,2,0,4,1,1,0,1,1,1,0,0,0,0,0,0,0,0,0,0,0,0,0,0,0,0,0,0,0,0,0,0,NA,NA,0,0,0,0,0,0,0,0,0,0,0,0,NA,NA,NA,0,0,0,0,0,0,0,NA,0,0,0,0,NA,0,0
00-0039417,M.Harden,Myles Harden,CB,DB,"https://static.www.nfl.com/image/upload/f_auto,q_auto/league/r8uhacjplbkmlg2uoeou",2025,REG,CLE,11,0,0,0,0,0,0,0,0,0,0,0,0,NA,NA,0,NA,0,0,0,0,0,0,NA,0,0,0,0,0,0,0,0,0,0,NA,0,NA,0,0,0,0,18,3,11,1,2,0,0,0,0,0,0,2,0,0,0,0,0,0,0,0,0,7,64,0,0,0,0,0,0,0,0,NA,NA,0,0,0,0,0,0,0,0,0,0,0,0,NA,NA,NA,0,0,0,0,0,0,0,NA,0,0,0,0,NA,0,0
00-0039419,M.Jurgens,Michael Jurgens,G,OL,"https://static.www.nfl.com/image/upload/f_auto,q_auto/league/f30ska1lnevapmv8vait",2025,REG,MIN,1,0,0,0,0,0,0,0,0,0,0,0,0,NA,NA,0,NA,0,0,0,0,0,0,NA,0,0,0,0,0,0,0,0,0,0,NA,0,NA,0,0,0,0,0,0,0,0,0,0,0,0,0,0,0,0,0,0,0,0,0,0,0,0,0,2,15,0,0,0,0,0,0,0,0,NA,NA,0,0,0,0,0,0,0,0,0,0,0,0,NA,NA,NA,0,0,0,0,0,0,0,NA,0,0,0,0,NA,0,0
00-0039421,L.Rodriguez,Levi Drake Rodriguez,DL,DL,"https://static.www.nfl.com/image/upload/f_auto,q_auto/league/omsedg4telmr0fvhhegj",2025,REG,MIN,11,0,0,0,0,0,0,0,0,0,0,0,0,NA,NA,0,NA,0,0,0,0,0,0,NA,0,0,0,0,0,0,0,0,0,0,NA,0,NA,0,0,0,0,13,0,17,7,22,0,1,6,3,0,0,0,0,0,0,0,0,0,0,0,0,0,0,0,0,0,0,0,0,0,0,NA,NA,0,0,0,0,0,0,0,0,0,0,0,0,NA,NA,NA,0,0,0,0,0,0,0,NA,0,0,0,0,NA,0,0
00-0039422,N.Thomas,Nathan Thomas,OT,OL,"https://static.www.nfl.com/image/upload/f_auto,q_auto/league/eqezy9smygtojjoshtgt",2025,REG,DAL,2,0,0,0,0,0,0,0,0,0,0,0,0,NA,NA,0,NA,0,0,0,0,0,0,NA,0,0,0,0,0,0,0,0,0,0,NA,0,NA,0,0,0,0,0,0,0,0,0,0,0,0,0,0,0,0,0,0,0,0,0,0,0,0,0,2,20,0,0,0,0,0,0,0,0,NA,NA,0,0,0,0,0,0,0,0,0,0,0,0,NA,NA,NA,0,0,0,0,0,0,0,NA,0,0,0,0,NA,0,0
00-0039423,J.Laulu,Jonah Laulu,DT,DL,"https://static.www.nfl.com/image/upload/f_auto,q_auto/league/zqjhfs8ufqncqsiuobgh",2025,REG,LV,11,0,0,0,0,0,0,0,0,0,0,0,0,NA,NA,0,NA,0,0,0,0,0,0,NA,0,0,0,0,0,0,0,0,0,0,NA,0,NA,0,0,0,0,10,3,16,6,18,0,4,15,7,0,0,5,0,0,0,0,0,0,0,0,0,0,0,0,0,0,0,0,0,0,0,NA,NA,0,0,0,0,0,0,0,0,0,0,0,0,NA,NA,NA,0,0,0,0,0,0,0,NA,0,0,0,0,NA,0,0
00-0039424,D.Vele,Devaughn Vele,WR,WR,"https://static.www.nfl.com/image/upload/f_auto,q_auto/league/sxlrltvxbb2utwgjgdbt",2025,REG,NO,6,0,0,0,0,0,0,0,0,0,0,0,0,NA,NA,0,NA,0,0,0,0,0,0,NA,0,9,20,91,1,0,0,224,14,6,-1.7237082080973778,0,0.40625,0.053763440860215055,0.0721184803605924,0.13112809754273724,0,0,0,0,0,0,0,0,0,0,0,0,0,0,0,0,0,0,0,0,0,0,2,20,0,0,0,0,0,0,0,0,NA,NA,0,0,0,0,0,0,0,0,0,0,0,0,NA,NA,NA,0,0,0,0,0,0,0,NA,0,0,0,0,NA,15.1,24.1
00-0039430,J.Williams,James Williams,LB,LB,"https://static.www.nfl.com/image/upload/f_auto,q_auto/league/r31rpfa1ju3bqddeuhom",2025,REG,TEN,5,0,0,0,0,0,0,0,0,0,0,0,0,NA,NA,0,NA,0,0,0,0,0,0,NA,0,0,0,0,0,0,0,0,0,0,NA,0,NA,0,0,0,0,4,0,0,0,0,0,0,0,0,0,0,0,0,0,0,0,0,0,0,0,0,3,24,0,0,0,0,0,0,0,0,NA,NA,0,0,0,0,0,0,0,0,0,0,0,0,NA,NA,NA,0,0,0,0,0,0,0,NA,0,0,0,0,NA,0,0
00-0039431,J.Briggs,Jowon Briggs,DE,DL,"https://static.www.nfl.com/image/upload/f_auto,q_auto/league/emqn6acxlbepnozv0cll",2025,REG,NYJ,8,0,0,0,0,0,0,0,0,0,0,0,0,NA,NA,0,NA,0,0,0,0,0,0,NA,0,0,0,0,0,0,0,0,0,0,NA,0,NA,0,0,0,0,10,0,8,4,25,1,3,23,6,0,0,0,0,0,0,0,0,0,0,0,0,0,0,0,0,0,0,0,0,0,0,NA,NA,0,0,0,0,0,0,0,0,0,0,0,0,NA,NA,NA,0,0,0,0,0,0,0,NA,0,0,0,0,NA,0,0
00-0039435,T.Bethune,Tatum Bethune,LB,LB,"https://static.www.nfl.com/image/upload/f_auto,q_auto/league/hbmwbevay9amntpkvfbt",2025,REG,SF,9,0,0,0,0,0,0,0,0,0,0,0,0,NA,NA,0,NA,0,0,0,0,0,0,NA,0,0,0,0,0,0,0,0,0,0,NA,0,NA,0,0,0,0,25,1,41,2,3,0,0,0,0,0,0,1,0,0,0,0,0,0,0,0,0,2,25,0,0,0,0,0,0,0,0,NA,NA,0,0,0,0,0,0,0,0,0,0,0,0,NA,NA,NA,0,0,0,0,0,0,0,NA,0,0,0,0,NA,0,0
00-0039436,J.Harrell,Jaylen Harrell,LB,LB,"https://static.www.nfl.com/image/upload/f_auto,q_auto/league/bchqpne0r2pz0plq34pv",2025,REG,TEN,9,0,0,0,0,0,0,0,0,0,0,0,0,NA,NA,0,NA,0,0,0,0,0,0,NA,0,0,0,0,0,0,0,0,0,0,NA,0,NA,0,0,0,0,7,0,6,0,0,0,0.5,5,2,0,0,0,0,0,0,0,0,0,0,0,0,2,15,0,0,0,0,0,0,0,0,NA,NA,0,0,0,0,0,0,0,0,0,0,0,0,NA,NA,NA,0,0,0,0,0,0,0,NA,0,0,0,0,NA,0,0
00-0039445,H.Hatten,Hogan Hatten,LS,SPEC,"https://static.www.nfl.com/image/upload/f_auto,q_auto/league/kgeurwp926ca1jb9ohyg",2025,REG,DET,1,0,0,0,0,0,0,0,0,0,0,0,0,NA,NA,0,NA,0,0,0,0,0,0,NA,0,0,0,0,0,0,0,0,0,0,NA,0,NA,0,0,0,0,0,0,1,0,0,0,0,0,0,0,0,0,0,0,0,0,0,0,0,0,0,0,0,0,0,0,0,0,0,0,0,NA,NA,0,0,0,0,0,0,0,0,0,0,0,0,NA,NA,NA,0,0,0,0,0,0,0,NA,0,0,0,0,NA,0,0
00-0039448,L.Strickland,Loren Strickland,SAF,DB,"https://static.www.nfl.com/image/upload/f_auto,q_auto/league/mdjbxwe641g71egv02ru",2025,REG,DET,1,0,0,0,0,0,0,0,0,0,0,0,0,NA,NA,0,NA,0,0,0,0,0,0,NA,0,0,0,0,0,0,0,0,0,0,NA,0,NA,0,0,0,0,1,0,1,0,0,0,0,0,0,0,0,0,0,0,0,0,0,0,0,0,0,0,0,0,0,0,0,0,0,0,0,NA,NA,0,0,0,0,0,0,0,0,0,0,0,0,NA,NA,NA,0,0,0,0,0,0,0,NA,0,0,0,0,NA,0,0
00-0039451,I.Williams,Isaiah Williams,WR,WR,"https://static.www.nfl.com/image/upload/f_auto,q_auto/league/oh3pm7dzgswlgxn371tx",2025,REG,NYJ,9,0,1,0,0,0,0,0,0,0,6,0,0,-0.8187713430379517,-61.947101354599,0,0,2,29,0,0,0,1,1.604968007770367,0,5,9,37,0,0,0,23,32,2,-1.890956355840899,0,1.608695652173913,0.031141868512110725,0.010468821119708694,0.05404097755196217,1,0,0,0,0,0,0,0,0,0,0,0,0,0,0,0,0,0,0,0,0,0,0,0,22,280,19,501,0,0,0,0,NA,NA,0,0,0,0,0,0,0,0,0,0,0,0,NA,NA,NA,0,0,0,0,0,0,0,NA,0,0,0,0,NA,12.600000000000001,17.6
00-0039458,B.Bates,Brenden Bates,TE,TE,"https://static.www.nfl.com/image/upload/f_auto,q_auto/league/th1klervgxrienmlierf",2025,REG,HOU,1,0,0,0,0,0,0,0,0,0,0,0,0,NA,NA,0,NA,0,0,0,0,0,0,NA,0,2,2,23,0,0,0,23,0,2,2.6126588345505297,0,1,0.005263157894736842,0.007194244604316547,0.012930708065126846,0,0,0,0,0,0,0,0,0,0,0,0,0,0,0,0,0,0,0,0,0,0,0,0,0,0,0,0,0,0,0,0,NA,NA,0,0,0,0,0,0,0,0,0,0,0,0,NA,NA,NA,0,0,0,0,0,0,0,NA,0,0,0,0,NA,2.3000000000000003,4.300000000000001
00-0039459,T.Benedet,Theo Benedet,OT,OL,"https://static.www.nfl.com/image/upload/f_auto,q_auto/league/b1obftpy4k1rwqtp9gec",2025,REG,CHI,5,0,0,0,0,0,0,0,0,0,0,0,0,NA,NA,0,NA,0,0,0,0,0,0,NA,0,0,0,0,0,0,0,0,0,0,NA,0,NA,0,0,0,0,0,0,0,0,0,0,0,0,0,0,0,0,0,0,0,0,0,0,0,0,0,7,37,0,0,0,0,0,0,0,0,NA,NA,0,0,0,0,0,0,0,0,0,0,0,0,NA,NA,NA,0,0,0,0,0,0,0,NA,0,0,0,0,NA,0,0
00-0039460,C.Jones,Carl Jones,LB,LB,"https://static.www.nfl.com/image/upload/f_auto,q_auto/league/a4lmh1641vpgogdu5hfy",2025,REG,CHI,7,0,0,0,0,0,0,0,0,0,0,0,0,NA,NA,0,NA,0,0,0,0,0,0,NA,0,0,0,0,0,0,0,0,0,0,NA,0,NA,0,0,0,0,3,0,8,0,0,0,0,0,0,0,0,0,0,0,0,0,0,0,0,0,0,1,10,0,0,0,0,0,0,0,0,NA,NA,0,0,0,0,0,0,0,0,0,0,0,0,NA,NA,NA,0,0,0,0,0,0,0,NA,0,0,0,0,NA,0,0
00-0039465,R.Steward,Reddy Steward,DB,DB,"https://static.www.nfl.com/image/upload/f_auto,q_auto/league/augbl90tb3qkkev6e0kq",2025,REG,DAL,10,0,0,0,0,0,0,0,0,0,0,0,0,NA,NA,0,NA,0,0,0,0,0,0,NA,0,0,0,0,0,0,0,0,0,0,NA,0,NA,0,0,0,0,26,1,14,4,18,1,1,7,1,0,0,1,0,0,0,0,0,0,0,0,0,2,10,0,0,0,0,0,0,0,0,NA,NA,0,0,0,0,0,0,0,0,0,0,0,0,NA,NA,NA,0,0,0,0,0,0,0,NA,0,0,0,0,NA,0,0
00-0039480,J.Colbert,Jordan Colbert,SAF,DB,"https://static.www.nfl.com/image/upload/f_auto,q_auto/league/vzwrdqknqaz09r8s2wcu",2025,REG,MIA,3,0,0,0,0,0,0,0,0,0,0,0,0,NA,NA,0,NA,0,0,0,0,0,0,NA,0,0,0,0,0,0,0,0,0,0,NA,0,NA,0,0,0,0,4,0,1,0,0,0,0,0,0,0,0,0,0,0,0,0,0,0,0,0,0,0,0,0,0,0,0,0,0,0,0,NA,NA,0,0,0,0,0,0,0,0,0,0,0,0,NA,NA,NA,0,0,0,0,0,0,0,NA,0,0,0,0,NA,0,0
00-0039481,S.Duck,Storm Duck,CB,DB,"https://static.www.nfl.com/image/upload/f_auto,q_auto/league/pas8heqf372ppqigvcoi",2025,REG,MIA,1,0,0,0,0,0,0,0,0,0,0,0,0,NA,NA,0,NA,0,0,0,0,0,0,NA,0,0,0,0,0,0,0,0,0,0,NA,0,NA,0,0,0,0,0,1,1,0,0,0,0,0,0,0,0,1,0,0,0,0,0,0,0,0,0,0,0,0,0,0,0,0,0,0,0,NA,NA,0,0,0,0,0,0,0,0,0,0,0,0,NA,NA,NA,0,0,0,0,0,0,0,NA,0,0,0,0,NA,0,0
00-0039483,I.Johnson,Isaiah Johnson,CB,DB,"https://static.www.nfl.com/image/upload/f_auto,q_auto/league/z8wqepet6gpcqnhehgyj",2025,REG,MIA,1,0,0,0,0,0,0,0,0,0,0,0,0,NA,NA,0,NA,0,0,0,0,0,0,NA,0,0,0,0,0,0,0,0,0,0,NA,0,NA,0,0,0,0,1,0,0,0,0,0,0,0,0,0,0,0,0,0,0,0,0,0,0,0,0,0,0,0,0,0,0,0,0,0,0,NA,NA,0,0,0,0,0,0,0,0,0,0,0,0,NA,NA,NA,0,0,0,0,0,0,0,NA,0,0,0,0,NA,0,0
00-0039489,H.Rucci,Hayden Rucci,TE,TE,"https://static.www.nfl.com/image/upload/f_auto,q_auto/league/ditkdfxzbjpe6cqcv2ou",2025,REG,MIA,1,0,0,0,0,0,0,0,0,0,0,0,0,NA,NA,0,NA,0,0,0,0,0,0,NA,0,0,0,0,0,0,0,0,0,0,NA,0,NA,0,0,0,0,0,0,1,0,0,0,0,0,0,0,0,0,0,0,0,0,0,0,0,0,0,0,0,0,0,0,0,0,0,0,0,NA,NA,0,0,0,0,0,0,0,0,0,0,0,0,NA,NA,NA,0,0,0,0,0,0,0,NA,0,0,0,0,NA,0,0
00-0039491,J.Coker,Jalen Coker,WR,WR,"https://static.www.nfl.com/image/upload/f_auto,q_auto/league/tbo339znpzrfki8hri95",2025,REG,CAR,6,0,0,0,0,0,0,0,0,0,0,0,0,NA,NA,0,NA,0,0,0,0,0,0,NA,0,14,19,150,0,0,0,154,46,10,4.377551751851803,1,0.974025974025974,0.05307262569832402,0.06067769897557131,0.12208332783038595,0,0,0,0,0,0,0,0,0,0,0,0,0,0,0,0,0,0,0,0,0,0,1,10,0,0,0,0,0,0,0,0,NA,NA,0,0,0,0,0,0,0,0,0,0,0,0,NA,NA,NA,0,0,0,0,0,0,0,NA,0,0,0,0,NA,17,31
00-0039498,H.Mevis,Harrison Mevis,K,SPEC,NA,2025,REG,LA,3,0,0,0,0,0,0,0,0,0,0,0,0,NA,NA,0,NA,0,0,0,0,0,0,NA,0,0,0,0,0,0,0,0,0,0,NA,0,NA,0,0,0,0,0,0,0,0,0,0,0,0,0,0,0,0,0,0,0,0,0,0,0,0,0,0,0,0,0,0,0,2,2,0,0,52,1,0,0,0,1,1,0,0,0,0,0,0,0,40;52,NA,NA,92,0,0,13,13,0,0,1,0,0,0,0,NA,0,0
00-0039513,C.Edmonds,Chris Edmonds,SAF,DB,"https://static.www.nfl.com/image/upload/f_auto,q_auto/league/fvujgol1xqagsysqgveu",2025,REG,CLE,3,0,0,0,0,0,0,0,0,0,0,0,0,NA,NA,0,NA,0,0,0,0,0,0,NA,0,0,0,0,0,0,0,0,0,0,NA,0,NA,0,0,0,0,1,0,4,0,0,0,0,0,0,0,0,0,0,0,0,0,0,0,0,0,0,0,0,0,0,0,0,0,0,0,0,NA,NA,0,0,0,0,0,0,0,0,0,0,0,0,NA,NA,NA,0,0,0,0,0,0,0,NA,0,0,0,0,NA,0,0
00-0039521,X.Weaver,Xavier Weaver,WR,WR,"https://static.www.nfl.com/image/upload/f_auto,q_auto/league/bevrgazhjzigxagrb0qo",2025,REG,ARI,4,0,0,0,0,0,0,0,0,0,0,0,0,NA,NA,0,NA,0,0,0,0,0,0,NA,0,3,7,24,0,0,0,126,5,0,-3.373263661865124,0,0.19047619047619047,0.017241379310344827,0.04201400466822274,0.05527187223327316,0,0,0,0,0,0,0,0,0,0,0,0,0,0,0,0,0,0,0,0,0,0,0,0,0,0,1,24,0,0,0,0,NA,NA,0,0,0,0,0,0,0,0,0,0,0,0,NA,NA,NA,0,0,0,0,0,0,0,NA,0,0,0,0,NA,2.4000000000000004,5.4
00-0039530,B.Spann-Ford,Brevyn Spann-Ford,TE,TE,"https://static.www.nfl.com/image/upload/f_auto,q_auto/league/tsblwzvfsxuvohhfagls",2025,REG,DAL,10,0,0,0,0,0,0,0,0,0,0,0,0,NA,NA,0,NA,0,0,0,0,0,0,NA,0,5,6,22,1,0,0,34,14,1,0.30355884844902903,0,0.6470588235294118,0.015113350125944584,0.0107357120303126,0.030185023610135694,0,4,0,8,0,0,0,0,0,0,0,0,0,0,0,0,0,0,0,0,0,0,0,0,0,0,0,0,0,0,0,0,NA,NA,0,0,0,0,0,0,0,0,0,0,0,0,NA,NA,NA,0,0,0,0,0,0,0,NA,0,0,0,0,NA,8.2,13.2
00-0039544,W.Putnam,Will Putnam,C,OL,"https://static.www.nfl.com/image/upload/f_auto,q_auto/league/clwvsywtoyawl9dhn7gv",2025,REG,LV,1,0,0,0,0,0,0,0,0,0,0,0,0,NA,NA,0,NA,0,0,0,0,0,0,NA,0,0,0,0,0,0,0,0,0,0,NA,0,NA,0,0,0,0,0,0,0,0,0,0,0,0,0,0,0,0,0,0,0,0,0,0,0,0,0,1,10,0,0,0,0,0,0,0,0,NA,NA,0,0,0,0,0,0,0,0,0,0,0,0,NA,NA,NA,0,0,0,0,0,0,0,NA,0,0,0,0,NA,0,0
00-0039568,F.Crum,Frank Crum,OT,OL,"https://static.www.nfl.com/image/upload/f_auto,q_auto/league/nqmf9kmlsjtxbahxjzd7",2025,REG,DEN,1,0,0,0,0,0,0,0,0,0,0,0,0,NA,NA,0,NA,0,0,0,0,0,0,NA,0,0,0,0,0,0,0,0,0,0,NA,0,NA,0,0,0,0,0,0,0,0,0,0,0,0,0,0,0,0,0,0,0,0,0,0,0,0,0,0,0,0,0,0,0,0,0,0,0,NA,NA,0,0,0,0,0,0,0,0,0,0,0,0,NA,NA,NA,0,0,0,0,0,0,0,NA,0,0,0,0,NA,0,0
00-0039576,S.Shrader,Spencer Shrader,K,SPEC,"https://static.www.nfl.com/image/upload/f_auto,q_auto/league/i63zrj1idnss37cpe1yo",2025,REG,IND,5,0,0,0,0,0,0,0,0,0,0,0,0,NA,NA,0,NA,0,0,0,0,0,0,NA,0,0,0,0,0,0,0,0,0,0,NA,0,NA,0,0,0,0,0,0,0,0,0,0,0,0,0,0,0,0,0,0,0,0,0,0,0,0,0,1,0,0,0,0,0,13,14,1,0,52,0.9285714285714286,0,5,5,2,1,0,0,0,0,0,1,0,24;35;28;48;29;33;36;28;45;24;36;52;38,51,NA,456,51,0,14,14,0,0,1,1,1,0,0,45,0,0
00-0039577,K.Slovis,Kedon Slovis,QB,QB,"https://static.www.nfl.com/image/upload/f_auto,q_auto/league/nyfoex8q88tq9fatpleo",2025,REG,ARI,2,1,2,-2,0,0,0,0,0,0,3,0,0,-2.1466314259450883,-31.81181252002716,0,-0.6666666666666666,0,0,0,0,0,0,NA,0,0,0,0,0,0,0,0,0,0,NA,0,NA,0,0,0,0,0,0,0,0,0,0,0,0,0,0,0,0,0,0,0,0,0,0,0,0,0,0,0,0,0,0,0,0,0,0,0,NA,NA,0,0,0,0,0,0,0,0,0,0,0,0,NA,NA,NA,0,0,0,0,0,0,0,NA,0,0,0,0,NA,-0.08,-0.08
00-0039578,D.Tucker,Dalton Tucker,G,OL,"https://static.www.nfl.com/image/upload/f_auto,q_auto/league/ikcln549vz9d3uekqa1k",2025,REG,IND,1,0,0,0,0,0,0,0,0,0,0,0,0,NA,NA,0,NA,0,0,0,0,0,0,NA,0,0,0,0,0,0,0,0,0,0,NA,0,NA,0,0,0,0,0,0,0,0,0,0,0,0,0,0,0,0,0,0,0,0,0,0,0,0,0,1,10,0,0,0,0,0,0,0,0,NA,NA,0,0,0,0,0,0,0,0,0,0,0,0,NA,NA,NA,0,0,0,0,0,0,0,NA,0,0,0,0,NA,0,0
00-0039589,K.Johnson,Kameron Johnson,WR,WR,"https://static.www.nfl.com/image/upload/f_auto,q_auto/league/ms7auybbkq1nwbd2ev0d",2025,REG,TB,11,0,0,0,0,0,0,0,0,0,0,0,0,NA,NA,0,NA,2,13,0,0,0,1,0.06000228092307225,0,4,6,64,1,0,0,72,20,3,6.110493879643071,0,0.8888888888888888,0.016483516483516484,0.023575638506876228,0.041228221680088085,0,1,0,0,0,0,0,0,0,0,0,0,0,0,0,0,0,0,0,0,0,0,0,0,18,234,16,394,0,0,0,0,NA,NA,0,0,0,0,0,0,0,0,0,0,0,0,NA,NA,NA,0,0,0,0,0,0,0,NA,0,0,0,0,NA,13.7,17.7
00-0039596,R.Wisdom,Rashad Wisdom,SAF,DB,"https://static.www.nfl.com/image/upload/f_auto,q_auto/league/b1tsjkgvh7sb3yaxpexg",2025,REG,TB,2,0,0,0,0,0,0,0,0,0,0,0,0,NA,NA,0,NA,0,0,0,0,0,0,NA,0,0,0,0,0,0,0,0,0,0,NA,0,NA,0,0,0,0,1,0,2,0,0,0,0,0,0,0,0,0,0,0,0,0,0,0,0,0,0,0,0,0,0,0,0,0,0,0,0,NA,NA,0,0,0,0,0,0,0,0,0,0,0,0,NA,NA,NA,0,0,0,0,0,0,0,NA,0,0,0,0,NA,0,0
00-0039601,D.Richardson,Demani Richardson,SAF,DB,"https://static.www.nfl.com/image/upload/f_auto,q_auto/league/tpjhwnupzg65sx5zyzbx",2025,REG,CAR,5,0,0,0,0,0,0,0,0,0,0,0,0,NA,NA,0,NA,0,0,0,0,0,0,NA,0,0,0,0,0,0,0,0,0,0,NA,0,NA,0,0,0,0,2,0,3,0,0,0,0,0,0,0,0,0,0,0,0,0,0,0,1,1,0,0,0,0,0,0,0,0,0,0,0,NA,NA,0,0,0,0,0,0,0,0,0,0,0,0,NA,NA,NA,0,0,0,0,0,0,0,NA,0,0,0,0,NA,0,0
00-0039603,B.Brooks,British Brooks,RB,RB,"https://static.www.nfl.com/image/upload/f_auto,q_auto/league/wpjous6xnyvfbuoupdqd",2025,REG,HOU,4,0,0,0,0,0,0,0,0,0,0,0,0,NA,NA,0,NA,4,15,0,0,0,2,2.235912221018225,0,0,0,0,0,0,0,0,0,0,NA,0,NA,0,0,0,0,4,0,2,0,0,0,0,0,0,0,0,0,0,0,0,0,0,0,0,0,0,0,0,0,0,0,0,0,0,0,0,NA,NA,0,0,0,0,0,0,0,0,0,0,0,0,NA,NA,NA,0,0,0,0,0,0,0,NA,0,0,0,0,NA,1.5,1.5
00-0039620,R.Payton,Rico Payton,CB,DB,"https://static.www.nfl.com/image/upload/f_auto,q_auto/league/heykcojxfu8pgciqrlqp",2025,REG,NYG,2,0,0,0,0,0,0,0,0,0,0,0,0,NA,NA,0,NA,0,0,0,0,0,0,NA,0,0,0,0,0,0,0,0,0,0,NA,0,NA,0,0,0,0,1,0,2,0,0,0,0,0,0,0,0,0,0,0,0,0,0,0,0,0,0,0,0,0,0,0,0,0,0,0,0,NA,NA,0,0,0,0,0,0,0,0,0,0,0,0,NA,NA,NA,0,0,0,0,0,0,0,NA,0,0,0,0,NA,0,0
00-0039622,I.Stalbird,Isaiah Stalbird,LB,LB,"https://static.www.nfl.com/image/upload/f_auto,q_auto/league/seronol9msa4ijg9saj8",2025,REG,NO,7,0,0,0,0,0,0,0,0,0,0,0,0,NA,NA,0,NA,0,0,0,0,0,0,NA,0,0,0,0,0,0,0,0,0,0,NA,0,NA,0,0,0,0,11,0,8,1,5,0,1,5,1,0,0,1,0,0,0,0,0,0,0,0,0,0,0,0,0,0,0,0,0,0,0,NA,NA,0,0,0,0,0,0,0,0,0,0,0,0,NA,NA,NA,0,0,0,0,0,0,0,NA,0,0,0,0,NA,0,0
00-0039623,M.Tipton,Mason Tipton,WR,WR,"https://static.www.nfl.com/image/upload/f_auto,q_auto/league/ec09iyl2olrttgosoo8i",2025,REG,NO,4,0,0,0,0,0,0,0,0,0,0,0,0,NA,NA,0,NA,1,11,0,0,0,1,1.0843867002986372,0,3,6,22,0,0,0,81,0,1,-5.293914242764004,0,0.2716049382716049,0.016129032258064516,0.02607855763039279,0.042448538728371725,0,0,0,0,0,0,0,0,0,0,0,0,0,0,0,0,0,0,0,0,0,0,0,0,0,0,8,247,0,0,0,0,NA,NA,0,0,0,0,0,0,0,0,0,0,0,0,NA,NA,NA,0,0,0,0,0,0,0,NA,0,0,0,0,NA,3.3000000000000003,6.300000000000001
00-0039631,C.Grandy,Cam Grandy,TE,TE,"https://static.www.nfl.com/image/upload/f_auto,q_auto/league/uay5dmniqx1baal3q3uu",2025,REG,CIN,1,0,0,0,0,0,0,0,0,0,0,0,0,NA,NA,0,NA,0,0,0,0,0,0,NA,0,1,1,6,0,1,0,-2,8,0,0.1620441589038819,0,0,0.002564102564102564,-6.521030322791001e-4,0.0033896817235584764,0,0,0,0,0,0,0,0,0,0,0,0,0,0,0,0,0,0,0,0,0,0,0,0,0,0,0,0,0,0,0,0,NA,NA,0,0,0,0,0,0,0,0,0,0,0,0,NA,NA,NA,0,0,0,0,0,0,0,NA,0,0,0,0,NA,0.6000000000000001,1.6
00-0039632,P.Jules,PJ Jules,SAF,DB,"https://static.www.nfl.com/image/upload/f_auto,q_auto/league/mdsohdnjax1gfb2nq0sv",2025,REG,CIN,7,0,0,0,0,0,0,0,0,0,0,0,0,NA,NA,0,NA,0,0,0,0,0,0,NA,0,0,0,0,0,0,0,0,0,0,NA,0,NA,0,0,0,0,7,1,6,1,1,0,0,0,0,0,0,0,0,0,0,0,0,0,0,0,0,3,30,0,0,0,0,0,0,0,0,NA,NA,0,0,0,0,0,0,0,0,0,0,0,0,NA,NA,NA,0,0,0,0,0,0,0,NA,0,0,0,0,NA,0,0
00-0039634,A.McNamara,Austin McNamara,P,SPEC,"https://static.www.nfl.com/image/upload/f_auto,q_auto/league/d1jzdrpscex7eoxlha6o",2025,REG,NYJ,11,0,0,0,0,0,0,0,0,0,0,0,0,NA,NA,0,NA,0,0,0,0,0,0,NA,0,0,0,0,0,0,0,0,0,0,NA,0,NA,0,0,0,0,0,0,0,0,0,0,0,0,0,0,0,0,0,0,0,0,0,0,0,0,0,0,0,0,0,0,0,0,0,0,0,NA,NA,0,0,0,0,0,0,0,0,0,0,0,0,NA,NA,NA,0,0,0,0,0,0,0,NA,0,0,0,0,NA,0,0
00-0039637,M.Njongmeta,Maema Njongmeta,LB,LB,"https://static.www.nfl.com/image/upload/f_auto,q_auto/league/aik3wm5jyjce87g81saz",2025,REG,CAR,7,0,0,0,0,0,0,0,0,0,0,0,0,NA,NA,0,NA,0,0,0,0,0,0,NA,0,0,0,0,0,0,0,0,0,0,NA,0,NA,0,0,0,0,3,0,5,0,0,0,0,0,0,0,0,0,0,0,0,0,0,0,0,0,0,1,5,0,0,0,0,0,0,0,0,NA,NA,0,0,0,0,0,0,0,0,0,0,0,0,NA,NA,NA,0,0,0,0,0,0,0,NA,0,0,0,0,NA,0,0
00-0039648,D.Martin-Robinson,David Martin-Robinson,TE,TE,"https://static.www.nfl.com/image/upload/f_auto,q_auto/league/yaqmqzscsglgylchv7ez",2025,REG,TEN,5,0,0,0,0,0,0,0,0,0,0,0,0,NA,NA,0,NA,0,0,0,0,0,0,NA,0,1,1,1,1,0,0,1,0,1,0.5936909537413158,0,1,0.0028735632183908046,3.6258158085569254e-4,0.004564151934185192,0,3,0,3,0,0,0,0,0,0,0,0,0,0,0,0,0,0,0,0,0,0,0,0,0,0,0,0,0,0,0,0,NA,NA,0,0,0,0,0,0,0,0,0,0,0,0,NA,NA,NA,0,0,0,0,0,0,0,NA,0,0,0,0,NA,6.1,7.1
00-0039650,B.Oliver,Bryce Oliver,WR,WR,"https://static.www.nfl.com/image/upload/f_auto,q_auto/league/w8z5zvas0nli3yekxw7w",2025,REG,TEN,2,0,0,0,0,0,0,0,0,0,0,0,0,NA,NA,0,NA,0,0,0,0,0,0,NA,0,1,1,8,0,0,0,6,2,0,0.5178800749126822,0,1.3333333333333333,0.0028735632183908046,0.002175489485134155,0.005833187467180116,0,1,0,0,0,0,0,0,0,0,0,0,0,0,0,0,0,0,0,0,0,0,0,0,0,0,0,0,0,0,0,0,NA,NA,0,0,0,0,0,0,0,0,0,0,0,0,NA,NA,NA,0,0,0,0,0,0,0,NA,0,0,0,0,NA,0.8,1.8
00-0039660,T.Harper,Thomas Harper,SAF,DB,"https://static.www.nfl.com/image/upload/f_auto,q_auto/league/bdyujpkrppbqewigjqz5",2025,REG,DET,6,0,0,0,0,0,0,0,0,0,0,0,0,NA,NA,0,NA,0,0,0,0,0,0,NA,0,0,0,0,0,0,0,0,0,0,NA,0,NA,0,0,0,0,19,0,3,0,0,0,0,0,0,1,0,4,0,0,0,0,0,0,0,0,0,0,0,0,0,0,0,0,0,0,0,NA,NA,0,0,0,0,0,0,0,0,0,0,0,0,NA,NA,NA,0,0,0,0,0,0,0,NA,0,0,0,0,NA,0,0
00-0039681,T.Owens,Tyler Owens,SAF,DB,"https://static.www.nfl.com/image/upload/f_auto,q_auto/league/gu2idezjli59r53v2wcf",2025,REG,WAS,7,0,0,0,0,0,0,0,0,0,0,0,0,NA,NA,0,NA,0,0,0,0,0,0,NA,0,0,0,0,0,0,0,0,0,0,NA,0,NA,0,0,0,0,7,0,4,0,0,0,0,0,0,0,0,0,0,0,0,0,0,0,0,0,0,2,15,0,0,0,0,0,0,0,0,NA,NA,0,0,0,0,0,0,0,0,0,0,0,0,NA,NA,NA,0,0,0,0,0,0,0,NA,0,0,0,0,NA,0,0
00-0039686,C.Yankoff,Colson Yankoff,TE,TE,"https://static.www.nfl.com/image/upload/f_auto,q_auto/league/h26w7a1eousqky5ncxlc",2025,REG,WAS,7,0,0,0,0,0,0,0,0,0,0,0,0,NA,NA,0,NA,0,0,0,0,0,0,NA,0,1,1,4,0,0,0,1,3,1,2.4106729472987354,0,4,0.003436426116838488,3.898635477582846e-4,0.005427543658688531,0,4,0,5,0,0,0,0,0,0,0,0,0,0,0,0,0,0,0,0,0,0,2,18,0,0,0,0,0,0,0,0,NA,NA,0,0,0,0,0,0,0,0,0,0,0,0,NA,NA,NA,0,0,0,0,0,0,0,NA,0,0,0,0,NA,0.4,1.4
00-0039692,D.Pettus,Dell Pettus,SAF,DB,"https://static.www.nfl.com/image/upload/f_auto,q_auto/league/omllcau4s0bifkgcxom1",2025,REG,NE,8,0,0,0,0,0,0,0,0,0,0,0,0,NA,NA,0,NA,0,0,0,0,0,0,NA,0,0,0,0,0,0,0,0,0,0,NA,0,NA,0,0,0,0,6,0,6,0,0,1,0,0,0,0,0,2,0,0,0,0,0,0,0,0,0,1,10,0,0,0,0,0,0,0,0,NA,NA,0,0,0,0,0,0,0,0,0,0,0,0,NA,NA,NA,0,0,0,0,0,0,0,NA,0,0,0,0,NA,0,0
00-0039714,D.McGlothern,Dwight McGlothern,CB,DB,"https://static.www.nfl.com/image/upload/f_auto,q_auto/league/x8pdiatwc5de3xsv2sis",2025,REG,MIN,2,0,0,0,0,0,0,0,0,0,0,0,0,NA,NA,0,NA,0,0,0,0,0,0,NA,0,0,0,0,0,0,0,0,0,0,NA,0,NA,0,0,0,0,0,0,0,0,0,0,0,0,0,0,0,0,0,0,0,0,0,0,0,0,0,2,21,0,0,0,0,0,0,0,0,NA,NA,0,0,0,0,0,0,0,0,0,0,0,0,NA,NA,NA,0,0,0,0,0,0,0,NA,0,0,0,0,NA,0,0
00-0039715,G.Murphy,Gabriel Murphy,LB,LB,"https://static.www.nfl.com/image/upload/f_auto,q_auto/league/ns5f5xol9gjdj22uz3dl",2025,REG,MIN,1,0,0,0,0,0,0,0,0,0,0,0,0,NA,NA,0,NA,0,0,0,0,0,0,NA,0,0,0,0,0,0,0,0,0,0,NA,0,NA,0,0,0,0,0,0,0,0,0,0,0,0,0,0,0,0,0,0,0,0,0,0,0,0,0,1,10,0,0,0,0,0,0,0,0,NA,NA,0,0,0,0,0,0,0,0,0,0,0,0,NA,NA,NA,0,0,0,0,0,0,0,NA,0,0,0,0,NA,0,0
00-0039718,B.Richter,Bo Richter,LB,LB,"https://static.www.nfl.com/image/upload/f_auto,q_auto/league/ojvyvjqz4svgyxo8oxbm",2025,REG,MIN,4,0,0,0,0,0,0,0,0,0,0,0,0,NA,NA,0,NA,0,0,0,0,0,0,NA,0,0,0,0,0,0,0,0,0,0,NA,0,NA,0,0,0,0,3,0,4,0,0,0,0,0,0,0,0,0,0,0,0,0,0,0,0,0,0,0,0,0,0,0,0,0,0,0,0,NA,NA,0,0,0,0,0,0,0,0,0,0,0,0,NA,NA,NA,0,0,0,0,0,0,0,NA,0,0,0,0,NA,0,0
00-0039731,J.Latham,JC Latham,OT,OL,"https://static.www.nfl.com/image/upload/f_auto,q_auto/league/w7zgtcktgcxgkbc7zdti",2025,REG,TEN,5,0,0,0,0,0,0,0,0,0,0,0,0,NA,NA,0,NA,0,0,0,0,0,0,NA,0,0,0,0,0,0,0,0,0,0,NA,0,NA,0,0,0,0,0,0,0,0,0,0,0,0,0,0,0,0,0,0,0,0,1,1,0,0,0,8,51,0,0,0,0,0,0,0,0,NA,NA,0,0,0,0,0,0,0,0,0,0,0,0,NA,NA,NA,0,0,0,0,0,0,0,NA,0,0,0,0,NA,0,0
00-0039732,B.Nix,Bo Nix,QB,QB,"https://static.www.nfl.com/image/upload/f_auto,q_auto/league/igirshmrr6lqtxcpxsea",2025,REG,DEN,11,237,387,2421,18,8,12,-73,1,1,3077,1294,118,29.487908032156135,-2.437330273494043,4,0.7868053298667533,50,213,3,1,0,14,2.476457937123695,0,0,1,0,0,0,0,2,0,0,-0.4586076693958603,0,0,0.0027247956403269754,6.495615459564793e-4,0.004541886542659999,0,0,0,0,0,0,0,0,0,0,0,0,0,0,0,0,0,1,1,0,0,0,2,23,0,0,0,0,0,0,0,0,NA,NA,0,0,0,0,0,0,0,0,0,0,0,0,NA,NA,NA,0,0,0,0,0,0,0,NA,0,0,0,0,NA,198.14000000000001,198.14000000000001
00-0039733,R.Orhorhoro,Ruke Orhorhoro,DT,DL,"https://static.www.nfl.com/image/upload/f_auto,q_auto/league/erx6ismqu4gmu2dy6hq2",2025,REG,ATL,10,0,0,0,0,0,0,0,0,0,0,0,0,NA,NA,0,NA,0,0,0,0,0,0,NA,0,0,0,0,0,0,0,0,0,0,NA,0,NA,0,0,0,0,8,0,10,2,9,0,2.5,7.5,3,0,0,0,0,0,0,0,0,0,0,0,0,1,15,0,0,0,0,0,0,0,0,NA,NA,0,0,0,0,0,0,0,0,0,0,0,0,NA,NA,NA,0,0,0,0,0,0,0,NA,0,0,0,0,NA,0,0
00-0039734,B.Fiske,Braden Fiske,DE,DL,"https://static.www.nfl.com/image/upload/f_auto,q_auto/league/eviqsptyuqhpsxjcann2",2025,REG,LA,10,0,0,0,0,0,0,0,0,0,0,0,0,NA,NA,0,NA,0,0,0,0,0,0,NA,0,0,0,0,0,0,0,0,0,0,NA,0,NA,0,0,0,0,7,0,12,1,9,0,1,9,4,0,0,1,0,0,0,0,0,0,1,1,0,0,0,0,0,0,0,0,0,0,0,NA,NA,0,0,0,0,0,0,0,0,0,0,0,0,NA,NA,NA,0,0,0,0,0,0,0,NA,0,0,0,0,NA,0,0
00-0039735,J.Powers-Johnson,Jackson Powers-Johnson,G,OL,"https://static.www.nfl.com/image/upload/f_auto,q_auto/league/o2lpxcphdigzwbjr12jh",2025,REG,LV,3,0,0,0,0,0,0,0,0,0,0,0,0,NA,NA,0,NA,0,0,0,0,0,0,NA,0,0,0,0,0,0,0,0,0,0,NA,0,NA,0,0,0,0,2,0,0,0,0,0,0,0,0,0,0,0,0,0,0,0,0,0,0,0,0,2,25,0,0,0,0,0,0,0,0,NA,NA,0,0,0,0,0,0,0,0,0,0,0,0,NA,NA,NA,0,0,0,0,0,0,0,NA,0,0,0,0,NA,0,0
00-0039736,M.Goncalves,Matt Goncalves,OT,OL,"https://static.www.nfl.com/image/upload/f_auto,q_auto/league/n432zjyizpchrcgyg0if",2025,REG,IND,3,0,0,0,0,0,0,0,0,0,0,0,0,NA,NA,0,NA,0,0,0,0,0,0,NA,0,0,0,0,0,0,0,0,0,0,NA,0,NA,0,0,0,0,0,0,0,0,0,0,0,0,0,0,0,0,0,0,0,0,0,0,0,0,0,3,25,0,0,0,0,0,0,0,0,NA,NA,0,0,0,0,0,0,0,0,0,0,0,0,NA,NA,NA,0,0,0,0,0,0,0,NA,0,0,0,0,NA,0,0
00-0039737,T.Reiman,Tip Reiman,TE,TE,"https://static.www.nfl.com/image/upload/f_auto,q_auto/league/ep1rsbi0visivscxnezd",2025,REG,ARI,3,0,0,0,0,0,0,0,0,0,0,0,0,NA,NA,0,NA,0,0,0,0,0,0,NA,0,3,5,18,0,0,0,26,7,1,0.006676648568827659,0,0.6923076923076923,0.012315270935960592,0.008669556518839614,0.02454159596712862,0,0,0,0,0,0,0,0,0,0,0,0,0,0,0,0,0,0,0,0,0,0,0,0,0,0,0,0,0,0,0,0,NA,NA,0,0,0,0,0,0,0,0,0,0,0,0,NA,NA,NA,0,0,0,0,0,0,0,NA,0,0,0,0,NA,1.8,4.8
00-0039738,B.Corum,Blake Corum,RB,RB,"https://static.www.nfl.com/image/upload/f_auto,q_auto/league/gytdgnrjj3jk8rlfxz85",2025,REG,LA,11,0,0,0,0,0,0,0,0,0,0,0,0,NA,NA,0,NA,82,341,1,0,0,21,-1.8366168243228458,0,5,10,10,0,0,0,9,22,0,-5.8872800672543235,0,1.1111111111111112,0.027472527472527472,0.0028445006321112516,0.043199941651269086,0,1,0,0,0,0,0,0,0,0,0,0,0,0,0,0,0,0,0,0,0,0,0,0,0,0,13,326,0,0,0,0,NA,NA,0,0,0,0,0,0,0,0,0,0,0,0,NA,NA,NA,0,0,0,0,0,0,0,NA,0,0,0,0,NA,41.1,46.1
00-0039739,R.Wilson,Roman Wilson,WR,WR,"https://static.www.nfl.com/image/upload/f_auto,q_auto/league/kcwymznjg9q8n8i7f4rc",2025,REG,PIT,8,0,0,0,0,0,0,0,0,0,0,0,0,NA,NA,0,NA,0,0,0,0,0,0,NA,0,12,19,166,2,1,1,236,66,7,6.059524831751187,0,0.7033898305084746,0.059375,0.11997966446365023,0.17304826512455515,0,1,0,0,0,0,0,0,0,0,0,0,0,0,0,0,0,0,0,0,0,0,0,0,0,0,0,0,0,0,0,0,NA,NA,0,0,0,0,0,0,0,0,0,0,0,0,NA,NA,NA,0,0,0,0,0,0,0,NA,0,0,0,0,NA,26.6,38.6
00-0039740,J.Hunt,Jalyx Hunt,LB,LB,"https://static.www.nfl.com/image/upload/f_auto,q_auto/league/cg8yroxxd3znnkt894rm",2025,REG,PHI,11,0,0,0,0,0,0,0,0,0,0,0,0,NA,NA,0,NA,0,0,0,0,0,0,NA,0,0,0,0,0,0,0,0,0,0,NA,0,NA,0,0,0,0,14,1,14,5,21,1,2,14,13,1,42,1,1,0,0,0,0,0,0,0,0,2,29,0,0,0,0,0,0,0,0,NA,NA,0,0,0,0,0,0,0,0,0,0,0,0,NA,NA,NA,0,0,0,0,0,0,0,NA,0,0,0,0,NA,0,0
00-0039741,P.Wilson,Payton Wilson,LB,LB,"https://static.www.nfl.com/image/upload/f_auto,q_auto/league/n9it3axjeciqsxirtize",2025,REG,PIT,11,0,0,0,0,0,0,0,0,0,0,0,0,NA,NA,0,NA,0,0,0,0,0,0,NA,0,0,0,0,0,0,0,0,0,0,NA,0,NA,0,0,0,0,55,1,33,5,20,0,1,8,3,1,17,2,0,0,0,0,0,0,1,1,0,2,11,0,0,0,0,0,0,0,0,NA,NA,0,0,0,0,0,0,0,0,0,0,0,0,NA,NA,NA,0,0,0,0,0,0,0,NA,0,0,0,0,NA,0,0
00-0039743,J.Jefferson,Jordan Jefferson,DT,DL,"https://static.www.nfl.com/image/upload/f_auto,q_auto/league/lky3oayjpet8c7dpniwb",2025,REG,CIN,1,0,0,0,0,0,0,0,0,0,0,0,0,NA,NA,0,NA,0,0,0,0,0,0,NA,0,0,0,0,0,0,0,0,0,0,NA,0,NA,0,0,0,0,0,0,0,0,0,0,0,0,0,0,0,0,0,0,0,0,0,0,0,0,0,1,4,0,0,0,0,0,0,0,0,NA,NA,0,0,0,0,0,0,0,0,0,0,0,0,NA,NA,NA,0,0,0,0,0,0,0,NA,0,0,0,0,NA,0,0
00-0039744,T.Bortolini,Tanor Bortolini,C,OL,"https://static.www.nfl.com/image/upload/f_auto,q_auto/league/l2a99kq58evu0ykaabaj",2025,REG,IND,4,0,0,0,0,0,0,0,0,0,0,0,0,NA,NA,0,NA,0,0,0,0,0,0,NA,0,0,0,0,0,0,0,0,0,0,NA,0,NA,0,0,0,0,1,0,0,0,0,0,0,0,0,0,0,0,0,0,0,0,1,1,0,0,0,1,10,0,0,0,0,0,0,0,0,NA,NA,0,0,0,0,0,0,0,0,0,0,0,0,NA,NA,NA,0,0,0,0,0,0,0,NA,0,0,0,0,NA,0,0
00-0039745,T.Taylor,Tory Taylor,P,SPEC,"https://static.www.nfl.com/image/upload/f_auto,q_auto/league/hzzvpzjiab6znxvkp6la",2025,REG,CHI,11,0,0,0,0,0,0,0,0,0,0,0,0,NA,NA,0,NA,0,0,0,0,0,0,NA,0,0,0,0,0,0,0,0,0,0,NA,0,NA,0,0,0,0,1,0,0,0,0,0,0,0,0,0,0,0,0,0,0,0,0,0,0,0,0,0,0,0,0,0,0,0,0,0,0,NA,NA,0,0,0,0,0,0,0,0,0,0,0,0,NA,NA,NA,0,0,0,0,0,0,0,NA,0,0,0,0,NA,0,0
00-0039746,W.Shipley,Will Shipley,RB,RB,"https://static.www.nfl.com/image/upload/f_auto,q_auto/league/rdps3spkhbztc2mbd6ty",2025,REG,PHI,8,0,0,0,0,0,0,0,0,0,0,0,0,NA,NA,0,NA,11,45,0,0,0,4,-1.0427780951996501,0,4,6,28,0,0,0,-10,31,1,-1.9072698868112639,0,-2.8,0.020477815699658702,-0.003614022406938923,0.02818690786463081,0,3,0,1,0,0,0,0,0,0,0,0,0,0,0,0,0,0,0,0,0,0,0,0,0,0,17,473,0,0,0,0,NA,NA,0,0,0,0,0,0,0,0,0,0,0,0,NA,NA,NA,0,0,0,0,0,0,0,NA,0,0,0,0,NA,7.300000000000001,11.3
00-0039749,T.Davis,Tyler Davis,DE,DL,"https://static.www.nfl.com/image/upload/f_auto,q_auto/league/jbwaqwv5imuhydw4vkzc",2025,REG,LA,10,0,0,0,0,0,0,0,0,0,0,0,0,NA,NA,0,NA,0,0,0,0,0,0,NA,0,0,0,0,0,0,0,0,0,0,NA,0,NA,0,0,0,0,12,0,19,1,12,0,1,12,1,0,0,2,0,0,0,0,0,0,1,1,0,0,0,0,0,0,0,0,0,0,0,NA,NA,0,0,0,0,0,0,0,0,0,0,0,0,NA,NA,NA,0,0,0,0,0,0,0,NA,0,0,0,0,NA,0,0
00-0039750,J.Karty,Joshua Karty,K,SPEC,"https://static.www.nfl.com/image/upload/f_auto,q_auto/league/j51z79en8vs3qdgkvnn5",2025,REG,LA,8,0,1,0,0,0,0,0,0,0,0,0,0,NA,NA,0,NA,0,0,0,0,0,0,NA,0,0,0,0,0,0,0,0,0,0,NA,0,NA,0,0,0,0,1,0,0,0,0,0,0,0,0,0,0,0,0,0,0,0,0,0,0,0,0,1,0,0,0,0,0,10,15,3,2,51,0.6666666666666666,0,3,3,3,1,0,0,1,1,0,1,0,21;21;51;28;33;46;42;37;48;36,53;26;39,36;44,363,118,80,23,26,1,2,0.8846153846153846,0,0,0,0,NA,0,0
00-0039751,J.Whittington,Jordan Whittington,WR,WR,"https://static.www.nfl.com/image/upload/f_auto,q_auto/league/w5h5q9jwyaimdjlnracx",2025,REG,LA,9,0,0,0,0,0,0,0,0,0,0,0,0,NA,NA,0,NA,3,12,0,0,0,0,0.23601340665481985,0,16,21,147,0,0,0,136,76,6,1.849856718617957,0,1.0808823529411764,0.057692307692307696,0.04298356510745891,0.11662695711368277,0,1,0,0,0,0,0,0,0,0,0,0,0,0,0,0,0,1,1,0,0,0,1,10,0,0,6,157,0,0,0,0,NA,NA,0,0,0,0,0,0,0,0,0,0,0,0,NA,NA,NA,0,0,0,0,0,0,0,NA,0,0,0,0,NA,15.9,31.9
00-0039752,C.Johnson,Cedric Johnson,DE,DL,"https://static.www.nfl.com/image/upload/f_auto,q_auto/league/y8vnhfnnacug6nhwgg91",2025,REG,CIN,3,0,0,0,0,0,0,0,0,0,0,0,0,NA,NA,0,NA,0,0,0,0,0,0,NA,0,0,0,0,0,0,0,0,0,0,NA,0,NA,0,0,0,0,3,1,3,0,0,0,0,0,1,0,0,0,0,0,0,0,0,0,0,0,0,0,0,0,0,0,0,0,0,0,0,NA,NA,0,0,0,0,0,0,0,0,0,0,0,0,NA,NA,NA,0,0,0,0,0,0,0,NA,0,0,0,0,NA,0,0
00-0039753,B.Limmer,Beaux Limmer,G,OL,"https://static.www.nfl.com/image/upload/f_auto,q_auto/league/bopewz77rbml5wtk6k9g",2025,REG,LA,1,0,0,0,0,0,0,0,0,0,0,0,0,NA,NA,0,NA,0,0,0,0,0,0,NA,0,0,0,0,0,0,0,0,0,0,NA,0,NA,0,0,0,0,0,0,0,0,0,0,0,0,0,0,0,0,0,0,0,0,0,0,0,0,0,1,5,0,0,0,0,0,0,0,0,NA,NA,0,0,0,0,0,0,0,0,0,0,0,0,NA,NA,NA,0,0,0,0,0,0,0,NA,0,0,0,0,NA,0,0
00-0039754,D.Culp,Devin Culp,TE,TE,"https://static.www.nfl.com/image/upload/f_auto,q_auto/league/p5mk3qxwrbwdr3y3kt6u",2025,REG,TB,2,0,0,0,0,0,0,0,0,0,0,0,0,NA,NA,0,NA,0,0,0,0,0,0,NA,0,0,0,0,0,0,0,0,0,0,NA,0,NA,0,0,0,0,0,0,0,0,0,0,0,0,0,0,0,0,0,0,0,0,0,0,0,0,0,2,20,0,0,0,0,0,0,0,0,NA,NA,0,0,0,0,0,0,0,0,0,0,0,0,NA,NA,NA,0,0,0,0,0,0,0,NA,0,0,0,0,NA,0,0
00-0039755,K.Leveston,KT Leveston,OT,OL,"https://static.www.nfl.com/image/upload/f_auto,q_auto/league/rxb4bdtphlyualqund7c",2025,REG,CLE,3,0,0,0,0,0,0,0,0,0,0,0,0,NA,NA,0,NA,0,0,0,0,0,0,NA,0,0,0,0,0,0,0,0,0,0,NA,0,NA,0,0,0,0,1,0,0,0,0,0,0,0,0,0,0,0,0,0,0,0,0,0,0,0,0,4,35,0,0,0,0,0,0,0,0,NA,NA,0,0,0,0,0,0,0,0,0,0,0,0,NA,NA,NA,0,0,0,0,0,0,0,NA,0,0,0,0,NA,0,0
00-0039757,T.Jennings,Terrell Jennings,RB,RB,"https://static.www.nfl.com/image/upload/f_auto,q_auto/league/iddgabjbju6ye5s9mmjg",2025,REG,NE,5,0,0,0,0,0,0,0,0,0,0,0,0,NA,NA,0,NA,23,73,1,0,0,8,2.392007042071782,0,1,1,9,0,0,0,2,7,0,0.6562925265170634,0,4.5,0.0029154518950437317,6.305170239596469e-4,0.0048145397593373504,0,1,0,2,0,0,0,0,0,0,0,0,0,0,0,0,0,0,0,0,0,0,0,0,0,0,1,20,0,0,0,0,NA,NA,0,0,0,0,0,0,0,0,0,0,0,0,NA,NA,NA,0,0,0,0,0,0,0,NA,0,0,0,0,NA,14.200000000000001,15.200000000000001
00-0039763,J.Andreessen,Joe Andreessen,LB,LB,"https://static.www.nfl.com/image/upload/f_auto,q_auto/league/dxjiepgx7txqoyftigxy",2025,REG,BUF,9,0,0,0,0,0,0,0,0,0,0,0,0,NA,NA,0,NA,0,0,0,0,0,0,NA,0,0,0,0,0,0,0,0,0,0,NA,0,NA,0,0,0,0,10,0,13,0,0,0,0,0,1,0,0,0,0,0,0,0,0,0,0,0,0,1,10,0,0,0,0,0,0,0,0,NA,NA,0,0,0,0,0,0,0,0,0,0,0,0,NA,NA,NA,0,0,0,0,0,0,0,NA,0,0,0,0,NA,0,0
00-0039764,E.Chatman,Elijah Chatman,DT,DL,"https://static.www.nfl.com/image/upload/f_auto,q_auto/league/cal1mv8sgmirpeamwt40",2025,REG,NYG,1,0,0,0,0,0,0,0,0,0,0,0,0,NA,NA,0,NA,0,0,0,0,0,0,NA,0,0,0,0,0,0,0,0,0,0,NA,0,NA,0,0,0,0,0,0,1,0,0,0,0,0,0,0,0,0,0,0,0,0,0,0,0,0,0,0,0,0,0,0,0,0,0,0,0,NA,NA,0,0,0,0,0,0,0,0,0,0,0,0,NA,NA,NA,0,0,0,0,0,0,0,NA,0,0,0,0,NA,0,0
00-0039770,C.Woods,Charles Woods,CB,DB,"https://static.www.nfl.com/image/upload/f_auto,q_auto/league/ykruciq8bomy0ez2t7gc",2025,REG,NE,6,0,0,0,0,0,0,0,0,0,0,0,0,NA,NA,0,NA,0,0,0,0,0,0,NA,0,0,0,0,0,0,0,0,0,0,NA,0,NA,0,0,0,0,4,0,2,0,0,0,0,0,0,0,0,1,0,0,0,0,0,0,0,0,0,1,7,0,0,0,0,0,0,0,0,NA,NA,0,0,0,0,0,0,0,0,0,0,0,0,NA,NA,NA,0,0,0,0,0,0,0,NA,0,0,0,0,NA,0,0
00-0039772,J.Wallace,Josh Wallace,CB,DB,"https://static.www.nfl.com/image/upload/f_auto,q_auto/league/budszyjdjn52puloxjc7",2025,REG,LA,6,0,0,0,0,0,0,0,0,0,0,0,0,NA,NA,0,NA,0,0,0,0,0,0,NA,0,0,0,0,0,0,0,0,0,0,NA,0,NA,0,0,0,0,8,0,2,0,0,0,0,0,0,0,0,1,0,0,0,0,0,0,0,0,0,3,20,0,0,0,0,0,0,0,0,NA,NA,0,0,0,0,0,0,0,0,0,0,0,0,NA,NA,NA,0,0,0,0,0,0,0,NA,0,0,0,0,NA,0,0
00-0039774,O.Speights,Omar Speights,LB,LB,"https://static.www.nfl.com/image/upload/f_auto,q_auto/league/amlicxegqeiqvmg9gko0",2025,REG,LA,10,0,0,0,0,0,0,0,0,0,0,0,0,NA,NA,0,NA,0,0,0,0,0,0,NA,0,0,0,0,0,0,0,0,0,0,NA,0,NA,0,0,0,0,23,2,24,0,0,0,0,0,0,0,0,0,0,0,0,0,0,0,0,0,0,1,15,0,0,0,0,0,0,0,0,NA,NA,0,0,0,0,0,0,0,0,0,0,0,0,NA,NA,NA,0,0,0,0,0,0,0,NA,0,0,0,0,NA,0,0
00-0039776,J.McCollough,Jaylen McCollough,SAF,DB,"https://static.www.nfl.com/image/upload/f_auto,q_auto/league/ofhqho42cem1dxzez96u",2025,REG,LA,11,0,0,0,0,0,0,0,0,0,0,0,0,NA,NA,0,NA,0,0,0,0,0,0,NA,0,0,0,0,0,0,0,0,0,0,NA,0,NA,0,0,0,0,22,1,7,2,22,0,2,22,2,0,0,3,0,0,0,0,0,0,0,0,0,1,10,0,0,0,0,0,0,0,0,NA,NA,0,0,0,0,0,0,0,0,0,0,0,0,NA,NA,NA,0,0,0,0,0,0,0,NA,0,0,0,0,NA,0,0
00-0039783,A.Goodlow,Anthony Goodlow,DE,DL,"https://static.www.nfl.com/image/upload/f_auto,q_auto/league/t0hwhg8j0fqbmwi2i5sd",2025,REG,ARI,3,0,0,0,0,0,0,0,0,0,0,0,0,NA,NA,0,NA,0,0,0,0,0,0,NA,0,0,0,0,0,0,0,0,0,0,NA,0,NA,0,0,0,0,1,0,2,1,5,0,0,0,1,0,0,0,0,0,0,0,0,0,0,0,0,0,0,0,0,0,0,0,0,0,0,NA,NA,0,0,0,0,0,0,0,0,0,0,0,0,NA,NA,NA,0,0,0,0,0,0,0,NA,0,0,0,0,NA,0,0
00-0039789,Q.Stiggers,Qwan'tez Stiggers,CB,DB,"https://static.www.nfl.com/image/upload/f_auto,q_auto/league/yiiqa5sbaclz4bvnpvul",2025,REG,NYJ,6,0,0,0,0,0,0,0,0,0,0,0,0,NA,NA,0,NA,0,0,0,0,0,0,NA,0,0,0,0,0,0,0,0,0,0,NA,0,NA,0,0,0,0,3,0,3,0,0,0,0,0,0,0,0,0,0,0,0,0,0,0,0,0,0,2,20,0,0,0,0,0,0,0,0,NA,NA,0,0,0,0,0,0,0,0,0,0,0,0,NA,NA,NA,0,0,0,0,0,0,0,NA,0,0,0,0,NA,0,0
00-0039790,O.Fashanu,Olumuyiwa Fashanu,OT,OL,"https://static.www.nfl.com/image/upload/f_auto,q_auto/league/clf1wkkpzzsrnffv8wew",2025,REG,NYJ,1,0,0,0,0,0,0,0,0,0,0,0,0,NA,NA,0,NA,0,0,0,0,0,0,NA,0,0,0,0,0,0,0,0,0,0,NA,0,NA,0,0,0,0,0,0,0,0,0,0,0,0,0,0,0,0,0,0,0,0,0,0,0,0,0,2,15,0,0,0,0,0,0,0,0,NA,NA,0,0,0,0,0,0,0,0,0,0,0,0,NA,NA,NA,0,0,0,0,0,0,0,NA,0,0,0,0,NA,0,0
00-0039792,D.Walker,Devontez Walker,WR,WR,"https://static.www.nfl.com/image/upload/f_auto,q_auto/league/d8qrpenynncwink7dqs2",2025,REG,BAL,5,0,0,0,0,0,0,0,0,0,0,0,0,NA,NA,0,NA,0,0,0,0,0,0,NA,0,4,4,90,2,0,0,88,2,4,11.846320870448835,0,1.0227272727272727,0.014545454545454545,0.03951504265828469,0.0494787116789811,0,0,0,2,0,0,0,0,0,0,0,0,0,0,0,0,0,0,0,0,0,0,1,10,0,0,0,0,0,0,0,0,NA,NA,0,0,0,0,0,0,0,0,0,0,0,0,NA,NA,NA,0,0,0,0,0,0,0,NA,0,0,0,0,NA,21,25
00-0039793,A.Barner,AJ Barner,TE,TE,"https://static.www.nfl.com/image/upload/f_auto,q_auto/league/ul77k5rqbqzd5zzqsaea",2025,REG,SEA,11,0,0,0,0,0,0,0,0,0,0,0,0,NA,NA,0,NA,8,11,1,0,0,7,6.318248112453148,0,33,41,324,4,2,0,201,151,16,11.710621275867553,0,1.6119402985074627,0.14335664335664336,0.07444444444444444,0.26714607614607616,0,1,0,1,0,0,0,0,0,0,0,0,0,0,0,0,0,2,2,0,0,0,1,5,0,0,0,0,0,0,0,0,NA,NA,0,0,0,0,0,0,0,0,0,0,0,0,NA,NA,NA,0,0,0,0,0,0,0,NA,0,0,0,0,NA,63.5,96.5
00-0039794,B.Allen,Braelon Allen,RB,RB,"https://static.www.nfl.com/image/upload/f_auto,q_auto/league/pdaa8u0x2qepyklabdr3",2025,REG,NYJ,4,0,0,0,0,0,0,0,0,0,0,0,0,NA,NA,0,NA,18,76,1,1,1,4,-8.699593214565422,0,2,3,17,0,0,0,8,9,1,-0.21452642627991736,0,2.125,0.010380622837370242,0.0036413290851160674,0.01811986461563661,0,0,0,0,0,0,0,0,0,0,0,0,0,0,0,0,0,0,0,0,0,0,0,0,0,0,4,100,0,0,0,0,NA,NA,0,0,0,0,0,0,0,0,0,0,0,0,NA,NA,NA,0,0,0,0,0,0,0,NA,0,0,0,0,NA,13.3,15.3
00-0039795,N.Pritchett,Nehemiah Pritchett,CB,DB,"https://static.www.nfl.com/image/upload/f_auto,q_auto/league/ao9rpvbwn2ckx5ejcodx",2025,REG,SEA,8,0,0,0,0,0,0,0,0,0,0,0,0,NA,NA,0,NA,0,0,0,0,0,0,NA,0,0,0,0,0,0,0,0,0,0,NA,0,NA,0,0,0,0,9,0,3,0,0,0,0,0,0,0,0,2,0,0,0,0,0,0,0,0,0,1,5,0,0,0,0,0,0,0,0,NA,NA,0,0,0,0,0,0,0,0,0,0,0,0,NA,NA,NA,0,0,0,0,0,0,0,NA,0,0,0,0,NA,0,0
00-0039796,R.Ali,Rasheen Ali,RB,RB,"https://static.www.nfl.com/image/upload/f_auto,q_auto/league/zwjrkzu3ia3cfrwgotqt",2025,REG,BAL,9,0,0,0,0,0,0,0,0,0,0,0,0,NA,NA,0,NA,1,5,0,0,0,0,-0.014282658055890352,0,1,1,15,0,0,0,1,14,1,2.5089127044193447,0,15,0.0036363636363636364,4.49034575662326e-4,0.005768869657509083,0,4,1,2,0,0,0,0,0,0,0,0,0,0,0,0,0,0,0,0,0,0,0,0,0,0,21,535,0,0,0,0,NA,NA,0,0,0,0,0,0,0,0,0,0,0,0,NA,NA,NA,0,0,0,0,0,0,0,NA,0,0,0,0,NA,2,3
00-0039798,I.Davis,Isaiah Davis,RB,RB,"https://static.www.nfl.com/image/upload/f_auto,q_auto/league/hsozhwgsuffsfrc4qdp2",2025,REG,NYJ,11,0,0,0,0,0,0,0,0,0,0,0,0,NA,NA,0,NA,26,137,0,0,0,3,-7.875265309196388,0,15,21,118,0,0,0,36,111,6,3.9360560438165244,1,3.2777777777777777,0.0726643598615917,0.016385980883022302,0.12046672641050316,0,0,0,5,0,0,0,0,0,0,0,0,0,0,0,0,0,0,0,0,0,0,0,0,0,0,11,323,0,0,0,0,NA,NA,0,0,0,0,0,0,0,0,0,0,0,0,NA,NA,NA,0,0,0,0,0,0,0,NA,0,0,0,0,NA,27.5,42.5
00-0039800,D.James,DJ James,CB,DB,"https://static.www.nfl.com/image/upload/f_auto,q_auto/league/rqkampxsl0ukgtcf0zoi",2025,REG,NE,1,0,0,0,0,0,0,0,0,0,0,0,0,NA,NA,0,NA,0,0,0,0,0,0,NA,0,0,0,0,0,0,0,0,0,0,NA,0,NA,0,0,0,0,1,0,0,0,0,0,0,0,0,0,0,0,0,0,0,0,0,0,0,0,0,0,0,0,0,0,0,0,0,0,0,NA,NA,0,0,0,0,0,0,0,0,0,0,0,0,NA,NA,NA,0,0,0,0,0,0,0,NA,0,0,0,0,NA,0,0
00-0039807,M.Melton,Max Melton,CB,DB,"https://static.www.nfl.com/image/upload/f_auto,q_auto/league/inf9atuivxldaqlq8xdi",2025,REG,ARI,9,0,0,0,0,0,0,0,0,0,0,0,0,NA,NA,0,NA,0,0,0,0,0,0,NA,0,0,0,0,0,0,0,0,0,0,NA,0,NA,0,0,0,0,20,1,10,1,2,0,0,0,0,0,0,5,0,0,0,0,0,0,0,0,0,4,19,0,0,0,0,0,0,0,0,NA,NA,0,0,0,0,0,0,0,0,0,0,0,0,NA,NA,NA,0,0,0,0,0,0,0,NA,0,0,0,0,NA,0,0
00-0039808,I.Adams,Isaiah Adams,G,OL,"https://static.www.nfl.com/image/upload/f_auto,q_auto/league/vhbpzmpvgkkun2onlp9s",2025,REG,ARI,4,0,0,0,0,0,0,0,0,0,0,0,0,NA,NA,0,NA,0,0,0,0,0,0,NA,0,0,0,0,0,0,0,0,0,0,NA,0,NA,0,0,0,0,1,0,0,0,0,0,0,0,0,0,0,0,0,0,0,0,0,0,0,0,0,4,25,0,0,0,0,0,0,0,0,NA,NA,0,0,0,0,0,0,0,0,0,0,0,0,NA,NA,NA,0,0,0,0,0,0,0,NA,0,0,0,0,NA,0,0
00-0039809,J.Elliss,Jonah Elliss,LB,LB,"https://static.www.nfl.com/image/upload/f_auto,q_auto/league/f3dukr2ntse8qnsyhu3b",2025,REG,DEN,6,0,0,0,0,0,0,0,0,0,0,0,0,NA,NA,0,NA,0,0,0,0,0,0,NA,0,0,0,0,0,0,0,0,0,0,NA,0,NA,0,0,0,0,9,2,3,3,24,1,1,16,2,0,0,1,0,0,0,0,0,0,0,0,0,0,0,0,0,0,0,0,0,0,0,NA,NA,0,0,0,0,0,0,0,0,0,0,0,0,NA,NA,NA,0,0,0,0,0,0,0,NA,0,0,0,0,NA,0,0
00-0039812,T.Hopper,Ty'Ron Hopper,LB,LB,"https://static.www.nfl.com/image/upload/f_auto,q_auto/league/taqdlsfufqh99ucbl5zm",2025,REG,GB,9,0,0,0,0,0,0,0,0,0,0,0,0,NA,NA,0,NA,0,0,0,0,0,0,NA,0,0,0,0,0,0,0,0,0,0,NA,0,NA,0,0,0,0,7,1,3,1,2,0,0,0,0,0,0,0,0,0,0,0,0,0,0,0,0,3,35,0,0,0,0,0,0,0,0,NA,NA,0,0,0,0,0,0,0,0,0,0,0,0,NA,NA,NA,0,0,0,0,0,0,0,NA,0,0,0,0,NA,0,0
00-0039813,E.Williams,Evan Williams,SAF,DB,"https://static.www.nfl.com/image/upload/f_auto,q_auto/league/phwdofvsdjhqecxyx1kb",2025,REG,GB,11,0,0,0,0,0,0,0,0,0,0,0,0,NA,NA,0,NA,0,0,0,0,0,0,NA,0,0,0,0,0,0,0,0,0,0,NA,0,NA,0,0,0,0,32,2,37,4,5,0,0,0,0,3,0,4,0,0,0,0,0,0,1,1,0,3,30,0,0,0,0,0,0,0,0,NA,NA,0,0,0,0,0,0,0,0,0,0,0,0,NA,NA,NA,0,0,0,0,0,0,0,NA,0,0,0,0,NA,0,0
00-0039815,T.Knight,Tyrice Knight,LB,LB,"https://static.www.nfl.com/image/upload/f_auto,q_auto/league/eqhzoc3hrxk94vxolfws",2025,REG,SEA,10,0,0,0,0,0,0,0,0,0,0,0,0,NA,NA,0,NA,0,0,0,0,0,0,NA,0,0,0,0,0,0,0,0,0,0,NA,0,NA,0,0,0,0,29,3,18,6,36,2,2,28,2,0,0,0,0,0,0,0,0,0,0,0,0,0,0,0,0,0,0,0,0,0,0,NA,NA,0,0,0,0,0,0,0,0,0,0,0,0,NA,NA,NA,0,0,0,0,0,0,0,NA,0,0,0,0,NA,0,0
00-0039816,A.Gould,Anthony Gould,WR,WR,"https://static.www.nfl.com/image/upload/f_auto,q_auto/league/kplzuye1iocg1vyec3ru",2025,REG,IND,9,0,0,0,0,0,0,0,0,0,0,0,0,NA,NA,0,NA,0,0,0,0,0,0,NA,0,1,1,3,0,0,0,3,0,0,-0.6392388420645148,0,1,0.002898550724637681,0.0010471204188481676,0.005080810380150239,0,0,0,0,0,0,0,0,0,0,0,0,0,0,0,0,0,0,0,0,0,0,0,0,10,117,20,531,0,0,0,0,NA,NA,0,0,0,0,0,0,0,0,0,0,0,0,NA,NA,NA,0,0,0,0,0,0,0,NA,0,0,0,0,NA,0.30000000000000004,1.3
00-0039818,K.Oladapo,Kitan Oladapo,SAF,DB,"https://static.www.nfl.com/image/upload/f_auto,q_auto/league/vxt0byaznbu2o42n2ft7",2025,REG,GB,4,0,0,0,0,0,0,0,0,0,0,0,0,NA,NA,0,NA,0,0,0,0,0,0,NA,0,0,0,0,0,0,0,0,0,0,NA,0,NA,0,0,0,0,2,0,2,0,0,0,0,0,0,0,0,0,0,0,0,0,0,0,0,0,0,1,10,0,0,0,0,0,0,0,0,NA,NA,0,0,0,0,0,0,0,0,0,0,0,0,NA,NA,NA,0,0,0,0,0,0,0,NA,0,0,0,0,NA,0,0
00-0039821,A.Phillips,Andru Phillips,CB,DB,"https://static.www.nfl.com/image/upload/f_auto,q_auto/league/kh3iigah1t49ywg0scb9",2025,REG,NYG,12,0,0,0,0,0,0,0,0,0,0,0,0,NA,NA,0,NA,0,0,0,0,0,0,NA,0,0,0,0,0,0,0,0,0,0,NA,0,NA,0,0,0,0,38,2,10,6,14,0,0,0,0,2,56,9,0,0,0,0,0,0,1,1,0,8,122,0,0,0,0,0,0,0,0,NA,NA,0,0,0,0,0,0,0,0,0,0,0,0,NA,NA,NA,0,0,0,0,0,0,0,NA,0,0,0,0,NA,0,0
00-0039825,J.Hicks,Jaden Hicks,SAF,DB,"https://static.www.nfl.com/image/upload/f_auto,q_auto/league/lvcirt1ekbyj97v6mdzx",2025,REG,KC,10,0,0,0,0,0,0,0,0,0,0,0,0,NA,NA,0,NA,0,0,0,0,0,0,NA,0,0,0,0,0,0,0,0,0,0,NA,0,NA,0,0,0,0,18,0,8,0,0,0,0,0,0,0,0,1,0,0,0,0,0,0,0,0,0,1,8,0,0,0,0,0,0,0,0,NA,NA,0,0,0,0,0,0,0,0,0,0,0,0,NA,NA,NA,0,0,0,0,0,0,0,NA,0,0,0,0,NA,0,0
00-0039826,J.Trotter,Jeremiah Trotter Jr.,LB,LB,"https://static.www.nfl.com/image/upload/f_auto,q_auto/league/fbgpf6iqljasd4h1miw2",2025,REG,PHI,9,0,0,0,0,0,0,0,0,0,0,0,0,NA,NA,0,NA,0,0,0,0,0,0,NA,0,0,0,0,0,0,0,0,0,0,NA,0,NA,0,0,0,0,9,0,6,0,0,0,0,0,0,0,0,0,0,0,0,0,0,0,0,0,0,3,33,0,0,0,0,0,0,0,0,NA,NA,0,0,0,0,0,0,0,0,0,0,0,0,NA,NA,NA,0,0,0,0,0,0,0,NA,0,0,0,0,NA,0,0
00-0039828,W.Rouse,Walter Rouse,OT,OL,"https://static.www.nfl.com/image/upload/f_auto,q_auto/league/orggdqqfg9dnr0sjfo2y",2025,REG,MIN,1,0,0,0,0,0,0,0,0,0,0,0,0,NA,NA,0,NA,0,0,0,0,0,0,NA,0,0,0,0,0,0,0,0,0,0,NA,0,NA,0,0,0,0,0,0,0,0,0,0,0,0,0,0,0,0,0,0,0,0,0,0,0,0,0,1,10,0,0,0,0,0,0,0,0,NA,NA,0,0,0,0,0,0,0,0,0,0,0,0,NA,NA,NA,0,0,0,0,0,0,0,NA,0,0,0,0,NA,0,0
00-0039829,D.Muasau,Darius Muasau,LB,LB,"https://static.www.nfl.com/image/upload/f_auto,q_auto/league/jp2tinbi0erohx4jdtta",2025,REG,NYG,8,0,0,0,0,0,0,0,0,0,0,0,0,NA,NA,0,NA,0,0,0,0,0,0,NA,0,0,0,0,0,0,0,0,0,0,NA,0,NA,0,0,0,0,16,1,15,2,6,0,1,0,1,0,0,0,0,0,0,0,0,0,0,0,0,0,0,0,0,0,0,0,0,0,0,NA,NA,0,0,0,0,0,0,0,0,0,0,0,0,NA,NA,NA,0,0,0,0,0,0,0,NA,0,0,0,0,NA,0,0
00-0039831,K.Hadden,Kamal Hadden,CB,DB,"https://static.www.nfl.com/image/upload/f_auto,q_auto/league/j3ty1m9rac4bqcysjwqp",2025,REG,GB,2,0,0,0,0,0,0,0,0,0,0,0,0,NA,NA,0,NA,0,0,0,0,0,0,NA,0,0,0,0,0,0,0,0,0,0,NA,0,NA,0,0,0,0,1,0,3,0,0,0,0,0,0,0,0,0,0,0,0,0,0,0,0,0,0,1,9,0,0,0,0,0,0,0,0,NA,NA,0,0,0,0,0,0,0,0,0,0,0,0,NA,NA,NA,0,0,0,0,0,0,0,NA,0,0,0,0,NA,0,0
00-0039834,K.Kinchens,Kamren Kinchens,SAF,DB,"https://static.www.nfl.com/image/upload/f_auto,q_auto/league/ixanabxmodk5m1xp8u8s",2025,REG,LA,11,0,0,0,0,0,0,0,0,0,0,0,0,NA,NA,0,NA,0,0,0,0,0,0,NA,0,0,0,0,0,0,0,0,0,0,NA,0,NA,0,0,0,0,35,2,18,0,0,0,0,0,1,2,53,6,0,0,0,0,0,0,2,2,0,1,15,0,0,0,0,0,0,0,0,NA,NA,0,0,0,0,0,0,0,0,0,0,0,0,NA,NA,NA,0,0,0,0,0,0,0,NA,0,0,0,0,NA,0,0
00-0039835,J.Eboigbe,Justin Eboigbe,DT,DL,"https://static.www.nfl.com/image/upload/f_auto,q_auto/league/gb5maqjfoxpesige0io1",2025,REG,LAC,9,0,0,0,0,0,0,0,0,0,0,0,0,NA,NA,0,NA,0,0,0,0,0,0,NA,0,0,0,0,0,0,0,0,0,0,NA,0,NA,0,0,0,0,20,0,8,4,25,0,4,25,8,0,0,0,0,0,0,0,0,0,0,0,0,0,0,0,0,0,0,0,0,0,0,NA,NA,0,0,0,0,0,0,0,0,0,0,0,0,NA,NA,NA,0,0,0,0,0,0,0,NA,0,0,0,0,NA,0,0
00-0039836,B.Jackson,Brennan Jackson,LB,LB,"https://static.www.nfl.com/image/upload/f_auto,q_auto/league/aacqz576jq1ykkanftmc",2025,REG,LV,2,0,0,0,0,0,0,0,0,0,0,0,0,NA,NA,0,NA,0,0,0,0,0,0,NA,0,0,0,0,0,0,0,0,0,0,NA,0,NA,0,0,0,0,2,0,1,0,0,0,0,0,0,0,0,0,0,0,0,0,0,0,0,0,0,0,0,0,0,0,0,0,0,0,0,NA,NA,0,0,0,0,0,0,0,0,0,0,0,0,NA,NA,NA,0,0,0,0,0,0,0,NA,0,0,0,0,NA,0,0
00-0039838,C.Bullock,Calen Bullock,SAF,DB,"https://static.www.nfl.com/image/upload/f_auto,q_auto/league/vmntsl9qah1vffuguarz",2025,REG,HOU,10,0,0,0,0,0,0,0,0,0,0,0,0,NA,NA,0,NA,0,0,0,0,0,0,NA,0,0,0,0,0,0,0,0,0,0,NA,0,NA,0,0,0,0,28,1,8,0,0,1,0,0,0,4,40,6,0,0,0,0,0,0,0,0,0,0,0,0,0,0,0,0,0,0,0,NA,NA,0,0,0,0,0,0,0,0,0,0,0,0,NA,NA,NA,0,0,0,0,0,0,0,NA,0,0,0,0,NA,0,0
00-0039840,A.Booker,Austin Booker,DE,DL,"https://static.www.nfl.com/image/upload/f_auto,q_auto/league/gxs1vf40thpixmxwdvmc",2025,REG,CHI,4,0,0,0,0,0,0,0,0,0,0,0,0,NA,NA,0,NA,0,0,0,0,0,0,NA,0,0,0,0,0,0,0,0,0,0,NA,0,NA,0,0,0,0,7,0,3,1,10,1,1,10,6,0,0,0,0,0,0,0,0,0,0,0,0,0,0,0,0,0,0,0,0,0,0,NA,NA,0,0,0,0,0,0,0,0,0,0,0,0,NA,NA,NA,0,0,0,0,0,0,0,NA,0,0,0,0,NA,0,0
00-0039841,C.DeJean,Cooper DeJean,CB,DB,"https://static.www.nfl.com/image/upload/f_auto,q_auto/league/meqy50bhzwvghrwbtjg5",2025,REG,PHI,11,0,0,0,0,0,0,0,0,0,0,0,0,NA,NA,0,NA,0,0,0,0,0,0,NA,0,0,0,0,0,0,0,0,0,0,NA,0,NA,0,0,0,0,45,1,21,4,10,1,0,0,0,1,21,9,0,0,0,0,0,0,0,0,0,1,15,0,0,0,0,0,0,0,0,NA,NA,0,0,0,0,0,0,0,0,0,0,0,0,NA,NA,NA,0,0,0,0,0,0,0,NA,0,0,0,0,NA,0,0
00-0039844,K.Suamataia,Kingsley Suamataia,OT,OL,"https://static.www.nfl.com/image/upload/f_auto,q_auto/league/xhqrjshk8fbkaxz9dvbm",2025,REG,KC,3,0,0,0,0,0,0,0,0,0,0,0,0,NA,NA,0,NA,0,0,0,0,0,0,NA,0,0,0,0,0,0,0,0,0,0,NA,0,NA,0,0,0,0,0,0,0,0,0,0,0,0,0,0,0,0,0,0,0,0,0,0,0,0,0,3,35,0,0,0,0,0,0,0,0,NA,NA,0,0,0,0,0,0,0,0,0,0,0,0,NA,NA,NA,0,0,0,0,0,0,0,NA,0,0,0,0,NA,0,0
00-0039846,T.Smith,Tykee Smith,SAF,DB,"https://static.www.nfl.com/image/upload/f_auto,q_auto/league/mjjhxgflmtw3byqbidfw",2025,REG,TB,11,0,0,0,0,0,0,0,0,0,0,0,0,NA,NA,0,NA,0,0,0,0,0,0,NA,0,0,0,0,0,0,0,0,0,0,NA,0,NA,0,0,0,0,50,1,34,6,30,0,2,18,4,1,0,12,0,0,0,0,0,0,1,1,0,0,0,0,0,0,0,0,0,0,0,NA,NA,0,0,0,0,0,0,0,0,0,0,0,0,NA,NA,NA,0,0,0,0,0,0,0,NA,0,0,0,0,NA,0,0
00-0039847,T.Johnson,Theo Johnson,TE,TE,"https://static.www.nfl.com/image/upload/f_auto,q_auto/league/naoiheinxogchairenzf",2025,REG,NYG,12,0,0,0,0,0,0,0,0,0,0,0,0,NA,NA,0,NA,0,0,0,0,0,0,NA,0,39,60,427,5,0,0,463,147,22,13.908586682722323,0,0.9222462203023758,0.16260162601626016,0.13482818870122307,0.3382821711152464,0,0,0,0,0,0,0,0,0,0,0,0,0,0,0,0,0,0,0,0,0,0,1,5,0,0,0,0,0,0,0,0,NA,NA,0,0,0,0,0,0,0,0,0,0,0,0,NA,NA,NA,0,0,0,0,0,0,0,NA,0,0,0,0,NA,72.7,111.7
00-0039849,M.Harrison,Marvin Harrison Jr.,WR,WR,"https://static.www.nfl.com/image/upload/f_auto,q_auto/league/hwpoo1icpnh8emjvqaii",2025,REG,ARI,9,0,0,0,0,0,0,0,0,0,0,0,0,NA,NA,0,NA,0,0,0,0,0,0,NA,0,34,62,525,4,0,0,773,108,25,28.386819051699444,1,0.6791720569210866,0.15270935960591134,0.25775258419473157,0.40949084834517907,0,0,0,0,0,0,0,0,0,0,0,0,0,0,0,0,0,0,0,0,0,0,0,0,0,0,0,0,0,0,0,0,NA,NA,0,0,0,0,0,0,0,0,0,0,0,0,NA,NA,NA,0,0,0,0,0,0,0,NA,0,0,0,0,NA,78.5,112.5
00-0039850,E.Cooper,Edgerrin Cooper,LB,LB,"https://static.www.nfl.com/image/upload/f_auto,q_auto/league/huidssokjxzmjjeyb80d",2025,REG,GB,11,0,0,0,0,0,0,0,0,0,0,0,0,NA,NA,0,NA,0,0,0,0,0,0,NA,0,0,0,0,0,0,0,0,0,0,NA,0,NA,0,0,0,0,41,2,35,2,3,2,0.5,5,2,0,0,3,0,0,0,0,0,0,0,0,0,0,0,0,0,0,0,0,0,0,0,NA,NA,0,0,0,0,0,0,0,0,0,0,0,0,NA,NA,NA,0,0,0,0,0,0,0,NA,0,0,0,0,NA,0,0
00-0039851,D.Maye,Drake Maye,QB,QB,"https://static.www.nfl.com/image/upload/f_auto,q_auto/league/oyap81gtzcvnfmripis1",2025,REG,NE,12,252,355,3130,21,6,37,-172,5,2,3142,1232,144,104.3719295449878,9.081692102193136,0,0.9961807765754297,75,307,2,1,0,25,0.8592910366321758,1,1,1,2,0,0,0,-8,10,0,-1.3293322010431439,0,0,0.0029154518950437317,-0.0025220680958385876,0.0026077301754785865,0,0,0,0,0,0,0,0,0,0,0,0,0,0,0,0,0,4,4,0,0,0,0,0,0,0,0,0,0,0,0,0,NA,NA,0,0,0,0,0,0,0,0,0,0,0,0,NA,NA,NA,0,0,0,0,0,0,0,NA,0,0,0,0,NA,238.1,239.1
00-0039852,J.Verse,Jared Verse,LB,LB,"https://static.www.nfl.com/image/upload/f_auto,q_auto/league/rapkhulnj8vsblkkgcca",2025,REG,LA,11,0,0,0,0,0,0,0,0,0,0,0,0,NA,NA,0,NA,0,0,0,0,0,0,NA,0,0,0,0,0,0,0,0,0,0,NA,0,NA,0,0,0,0,21,3,15,9,44,3,6,39,20,0,0,1,0,0,0,0,0,0,0,0,0,1,5,0,0,0,0,0,0,0,0,NA,NA,0,0,0,0,0,0,0,0,0,0,0,0,NA,NA,NA,0,0,0,0,0,0,0,NA,0,0,0,0,NA,0,0
00-0039854,D.Robinson,Darius Robinson,DL,DL,"https://static.www.nfl.com/image/upload/f_auto,q_auto/league/lfmoncmd0jh5hj67eola",2025,REG,ARI,9,0,0,0,0,0,0,0,0,0,0,0,0,NA,NA,0,NA,0,0,0,0,0,0,NA,0,0,0,0,0,0,0,0,0,0,NA,0,NA,0,0,0,0,8,1,9,2,8,0,1,5,1,0,0,0,0,0,0,0,0,0,0,0,0,1,5,0,0,0,0,0,0,0,0,NA,NA,0,0,0,0,0,0,0,0,0,0,0,0,NA,NA,NA,0,0,0,0,0,0,0,NA,0,0,0,0,NA,0,0
00-0039857,B.Fisher,Blake Fisher,OT,OL,"https://static.www.nfl.com/image/upload/f_auto,q_auto/league/eco81lxhu3wgpkkqjsyw",2025,REG,HOU,3,0,0,0,0,0,0,0,0,0,0,0,0,NA,NA,0,NA,0,0,0,0,0,0,NA,0,0,0,0,0,0,0,0,0,0,NA,0,NA,0,0,0,0,0,0,0,0,0,0,0,0,0,0,0,0,0,0,0,0,0,0,0,0,0,3,29,0,0,0,0,0,0,0,0,NA,NA,0,0,0,0,0,0,0,0,0,0,0,0,NA,NA,NA,0,0,0,0,0,0,0,NA,0,0,0,0,NA,0,0
00-0039858,C.Gray,Cedric Gray,LB,LB,"https://static.www.nfl.com/image/upload/f_auto,q_auto/league/v3hwfmdmrsjinn4f8o2y",2025,REG,TEN,11,0,0,0,0,0,0,0,0,0,0,0,0,NA,NA,0,NA,0,0,0,0,0,0,NA,0,0,0,0,0,0,0,0,0,0,NA,0,NA,0,0,0,0,61,3,45,6,18,0,1,7,2,0,0,4,0,0,0,0,1,1,0,0,0,3,37,0,0,0,0,0,0,0,0,NA,NA,0,0,0,0,0,0,0,0,0,0,0,0,NA,NA,NA,0,0,0,0,0,0,0,NA,0,0,0,0,NA,0,0
00-0039859,B.Dorlus,Brandon Dorlus,DE,DL,"https://static.www.nfl.com/image/upload/f_auto,q_auto/league/dl97qpbtsjpwrpuhfa9g",2025,REG,ATL,10,0,0,0,0,0,0,0,0,0,0,0,0,NA,NA,0,NA,0,0,0,0,0,0,NA,0,0,0,0,0,0,0,0,0,0,NA,0,NA,0,0,0,0,9,3,10,9,26,0,6,24.5,7,0,0,0,0,0,0,0,0,0,0,0,0,0,0,0,0,0,0,0,0,0,0,NA,NA,0,0,0,0,0,0,0,0,0,0,0,0,NA,NA,NA,0,0,0,0,0,0,0,NA,0,0,0,0,NA,0,0
00-0039860,K.McKinstry,Kool-Aid McKinstry,CB,DB,"https://static.www.nfl.com/image/upload/f_auto,q_auto/league/grkovrh00bnekyi46niz",2025,REG,NO,11,0,0,0,0,0,0,0,0,0,0,0,0,NA,NA,0,NA,0,0,0,0,0,0,NA,0,0,0,0,0,0,0,0,0,0,NA,0,NA,0,0,0,0,37,1,10,2,4,0,0,0,0,2,0,8,0,0,0,0,0,0,0,0,0,4,26,0,0,0,0,0,0,0,0,NA,NA,0,0,0,0,0,0,0,0,0,0,0,0,NA,NA,NA,0,0,0,0,0,0,0,NA,0,0,0,0,NA,0,0
00-0039861,T.Nubin,Tyler Nubin,SAF,DB,"https://static.www.nfl.com/image/upload/f_auto,q_auto/league/qsakq172gdexg9js8gs1",2025,REG,NYG,10,0,0,0,0,0,0,0,0,0,0,0,0,NA,NA,0,NA,0,0,0,0,0,0,NA,0,0,0,0,0,0,0,0,0,0,NA,0,NA,0,0,0,0,34,1,23,4,6,0,0,0,0,0,0,1,0,0,0,0,0,0,0,0,0,1,5,0,0,0,0,0,0,0,0,NA,NA,0,0,0,0,0,0,0,0,0,0,0,0,NA,NA,NA,0,0,0,0,0,0,0,NA,0,0,0,0,NA,0,0
00-0039864,D.Taylor-Demerson,Dadrion Taylor-Demerson,SAF,DB,"https://static.www.nfl.com/image/upload/f_auto,q_auto/league/sowjjszg6dsa2welwenx",2025,REG,ARI,9,0,0,0,0,0,0,0,0,0,0,0,0,NA,NA,0,NA,0,0,0,0,0,0,NA,0,0,0,0,0,0,0,0,0,0,NA,0,NA,0,0,0,0,20,1,15,0,0,0,0,0,0,2,18,5,0,1,0,0,0,0,0,0,0,0,0,0,0,0,0,0,0,0,0,NA,NA,0,0,0,0,0,0,0,0,0,0,0,0,NA,NA,NA,0,0,0,0,0,0,0,NA,0,0,0,0,NA,0,0
00-0039867,J.Bullard,Javon Bullard,SAF,DB,"https://static.www.nfl.com/image/upload/f_auto,q_auto/league/vag7xsajiqpambybsapn",2025,REG,GB,11,0,0,0,0,0,0,0,0,0,0,0,0,NA,NA,0,NA,0,0,0,0,0,0,NA,0,0,0,0,0,0,0,0,0,0,NA,0,NA,0,0,0,0,32,2,20,2,7,0,0,0,0,0,0,2,0,0,0,0,0,0,1,1,0,4,30,0,0,0,0,0,0,0,0,NA,NA,0,0,0,0,0,0,0,0,0,0,0,0,NA,NA,NA,0,0,0,0,0,0,0,NA,0,0,0,0,NA,0,0
00-0039868,T.Franklin,Troy Franklin,WR,WR,"https://static.www.nfl.com/image/upload/f_auto,q_auto/league/belpdlyoda8cmzbvjkqh",2025,REG,DEN,11,0,0,0,0,0,0,0,0,0,0,0,0,NA,NA,0,NA,4,9,0,0,0,2,-1.3027164463419467,0,46,81,509,5,1,1,1139,224,24,-0.2332658412484765,3,0.44688323090430204,0.22070844686648503,0.369925300422215,0.590010380595278,0,1,0,0,0,0,0,0,0,0,0,0,0,0,0,0,0,0,0,0,0,0,3,25,0,0,0,0,0,0,0,0,NA,NA,0,0,0,0,0,0,0,0,0,0,0,0,NA,NA,NA,0,0,0,0,0,0,0,NA,0,0,0,0,NA,85.80000000000001,131.8
00-0039871,T.Fautanu,Troy Fautanu,OT,OL,"https://static.www.nfl.com/image/upload/f_auto,q_auto/league/a9cndfqf5alglid0muel",2025,REG,PIT,2,0,0,0,0,0,0,0,0,0,0,0,0,NA,NA,0,NA,0,0,0,0,0,0,NA,0,0,0,0,0,0,0,0,0,0,NA,0,NA,0,0,0,0,0,0,0,0,0,0,0,0,0,0,0,0,0,0,0,0,0,0,0,0,0,2,14,0,0,0,0,0,0,0,0,NA,NA,0,0,0,0,0,0,0,0,0,0,0,0,NA,NA,NA,0,0,0,0,0,0,0,NA,0,0,0,0,NA,0,0
00-0039872,C.Bishop,Cole Bishop,SAF,DB,"https://static.www.nfl.com/image/upload/f_auto,q_auto/league/xvpwenwn8smwotkdso3a",2025,REG,BUF,11,0,0,0,0,0,0,0,0,0,0,0,0,NA,NA,0,NA,0,0,0,0,0,0,NA,0,0,0,0,0,0,0,0,0,0,NA,0,NA,0,0,0,0,39,1,21,3,16,0,2,10,2,3,16,7,0,0,0,0,0,0,0,0,0,3,35,0,0,0,0,0,0,0,0,NA,NA,0,0,0,0,0,0,0,0,0,0,0,0,NA,NA,NA,0,0,0,0,0,0,0,NA,0,0,0,0,NA,0,0
00-0039874,J.Wright,Jaylen Wright,RB,RB,"https://static.www.nfl.com/image/upload/f_auto,q_auto/league/i3wlfgqsynl7qaa4tsqw",2025,REG,MIA,3,0,0,0,0,0,0,0,0,0,0,0,0,NA,NA,0,NA,15,49,0,0,0,2,-2.604021182458382,0,1,1,0,0,0,0,-3,3,0,-3.3889502391102724,0,-0,0.003125,-0.0013351134846461949,0.0037529205607476643,0,0,0,0,0,0,0,0,0,0,0,0,0,0,0,0,0,0,0,0,0,0,0,0,0,0,0,0,0,0,0,0,NA,NA,0,0,0,0,0,0,0,0,0,0,0,0,NA,NA,NA,0,0,0,0,0,0,0,NA,0,0,0,0,NA,4.9,5.9
00-0039875,R.Davis,Ray Davis,RB,RB,"https://static.www.nfl.com/image/upload/f_auto,q_auto/league/pm9llppbueodtjjj9u8l",2025,REG,BUF,11,0,0,0,0,0,0,0,0,0,0,0,0,NA,NA,0,NA,24,44,0,0,0,2,-6.693709610437509,0,4,7,18,1,0,0,4,28,2,-0.9338009678176604,0,4.5,0.021604938271604937,0.0015355086372360845,0.03348226345347267,1,0,0,1,0,0,0,0,0,0,0,0,0,0,0,0,0,0,0,0,0,0,0,0,0,0,14,482,0,0,0,0,NA,NA,0,0,0,0,0,0,0,0,0,0,0,0,NA,NA,NA,0,0,0,0,0,0,0,NA,0,0,0,0,NA,18.2,22.2
00-0039879,J.Solomon,Javon Solomon,DE,DL,"https://static.www.nfl.com/image/upload/f_auto,q_auto/league/a4ytbrhlefwr3ri8ruwu",2025,REG,BUF,9,0,0,0,0,0,0,0,0,0,0,0,0,NA,NA,0,NA,0,0,0,0,0,0,NA,0,0,0,0,0,0,0,0,0,0,NA,0,NA,0,0,0,0,5,0,6,1,4,0,1,4,2,0,0,0,0,0,0,0,0,0,0,0,0,3,27,0,0,0,0,0,0,0,0,NA,NA,0,0,0,0,0,0,0,0,0,0,0,0,NA,NA,NA,0,0,0,0,0,0,0,NA,0,0,0,0,NA,0,0
00-0039880,M.Washington,Malik Washington,WR,WR,"https://static.www.nfl.com/image/upload/f_auto,q_auto/league/kwcgtsbpd0rpwsgq2npe",2025,REG,MIA,11,0,0,0,0,0,0,0,0,0,0,0,0,NA,NA,0,NA,13,78,0,1,1,3,-3.290257259912323,0,33,47,234,2,0,0,217,184,12,-5.574117279829331,0,1.0783410138248848,0.146875,0.09657320872274143,0.287913746105919,1,2,0,0,0,0,0,0,0,0,0,0,0,0,0,0,0,0,0,0,0,0,1,5,14,207,25,662,0,0,0,0,NA,NA,0,0,0,0,0,0,0,0,0,0,0,0,NA,NA,NA,0,0,0,0,0,0,0,NA,0,0,0,0,NA,47.2,80.2
00-0039884,T.Washington,Tahj Washington,WR,WR,"https://static.www.nfl.com/image/upload/f_auto,q_auto/league/homslu3sftjfqqnrcmt5",2025,REG,MIA,1,0,0,0,0,0,0,0,0,0,0,0,0,NA,NA,0,NA,0,0,0,0,0,0,NA,0,1,2,11,0,1,1,56,6,0,-6.173302519717254,0,0.19642857142857142,0.00625,0.024922118380062305,0.026820482866043615,0,0,0,1,0,0,0,0,0,0,0,0,0,0,0,0,0,0,0,0,0,0,0,0,0,0,0,0,0,0,0,0,NA,NA,0,0,0,0,0,0,0,0,0,0,0,0,NA,NA,NA,0,0,0,0,0,0,0,NA,0,0,0,0,NA,-0.8999999999999999,0.10000000000000009
00-0039886,T.Sweat,T'Vondre Sweat,DT,DL,"https://static.www.nfl.com/image/upload/f_auto,q_auto/league/kltw5qbkonldsneuvjrz",2025,REG,TEN,6,0,0,0,0,0,0,0,0,0,0,0,0,NA,NA,0,NA,0,0,0,0,0,0,NA,0,0,0,0,0,0,0,0,0,0,NA,0,NA,0,0,0,0,7,2,7,4,13,0,2,10,1,0,0,1,0,0,0,0,0,0,0,0,0,0,0,0,0,0,0,0,0,0,0,NA,NA,0,0,0,0,0,0,0,0,0,0,0,0,NA,NA,NA,0,0,0,0,0,0,0,NA,0,0,0,0,NA,0,0
00-0039888,Q.Mitchell,Quinyon Mitchell,CB,DB,"https://static.www.nfl.com/image/upload/f_auto,q_auto/league/kkniksj5urk8jm7pzd1f",2025,REG,PHI,11,0,0,0,0,0,0,0,0,0,0,0,0,NA,NA,0,NA,0,0,0,0,0,0,NA,0,0,0,0,0,0,0,0,0,0,NA,0,NA,0,0,0,0,27,0,8,0,0,0,0,0,0,0,0,13,0,0,0,0,0,0,1,1,0,4,59,0,0,0,0,0,0,0,0,NA,NA,0,0,0,0,0,0,0,0,0,0,0,0,NA,NA,NA,0,0,0,0,0,0,0,NA,0,0,0,0,NA,0,0
00-0039889,M.Smith,Maason Smith,DT,DL,"https://static.www.nfl.com/image/upload/f_auto,q_auto/league/zornbxwkgz44oi2jwts8",2025,REG,JAX,8,0,0,0,0,0,0,0,0,0,0,0,0,NA,NA,0,NA,0,0,0,0,0,0,NA,0,0,0,0,0,0,0,0,0,0,NA,0,NA,0,0,0,0,3,0,8,0,0,0,0,0,0,0,0,1,0,0,0,0,0,0,0,0,0,2,16,0,0,0,0,0,0,0,0,NA,NA,0,0,0,0,0,0,0,0,0,0,0,0,NA,NA,NA,0,0,0,0,0,0,0,NA,0,0,0,0,NA,0,0
00-0039890,A.Mitchell,Adonai Mitchell,WR,WR,"https://static.www.nfl.com/image/upload/f_auto,q_auto/league/hwwacoa3pqapd7pgahfx",2025,REG,NYJ,10,0,0,0,0,0,0,0,0,0,0,0,0,NA,NA,0,NA,0,0,0,0,0,0,NA,0,12,29,204,0,1,1,544,65,6,-8.085723621344693,0,0.375,0.08405797101449275,0.1898778359511344,0.2590014416875332,0,2,0,0,0,0,0,0,0,0,0,0,0,0,0,0,0,0,0,0,0,0,1,10,0,0,0,0,0,0,0,0,NA,NA,0,0,0,0,0,0,0,0,0,0,0,0,NA,NA,NA,0,0,0,0,0,0,0,NA,0,0,0,0,NA,18.400000000000002,30.400000000000002
00-0039893,B.Thomas,Brian Thomas Jr.,WR,WR,"https://static.www.nfl.com/image/upload/f_auto,q_auto/league/plnekkriys4cm11rnxwl",2025,REG,JAX,8,0,0,0,0,0,0,0,0,0,0,0,0,NA,NA,0,NA,2,16,1,0,0,2,2.823545120889321,0,30,60,420,1,0,0,771,112,19,-0.024153950938814006,0,0.5447470817120622,0.16666666666666666,0.25760106916137654,0.4303207484129635,0,1,0,0,0,0,0,0,0,0,0,0,0,0,0,0,0,0,0,0,0,0,1,10,0,0,0,0,0,0,0,0,NA,NA,0,0,0,0,0,0,0,0,0,0,0,0,NA,NA,NA,0,0,0,0,0,0,0,NA,0,0,0,0,NA,55.6,85.6
00-0039894,X.Worthy,Xavier Worthy,WR,WR,"https://static.www.nfl.com/image/upload/f_auto,q_auto/league/ue6fp8xwnyo7ftvabbb8",2025,REG,KC,9,0,0,0,0,0,0,0,0,0,0,0,0,NA,NA,0,NA,7,73,0,0,0,3,4.548162111255806,0,31,53,340,1,0,0,689,119,15,8.634851055065182,0,0.4934687953555878,0.13730569948186527,0.2083459328696704,0.3518007022315672,0,1,0,0,0,0,0,0,0,0,0,0,0,0,0,0,0,1,1,0,0,0,0,0,0,0,0,0,0,0,0,0,NA,NA,0,0,0,0,0,0,0,0,0,0,0,0,NA,NA,NA,0,0,0,0,0,0,0,NA,0,0,0,0,NA,47.300000000000004,78.30000000000001
00-0039895,M.Hall,Mike Hall Jr.,DT,DL,"https://static.www.nfl.com/image/upload/f_auto,q_auto/league/ykpxjvmielzqpguubka1",2025,REG,CLE,2,0,0,0,0,0,0,0,0,0,0,0,0,NA,NA,0,NA,0,0,0,0,0,0,NA,0,0,0,0,0,0,0,0,0,0,NA,0,NA,0,0,0,0,3,0,2,2,14,0,1.5,13,4,0,0,0,0,0,0,0,0,0,0,0,0,0,0,0,0,0,0,0,0,0,0,NA,NA,0,0,0,0,0,0,0,0,0,0,0,0,NA,NA,NA,0,0,0,0,0,0,0,NA,0,0,0,0,NA,0,0
00-0039896,Z.Frazier,Zach Frazier,C,OL,"https://static.www.nfl.com/image/upload/f_auto,q_auto/league/oxuh5tbhz1n1f1mjysql",2025,REG,PIT,3,0,0,0,0,0,0,0,0,0,0,0,0,NA,NA,0,NA,0,0,0,0,0,0,NA,0,0,0,0,0,0,0,0,0,0,NA,0,NA,0,0,0,0,1,0,0,0,0,0,0,0,0,0,0,0,0,0,0,0,0,0,0,0,0,2,20,0,0,0,0,0,0,0,0,NA,NA,0,0,0,0,0,0,0,0,0,0,0,0,NA,NA,NA,0,0,0,0,0,0,0,NA,0,0,0,0,NA,0,0
00-0039897,J.Alt,Joe Alt,OT,OL,"https://static.www.nfl.com/image/upload/f_auto,q_auto/league/q9fywrpehvxy7sdpgacs",2025,REG,LAC,1,0,0,0,0,0,0,0,0,0,0,0,0,NA,NA,0,NA,0,0,0,0,0,0,NA,0,0,0,0,0,0,0,0,0,0,NA,0,NA,0,0,0,0,0,0,0,0,0,0,0,0,0,0,0,0,0,0,0,0,0,0,0,0,0,1,5,0,0,0,0,0,0,0,0,NA,NA,0,0,0,0,0,0,0,0,0,0,0,0,NA,NA,NA,0,0,0,0,0,0,0,NA,0,0,0,0,NA,0,0
00-0039898,M.Sainristil,Mike Sainristil,CB,DB,"https://static.www.nfl.com/image/upload/f_auto,q_auto/league/udlw8qhbduz4z49jv3jm",2025,REG,WAS,11,0,0,0,0,0,0,0,0,0,0,0,0,NA,NA,0,NA,0,0,0,0,0,0,NA,0,0,0,0,0,0,0,0,0,0,NA,0,NA,0,0,0,0,29,0,24,0,0,0,0,0,0,3,23,7,0,1,0,0,0,0,0,0,0,2,10,1,0,0,0,0,0,0,0,NA,NA,0,0,0,0,0,0,0,0,0,0,0,0,NA,NA,NA,0,0,0,0,0,0,0,NA,0,0,0,0,NA,0,0
00-0039899,P.Paul,Patrick Paul,OT,OL,"https://static.www.nfl.com/image/upload/f_auto,q_auto/league/obt8tnqeeoks0ubhcxgn",2025,REG,MIA,3,0,0,0,0,0,0,0,0,0,0,0,0,NA,NA,0,NA,0,0,0,0,0,0,NA,0,0,0,0,0,0,0,0,0,0,NA,0,NA,0,0,0,0,0,0,0,0,0,0,0,0,0,0,0,0,0,0,0,0,1,1,0,0,0,4,25,0,0,0,0,0,0,0,0,NA,NA,0,0,0,0,0,0,0,0,0,0,0,0,NA,NA,NA,0,0,0,0,0,0,0,NA,0,0,0,0,NA,0,0
00-0039900,M.Kneeland,Marshawn Kneeland,DE,DL,"https://static.www.nfl.com/image/upload/f_auto,q_auto/league/ghcwtmz5knxwpnddbymm",2025,REG,DAL,7,0,0,0,0,0,0,0,0,0,0,0,0,NA,NA,0,NA,0,0,0,0,0,0,NA,0,0,0,0,0,0,0,0,0,0,NA,0,NA,0,0,0,1,6,0,6,3,20,0,1,8,1,0,0,0,0,0,0,0,0,0,0,0,0,0,0,0,0,0,0,0,0,0,0,NA,NA,0,0,0,0,0,0,0,0,0,0,0,0,NA,NA,NA,0,0,0,0,0,0,0,NA,0,0,0,0,NA,6,6
00-0039901,K.Coleman,Keon Coleman,WR,WR,"https://static.www.nfl.com/image/upload/f_auto,q_auto/league/f3cx4kmpdmqftr79ueiv",2025,REG,BUF,9,0,0,0,0,0,0,0,0,0,0,0,0,NA,NA,0,NA,0,0,0,0,0,0,NA,0,32,49,330,3,1,1,576,59,22,4.849382668064441,0,0.5729166666666666,0.15123456790123457,0.22111324376199615,0.38163112248524916,0,1,0,0,0,0,0,0,0,0,0,0,0,0,0,0,0,0,0,0,0,0,1,10,1,6,0,0,0,0,0,0,NA,NA,0,0,0,0,0,0,0,0,0,0,0,0,NA,NA,NA,0,0,0,0,0,0,0,NA,0,0,0,0,NA,49,81
00-0039902,C.Braswell,Chris Braswell,LB,LB,"https://static.www.nfl.com/image/upload/f_auto,q_auto/league/u5abg52apl8dtgthu80k",2025,REG,TB,9,0,0,0,0,0,0,0,0,0,0,0,0,NA,NA,0,NA,0,0,0,0,0,0,NA,0,0,0,0,0,0,0,0,0,0,NA,0,NA,0,0,0,0,14,0,6,1,15,0,0,0,3,0,0,0,0,0,0,0,0,0,0,0,0,3,9,0,0,0,0,0,0,0,0,NA,NA,0,0,0,0,0,0,0,0,0,0,0,0,NA,NA,NA,0,0,0,0,0,0,0,NA,0,0,0,0,NA,0,0
00-0039903,T.Arnold,Terrion Arnold,CB,DB,"https://static.www.nfl.com/image/upload/f_auto,q_auto/league/h3rbtalyoblh2szat9qc",2025,REG,DET,7,0,0,0,0,0,0,0,0,0,0,0,0,NA,NA,0,NA,0,0,0,0,0,0,NA,0,0,0,0,0,0,0,0,0,0,NA,0,NA,0,0,0,0,19,0,8,0,0,0,0,0,0,1,0,8,0,0,0,0,0,0,0,0,0,3,23,0,0,0,0,0,0,0,0,NA,NA,0,0,0,0,0,0,0,0,0,0,0,0,NA,NA,NA,0,0,0,0,0,0,0,NA,0,0,0,0,NA,0,0
00-0039904,J.Morgan,Jordan Morgan,OT,OL,"https://static.www.nfl.com/image/upload/f_auto,q_auto/league/g4afet48rjhc2wdcbu7l",2025,REG,GB,2,0,0,0,0,0,0,0,0,0,0,0,0,NA,NA,0,NA,0,0,0,0,0,0,NA,0,0,0,0,0,0,0,0,0,0,NA,0,NA,0,0,0,0,0,0,0,0,0,0,0,0,0,0,0,0,0,0,0,0,0,0,0,0,0,3,20,0,0,0,0,0,0,0,0,NA,NA,0,0,0,0,0,0,0,0,0,0,0,0,NA,NA,NA,0,0,0,0,0,0,0,NA,0,0,0,0,NA,0,0
00-0039905,G.Barton,Graham Barton,C,OL,"https://static.www.nfl.com/image/upload/f_auto,q_auto/league/n5msbiirsuzkgu63vfrf",2025,REG,TB,5,0,0,0,0,0,0,0,0,0,0,0,0,NA,NA,0,NA,0,0,0,0,0,0,NA,0,0,0,0,0,0,0,0,0,0,NA,0,NA,0,0,0,0,2,0,0,0,0,0,0,0,0,0,0,0,0,0,0,0,1,2,0,0,0,2,20,0,0,0,0,0,0,0,0,NA,NA,0,0,0,0,0,0,0,0,0,0,0,0,NA,NA,NA,0,0,0,0,0,0,0,NA,0,0,0,0,NA,0,0
00-0039906,J.Newton,Jer'Zhan Newton,DT,DL,"https://static.www.nfl.com/image/upload/f_auto,q_auto/league/hgrxkwfkaiozsegi9sbp",2025,REG,WAS,10,0,0,0,0,0,0,0,0,0,0,0,0,NA,NA,0,NA,0,0,0,0,0,0,NA,0,0,0,0,0,0,0,0,0,0,NA,0,NA,0,0,0,0,11,1,11,2,11,1,2,20,4,0,0,1,0,0,0,0,0,0,0,0,0,1,15,0,0,0,0,0,0,0,0,NA,NA,0,0,0,0,0,0,0,0,0,0,0,0,NA,NA,NA,0,0,0,0,0,0,0,NA,0,0,0,0,NA,0,0
00-0039908,K.Jenkins,Kris Jenkins,DT,DL,"https://static.www.nfl.com/image/upload/f_auto,q_auto/league/nuyy0laahr8mf5dojflu",2025,REG,CIN,10,0,0,0,0,0,0,0,0,0,0,0,0,NA,NA,0,NA,0,0,0,0,0,0,NA,0,0,0,0,0,0,0,0,0,0,NA,0,NA,0,0,0,0,15,0,15,2,6,0,1.5,9,3,0,0,1,0,0,0,0,0,0,0,0,0,1,1,0,0,0,0,0,0,0,0,NA,NA,0,0,0,0,0,0,0,0,0,0,0,0,NA,NA,NA,0,0,0,0,0,0,0,NA,0,0,0,0,NA,0,0
00-0039910,J.Daniels,Jayden Daniels,QB,QB,"https://static.www.nfl.com/image/upload/f_auto,q_auto/league/vrdweg39v1ay4zoc0lgp",2025,REG,WAS,6,105,168,1184,8,2,17,-78,2,1,1329,524,55,5.434655027336895,-1.2165918003154677,1,0.890895410082769,54,262,2,1,1,14,2.4008718896512873,0,0,0,0,0,0,0,0,0,0,NA,0,NA,0,0,0,0,1,0,0,0,0,0,0,0,0,0,0,0,0,0,0,0,1,2,0,0,0,2,20,0,0,0,0,0,0,0,0,NA,NA,0,0,0,0,0,0,0,0,0,0,0,0,NA,NA,NA,0,0,0,0,0,0,0,NA,0,0,0,0,NA,111.56,111.56
00-0039911,C.Robinson,Chop Robinson,LB,LB,"https://static.www.nfl.com/image/upload/f_auto,q_auto/league/ewtuqjaehnnkdo1qcwfl",2025,REG,MIA,7,0,0,0,0,0,0,0,0,0,0,0,0,NA,NA,0,NA,0,0,0,0,0,0,NA,0,0,0,0,0,0,0,0,0,0,NA,0,NA,0,0,0,0,6,0,3,2,6,0,1,5,2,0,0,0,0,0,0,0,0,0,0,0,0,1,14,0,0,0,0,0,0,0,0,NA,NA,0,0,0,0,0,0,0,0,0,0,0,0,NA,NA,NA,0,0,0,0,0,0,0,NA,0,0,0,0,NA,0,0
00-0039912,B.Sinnott,Ben Sinnott,TE,TE,"https://static.www.nfl.com/image/upload/f_auto,q_auto/league/zwjmu9wyutlpkace9ukf",2025,REG,WAS,4,0,0,0,0,0,0,0,0,0,0,0,0,NA,NA,0,NA,0,0,0,0,0,0,NA,0,3,3,33,1,0,0,11,22,2,3.8869867775356397,0,3,0.010309278350515464,0.0042884990253411305,0.018465866843511987,0,0,0,0,0,0,0,0,0,0,0,0,0,0,0,0,0,0,0,0,0,0,2,20,0,0,0,0,0,0,0,0,NA,NA,0,0,0,0,0,0,0,0,0,0,0,0,NA,NA,NA,0,0,0,0,0,0,0,NA,0,0,0,0,NA,9.3,12.3
00-0039913,B.Coleman,Brandon Coleman,OT,OL,"https://static.www.nfl.com/image/upload/f_auto,q_auto/league/u80ymxkfqhyx08gofhbj",2025,REG,WAS,1,0,0,0,0,0,0,0,0,0,0,0,0,NA,NA,0,NA,0,0,0,0,0,0,NA,0,0,0,0,0,0,0,0,0,0,NA,0,NA,0,0,0,0,0,0,0,0,0,0,0,0,0,0,0,0,0,0,0,0,0,0,0,0,0,1,1,0,0,0,0,0,0,0,0,NA,NA,0,0,0,0,0,0,0,0,0,0,0,0,NA,NA,NA,0,0,0,0,0,0,0,NA,0,0,0,0,NA,0,0
00-0039915,L.McConkey,Ladd McConkey,WR,WR,"https://static.www.nfl.com/image/upload/f_auto,q_auto/league/qsvdiebsa34jtkcrjpju",2025,REG,LAC,11,0,0,0,0,0,0,0,0,0,0,0,0,NA,NA,0,NA,0,0,0,0,0,0,NA,0,54,84,644,4,0,0,746,269,29,10.508116289773312,0,0.8632707774798928,0.22281167108753316,0.2541737649063032,0.512139142065712,0,1,0,0,0,0,0,0,0,0,0,0,0,0,0,0,0,0,0,0,0,0,3,30,1,10,0,0,0,0,0,0,NA,NA,0,0,0,0,0,0,0,0,0,0,0,0,NA,NA,NA,0,0,0,0,0,0,0,NA,0,0,0,0,NA,88.4,142.4
00-0039916,R.Pearsall,Ricky Pearsall,WR,WR,"https://static.www.nfl.com/image/upload/f_auto,q_auto/league/ko3lwlcfkxaykcspt4nw",2025,REG,SF,6,0,0,0,0,0,0,0,0,0,0,0,0,NA,NA,0,NA,2,-2,0,0,0,0,-1.6721444784780033,0,23,35,333,0,0,0,532,30,18,9.06106491695482,0,0.6259398496240601,0.08620689655172414,0.17312072892938496,0.25049485507815566,0,1,0,0,0,0,0,0,0,0,0,0,0,0,0,0,0,0,0,0,0,0,0,0,0,0,0,0,0,0,0,0,NA,NA,0,0,0,0,0,0,0,0,0,0,0,0,NA,NA,NA,0,0,0,0,0,0,0,NA,0,0,0,0,NA,33.1,56.1
00-0039917,M.Penix,Michael Penix Jr.,QB,QB,"https://static.www.nfl.com/image/upload/f_auto,q_auto/league/azvyjzp2sa8cnljbp3i7",2025,REG,ATL,9,166,276,1982,9,3,13,-101,3,2,2300,888,99,5.139894674856959,-3.619667594179961,1,0.8617391304347826,21,70,1,1,0,6,7.111840018449584,0,0,0,0,0,0,0,0,0,0,NA,0,NA,0,0,0,0,0,0,0,0,0,0,0,0,0,0,0,0,0,0,0,0,2,3,0,0,0,3,38,0,0,0,0,0,0,0,0,NA,NA,0,0,0,0,0,0,0,0,0,0,0,0,NA,NA,NA,0,0,0,0,0,0,0,NA,0,0,0,0,NA,120.28,120.28
00-0039918,C.Williams,Caleb Williams,QB,QB,"https://static.www.nfl.com/image/upload/f_auto,q_auto/league/h4qs11kutwiw7whekmyt",2025,REG,CHI,11,213,360,2568,16,4,17,-116,1,1,3180,1260,117,22.99117157015657,-4.240688489891636,0,0.8075471698113208,56,293,3,5,0,22,-0.7231100226813219,0,2,2,22,1,0,0,-3,25,2,5.277009675628506,0,0,0.005747126436781609,-9.302325581395349e-4,0.00796952686447474,0,0,0,0,0,0,0,0,0,0,0,0,0,0,0,0,0,3,7,0,0,0,3,34,0,0,0,0,0,0,0,0,NA,NA,0,0,0,0,0,0,0,0,0,0,0,0,NA,NA,NA,0,0,0,0,0,0,0,NA,0,0,0,0,NA,212.22,214.22
00-0039919,R.Odunze,Rome Odunze,WR,WR,"https://static.www.nfl.com/image/upload/f_auto,q_auto/league/yqjdhpsno75du0n72u4w",2025,REG,CHI,11,0,0,0,0,0,0,0,0,0,0,0,0,NA,NA,0,NA,0,0,0,0,0,0,NA,0,42,84,653,6,0,0,1195,213,36,23.310396249317684,0,0.5464435146443515,0.2413793103448276,0.3705426356589147,0.6214488104784817,0,0,0,0,0,0,0,0,0,0,0,0,0,0,0,0,0,1,1,0,0,0,2,10,0,0,0,0,0,0,0,0,NA,NA,0,0,0,0,0,0,0,0,0,0,0,0,NA,NA,NA,0,0,0,0,0,0,0,NA,0,0,0,0,NA,101.3,143.3
00-0039920,M.Corley,Malachi Corley,WR,WR,"https://static.www.nfl.com/image/upload/f_auto,q_auto/league/lay1p8pvwrglmqorc6ev",2025,REG,CLE,6,0,0,0,0,0,0,0,0,0,0,0,0,NA,NA,0,NA,5,68,0,0,0,4,4.746321635437198,0,5,6,34,0,0,0,-11,39,1,-1.1554121777880937,0,0,0.016713091922005572,-0.004313725490196078,0.022050030039871105,0,1,0,1,0,0,0,0,0,0,0,0,0,0,0,0,0,0,0,0,0,0,0,0,0,0,11,267,0,0,0,0,NA,NA,0,0,0,0,0,0,0,0,0,0,0,0,NA,NA,NA,0,0,0,0,0,0,0,NA,0,0,0,0,NA,10.200000000000001,15.200000000000001
00-0039921,T.Benson,Trey Benson,RB,RB,"https://static.www.nfl.com/image/upload/f_auto,q_auto/league/x2bxb0fd54ffwwdu5scz",2025,REG,ARI,4,0,0,0,0,0,0,0,0,0,0,0,0,NA,NA,0,NA,29,160,0,0,0,4,-0.20821796857320085,0,13,16,64,0,0,0,-22,73,2,-8.073343051290212,0,-2.909090909090909,0.03940886699507389,-0.007335778592864288,0.05397825547760583,0,0,0,0,0,0,0,0,0,0,0,0,0,0,0,0,0,0,0,1,1,0,0,0,0,0,0,0,0,0,0,0,NA,NA,0,0,0,0,0,0,0,0,0,0,0,0,NA,NA,NA,0,0,0,0,0,0,0,NA,0,0,0,0,NA,22.400000000000002,35.400000000000006
00-0039923,J.McCarthy,J.J. McCarthy,QB,QB,"https://static.www.nfl.com/image/upload/f_auto,q_auto/league/omybnfokapjw6jwb5dd3",2025,REG,MIN,6,86,159,929,6,10,20,-112,1,1,1494,360,42,-74.61906226287195,-8.655422493334731,1,0.6218206157965194,23,120,2,3,0,9,2.2222562135430053,0,0,0,0,0,0,0,0,0,0,NA,0,NA,0,0,0,0,0,0,0,0,0,0,0,0,0,0,0,0,0,0,0,0,4,6,0,0,0,1,5,0,0,0,0,0,0,0,0,NA,NA,0,0,0,0,0,0,0,0,0,0,0,0,NA,NA,NA,0,0,0,0,0,0,0,NA,0,0,0,0,NA,65.16,65.16
00-0039924,D.Turner,Dallas Turner,LB,LB,"https://static.www.nfl.com/image/upload/f_auto,q_auto/league/ytexkn6nluavjbwmknrv",2025,REG,MIN,11,0,0,0,0,0,0,0,0,0,0,0,0,NA,NA,0,NA,0,0,0,0,0,0,NA,0,0,0,0,0,0,0,0,0,0,NA,0,NA,0,0,0,0,16,0,25,6,22,0,3.5,16.5,9,0,0,2,0,0,0,0,0,0,0,0,0,3,37,0,0,0,0,0,0,0,0,NA,NA,0,0,0,0,0,0,0,0,0,0,0,0,NA,NA,NA,0,0,0,0,0,0,0,NA,0,0,0,0,NA,0,0
00-0039925,A.Mims,Amarius Mims,OT,OL,"https://static.www.nfl.com/image/upload/f_auto,q_auto/league/ac9cfdykktbm8xs4dwy6",2025,REG,CIN,5,0,0,0,0,0,0,0,0,0,0,0,0,NA,NA,0,NA,0,0,0,0,0,0,NA,0,0,0,0,0,0,0,0,0,0,NA,0,NA,0,0,0,0,1,0,1,0,0,0,0,0,0,0,0,0,0,0,0,0,0,0,0,0,0,3,14,0,0,0,0,0,0,0,0,NA,NA,0,0,0,0,0,0,0,0,0,0,0,0,NA,NA,NA,0,0,0,0,0,0,0,NA,0,0,0,0,NA,0,0
00-0039926,J.Sundell,Jalen Sundell,C,OL,"https://static.www.nfl.com/image/upload/f_auto,q_auto/league/ymw1mlr8v9aihxcb7ltm",2025,REG,SEA,3,0,0,0,0,0,0,0,0,0,0,0,0,NA,NA,0,NA,0,0,0,0,0,0,NA,0,0,0,0,0,0,0,0,0,0,NA,0,NA,0,0,0,0,0,0,0,0,0,0,0,0,0,0,0,0,0,0,0,0,0,0,0,0,0,3,25,0,0,0,0,0,0,0,0,NA,NA,0,0,0,0,0,0,0,0,0,0,0,0,NA,NA,NA,0,0,0,0,0,0,0,NA,0,0,0,0,NA,0,0
00-0039934,J.McAtamney,Jude McAtamney,K,SPEC,"https://static.www.nfl.com/image/upload/f_auto,q_auto/league/k4klhpsp9mlcrpd8kcst",2025,REG,NYG,4,0,0,0,0,0,0,0,0,0,0,0,0,NA,NA,0,NA,0,0,0,0,0,0,NA,0,0,0,0,0,0,0,0,0,0,NA,0,NA,0,0,0,0,0,0,0,0,0,0,0,0,0,0,0,0,0,0,0,0,0,0,0,0,0,0,0,0,0,0,0,2,2,0,0,31,1,0,1,1,0,0,0,0,0,0,0,0,0,22;31,NA,NA,53,0,0,9,12,3,0,0.75,0,0,0,0,NA,0,0
00-0039944,J.Sheriff,Jamie Sheriff,LB,LB,"https://static.www.nfl.com/image/upload/f_auto,q_auto/league/e28cwk7tjf3r8uakkj1a",2025,REG,SEA,1,0,0,0,0,0,0,0,0,0,0,0,0,NA,NA,0,NA,0,0,0,0,0,0,NA,0,0,0,0,0,0,0,0,0,0,NA,0,NA,0,0,0,0,1,0,0,0,0,0,0,0,0,0,0,0,0,0,0,0,0,0,0,0,0,0,0,0,0,0,0,0,0,0,0,NA,NA,0,0,0,0,0,0,0,0,0,0,0,0,NA,NA,NA,0,0,0,0,0,0,0,NA,0,0,0,0,NA,0,0
00-0040007,T.Booker,Tyler Booker,G,OL,"https://static.www.nfl.com/image/upload/f_auto,q_auto/league/azivrh3fiumeisv0deyi",2025,REG,DAL,4,0,0,0,0,0,0,0,0,0,0,0,0,NA,NA,0,NA,0,0,0,0,0,0,NA,0,0,0,0,0,0,0,0,0,0,NA,0,NA,0,0,0,0,0,0,0,0,0,0,0,0,0,0,0,0,0,0,0,0,0,0,0,0,0,4,45,0,0,0,0,0,0,0,0,NA,NA,0,0,0,0,0,0,0,0,0,0,0,0,NA,NA,NA,0,0,0,0,0,0,0,NA,0,0,0,0,NA,0,0
00-0040008,S.Revel,Shavon Revel Jr.,CB,DB,"https://static.www.nfl.com/image/upload/f_auto,q_auto/league/af84hncoicg65gvvainl",2025,REG,DAL,2,0,0,0,0,0,0,0,0,0,0,0,0,NA,NA,0,NA,0,0,0,0,0,0,NA,0,0,0,0,0,0,0,0,0,0,NA,0,NA,0,0,0,0,3,0,0,0,0,0,0,0,0,0,0,0,0,0,0,0,0,0,0,0,0,1,5,0,0,0,0,0,0,0,0,NA,NA,0,0,0,0,0,0,0,0,0,0,0,0,NA,NA,NA,0,0,0,0,0,0,0,NA,0,0,0,0,NA,0,0
00-0040009,S.Williams,Savion Williams,WR,WR,"https://static.www.nfl.com/image/upload/f_auto,q_auto/league/fkhkv59ojmqixfxkzmno",2025,REG,GB,11,0,0,0,0,0,0,0,0,0,0,0,0,NA,NA,0,NA,9,28,0,1,1,1,-7.13571736891754,0,10,10,78,1,0,0,17,61,3,4.625004964240361,0,4.588235294117647,0.03194888178913738,0.0063126624582250275,0.052342186404463587,0,0,0,1,0,0,0,0,0,0,0,0,0,0,0,0,0,0,0,0,0,0,0,0,0,0,25,640,0,0,0,0,NA,NA,0,0,0,0,0,0,0,0,0,0,0,0,NA,NA,NA,0,0,0,0,0,0,0,NA,0,0,0,0,NA,14.600000000000001,24.6
00-0040010,B.Sorrell,Barryn Sorrell,DE,DL,"https://static.www.nfl.com/image/upload/f_auto,q_auto/league/pum0i8kdur90wpfqkypv",2025,REG,GB,5,0,0,0,0,0,0,0,0,0,0,0,0,NA,NA,0,NA,0,0,0,0,0,0,NA,0,0,0,0,0,0,0,0,0,0,NA,0,NA,0,0,0,0,1,0,4,0,0,0,0.5,1,2,0,0,0,0,0,0,0,0,0,0,0,0,0,0,0,0,0,0,0,0,0,0,NA,NA,0,0,0,0,0,0,0,0,0,0,0,0,NA,NA,NA,0,0,0,0,0,0,0,NA,0,0,0,0,NA,0,0
00-0040011,S.James,Shemar James,LB,LB,"https://static.www.nfl.com/image/upload/f_auto,q_auto/league/uskv4glg2yn5ye0fz3yl",2025,REG,DAL,8,0,0,0,0,0,0,0,0,0,0,0,0,NA,NA,0,NA,0,0,0,0,0,0,NA,0,0,0,0,0,0,0,0,0,0,NA,0,NA,0,0,0,0,27,0,31,2,5,1,1,4,4,0,0,0,0,0,0,0,0,0,0,0,0,1,10,0,0,0,0,0,0,0,0,NA,NA,0,0,0,0,0,0,0,0,0,0,0,0,NA,NA,NA,0,0,0,0,0,0,0,NA,0,0,0,0,NA,0,0
00-0040013,S.Mondon,Smael Mondon Jr.,LB,LB,"https://static.www.nfl.com/image/upload/f_auto,q_auto/league/tbyyduioarpumchzmfdj",2025,REG,PHI,4,0,0,0,0,0,0,0,0,0,0,0,0,NA,NA,0,NA,0,0,0,0,0,0,NA,0,0,0,0,0,0,0,0,0,0,NA,0,NA,0,0,0,0,2,0,3,0,0,0,0,0,0,0,0,0,0,0,0,0,0,0,0,0,0,0,0,0,0,0,0,0,0,0,0,NA,NA,0,0,0,0,0,0,0,0,0,0,0,0,NA,NA,NA,0,0,0,0,0,0,0,NA,0,0,0,0,NA,0,0
00-0040016,W.Brinson,Warren Brinson,DT,DL,"https://static.www.nfl.com/image/upload/f_auto,q_auto/league/wbsv4uzbd2wytxysgznq",2025,REG,GB,3,0,0,0,0,0,0,0,0,0,0,0,0,NA,NA,0,NA,0,0,0,0,0,0,NA,0,0,0,0,0,0,0,0,0,0,NA,0,NA,0,0,0,0,3,0,4,0,0,0,0.5,3.5,1,0,0,0,0,0,0,0,0,0,0,0,0,0,0,0,0,0,0,0,0,0,0,NA,NA,0,0,0,0,0,0,0,0,0,0,0,0,NA,NA,NA,0,0,0,0,0,0,0,NA,0,0,0,0,NA,0,0
00-0040019,J.Toia,Jay Toia,DT,DL,"https://static.www.nfl.com/image/upload/f_auto,q_auto/league/qletoidqmfaooqky1ra6",2025,REG,DAL,3,0,0,0,0,0,0,0,0,0,0,0,0,NA,NA,0,NA,0,0,0,0,0,0,NA,0,0,0,0,0,0,0,0,0,0,NA,0,NA,0,0,0,0,1,0,2,0,0,0,0,0,1,0,0,0,0,0,0,0,0,0,0,0,0,1,5,0,0,0,0,0,0,0,0,NA,NA,0,0,0,0,0,0,0,0,0,0,0,0,NA,NA,NA,0,0,0,0,0,0,0,NA,0,0,0,0,NA,0,0
00-0040020,M.Robinson,Micah Robinson,CB,DB,"https://static.www.nfl.com/image/upload/f_auto,q_auto/league/km9fm82gypzf94hhrajh",2025,REG,TEN,2,0,0,0,0,0,0,0,0,0,0,0,0,NA,NA,0,NA,0,0,0,0,0,0,NA,0,0,0,0,0,0,0,0,0,0,NA,0,NA,0,0,0,0,1,0,1,0,0,0,0,0,0,0,0,0,0,0,0,0,0,0,0,0,0,0,0,0,0,0,0,0,0,0,0,NA,NA,0,0,0,0,0,0,0,0,0,0,0,0,NA,NA,NA,0,0,0,0,0,0,0,NA,0,0,0,0,NA,0,0
00-0040024,D.Cooper,Darius Cooper,WR,WR,"https://static.www.nfl.com/image/upload/f_auto,q_auto/league/gafypo1xvg1cbkt7hj6b",2025,REG,PHI,2,0,0,0,0,0,0,0,0,0,0,0,0,NA,NA,0,NA,0,0,0,0,0,0,NA,0,2,2,7,0,0,0,1,6,0,-1.0121981604024768,0,7,0.006825938566552901,3.614022406938923e-4,0.010491889418315076,0,0,0,0,0,0,0,0,0,0,0,0,0,0,0,0,0,0,0,0,0,0,1,4,0,0,0,0,0,0,0,0,NA,NA,0,0,0,0,0,0,0,0,0,0,0,0,NA,NA,NA,0,0,0,0,0,0,0,NA,0,0,0,0,NA,0.7000000000000001,2.7
00-0040039,A.Johnson,Amar Johnson,RB,RB,"https://static.www.nfl.com/image/upload/f_auto,q_auto/league/wnjb3pmx77q3mxvlyjh7",2025,REG,LAC,1,0,0,0,0,0,0,0,0,0,0,0,0,NA,NA,0,NA,2,8,0,0,0,0,-0.05327480402775109,0,0,1,0,0,0,0,-2,0,0,-0.741847567493096,0,-0,0.002652519893899204,-6.814310051107325e-4,0.003501778137271294,0,0,0,0,0,0,0,0,0,0,0,0,0,0,0,0,0,0,0,0,0,0,0,0,0,0,0,0,0,0,0,0,NA,NA,0,0,0,0,0,0,0,0,0,0,0,0,NA,NA,NA,0,0,0,0,0,0,0,NA,0,0,0,0,NA,0.8,0.8
00-0040041,N.Stackhouse,Nazir Stackhouse,DT,DL,"https://static.www.nfl.com/image/upload/f_auto,q_auto/league/wytykm0xlylytd0mjuhv",2025,REG,GB,5,0,0,0,0,0,0,0,0,0,0,0,0,NA,NA,0,NA,0,0,0,0,0,0,NA,0,0,0,0,0,0,0,0,0,0,NA,0,NA,0,0,0,0,2,0,7,0,0,0,0,0,0,0,0,0,0,0,0,0,0,0,0,0,0,0,0,0,0,0,0,0,0,0,0,NA,NA,0,0,0,0,0,0,0,0,0,0,0,0,NA,NA,NA,0,0,0,0,0,0,0,NA,0,0,0,0,NA,0,0
00-0040044,Z.Childress,Zion Childress,CB,DB,"https://static.www.nfl.com/image/upload/f_auto,q_auto/league/ztip0cqmsacdfxfbzp0o",2025,REG,DAL,2,0,0,0,0,0,0,0,0,0,0,0,0,NA,NA,0,NA,0,0,0,0,0,0,NA,0,0,0,0,0,0,0,0,0,0,NA,0,NA,0,0,0,0,0,0,2,0,0,0,0,0,0,0,0,0,0,0,0,0,0,0,0,0,0,0,0,0,0,0,0,0,0,0,0,NA,NA,0,0,0,0,0,0,0,0,0,0,0,0,NA,NA,NA,0,0,0,0,0,0,0,NA,0,0,0,0,NA,0,0
00-0040045,A.Clark,Alijah Clark,SAF,DB,"https://static.www.nfl.com/image/upload/f_auto,q_auto/league/hgngltkqac56xxyijzev",2025,REG,DAL,6,0,0,0,0,0,0,0,0,0,0,0,0,NA,NA,0,NA,0,0,0,0,0,0,NA,0,0,0,0,0,0,0,0,0,0,NA,0,NA,0,0,0,0,8,0,7,0,0,1,0,0,0,0,0,0,0,0,0,0,0,0,0,0,0,1,32,0,0,0,0,0,0,0,0,NA,NA,0,0,0,0,0,0,0,0,0,0,0,0,NA,NA,NA,0,0,0,0,0,0,0,NA,0,0,0,0,NA,0,0
00-0040058,N.Kallerup,Nick Kallerup,TE,TE,"https://static.www.nfl.com/image/upload/f_auto,q_auto/league/ct2o0g6obg4yfb6opzlq",2025,REG,SEA,2,0,0,0,0,0,0,0,0,0,0,0,0,NA,NA,0,NA,0,0,0,0,0,0,NA,0,0,1,0,0,0,0,8,0,0,-0.5554333369946107,0,0,0.0034965034965034965,0.002962962962962963,0.007318829318829319,0,0,0,0,0,0,0,0,0,0,0,0,0,0,0,0,0,0,0,0,0,0,2,20,0,0,0,0,0,0,0,0,NA,NA,0,0,0,0,0,0,0,0,0,0,0,0,NA,NA,NA,0,0,0,0,0,0,0,NA,0,0,0,0,NA,0,0
00-0040061,C.O'Toole,Connor O'Toole,LB,LB,"https://static.www.nfl.com/image/upload/f_auto,q_auto/league/fvrgej9ifncdq5ywexos",2025,REG,SEA,2,0,0,0,0,0,0,0,0,0,0,0,0,NA,NA,0,NA,0,0,0,0,0,0,NA,0,0,0,0,0,0,0,0,0,0,NA,0,NA,0,0,0,0,1,0,1,0,0,0,0,0,0,0,0,0,0,0,0,0,0,0,1,1,0,0,0,0,0,0,0,0,0,0,0,NA,NA,0,0,0,0,0,0,0,0,0,0,0,0,NA,NA,NA,0,0,0,0,0,0,0,NA,0,0,0,0,NA,0,0
00-0040067,J.Wright,Jacardia Wright,RB,RB,"https://static.www.nfl.com/image/upload/f_auto,q_auto/league/tvfxv5q8uxf9k2wosp0q",2025,REG,SEA,1,0,0,0,0,0,0,0,0,0,0,0,0,NA,NA,0,NA,5,20,0,0,0,1,0.04458629240980372,0,0,0,0,0,0,0,0,0,0,NA,0,NA,0,0,0,0,0,0,0,0,0,0,0,0,0,0,0,0,0,0,0,0,0,0,0,0,0,0,0,0,0,0,0,0,0,0,0,NA,NA,0,0,0,0,0,0,0,0,0,0,0,0,NA,NA,NA,0,0,0,0,0,0,0,NA,0,0,0,0,NA,2,2
00-0040069,T.Buchanan,Teddye Buchanan,LB,LB,"https://static.www.nfl.com/image/upload/f_auto,q_auto/league/gdrupqieujvpskzimnbb",2025,REG,BAL,11,0,0,0,0,0,0,0,0,0,0,0,0,NA,NA,0,NA,0,0,0,0,0,0,NA,0,0,0,0,0,0,0,0,0,0,NA,0,NA,0,0,0,0,38,5,37,4,7,1,0.5,2.5,2,0,0,1,0,0,0,0,0,0,0,0,0,0,0,0,0,0,0,0,0,0,0,NA,NA,0,0,0,0,0,0,0,0,0,0,0,0,NA,NA,NA,0,0,0,0,0,0,0,NA,0,0,0,0,NA,0,0
00-0040071,M.McWilliams,Mac McWilliams,CB,DB,"https://static.www.nfl.com/image/upload/f_auto,q_auto/league/qu2ctz43halajxgtxfwt",2025,REG,PHI,1,0,0,0,0,0,0,0,0,0,0,0,0,NA,NA,0,NA,0,0,0,0,0,0,NA,0,0,0,0,0,0,0,0,0,0,NA,0,NA,0,0,0,0,1,0,0,0,0,0,0,0,0,0,0,0,0,0,0,0,0,0,0,0,0,0,0,0,0,0,0,0,0,0,0,NA,NA,0,0,0,0,0,0,0,0,0,0,0,0,NA,NA,NA,0,0,0,0,0,0,0,NA,0,0,0,0,NA,0,0
00-0040072,J.Bassa,Jeffrey Bassa,LB,LB,"https://static.www.nfl.com/image/upload/f_auto,q_auto/league/bzt58zbyfoxwxe1nhczt",2025,REG,KC,5,0,0,0,0,0,0,0,0,0,0,0,0,NA,NA,0,NA,0,0,0,0,0,0,NA,0,0,0,0,0,0,0,0,0,0,NA,0,NA,0,0,0,0,5,0,5,0,0,1,0,0,0,0,0,0,0,0,0,0,0,0,0,0,0,1,10,0,0,0,0,0,0,0,0,NA,NA,0,0,0,0,0,0,0,0,0,0,0,0,NA,NA,NA,0,0,0,0,0,0,0,NA,0,0,0,0,NA,0,0
00-0040074,T.Loop,Tyler Loop,K,SPEC,"https://static.www.nfl.com/image/upload/f_auto,q_auto/league/vp3vows5aq3sgnadgtjf",2025,REG,BAL,11,0,0,0,0,0,0,0,0,0,0,0,0,NA,NA,0,NA,0,0,0,0,0,0,NA,0,0,0,0,0,0,0,0,0,0,NA,0,NA,0,0,0,0,2,0,0,0,0,0,0,0,0,0,0,0,0,0,0,0,0,0,0,0,0,5,0,0,0,0,0,22,24,2,0,52,0.9166666666666666,0,7,7,7,1,0,0,0,0,0,2,0,52;49;43;32;41;43;32;27;37;42;28;32;44;28;30;22;25;24;44;31;35;27,55;56,NA,768,111,0,27,28,1,0,0.9642857142857143,0,0,0,0,NA,0,0
00-0040075,L.Wester,LaJohntay Wester,WR,WR,"https://static.www.nfl.com/image/upload/f_auto,q_auto/league/grf2sg34y8tvysnqiamd",2025,REG,BAL,9,0,0,0,0,0,0,0,0,0,0,0,0,NA,NA,0,NA,0,0,0,0,0,0,NA,0,0,0,0,0,0,0,0,0,0,NA,0,NA,0,0,0,0,0,0,0,0,0,0,0,0,0,0,0,0,0,1,0,0,0,0,0,0,0,0,0,12,173,4,111,0,0,0,0,NA,NA,0,0,0,0,0,0,0,0,0,0,0,0,NA,NA,NA,0,0,0,0,0,0,0,NA,0,0,0,0,NA,0,0
00-0040076,A.Peebles,Aeneas Peebles,DT,DL,"https://static.www.nfl.com/image/upload/f_auto,q_auto/league/fi3wuv7cm3hx5xotrbaq",2025,REG,BAL,4,0,0,0,0,0,0,0,0,0,0,0,0,NA,NA,0,NA,0,0,0,0,0,0,NA,0,0,0,0,0,0,0,0,0,0,NA,0,NA,0,0,0,0,2,0,1,0,0,0,0,0,1,0,0,1,0,0,0,0,0,0,0,0,0,0,0,0,0,0,0,0,0,0,0,NA,NA,0,0,0,0,0,0,0,0,0,0,0,0,NA,NA,NA,0,0,0,0,0,0,0,NA,0,0,0,0,NA,0,0
00-0040078,B.Smith,Brashard Smith,RB,RB,"https://static.www.nfl.com/image/upload/f_auto,q_auto/league/u3t4csj7hhcgymvb8ldf",2025,REG,KC,11,0,0,0,0,0,0,0,0,0,0,0,0,NA,NA,0,NA,29,87,0,1,0,3,-11.191989340703003,0,19,26,161,0,0,0,-21,202,6,2.350292254355736,0,-7.666666666666667,0.06735751295336788,-0.006350166313879649,0.09659115301033605,0,0,0,0,0,0,0,0,0,0,0,0,0,0,0,0,0,1,1,0,0,0,0,0,0,0,12,322,0,0,0,0,NA,NA,0,0,0,0,0,0,0,0,0,0,0,0,NA,NA,NA,0,0,0,0,0,0,0,NA,0,0,0,0,NA,24.8,43.8
00-0040089,K.Knowles,Kevin Knowles,DB,DB,"https://static.www.nfl.com/image/upload/f_auto,q_auto/league/xgenulob3njuvpzrruvl",2025,REG,KC,5,0,0,0,0,0,0,0,0,0,0,0,0,NA,NA,0,NA,0,0,0,0,0,0,NA,0,0,0,0,0,0,0,0,0,0,NA,0,NA,0,0,0,0,6,0,2,0,0,0,0,0,0,0,0,0,0,0,0,0,0,0,0,0,0,2,20,0,0,0,0,0,0,0,0,NA,NA,0,0,0,0,0,0,0,0,0,0,0,0,NA,NA,NA,0,0,0,0,0,0,0,NA,0,0,0,0,NA,0,0
00-0040100,J.Higgins,Jay Higgins,LB,LB,"https://static.www.nfl.com/image/upload/f_auto,q_auto/league/zsbevehh3h4bsqiyga5q",2025,REG,BAL,5,0,0,0,0,0,0,0,0,0,0,0,0,NA,NA,0,NA,0,0,0,0,0,0,NA,0,0,0,0,0,0,0,0,0,0,NA,0,NA,0,0,0,0,3,0,3,0,0,1,0,0,0,0,0,0,0,0,0,0,0,0,0,0,0,0,0,0,0,0,0,0,0,0,0,NA,NA,0,0,0,0,0,0,0,0,0,0,0,0,NA,NA,NA,0,0,0,0,0,0,0,NA,0,0,0,0,NA,0,0
00-0040104,K.Jackson,Keondre Jackson,SAF,DB,"https://static.www.nfl.com/image/upload/f_auto,q_auto/league/qfivqhbkjnmtqgzmjuxh",2025,REG,BAL,5,0,0,0,0,0,0,0,0,0,0,0,0,NA,NA,0,NA,0,0,0,0,0,0,NA,0,0,0,0,0,0,0,0,0,0,NA,0,NA,0,0,0,0,6,0,1,0,0,1,0,0,0,0,0,0,0,0,0,0,0,0,1,1,0,2,20,0,0,0,0,0,0,0,0,NA,NA,0,0,0,0,0,0,0,0,0,0,0,0,NA,NA,NA,0,0,0,0,0,0,0,NA,0,0,0,0,NA,0,0
00-0040106,R.Lowery,Reuben Lowery,SAF,DB,"https://static.www.nfl.com/image/upload/f_auto,q_auto/league/izccmtei81rlnzdahwgb",2025,REG,BAL,1,0,0,0,0,0,0,0,0,0,0,0,0,NA,NA,0,NA,0,0,0,0,0,0,NA,0,0,0,0,0,0,0,0,0,0,NA,0,NA,0,0,0,0,1,0,4,0,0,0,0,0,0,0,0,0,0,0,0,0,0,0,0,0,0,0,0,0,0,0,0,0,0,0,0,NA,NA,0,0,0,0,0,0,0,0,0,0,0,0,NA,NA,NA,0,0,0,0,0,0,0,NA,0,0,0,0,NA,0,0
00-0040108,C.Martin,Chandler Martin,LB,LB,"https://static.www.nfl.com/image/upload/f_auto,q_auto/league/po0lpcvyloyque4kmnjy",2025,REG,BAL,2,0,0,0,0,0,0,0,0,0,0,0,0,NA,NA,0,NA,0,0,0,0,0,0,NA,0,0,0,0,0,0,0,0,0,0,NA,0,NA,0,0,0,0,1,0,4,0,0,0,0,0,0,0,0,0,0,0,0,0,0,0,0,0,0,0,0,0,0,0,0,0,0,0,0,NA,NA,0,0,0,0,0,0,0,0,0,0,0,0,NA,NA,NA,0,0,0,0,0,0,0,NA,0,0,0,0,NA,0,0
00-0040116,J.Simmons,Josh Simmons,OT,OL,"https://static.www.nfl.com/image/upload/f_auto,q_auto/league/q6zopiqcmhy8fpsxvrdf",2025,REG,KC,4,0,0,0,0,0,0,0,0,0,0,0,0,NA,NA,0,NA,0,0,0,0,0,0,NA,0,0,0,0,0,0,0,0,0,0,NA,0,NA,0,0,0,0,1,0,0,0,0,0,0,0,0,0,0,0,0,0,0,0,0,0,0,0,0,5,35,0,0,0,0,0,0,0,0,NA,NA,0,0,0,0,0,0,0,0,0,0,0,0,NA,NA,NA,0,0,0,0,0,0,0,NA,0,0,0,0,NA,0,0
00-0040118,C.McDonald,Cooper McDonald,LB,LB,"https://static.www.nfl.com/image/upload/f_auto,q_auto/league/v0oin5wbqdnsmsf5uckx",2025,REG,KC,7,0,0,0,0,0,0,0,0,0,0,0,0,NA,NA,0,NA,0,0,0,0,0,0,NA,0,0,0,0,0,0,0,0,0,0,NA,0,NA,0,0,0,0,5,0,7,0,0,0,0,0,0,0,0,0,0,0,0,0,0,0,0,0,0,1,4,0,0,0,0,0,0,0,0,NA,NA,0,0,0,0,0,0,0,0,0,0,0,0,NA,NA,NA,0,0,0,0,0,0,0,NA,0,0,0,0,NA,0,0
00-0040122,A.Jeanty,Ashton Jeanty,RB,RB,"https://static.www.nfl.com/image/upload/f_auto,q_auto/league/syspis1mntov9kgspb7r",2025,REG,LV,11,0,0,0,0,0,0,0,0,0,0,0,0,NA,NA,0,NA,166,604,4,1,1,31,-33.35371436992731,0,37,46,221,4,1,0,-121,330,12,-2.2439350052326095,0,-1.8264462809917354,0.13411078717201166,-0.055,0.1626661807580175,0,0,0,0,0,0,0,0,0,0,0,0,0,0,0,0,0,0,0,0,0,0,1,5,0,0,0,0,0,0,0,0,NA,NA,0,0,0,0,0,0,0,0,0,0,0,0,NA,NA,NA,0,0,0,0,0,0,0,NA,0,0,0,0,NA,128.5,165.5
00-0040123,A.Membou,Armand Membou,OT,OL,"https://static.www.nfl.com/image/upload/f_auto,q_auto/league/wyewrjhhe9ykxpgffvrm",2025,REG,NYJ,3,0,0,0,0,0,0,0,0,0,0,0,0,NA,NA,0,NA,0,0,0,0,0,0,NA,0,0,0,0,0,0,0,0,0,0,NA,0,NA,0,0,0,0,1,0,0,0,0,0,0,0,0,0,0,0,0,0,0,0,0,0,0,0,0,4,25,0,0,0,0,0,0,0,0,NA,NA,0,0,0,0,0,0,0,0,0,0,0,0,NA,NA,NA,0,0,0,0,0,0,0,NA,0,0,0,0,NA,0,0
00-0040124,T.McMillan,Tetairoa McMillan,WR,WR,"https://static.www.nfl.com/image/upload/f_auto,q_auto/league/hokqp6gl5xujtlqwecg8",2025,REG,CAR,12,0,0,0,0,0,0,0,0,0,0,0,0,NA,NA,0,NA,0,0,0,0,0,0,NA,0,56,96,783,5,0,0,1063,215,45,19.183722255455915,0,0.7365945437441204,0.2681564245810056,0.41883372734436564,0.6954182460125643,0,2,0,0,0,0,0,0,0,0,0,0,0,0,0,0,0,0,0,0,0,0,0,0,0,0,0,0,0,0,0,0,NA,NA,0,0,0,0,0,0,0,0,0,0,0,0,NA,NA,NA,0,0,0,0,0,0,0,NA,0,0,0,0,NA,108.30000000000001,164.3
00-0040125,K.Banks,Kelvin Banks Jr.,OT,OL,"https://static.www.nfl.com/image/upload/f_auto,q_auto/league/pwjfoqwm1af7cjkw7pnr",2025,REG,NO,3,0,0,0,0,0,0,0,0,0,0,0,0,NA,NA,0,NA,0,0,0,0,0,0,NA,0,0,0,0,0,0,0,0,0,0,NA,0,NA,0,0,0,0,0,0,0,0,0,0,0,0,0,0,0,0,0,0,0,0,0,0,0,0,0,5,35,0,0,0,0,0,0,0,0,NA,NA,0,0,0,0,0,0,0,0,0,0,0,0,NA,NA,NA,0,0,0,0,0,0,0,NA,0,0,0,0,NA,0,0
00-0040126,C.Loveland,Colston Loveland,TE,TE,"https://static.www.nfl.com/image/upload/f_auto,q_auto/league/tyjb6vfug7gaunvcune3",2025,REG,CHI,10,0,0,0,0,0,0,0,0,0,0,0,0,NA,NA,0,NA,0,0,0,0,0,0,NA,0,28,38,378,3,0,0,347,157,16,24.746270747924648,0,1.0893371757925072,0.10919540229885058,0.1075968992248062,0.23911093290564017,0,1,0,0,0,0,0,0,0,0,0,0,0,0,0,0,0,0,0,0,0,0,4,30,0,0,0,0,0,0,0,0,NA,NA,0,0,0,0,0,0,0,0,0,0,0,0,NA,NA,NA,0,0,0,0,0,0,0,NA,0,0,0,0,NA,55.800000000000004,83.80000000000001
00-0040127,K.Grant,Kenneth Grant,DT,DL,"https://static.www.nfl.com/image/upload/f_auto,q_auto/league/yzexkikgp5p8gt0pvsex",2025,REG,MIA,11,0,0,0,0,0,0,0,0,0,0,0,0,NA,NA,0,NA,0,0,0,0,0,0,NA,0,0,0,0,0,0,0,0,0,0,NA,0,NA,0,0,0,0,12,0,9,2,3,0,1.5,1,3,0,0,1,0,0,0,0,0,0,0,0,0,0,0,0,0,0,0,0,0,0,0,NA,NA,0,0,0,0,0,0,0,0,0,0,0,0,NA,NA,NA,0,0,0,0,0,0,0,NA,0,0,0,0,NA,0,0
00-0040128,T.Warren,Tyler Warren,TE,TE,"https://static.www.nfl.com/image/upload/f_auto,q_auto/league/jt2almbzdk0kbha39otb",2025,REG,IND,11,0,1,0,0,0,0,0,0,0,11,0,0,-0.46532738901441917,NA,0,0,4,6,1,0,0,2,-1.166122424416244,0,55,74,662,3,0,0,385,413,32,33.3833535462947,0,1.7194805194805194,0.2144927536231884,0.1343804537521815,0.4158054480613096,0,0,0,0,0,0,0,0,0,0,0,0,0,0,0,0,0,1,1,0,0,0,2,20,0,0,0,0,0,0,0,0,NA,NA,0,0,0,0,0,0,0,0,0,0,0,0,NA,NA,NA,0,0,0,0,0,0,0,NA,0,0,0,0,NA,90.8,145.8
00-0040129,E.Egbuka,Emeka Egbuka,WR,WR,"https://static.www.nfl.com/image/upload/f_auto,q_auto/league/qolqqtwamffi0pi4np7h",2025,REG,TB,11,0,0,0,0,0,0,0,0,0,0,0,0,NA,NA,0,NA,2,9,0,0,0,0,-1.6816435545478017,0,48,93,749,6,0,0,1116,272,28,14.873107902207952,1,0.671146953405018,0.2554945054945055,0.3654223968565815,0.6390374360413653,0,0,0,0,0,0,0,0,0,0,0,0,0,0,0,0,0,0,0,0,0,0,1,5,0,0,0,0,0,0,0,0,NA,NA,0,0,0,0,0,0,0,0,0,0,0,0,NA,NA,NA,0,0,0,0,0,0,0,NA,0,0,0,0,NA,113.8,161.8
00-0040130,J.Higgins,Jayden Higgins,WR,WR,"https://static.www.nfl.com/image/upload/f_auto,q_auto/league/wrdw1u4onrmfuuluuipk",2025,REG,HOU,11,0,0,0,0,0,0,0,0,0,0,0,0,NA,NA,0,NA,0,0,0,0,0,0,NA,0,27,45,294,4,0,0,558,51,17,8.076743613157422,0,0.5268817204301075,0.11842105263157894,0.17453862996559275,0.29980861992328334,0,1,0,0,0,0,0,0,0,0,0,0,0,0,0,0,0,0,0,0,0,0,2,15,0,0,0,0,0,0,0,0,NA,NA,0,0,0,0,0,0,0,0,0,0,0,0,NA,NA,NA,0,0,0,0,0,0,0,NA,0,0,0,0,NA,53.400000000000006,80.4
00-0040131,K.Williams,Kyle Williams,WR,WR,"https://static.www.nfl.com/image/upload/f_auto,q_auto/league/bu31c2ino065kazsn541",2025,REG,NE,9,0,0,0,0,0,0,0,0,0,0,0,0,NA,NA,0,NA,1,-2,0,0,0,0,-0.6436925549060106,0,4,12,110,1,0,0,254,73,3,1.6908652332786005,0,0.4330708661417323,0.03498542274052478,0.08007566204287515,0.10853109754079979,0,0,0,0,0,0,0,0,0,0,0,0,0,0,0,0,0,0,0,0,0,0,0,0,0,0,3,86,0,0,0,0,NA,NA,0,0,0,0,0,0,0,0,0,0,0,0,NA,NA,NA,0,0,0,0,0,0,0,NA,0,0,0,0,NA,16.8,20.8
00-0040133,A.Thomas,Azareye'h Thomas,CB,DB,"https://static.www.nfl.com/image/upload/f_auto,q_auto/league/yects9qe1kkzkmiunvok",2025,REG,NYJ,6,0,0,0,0,0,0,0,0,0,0,0,0,NA,NA,0,NA,0,0,0,0,0,0,NA,0,0,0,0,0,0,0,0,0,0,NA,0,NA,0,0,0,0,9,0,6,0,0,0,0,0,0,0,0,5,0,0,0,0,0,0,0,0,0,2,34,0,0,0,0,0,0,0,0,NA,NA,0,0,0,0,0,0,0,0,0,0,0,0,NA,NA,NA,0,0,0,0,0,0,0,NA,0,0,0,0,NA,0,0
00-0040134,P.Bryant,Pat Bryant,WR,WR,"https://static.www.nfl.com/image/upload/f_auto,q_auto/league/ljo1rgbaewlzsf7tvavm",2025,REG,DEN,9,0,0,0,0,0,0,0,0,0,0,0,0,NA,NA,0,NA,0,0,0,0,0,0,NA,0,15,25,231,1,0,0,238,83,13,12.357641967304517,0,0.9705882352941176,0.0681198910081744,0.07729782396882104,0.1562883132904363,0,2,0,1,0,0,0,0,0,0,0,0,0,0,0,0,0,0,0,0,0,0,4,32,0,0,0,0,0,0,0,0,NA,NA,0,0,0,0,0,0,0,0,0,0,0,0,NA,NA,NA,0,0,0,0,0,0,0,NA,0,0,0,0,NA,29.1,44.1
00-0040135,N.Martin,Nick Martin,LB,LB,"https://static.www.nfl.com/image/upload/f_auto,q_auto/league/cbeyemtjdosfcdhpy1fx",2025,REG,SF,3,0,0,0,0,0,0,0,0,0,0,0,0,NA,NA,0,NA,0,0,0,0,0,0,NA,0,0,0,0,0,0,0,0,0,0,NA,0,NA,0,0,0,0,7,0,3,0,0,1,0,0,0,0,0,0,0,0,0,0,0,0,0,0,0,0,0,0,0,0,0,0,0,0,0,NA,NA,0,0,0,0,0,0,0,0,0,0,0,0,NA,NA,NA,0,0,0,0,0,0,0,NA,0,0,0,0,NA,0,0
00-0040136,P.Umanmielen,Princely Umanmielen,LB,LB,"https://static.www.nfl.com/image/upload/f_auto,q_auto/league/tujabrenppanxhgla1ed",2025,REG,CAR,9,0,0,0,0,0,0,0,0,0,0,0,0,NA,NA,0,NA,0,0,0,0,0,0,NA,0,0,0,0,0,0,0,0,0,0,NA,0,NA,0,0,0,0,10,0,6,1,9,1,1.5,12.5,4,0,0,0,0,0,0,0,0,0,1,1,0,0,0,0,0,0,0,0,0,0,0,NA,NA,0,0,0,0,0,0,0,0,0,0,0,0,NA,NA,NA,0,0,0,0,0,0,0,NA,0,0,0,0,NA,0,0
00-0040137,J.Burch,Jordan Burch,LB,LB,"https://static.www.nfl.com/image/upload/f_auto,q_auto/league/rli6n2wa6jzapeiffwqj",2025,REG,ARI,8,0,0,0,0,0,0,0,0,0,0,0,0,NA,NA,0,NA,0,0,0,0,0,0,NA,0,0,0,0,0,0,0,0,0,0,NA,0,NA,0,0,0,0,5,0,9,1,8,0,1,8,1,0,0,1,0,0,0,0,0,0,0,0,0,0,0,0,0,0,0,0,0,0,0,NA,NA,0,0,0,0,0,0,0,0,0,0,0,0,NA,NA,NA,0,0,0,0,0,0,0,NA,0,0,0,0,NA,0,0
00-0040138,J.Noel,Jaylin Noel,WR,WR,"https://static.www.nfl.com/image/upload/f_auto,q_auto/league/dajbyvtsggwqinlijxnf",2025,REG,HOU,11,0,0,0,0,0,0,0,0,0,0,0,0,NA,NA,0,NA,4,9,0,0,0,0,-0.8409055481897667,0,20,27,213,1,0,0,244,80,11,10.962874489428941,0,0.8729508196721312,0.07105263157894737,0.07632155145448859,0.16000403338656305,0,0,0,0,0,0,0,0,0,0,0,0,0,0,0,0,0,0,0,0,0,0,0,0,23,244,12,309,0,0,0,0,NA,NA,0,0,0,0,0,0,0,0,0,0,0,0,NA,NA,NA,0,0,0,0,0,0,0,NA,0,0,0,0,NA,28.200000000000003,48.2
00-0040140,D.Fairchild,Dylan Fairchild,G,OL,"https://static.www.nfl.com/image/upload/f_auto,q_auto/league/ujw65oq2betcbfqrw4qz",2025,REG,CIN,5,0,0,0,0,0,0,0,0,0,0,0,0,NA,NA,0,NA,0,0,0,0,0,0,NA,0,0,0,0,0,0,0,0,0,0,NA,0,NA,0,0,0,0,0,0,0,0,0,0,0,0,0,0,0,0,0,0,0,0,0,0,0,0,0,6,45,0,0,0,0,0,0,0,0,NA,NA,0,0,0,0,0,0,0,0,0,0,0,0,NA,NA,NA,0,0,0,0,0,0,0,NA,0,0,0,0,NA,0,0
00-0040141,K.Winston,Kevin Winston Jr.,SAF,DB,"https://static.www.nfl.com/image/upload/f_auto,q_auto/league/zeai9xuvlquhwkzztbua",2025,REG,TEN,5,0,0,0,0,0,0,0,0,0,0,0,0,NA,NA,0,NA,0,0,0,0,0,0,NA,0,0,0,0,0,0,0,0,0,0,NA,0,NA,0,0,0,0,11,0,9,1,4,0,0,0,2,0,0,0,0,0,0,0,0,0,0,0,0,0,0,0,0,0,0,0,0,0,0,NA,NA,0,0,0,0,0,0,0,0,0,0,0,0,NA,NA,NA,0,0,0,0,0,0,0,NA,0,0,0,0,NA,0,0
00-0040142,K.Johnson,Kaleb Johnson,RB,RB,"https://static.www.nfl.com/image/upload/f_auto,q_auto/league/sblojderaku4qta1lj2b",2025,REG,PIT,7,0,0,0,0,0,0,0,0,0,0,0,0,NA,NA,0,NA,22,58,0,0,0,3,-5.853410440963868,0,1,2,9,0,0,0,-8,14,0,0.24488592892885208,0,-1.125,0.00625,-0.004067107269954245,0.00652802491103203,0,0,0,0,0,0,0,0,0,0,0,0,0,0,0,0,0,0,0,0,0,0,1,15,0,0,8,190,0,0,0,0,NA,NA,0,0,0,0,0,0,0,0,0,0,0,0,NA,NA,NA,0,0,0,0,0,0,0,NA,0,0,0,0,NA,6.7,7.7
00-0040143,J.Parrish,Jacob Parrish,CB,DB,"https://static.www.nfl.com/image/upload/f_auto,q_auto/league/xspc6ojezhpflx0jorx4",2025,REG,TB,10,0,0,0,0,0,0,0,0,0,0,0,0,NA,NA,0,NA,0,0,0,0,0,0,NA,0,0,0,0,0,0,0,0,0,0,NA,0,NA,0,0,0,0,33,0,17,7,29,0,2,18,3,1,3,4,0,0,0,0,0,0,0,0,0,3,32,0,0,0,0,0,0,0,0,NA,NA,0,0,0,0,0,0,0,0,0,0,0,0,NA,NA,NA,0,0,0,0,0,0,0,NA,0,0,0,0,NA,0,0
00-0040144,J.Caldwell,Jamaree Caldwell,DT,DL,"https://static.www.nfl.com/image/upload/f_auto,q_auto/league/odlxf3hv35v963nnbhyw",2025,REG,LAC,8,0,0,0,0,0,0,0,0,0,0,0,0,NA,NA,0,NA,0,0,0,0,0,0,NA,0,0,0,0,0,0,0,0,0,0,NA,0,NA,0,0,0,0,9,1,10,3,12,0,1,9,1,0,0,0,0,0,0,0,0,0,0,0,0,1,5,0,0,0,0,0,0,0,0,NA,NA,0,0,0,0,0,0,0,0,0,0,0,0,NA,NA,NA,0,0,0,0,0,0,0,NA,0,0,0,0,NA,0,0
00-0040147,J.Wilson,Jared Wilson,G,OL,"https://static.www.nfl.com/image/upload/f_auto,q_auto/league/tzhrcjgsytozunwl3ovt",2025,REG,NE,4,0,0,0,0,0,0,0,0,0,0,0,0,NA,NA,0,NA,0,0,0,0,0,0,NA,0,0,0,0,0,0,0,0,0,0,NA,0,NA,0,0,0,0,0,0,0,0,0,0,0,0,0,0,0,0,0,0,0,0,1,1,0,0,0,3,25,0,0,0,0,0,0,0,0,NA,NA,0,0,0,0,0,0,0,0,0,0,0,0,NA,NA,NA,0,0,0,0,0,0,0,NA,0,0,0,0,NA,0,0
00-0040148,X.Watts,Xavier Watts,SAF,DB,"https://static.www.nfl.com/image/upload/f_auto,q_auto/league/e0eyuvs0sknx8xytwbcm",2025,REG,ATL,11,0,0,0,0,0,0,0,0,0,0,0,0,NA,NA,0,NA,0,0,0,0,0,0,NA,0,0,0,0,0,0,0,0,0,0,NA,0,NA,0,0,0,0,38,2,24,0,0,0,0,0,0,3,0,6,0,0,0,0,0,0,0,0,0,1,12,0,0,0,0,0,0,0,0,NA,NA,0,0,0,0,0,0,0,0,0,0,0,0,NA,NA,NA,0,0,0,0,0,0,0,NA,0,0,0,0,NA,0,0
00-0040149,J.Smith,Jaylin Smith,CB,DB,"https://static.www.nfl.com/image/upload/f_auto,q_auto/league/pm4jhvtvmy4uvtcuxzpj",2025,REG,HOU,3,0,0,0,0,0,0,0,0,0,0,0,0,NA,NA,0,NA,0,0,0,0,0,0,NA,0,0,0,0,0,0,0,0,0,0,NA,0,NA,0,0,0,0,3,0,3,0,0,0,0,0,0,0,0,0,0,0,0,0,0,0,1,1,0,0,0,0,0,0,0,0,0,0,0,NA,NA,0,0,0,0,0,0,0,0,0,0,0,0,NA,NA,NA,0,0,0,0,0,0,0,NA,0,0,0,0,NA,0,0
00-0040152,U.Stout,Upton Stout,CB,DB,"https://static.www.nfl.com/image/upload/f_auto,q_auto/league/igyjtgzayft05v01yhuz",2025,REG,SF,11,0,0,0,0,0,0,0,0,0,0,0,0,NA,NA,0,NA,0,0,0,0,0,0,NA,0,0,0,0,0,0,0,0,0,0,NA,0,NA,0,0,0,0,28,0,29,3,10,1,1,7,2,0,0,3,0,0,0,0,0,0,0,0,0,6,32,0,0,0,0,0,0,0,0,NA,NA,0,0,0,0,0,0,0,0,0,0,0,0,NA,NA,NA,0,0,0,0,0,0,0,NA,0,0,0,0,NA,0,0
00-0040154,T.Felton,Tai Felton,WR,WR,"https://static.www.nfl.com/image/upload/f_auto,q_auto/league/j7vkt74xeefchpraibnx",2025,REG,MIN,8,0,0,0,0,0,0,0,0,0,0,0,0,NA,NA,0,NA,0,0,0,0,0,0,NA,0,1,1,9,0,0,0,7,2,0,-0.4868191306013614,0,1.2857142857142858,0.003076923076923077,0.0025017869907076485,0.006366635508879968,0,5,0,3,0,0,0,0,0,0,0,0,0,0,0,0,0,0,0,0,0,0,2,16,0,0,6,149,0,0,0,0,NA,NA,0,0,0,0,0,0,0,0,0,0,0,0,NA,NA,NA,0,0,0,0,0,0,0,NA,0,0,0,0,NA,0.9,1.9
00-0040155,D.Stutsman,Danny Stutsman,LB,LB,"https://static.www.nfl.com/image/upload/f_auto,q_auto/league/nww5qdmhiifl2rgls4up",2025,REG,NO,10,0,0,0,0,0,0,0,0,0,0,0,0,NA,NA,0,NA,0,0,0,0,0,0,NA,0,0,0,0,0,0,0,0,0,0,NA,0,NA,0,0,0,0,11,0,20,0,0,0,0,0,0,0,0,0,0,0,0,0,0,0,0,0,0,0,0,0,0,0,0,0,0,0,0,NA,NA,0,0,0,0,0,0,0,0,0,0,0,0,NA,NA,NA,0,0,0,0,0,0,0,NA,0,0,0,0,NA,0,0
00-0040156,B.Bowman,Billy Bowman Jr.,SAF,DB,"https://static.www.nfl.com/image/upload/f_auto,q_auto/league/dsgmlgxhg7smwfepuscl",2025,REG,ATL,6,0,0,0,0,0,0,0,0,0,0,0,0,NA,NA,0,NA,0,0,0,0,0,0,NA,0,0,0,0,0,0,0,0,0,0,NA,0,NA,0,0,0,0,15,0,11,1,8,1,1.5,12,2,1,0,2,0,0,0,0,0,0,0,0,0,1,5,0,0,0,0,0,0,0,0,NA,NA,0,0,0,0,0,0,0,0,0,0,0,0,NA,NA,NA,0,0,0,0,0,0,0,NA,0,0,0,0,NA,0,0
00-0040157,B.Carter,Barrett Carter,LB,LB,"https://static.www.nfl.com/image/upload/f_auto,q_auto/league/lyoza4nusuj5ocndg663",2025,REG,CIN,10,0,0,0,0,0,0,0,0,0,0,0,0,NA,NA,0,NA,0,0,0,0,0,0,NA,0,0,0,0,0,0,0,0,0,0,NA,0,NA,0,0,0,0,39,2,37,1,2,0,0,0,0,0,0,1,0,0,0,0,0,0,0,0,0,0,0,0,0,0,0,0,0,0,0,NA,NA,0,0,0,0,0,0,0,0,0,0,0,0,NA,NA,NA,0,0,0,0,0,0,0,NA,0,0,0,0,NA,0,0
00-0040159,L.Ransom,Lathan Ransom,SAF,DB,"https://static.www.nfl.com/image/upload/f_auto,q_auto/league/nfytveo0hvpm3whml1hv",2025,REG,CAR,11,0,0,0,0,0,0,0,0,0,0,0,0,NA,NA,0,NA,0,0,0,0,0,0,NA,0,0,0,0,0,0,0,0,0,0,NA,0,NA,0,0,0,0,18,0,16,1,4,1,0,0,0,0,0,0,0,0,0,0,0,0,0,0,0,1,7,0,0,0,0,0,0,0,0,NA,NA,0,0,0,0,0,0,0,0,0,0,0,0,NA,NA,NA,0,0,0,0,0,0,0,NA,0,0,0,0,NA,0,0
00-0040160,J.Sawyer,Jack Sawyer,LB,LB,"https://static.www.nfl.com/image/upload/f_auto,q_auto/league/pspl1gft3xd6rycuyf15",2025,REG,PIT,10,0,0,0,0,0,0,0,0,0,0,0,0,NA,NA,0,NA,0,0,0,0,0,0,NA,0,0,0,0,0,0,0,0,0,0,NA,0,NA,0,0,0,0,8,1,12,2,11,0,1,9,4,1,4,3,0,0,0,0,0,0,0,0,0,1,5,0,0,0,0,0,0,0,0,NA,NA,0,0,0,0,0,0,0,0,0,0,0,0,NA,NA,NA,0,0,0,0,0,0,0,NA,0,0,0,0,NA,0,0
00-0040161,K.Kennard,Kyle Kennard,LB,LB,"https://static.www.nfl.com/image/upload/f_auto,q_auto/league/beyc1p4pefkpswtczp4x",2025,REG,LAC,2,0,0,0,0,0,0,0,0,0,0,0,0,NA,NA,0,NA,0,0,0,0,0,0,NA,0,0,0,0,0,0,0,0,0,0,NA,0,NA,0,0,0,0,1,0,1,0,0,0,0,0,0,0,0,0,0,0,0,0,0,0,0,0,0,0,0,0,0,0,0,0,0,0,0,NA,NA,0,0,0,0,0,0,0,0,0,0,0,0,NA,NA,NA,0,0,0,0,0,0,0,NA,0,0,0,0,NA,0,0
00-0040162,D.Sampson,Dylan Sampson,RB,RB,"https://static.www.nfl.com/image/upload/f_auto,q_auto/league/den1hzzomdxfcsgk88o5",2025,REG,CLE,11,0,0,0,0,0,0,0,0,0,0,0,0,NA,NA,0,NA,38,89,0,0,0,7,-12.234578949341085,0,23,28,195,2,0,0,-39,223,7,11.514136766083539,0,-5,0.07799442896935933,-0.015294117647058824,0.10628576110109783,0,0,0,1,0,0,0,0,0,0,0,0,0,0,0,0,0,0,0,0,0,0,0,0,0,0,15,360,0,0,0,0,NA,NA,0,0,0,0,0,0,0,0,0,0,0,0,NA,NA,NA,0,0,0,0,0,0,0,NA,0,0,0,0,NA,40.400000000000006,63.400000000000006
00-0040164,J.Lane,Jaylin Lane,WR,WR,"https://static.www.nfl.com/image/upload/f_auto,q_auto/league/ozgin9atyuq92buo2eoa",2025,REG,WAS,11,0,0,0,0,0,0,0,0,0,0,0,0,NA,NA,0,NA,1,7,0,0,0,0,0.26102899201214314,0,16,30,225,0,0,0,377,39,10,-2.7743893249917058,0,0.596816976127321,0.10309278350515463,0.1469785575048733,0.25752416551114327,1,1,0,0,0,0,0,0,0,0,0,0,0,0,2,0,0,1,1,0,0,0,0,0,18,223,3,56,0,0,0,0,NA,NA,0,0,0,0,0,0,0,0,0,0,0,0,NA,NA,NA,0,0,0,0,0,0,0,NA,0,0,0,0,NA,29.200000000000003,45.2
00-0040165,M.Moore,Malachi Moore,SAF,DB,"https://static.www.nfl.com/image/upload/f_auto,q_auto/league/p8qkvfe7fk7yst0mne5m",2025,REG,NYJ,11,0,0,0,0,0,0,0,0,0,0,0,0,NA,NA,0,NA,0,0,0,0,0,0,NA,0,0,0,0,0,0,0,0,0,0,NA,0,NA,0,0,0,0,28,0,23,1,2,0,0,0,0,0,0,2,0,0,0,0,0,0,0,0,0,1,5,0,0,0,0,0,0,0,0,NA,NA,0,0,0,0,0,0,0,0,0,0,0,0,NA,NA,NA,0,0,0,0,0,0,0,NA,0,0,0,0,NA,0,0
00-0040166,Q.Riley,Quincy Riley,CB,DB,"https://static.www.nfl.com/image/upload/f_auto,q_auto/league/q4qlahpfgvbren4xt0pj",2025,REG,NO,10,0,0,0,0,0,0,0,0,0,0,0,0,NA,NA,0,NA,0,0,0,0,0,0,NA,0,0,0,0,0,0,0,0,0,0,NA,0,NA,0,0,0,0,17,0,0,0,0,1,0,0,0,1,0,5,0,0,0,0,0,0,0,0,0,1,21,0,0,0,0,0,0,0,0,NA,NA,0,0,0,0,0,0,0,0,0,0,0,0,NA,NA,NA,0,0,0,0,0,0,0,NA,0,0,0,0,NA,0,0
00-0040167,R.Hyppolite,Ruben Hyppolite II,LB,LB,"https://static.www.nfl.com/image/upload/f_auto,q_auto/league/vnw1vo7so5m4xfhhckc4",2025,REG,CHI,3,0,0,0,0,0,0,0,0,0,0,0,0,NA,NA,0,NA,0,0,0,0,0,0,NA,0,0,0,0,0,0,0,0,0,0,NA,0,NA,0,0,0,0,3,0,3,0,0,0,0,0,0,0,0,0,0,0,0,0,0,0,0,0,0,2,0,0,0,0,0,0,0,0,0,NA,NA,0,0,0,0,0,0,0,0,0,0,0,0,NA,NA,NA,0,0,0,0,0,0,0,NA,0,0,0,0,NA,0,0
00-0040168,Q.Robinson,Que Robinson,LB,LB,"https://static.www.nfl.com/image/upload/f_auto,q_auto/league/is2yod1ytmcacyyqotj5",2025,REG,DEN,4,0,0,0,0,0,0,0,0,0,0,0,0,NA,NA,0,NA,0,0,0,0,0,0,NA,0,0,0,0,0,0,0,0,0,0,NA,0,NA,0,0,0,0,3,1,4,1,3,0,0.5,0,1,0,0,0,0,0,0,0,0,0,0,0,0,1,10,0,0,0,0,0,0,0,0,NA,NA,0,0,0,0,0,0,0,0,0,0,0,0,NA,NA,NA,0,0,0,0,0,0,0,NA,0,0,0,0,NA,0,0
00-0040169,T.Hemingway,Tonka Hemingway,DT,DL,"https://static.www.nfl.com/image/upload/f_auto,q_auto/league/naoeqgrcfxdgtdrimc6v",2025,REG,LV,2,0,0,0,0,0,0,0,0,0,0,0,0,NA,NA,0,NA,0,0,0,0,0,0,NA,0,0,0,0,0,0,0,0,0,0,NA,0,NA,0,0,0,0,1,0,0,0,0,0,0,0,0,0,0,0,0,0,0,0,0,0,1,1,0,0,0,0,0,0,0,0,0,0,0,NA,NA,0,0,0,0,0,0,0,0,0,0,0,0,NA,NA,NA,0,0,0,0,0,0,0,NA,0,0,0,0,NA,0,0
00-0040170,E.Ayomanor,Elic Ayomanor,WR,WR,"https://static.www.nfl.com/image/upload/f_auto,q_auto/league/aekfvt5nyl69emvxr2yj",2025,REG,TEN,10,0,0,0,0,0,0,0,0,0,0,0,0,NA,NA,0,NA,0,0,0,0,0,0,NA,0,28,59,334,2,0,0,760,83,20,-0.7176097257448095,0,0.4394736842105263,0.16954022988505746,0.27556200145032633,0.44720374584281464,0,1,0,0,0,0,0,0,0,0,0,0,0,0,0,0,0,0,0,0,0,0,2,20,0,0,0,0,0,0,0,0,NA,NA,0,0,0,0,0,0,0,0,0,0,0,0,NA,NA,NA,0,0,0,0,0,0,0,NA,0,0,0,0,NA,45.4,73.4
00-0040171,J.Farmer,Joshua Farmer,DT,DL,"https://static.www.nfl.com/image/upload/f_auto,q_auto/league/az6rfypeom5vj5xymqbw",2025,REG,NE,9,0,0,0,0,0,0,0,0,0,0,0,0,NA,NA,0,NA,0,0,0,0,0,0,NA,0,0,0,0,0,0,0,0,0,0,NA,0,NA,0,0,0,0,3,1,7,1,2,0,0,0,0,0,0,1,0,0,0,0,0,0,1,1,0,1,15,0,0,0,0,0,0,0,0,NA,NA,0,0,0,0,0,0,0,0,0,0,0,0,NA,NA,NA,0,0,0,0,0,0,0,NA,0,0,0,0,NA,0,0
00-0040172,J.Watkins,Jordan Watkins,WR,WR,"https://static.www.nfl.com/image/upload/f_auto,q_auto/league/cdwpo3lveebc92rzcdas",2025,REG,SF,2,0,0,0,0,0,0,0,0,0,0,0,0,NA,NA,0,NA,0,0,0,0,0,0,NA,0,2,3,26,0,0,0,43,1,1,0.9922397133777849,0,0.6046511627906976,0.007389162561576354,0.013992840872111943,0.020878732452842892,0,0,0,0,0,0,0,0,0,0,0,0,0,0,0,0,0,0,0,0,0,0,0,0,0,0,0,0,0,0,0,0,NA,NA,0,0,0,0,0,0,0,0,0,0,0,0,NA,NA,NA,0,0,0,0,0,0,0,NA,0,0,0,0,NA,2.6,4.6
00-0040173,T.Ingram-Dawkins,Tyrion Ingram-Dawkins,DT,DL,"https://static.www.nfl.com/image/upload/f_auto,q_auto/league/lkpgbo1ftwfrp18wrbxv",2025,REG,MIN,6,0,0,0,0,0,0,0,0,0,0,0,0,NA,NA,0,NA,0,0,0,0,0,0,NA,0,0,0,0,0,0,0,0,0,0,NA,0,NA,0,0,0,0,4,0,5,2,8,0,1,6,1,0,0,1,0,0,0,0,0,0,0,0,0,0,0,0,0,0,0,0,0,0,0,NA,NA,0,0,0,0,0,0,0,0,0,0,0,0,NA,NA,NA,0,0,0,0,0,0,0,NA,0,0,0,0,NA,0,0
00-0040174,C.Jackson,Cam Jackson,DT,DL,"https://static.www.nfl.com/image/upload/f_auto,q_auto/league/xxxuppsldwpxstrwfo9u",2025,REG,CAR,2,0,0,0,0,0,0,0,0,0,0,0,0,NA,NA,0,NA,0,0,0,0,0,0,NA,0,0,0,0,0,0,0,0,0,0,NA,0,NA,0,0,0,0,1,0,2,0,0,0,0,0,0,0,0,0,0,0,0,0,0,0,0,0,0,0,0,0,0,0,0,0,0,0,0,NA,NA,0,0,0,0,0,0,0,0,0,0,0,0,NA,NA,NA,0,0,0,0,0,0,0,NA,0,0,0,0,NA,0,0
00-0040175,Jo.Phillips,Jordan Phillips,DT,DL,"https://static.www.nfl.com/image/upload/f_auto,q_auto/league/e9ggqzobdb4aevpq3rlc",2025,REG,MIA,10,0,0,0,0,0,0,0,0,0,0,0,0,NA,NA,0,NA,0,0,0,0,0,0,NA,0,0,0,0,0,0,0,0,0,0,NA,0,NA,0,0,0,0,5,1,15,1,1,0,0,0,1,0,0,0,0,0,0,0,0,0,0,0,0,0,0,0,0,0,0,0,0,0,0,NA,NA,0,0,0,0,0,0,0,0,0,0,0,0,NA,NA,NA,0,0,0,0,0,0,0,NA,0,0,0,0,NA,0,0
00-0040176,B.Swinson,Bradyn Swinson,LB,LB,"https://static.www.nfl.com/image/upload/f_auto,q_auto/league/jchmem1r3llp4iosoclt",2025,REG,NE,1,0,0,0,0,0,0,0,0,0,0,0,0,NA,NA,0,NA,0,0,0,0,0,0,NA,0,0,0,0,0,0,0,0,0,0,NA,0,NA,0,0,0,0,1,0,0,0,0,0,0,0,0,0,0,0,0,0,0,0,0,0,0,0,0,0,0,0,0,0,0,0,0,0,0,NA,NA,0,0,0,0,0,0,0,0,0,0,0,0,NA,NA,NA,0,0,0,0,0,0,0,NA,0,0,0,0,NA,0,0
00-0040178,J.Marshall,Jason Marshall Jr.,CB,DB,"https://static.www.nfl.com/image/upload/f_auto,q_auto/league/chf1ow0awwha9hrcoqxc",2025,REG,MIA,5,0,0,0,0,0,0,0,0,0,0,0,0,NA,NA,0,NA,0,0,0,0,0,0,NA,0,0,0,0,0,0,0,0,0,0,NA,0,NA,0,0,0,0,6,0,3,0,0,0,0,0,1,0,0,2,0,0,0,0,0,0,0,0,0,1,5,0,0,0,0,0,0,0,0,NA,NA,0,0,0,0,0,0,0,0,0,0,0,0,NA,NA,NA,0,0,0,0,0,0,0,NA,0,0,0,0,NA,0,0
00-0040179,D.Giddens,DJ Giddens,RB,RB,"https://static.www.nfl.com/image/upload/f_auto,q_auto/league/uohb3wkn00ew1chqyjue",2025,REG,IND,4,0,0,0,0,0,0,0,0,0,0,0,0,NA,NA,0,NA,18,66,0,0,0,3,0.3318325814907439,0,0,2,0,0,0,0,-6,0,0,-1.6577324853126858,0,-0,0.005797101449275362,-0.0020942408376963353,0.007229683587525609,0,0,0,0,0,0,0,0,0,0,0,0,0,0,0,0,0,0,0,0,0,0,0,0,0,0,0,0,0,0,0,0,NA,NA,0,0,0,0,0,0,0,0,0,0,0,0,NA,NA,NA,0,0,0,0,0,0,0,NA,0,0,0,0,NA,6.6000000000000005,6.6000000000000005
00-0040180,J.Rivers,Jalen Rivers,OT,OL,"https://static.www.nfl.com/image/upload/f_auto,q_auto/league/yypchbzegba5ptv3yqbf",2025,REG,CIN,2,0,0,0,0,0,0,0,0,0,0,0,0,NA,NA,0,NA,0,0,0,0,0,0,NA,0,0,0,0,0,0,0,0,0,0,NA,0,NA,0,0,0,0,0,0,1,0,0,0,0,0,0,0,0,0,0,0,0,0,0,0,0,0,0,1,10,0,0,0,0,0,0,0,0,NA,NA,0,0,0,0,0,0,0,0,0,0,0,0,NA,NA,NA,0,0,0,0,0,0,0,NA,0,0,0,0,NA,0,0
00-0040181,M.Mbow,Marcus Mbow,G,OL,"https://static.www.nfl.com/image/upload/f_auto,q_auto/league/frnz5wwezwz01rxxbeeh",2025,REG,NYG,1,0,0,0,0,0,0,0,0,0,0,0,0,NA,NA,0,NA,0,0,0,0,0,0,NA,0,0,0,0,0,0,0,0,0,0,NA,0,NA,0,0,0,0,0,0,0,0,0,0,0,0,0,0,0,0,0,0,0,0,0,0,0,0,0,1,5,0,0,0,0,0,0,0,0,NA,NA,0,0,0,0,0,0,0,0,0,0,0,0,NA,NA,NA,0,0,0,0,0,0,0,NA,0,0,0,0,NA,0,0
00-0040182,D.Trader,Dante Trader Jr.,SAF,DB,"https://static.www.nfl.com/image/upload/f_auto,q_auto/league/nffbi3a32ngmczzvxcz0",2025,REG,MIA,9,0,0,0,0,0,0,0,0,0,0,0,0,NA,NA,0,NA,0,0,0,0,0,0,NA,0,0,0,0,0,0,0,0,0,0,NA,0,NA,0,0,0,0,19,1,15,0,0,1,0,0,0,0,0,1,0,0,0,0,0,0,1,1,0,1,5,0,0,0,0,0,0,0,0,NA,NA,0,0,0,0,0,0,0,0,0,0,0,0,NA,NA,NA,0,0,0,0,0,0,0,NA,0,0,0,0,NA,0,0
00-0040183,E.Roberts,Elijah Roberts,DE,DL,"https://static.www.nfl.com/image/upload/f_auto,q_auto/league/wbr8dtnyw18fpq6tt7lh",2025,REG,TB,9,0,0,0,0,0,0,0,0,0,0,0,0,NA,NA,0,NA,0,0,0,0,0,0,NA,0,0,0,0,0,0,0,0,0,0,NA,0,NA,0,0,0,0,7,1,3,2,3,0,2,10,5,0,0,3,0,0,0,0,0,0,1,1,0,0,0,0,0,0,0,0,0,0,0,NA,NA,0,0,0,0,0,0,0,0,0,0,0,0,NA,NA,NA,0,0,0,0,0,0,0,NA,0,0,0,0,NA,0,0
00-0040184,K.Lambert-Smith,KeAndre Lambert-Smith,WR,WR,"https://static.www.nfl.com/image/upload/f_auto,q_auto/league/xhhzgylwh0ptvpaghnuu",2025,REG,LAC,6,0,0,0,0,0,0,0,0,0,0,0,0,NA,NA,0,NA,0,0,0,0,0,0,NA,0,1,4,1,0,0,0,95,3,0,-2.2363798516453244,0,0.010526315789473684,0.010610079575596816,0.03236797274275979,0.03857270028332708,0,0,0,0,0,0,0,0,0,0,0,0,0,0,0,0,0,0,0,0,0,0,2,10,0,0,9,219,0,0,0,0,NA,NA,0,0,0,0,0,0,0,0,0,0,0,0,NA,NA,NA,0,0,0,0,0,0,0,NA,0,0,0,0,NA,0.1,1.1
00-0040185,M.Sigle,Marques Sigle,SAF,DB,"https://static.www.nfl.com/image/upload/f_auto,q_auto/league/njl59cs0r2vlnob8uz8k",2025,REG,SF,10,0,0,0,0,0,0,0,0,0,0,0,0,NA,NA,0,NA,0,0,0,0,0,0,NA,0,0,0,0,0,0,0,0,0,0,NA,0,NA,0,0,0,0,27,0,22,1,1,0,0,0,0,0,0,2,0,0,0,0,0,0,1,1,0,2,10,0,0,0,0,0,0,0,0,NA,NA,0,0,0,0,0,0,0,0,0,0,0,0,NA,NA,NA,0,0,0,0,0,0,0,NA,0,0,0,0,NA,0,0
00-0040186,F.Mauigoa,Francisco Mauigoa,LB,LB,"https://static.www.nfl.com/image/upload/f_auto,q_auto/league/e9v5ipktxb3yepsq0abj",2025,REG,NYJ,10,0,0,0,0,0,0,0,0,0,0,0,0,NA,NA,0,NA,0,0,0,0,0,0,NA,0,0,0,0,0,0,0,0,0,0,NA,0,NA,0,0,0,0,14,0,24,0,0,0,0,0,0,0,0,0,0,0,0,0,0,0,0,0,0,1,15,0,0,0,0,0,0,0,0,NA,NA,0,0,0,0,0,0,0,0,0,0,0,0,NA,NA,NA,0,0,0,0,0,0,0,NA,0,0,0,0,NA,0,0
00-0040187,M.Evans,Mitchell Evans,TE,TE,"https://static.www.nfl.com/image/upload/f_auto,q_auto/league/gbu3iik4i1mi6vllmwlz",2025,REG,CAR,9,0,0,0,0,0,0,0,0,0,0,0,0,NA,NA,0,NA,0,0,0,0,0,0,NA,0,11,15,118,2,0,0,77,60,7,3.222090500028571,0,1.5324675324675325,0.04189944134078212,0.030338849487785657,0.08408635665262315,0,0,0,0,0,0,0,0,0,0,0,0,0,0,0,0,0,0,0,0,0,0,1,10,0,0,0,0,0,0,0,0,NA,NA,0,0,0,0,0,0,0,0,0,0,0,0,NA,NA,NA,0,0,0,0,0,0,0,NA,0,0,0,0,NA,23.8,34.8
00-0040188,Y.Black,Yahya Black,DE,DL,"https://static.www.nfl.com/image/upload/f_auto,q_auto/league/nhynksyggst8wuiprrfo",2025,REG,PIT,7,0,0,0,0,0,0,0,0,0,0,0,0,NA,NA,0,NA,0,0,0,0,0,0,NA,0,0,0,0,0,0,0,0,0,0,NA,0,NA,0,0,0,0,2,0,9,0,0,1,0,0,1,0,0,0,0,0,0,0,0,0,1,1,0,1,1,0,0,0,0,0,0,0,0,NA,NA,0,0,0,0,0,0,0,0,0,0,0,0,NA,NA,NA,0,0,0,0,0,0,0,NA,0,0,0,0,NA,0,0
00-0040189,O.Gadsden,Oronde Gadsden II,TE,TE,"https://static.www.nfl.com/image/upload/f_auto,q_auto/league/r8b4oghjwhw8x9nv1wbs",2025,REG,LAC,9,0,0,0,0,0,0,0,0,0,0,0,0,NA,NA,0,NA,0,0,0,0,0,0,NA,0,37,49,507,2,1,1,406,177,20,16.084447200732427,0,1.248768472906404,0.129973474801061,0.1383304940374787,0.2917915580278266,0,0,0,0,0,0,0,0,0,0,0,0,0,0,0,0,0,0,0,0,0,0,2,20,0,0,0,0,0,0,0,0,NA,NA,0,0,0,0,0,0,0,0,0,0,0,0,NA,NA,NA,0,0,0,0,0,0,0,NA,0,0,0,0,NA,60.7,97.7
00-0040192,J.Hancock,Jordan Hancock,CB,DB,"https://static.www.nfl.com/image/upload/f_auto,q_auto/league/si9jap5xrlrxqge8tu2n",2025,REG,BUF,5,0,0,0,0,0,0,0,0,0,0,0,0,NA,NA,0,NA,0,0,0,0,0,0,NA,0,0,0,0,0,0,0,0,0,0,NA,0,NA,0,0,0,0,5,0,4,0,0,0,0,0,0,0,0,0,0,0,0,0,0,0,0,0,0,1,10,0,0,0,0,0,0,0,0,NA,NA,0,0,0,0,0,0,0,0,0,0,0,0,NA,NA,NA,0,0,0,0,0,0,0,NA,0,0,0,0,NA,0,0
00-0040194,J.Hawes,Jackson Hawes,TE,TE,"https://static.www.nfl.com/image/upload/f_auto,q_auto/league/nmulibermshvvmemgupo",2025,REG,BUF,8,0,0,0,0,0,0,0,0,0,0,0,0,NA,NA,0,NA,0,0,0,0,0,0,NA,0,10,13,139,2,0,0,125,57,9,8.980588214704767,0,1.112,0.040123456790123455,0.04798464491362764,0.09377443662472452,0,0,0,0,0,0,0,0,0,0,0,0,0,0,0,0,0,0,0,0,0,0,3,25,0,0,0,0,0,0,0,0,NA,NA,0,0,0,0,0,0,0,0,0,0,0,0,NA,NA,NA,0,0,0,0,0,0,0,NA,0,0,0,0,NA,25.9,35.9
00-0040195,D.Burke,Denzel Burke,CB,DB,"https://static.www.nfl.com/image/upload/f_auto,q_auto/league/bbw1bwj7tnuiv8vyc48b",2025,REG,ARI,8,0,0,0,0,0,0,0,0,0,0,0,0,NA,NA,0,NA,0,0,0,0,0,0,NA,0,0,0,0,0,0,0,0,0,0,NA,0,NA,0,0,0,0,17,1,9,1,1,0,0,0,0,2,4,7,0,0,0,0,0,0,0,0,0,5,18,0,0,0,0,0,0,0,0,NA,NA,0,0,0,0,0,0,0,0,0,0,0,0,NA,NA,NA,0,0,0,0,0,0,0,NA,0,0,0,0,NA,0,0
00-0040196,T.Baron,Tyler Baron,DE,DL,"https://static.www.nfl.com/image/upload/f_auto,q_auto/league/v9mbzoaeie7jm6jt4gdx",2025,REG,NYJ,4,0,0,0,0,0,0,0,0,0,0,0,0,NA,NA,0,NA,0,0,0,0,0,0,NA,0,0,0,0,0,0,0,0,0,0,NA,0,NA,0,0,0,0,4,1,4,1,5,0,0,0,0,0,0,0,0,0,0,0,0,0,0,0,0,0,0,0,0,0,0,0,0,0,0,NA,NA,0,0,0,0,0,0,0,0,0,0,0,0,NA,NA,NA,0,0,0,0,0,0,0,NA,0,0,0,0,NA,0,0
00-0040197,D.Strong,Dorian Strong,CB,DB,"https://static.www.nfl.com/image/upload/f_auto,q_auto/league/alxdcy6excheslkfjcfk",2025,REG,BUF,4,0,0,0,0,0,0,0,0,0,0,0,0,NA,NA,0,NA,0,0,0,0,0,0,NA,0,0,0,0,0,0,0,0,0,0,NA,0,NA,0,0,0,0,9,0,1,0,0,0,0,0,0,0,0,0,0,0,0,0,0,0,0,0,0,1,5,0,0,0,0,0,0,0,0,NA,NA,0,0,0,0,0,0,0,0,0,0,0,0,NA,NA,NA,0,0,0,0,0,0,0,NA,0,0,0,0,NA,0,0
00-0040198,O.Gordon,Ollie Gordon II,RB,RB,"https://static.www.nfl.com/image/upload/f_auto,q_auto/league/bv33rgypaauv7sealwkr",2025,REG,MIA,11,0,0,0,0,0,0,0,0,0,0,0,0,NA,NA,0,NA,50,164,2,0,0,17,-0.9173368529300205,0,6,8,30,1,0,0,-16,46,1,-2.8310301935416646,0,-1.875,0.025,-0.007120605251446373,0.03251557632398754,0,0,0,0,0,0,0,0,0,0,0,0,0,0,0,0,0,1,1,0,0,0,1,15,0,0,1,25,0,0,0,0,NA,NA,0,0,0,0,0,0,0,0,0,0,0,0,NA,NA,NA,0,0,0,0,0,0,0,NA,0,0,0,0,NA,37.400000000000006,43.400000000000006
00-0040199,J.Pegues,JJ Pegues,DT,DL,"https://static.www.nfl.com/image/upload/f_auto,q_auto/league/dvqvxiv0lmy8wyunoztu",2025,REG,LV,3,0,0,0,0,0,0,0,0,0,0,0,0,NA,NA,0,NA,0,0,0,0,0,0,NA,0,0,0,0,0,0,0,0,0,0,NA,0,NA,0,0,0,0,1,1,2,1,1,0,0,0,0,0,0,0,0,0,0,0,0,0,0,0,0,0,0,0,0,0,0,0,0,0,0,NA,NA,0,0,0,0,0,0,0,0,0,0,0,0,NA,NA,NA,0,0,0,0,0,0,0,NA,0,0,0,0,NA,0,0
00-0040200,A.Borregales,Andy Borregales,K,SPEC,"https://static.www.nfl.com/image/upload/f_auto,q_auto/league/jgxnjxhysqwqk4fgf1ke",2025,REG,NE,12,0,0,0,0,0,0,0,0,0,0,0,0,NA,NA,0,NA,0,0,0,0,0,0,NA,0,0,0,0,0,0,0,0,0,0,NA,0,NA,0,0,0,0,1,0,0,0,0,0,0,0,0,0,0,0,0,0,0,0,0,0,0,0,0,2,0,0,0,0,0,19,21,2,0,53,0.9047619047619048,2,3,6,5,3,0,0,0,0,2,0,0,35;44;22;53;30;19;52;24;36;36;32;42;32;44;26;41;45;19;52,40;45,NA,684,85,0,33,35,2,0,0.9428571428571428,1,1,0,0,52,0,0
00-0040201,M.Harris,Marcus Harris,CB,DB,"https://static.www.nfl.com/image/upload/f_auto,q_auto/league/hvjye0qefdut1vzbcgkh",2025,REG,TEN,7,0,0,0,0,0,0,0,0,0,0,0,0,NA,NA,0,NA,0,0,0,0,0,0,NA,0,0,0,0,0,0,0,0,0,0,NA,0,NA,0,0,0,0,7,0,5,0,0,0,0,0,0,0,0,4,0,0,0,0,0,0,0,0,0,2,24,0,0,0,0,0,0,0,0,NA,NA,0,0,0,0,0,0,0,0,0,0,0,0,NA,NA,NA,0,0,0,0,0,0,0,NA,0,0,0,0,NA,0,0
00-0040202,D.Neal,Devin Neal,RB,RB,"https://static.www.nfl.com/image/upload/f_auto,q_auto/league/e0pzghslevb27ssozx4s",2025,REG,NO,6,0,0,0,0,0,0,0,0,0,0,0,0,NA,NA,0,NA,17,61,0,0,0,2,-2.2474051908939146,0,12,14,64,0,0,0,-33,93,3,-4.258271983840304,0,-1.9393939393939394,0.03763440860215054,-0.010624597553122988,0.04901439461603972,0,0,0,0,0,0,0,0,0,0,0,0,0,0,0,0,0,0,0,0,0,0,0,0,0,0,7,152,0,0,0,0,NA,NA,0,0,0,0,0,0,0,0,0,0,0,0,NA,NA,NA,0,0,0,0,0,0,0,NA,0,0,0,0,NA,12.5,24.5
00-0040204,J.Reed,Jaylen Reed,SAF,DB,"https://static.www.nfl.com/image/upload/f_auto,q_auto/league/xwfbvbjref1iuik9qhx8",2025,REG,HOU,1,0,0,0,0,0,0,0,0,0,0,0,0,NA,NA,0,NA,0,0,0,0,0,0,NA,0,0,0,0,0,0,0,0,0,0,NA,0,NA,0,0,0,0,9,0,3,0,0,0,0,0,0,0,0,0,0,0,0,0,0,0,1,1,0,0,0,0,0,0,0,0,0,0,0,NA,NA,0,0,0,0,0,0,0,0,0,0,0,0,NA,NA,NA,0,0,0,0,0,0,0,NA,0,0,0,0,NA,0,0
00-0040205,K.Mullings,Kalel Mullings,RB,RB,"https://static.www.nfl.com/image/upload/f_auto,q_auto/league/jaymtuoljhnetzekrgqx",2025,REG,TEN,1,0,0,0,0,0,0,0,0,0,0,0,0,NA,NA,0,NA,0,0,0,0,0,0,NA,0,0,0,0,0,0,0,0,0,0,NA,0,NA,0,0,0,0,0,0,0,0,0,0,0,0,0,0,0,0,0,0,0,0,0,0,0,0,0,1,5,0,0,0,0,0,0,0,0,NA,NA,0,0,0,0,0,0,0,0,0,0,0,0,NA,NA,NA,0,0,0,0,0,0,0,NA,0,0,0,0,NA,0,0
00-0040206,R.Leonard,Riley Leonard,QB,QB,"https://static.www.nfl.com/image/upload/f_auto,q_auto/league/vzdcrhp4p5kjmuhn7yay",2025,REG,IND,1,0,2,0,0,0,0,0,0,0,9,0,0,-2.116206401027739,-74.1940438747406,0,0,1,1,0,0,0,0,-0.5817819158546627,0,0,0,0,0,0,0,0,0,0,NA,0,NA,0,0,0,0,0,0,0,0,0,0,0,0,0,0,0,0,0,0,0,0,0,0,0,0,0,0,0,0,0,0,0,0,0,0,0,NA,NA,0,0,0,0,0,0,0,0,0,0,0,0,NA,NA,NA,0,0,0,0,0,0,0,NA,0,0,0,0,NA,0.1,0.1
00-0040208,T.Brooks,Tahj Brooks,RB,RB,"https://static.www.nfl.com/image/upload/f_auto,q_auto/league/wi7smnfts8t04wnd0n3p",2025,REG,CIN,9,0,0,0,0,0,0,0,0,0,0,0,0,NA,NA,0,NA,9,28,0,0,0,0,-1.8580907100113109,0,0,1,0,0,0,0,-3,0,0,-8.660526800435036,0,-0,0.002564102564102564,-9.7815454841865e-4,0.0031614456622607915,0,5,0,0,0,0,0,0,0,0,0,0,0,0,0,0,0,0,0,0,0,0,1,10,0,0,5,127,0,0,0,0,NA,NA,0,0,0,0,0,0,0,0,0,0,0,0,NA,NA,NA,0,0,0,0,0,0,0,NA,0,0,0,0,NA,2.8000000000000003,2.8000000000000003
00-0040213,R.Lane,Rayuan Lane III,SAF,DB,"https://static.www.nfl.com/image/upload/f_auto,q_auto/league/emzamsuwuuxtpw4natjw",2025,REG,JAX,8,0,0,0,0,0,0,0,0,0,0,0,0,NA,NA,0,NA,0,0,0,0,0,0,NA,0,0,0,0,0,0,0,0,0,0,NA,0,NA,0,0,0,0,6,0,5,0,0,0,0,0,0,0,0,1,0,0,0,0,0,0,0,0,0,3,35,0,0,0,0,0,0,0,0,NA,NA,0,0,0,0,0,0,0,0,0,0,0,0,NA,NA,NA,0,0,0,0,0,0,0,NA,0,0,0,0,NA,0,0
00-0040214,K.King,Kobe King,LB,LB,"https://static.www.nfl.com/image/upload/f_auto,q_auto/league/sdbdytvgxowtgi92inpv",2025,REG,NYJ,6,0,0,0,0,0,0,0,0,0,0,0,0,NA,NA,0,NA,0,0,0,0,0,0,NA,0,0,0,0,0,0,0,0,0,0,NA,0,NA,0,0,0,0,4,0,3,0,0,0,0,0,0,0,0,0,0,0,0,0,0,0,0,0,0,2,20,0,0,0,0,0,0,0,0,NA,NA,0,0,0,0,0,0,0,0,0,0,0,0,NA,NA,NA,0,0,0,0,0,0,0,NA,0,0,0,0,NA,0,0
00-0040216,K.Medrano,Kain Medrano,LB,LB,"https://static.www.nfl.com/image/upload/f_auto,q_auto/league/a9c6sezqfgnpwxnc3sl2",2025,REG,WAS,1,0,0,0,0,0,0,0,0,0,0,0,0,NA,NA,0,NA,0,0,0,0,0,0,NA,0,0,0,0,0,0,0,0,0,0,NA,0,NA,0,0,0,0,1,0,0,0,0,0,0,0,0,0,0,0,0,0,0,0,0,0,0,0,0,0,0,0,0,0,0,0,0,0,0,NA,NA,0,0,0,0,0,0,0,0,0,0,0,0,NA,NA,NA,0,0,0,0,0,0,0,NA,0,0,0,0,NA,0,0
00-0040218,Ji.Horn,Jimmy Horn Jr.,WR,WR,"https://static.www.nfl.com/image/upload/f_auto,q_auto/league/gggcgfbghcft0xwxtrhk",2025,REG,CAR,6,0,0,0,0,0,0,0,0,0,0,0,0,NA,NA,0,NA,7,44,0,0,0,2,2.7436511029372923,0,7,11,77,0,0,0,83,47,3,3.230614903645909,0,0.927710843373494,0.030726256983240222,0.032702915681639085,0.0689814264520077,0,0,0,0,0,0,0,0,0,0,0,0,0,0,0,0,0,0,0,0,0,0,0,0,0,0,0,0,0,0,0,0,NA,NA,0,0,0,0,0,0,0,0,0,0,0,0,NA,NA,NA,0,0,0,0,0,0,0,NA,0,0,0,0,NA,12.100000000000001,19.1
00-0040221,R.Mickens,R.J. Mickens,SAF,DB,"https://static.www.nfl.com/image/upload/f_auto,q_auto/league/ukzfqydyiezmemut0zoe",2025,REG,LAC,7,0,0,0,0,0,0,0,0,0,0,0,0,NA,NA,0,NA,0,0,0,0,0,0,NA,0,0,0,0,0,0,0,0,0,0,NA,0,NA,0,0,0,0,15,0,8,0,0,0,0,0,0,2,25,2,0,0,0,0,0,0,0,0,0,0,0,0,0,0,0,0,0,0,0,NA,NA,0,0,0,0,0,0,0,0,0,0,0,0,NA,NA,NA,0,0,0,0,0,0,0,NA,0,0,0,0,NA,0,0
00-0040223,J.Crawshaw,Jeremy Crawshaw,P,SPEC,"https://static.www.nfl.com/image/upload/f_auto,q_auto/league/nqnll8kqdpeuajt2lkyx",2025,REG,DEN,11,0,0,0,0,0,0,0,0,0,0,0,0,NA,NA,0,NA,0,0,0,0,0,0,NA,0,0,0,0,0,0,0,0,0,0,NA,0,NA,0,0,0,0,0,0,1,0,0,0,0,0,0,0,0,0,0,0,0,0,0,0,0,0,0,0,0,0,0,0,0,0,0,0,0,NA,NA,0,0,0,0,0,0,0,0,0,0,0,0,NA,NA,NA,0,0,0,0,0,0,0,NA,0,0,0,0,NA,0,0
00-0040225,T.Fidone,Thomas Fidone II,TE,TE,"https://static.www.nfl.com/image/upload/f_auto,q_auto/league/vbaqpkcxcfwh9dhzescy",2025,REG,NYG,1,0,0,0,0,0,0,0,0,0,0,0,0,NA,NA,0,NA,0,0,0,0,0,0,NA,0,0,0,0,0,0,0,0,0,0,NA,0,NA,0,0,0,0,1,0,0,0,0,0,0,0,0,0,0,0,0,0,0,0,0,0,0,0,0,0,0,0,0,0,0,0,0,0,0,NA,NA,0,0,0,0,0,0,0,0,0,0,0,0,NA,NA,NA,0,0,0,0,0,0,0,NA,0,0,0,0,NA,0,0
00-0040228,C.Lindenberg,Cody Lindenberg,LB,LB,"https://static.www.nfl.com/image/upload/f_auto,q_auto/league/fkyosruw3thae4zuxksu",2025,REG,LV,4,0,0,0,0,0,0,0,0,0,0,0,0,NA,NA,0,NA,0,0,0,0,0,0,NA,0,0,0,0,0,0,0,0,0,0,NA,0,NA,0,0,0,0,3,0,2,0,0,0,0,0,0,0,0,0,0,0,0,0,0,0,0,0,0,0,0,0,0,0,0,0,0,0,0,NA,NA,0,0,0,0,0,0,0,0,0,0,0,0,NA,NA,NA,0,0,0,0,0,0,0,NA,0,0,0,0,NA,0,0
00-0040230,K.Crawford,Kitan Crawford,SAF,DB,"https://static.www.nfl.com/image/upload/f_auto,q_auto/league/yitfnwsstvdstxcktfh6",2025,REG,ARI,7,0,0,0,0,0,0,0,0,0,0,0,0,NA,NA,0,NA,0,0,0,0,0,0,NA,0,0,0,0,0,0,0,0,0,0,NA,0,NA,0,0,0,0,5,0,4,0,0,0,0,0,0,0,0,1,0,0,0,0,0,0,0,0,0,1,10,0,0,0,0,0,0,0,0,NA,NA,0,0,0,0,0,0,0,0,0,0,0,0,NA,NA,NA,0,0,0,0,0,0,0,NA,0,0,0,0,NA,0,0
00-0040231,C.Bruener,Carson Bruener,LB,LB,"https://static.www.nfl.com/image/upload/f_auto,q_auto/league/vuf75qxgpwpimtkt8skl",2025,REG,PIT,8,0,0,0,0,0,0,0,0,0,0,0,0,NA,NA,0,NA,0,0,0,0,0,0,NA,0,0,0,0,0,0,0,0,0,0,NA,0,NA,0,0,0,0,5,0,6,0,0,0,0,0,0,0,0,0,0,0,0,0,0,0,0,0,0,0,0,0,0,0,0,0,0,0,0,NA,NA,0,0,0,0,0,0,0,0,0,0,0,0,NA,NA,NA,0,0,0,0,0,0,0,NA,0,0,0,0,NA,0,0
00-0040234,Q.Ewers,Quinn Ewers,QB,QB,"https://static.www.nfl.com/image/upload/f_auto,q_auto/league/wikumn4ijbsxyuhtv1vz",2025,REG,MIA,1,5,8,53,0,0,2,-20,1,0,72,15,2,-3.0399087821133435,-5.593042075634003,0,0.7361111111111112,1,0,0,1,0,1,-1.0048043434508145,0,0,0,0,0,0,0,0,0,0,NA,0,NA,0,0,0,0,0,0,0,0,0,0,0,0,0,0,0,0,0,0,0,0,1,2,0,0,0,0,0,0,0,0,0,0,0,0,0,NA,NA,0,0,0,0,0,0,0,0,0,0,0,0,NA,NA,NA,0,0,0,0,0,0,0,NA,0,0,0,0,NA,2.12,2.12
00-0040236,K.Monangai,Kyle Monangai,RB,RB,"https://static.www.nfl.com/image/upload/f_auto,q_auto/league/cici2wf1walmoluhe95i",2025,REG,CHI,11,0,0,0,0,0,0,0,0,0,0,0,0,NA,NA,0,NA,99,461,4,0,0,26,6.0482919988862704,0,10,16,97,0,0,0,4,101,5,1.017411820765119,0,24.25,0.04597701149425287,0.00124031007751938,0.06983373429564288,0,0,0,0,0,0,0,0,0,0,0,0,0,0,0,0,0,1,1,0,0,0,0,0,0,0,0,0,0,0,0,0,NA,NA,0,0,0,0,0,0,0,0,0,0,0,0,NA,NA,NA,0,0,0,0,0,0,0,NA,0,0,0,0,NA,79.80000000000001,89.80000000000001
00-0040237,T.Johnson,Tez Johnson,WR,WR,"https://static.www.nfl.com/image/upload/f_auto,q_auto/league/zjtu1bcayjh9qunkxs9z",2025,REG,TB,10,0,0,0,0,0,0,0,0,0,0,0,0,NA,NA,0,NA,6,17,0,0,0,0,-1.1643764040782116,0,23,37,282,5,0,0,442,95,14,16.526208479187925,0,0.6380090497737556,0.10164835164835165,0.14472822527832352,0.25378228516735396,0,0,0,0,0,0,0,0,0,0,0,0,0,0,0,0,0,0,0,0,0,0,0,0,0,0,0,0,0,0,0,0,NA,NA,0,0,0,0,0,0,0,0,0,0,0,0,NA,NA,NA,0,0,0,0,0,0,0,NA,0,0,0,0,NA,59.900000000000006,82.9
00-0040238,L.Allen,LeQuint Allen Jr.,RB,RB,"https://static.www.nfl.com/image/upload/f_auto,q_auto/league/i0utigksuuvo2njb9wtk",2025,REG,JAX,11,0,0,0,0,0,0,0,0,0,0,0,0,NA,NA,0,NA,14,70,0,0,0,5,0.28910961450310424,0,7,8,41,0,0,0,-6,39,0,-2.6923960713213724,0,-6.833333333333333,0.022222222222222223,-0.0020046775810223854,0.03193005902661766,0,0,0,1,0,0,0,0,0,0,0,0,0,0,0,0,0,1,1,0,0,0,0,0,0,0,15,358,0,0,0,0,NA,NA,0,0,0,0,0,0,0,0,0,0,0,0,NA,NA,NA,0,0,0,0,0,0,0,NA,0,0,0,0,NA,11.100000000000001,18.1
00-0040241,D.Lovett,Dominic Lovett,WR,WR,"https://static.www.nfl.com/image/upload/f_auto,q_auto/league/fzxlfb3wl37vyzwfmbmk",2025,REG,DET,2,0,0,0,0,0,0,0,0,0,0,0,0,NA,NA,0,NA,0,0,0,0,0,0,NA,0,0,0,0,0,0,0,0,0,0,NA,0,NA,0,0,0,0,0,0,0,0,0,0,0,0,0,0,0,0,0,0,0,0,0,0,0,0,0,0,0,0,0,1,22,0,0,0,0,NA,NA,0,0,0,0,0,0,0,0,0,0,0,0,NA,NA,NA,0,0,0,0,0,0,0,NA,0,0,0,0,NA,0,0
00-0040242,J.Croskey-Merritt,Jacory Croskey-Merritt,RB,RB,"https://static.www.nfl.com/image/upload/f_auto,q_auto/league/tklzj7zzve1t4z2hhr1g",2025,REG,WAS,11,0,0,0,0,0,0,0,0,0,0,0,0,NA,NA,0,NA,114,498,4,2,2,25,-10.362092906099743,0,9,13,68,0,0,0,-19,77,3,1.0342133147642016,0,-3.5789473684210527,0.044673539518900345,-0.007407407407407408,0.06182512409316533,0,0,0,0,0,0,0,0,0,0,0,0,0,0,0,0,0,0,0,0,0,0,0,0,0,0,0,0,0,0,0,0,NA,NA,0,0,0,0,0,0,0,0,0,0,0,0,NA,NA,NA,0,0,0,0,0,0,0,NA,0,0,0,0,NA,76.6,85.6
00-0040243,K.Black,Korie Black,CB,DB,"https://static.www.nfl.com/image/upload/f_auto,q_auto/league/ulzvk0ytwjmtrqemlmhd",2025,REG,NYG,5,0,0,0,0,0,0,0,0,0,0,0,0,NA,NA,0,NA,0,0,0,0,0,0,NA,0,0,0,0,0,0,0,0,0,0,NA,0,NA,0,0,0,0,6,1,11,1,2,0,0,0,0,0,0,1,0,0,0,0,0,0,0,0,0,1,14,0,0,0,0,0,0,0,0,NA,NA,0,0,0,0,0,0,0,0,0,0,0,0,NA,NA,NA,0,0,0,0,0,0,0,NA,0,0,0,0,NA,0,0
00-0040245,C.Colby,Connor Colby,G,OL,"https://static.www.nfl.com/image/upload/f_auto,q_auto/league/b0b2krvxbpylwerralyx",2025,REG,SF,4,0,0,0,0,0,0,0,0,0,0,0,0,NA,NA,0,NA,0,0,0,0,0,0,NA,0,1,1,-1,0,0,0,-6,5,0,-1.2148527413199173,0,0,0.0024630541871921183,-0.0019524894240156199,0.0023278386839772434,0,0,0,0,0,0,0,0,0,0,0,0,0,0,0,0,0,0,0,0,0,0,3,20,0,0,0,0,0,0,0,0,NA,NA,0,0,0,0,0,0,0,0,0,0,0,0,NA,NA,NA,0,0,0,0,0,0,0,NA,0,0,0,0,NA,-0.1,0.9
00-0040246,J.Ashby,Julian Ashby,LS,SPEC,"https://static.www.nfl.com/image/upload/f_auto,q_auto/league/qlam8vwdvr3fxlbcbotw",2025,REG,NE,3,0,0,0,0,0,0,0,0,0,0,0,0,NA,NA,0,NA,0,0,0,0,0,0,NA,0,0,0,0,0,0,0,0,0,0,NA,0,NA,0,0,0,0,1,0,0,0,0,0,0,0,0,0,0,0,0,0,0,0,0,0,0,0,0,2,10,0,0,0,0,0,0,0,0,NA,NA,0,0,0,0,0,0,0,0,0,0,0,0,NA,NA,NA,0,0,0,0,0,0,0,NA,0,0,0,0,NA,0,0
00-0040248,Z.Biggers,Zeek Biggers,DT,DL,"https://static.www.nfl.com/image/upload/f_auto,q_auto/league/koyblxerkw9bj2ui64th",2025,REG,MIA,2,0,0,0,0,0,0,0,0,0,0,0,0,NA,NA,0,NA,0,0,0,0,0,0,NA,0,0,0,0,0,0,0,0,0,0,NA,0,NA,0,0,0,0,4,0,5,0,0,0,0,0,1,0,0,0,0,0,0,0,0,0,0,0,0,0,0,0,0,0,0,0,0,0,0,NA,NA,0,0,0,0,0,0,0,0,0,0,0,0,NA,NA,NA,0,0,0,0,0,0,0,NA,0,0,0,0,NA,0,0
00-0040249,F.Diggs,Fadil Diggs,LB,LB,"https://static.www.nfl.com/image/upload/f_auto,q_auto/league/oyuhjwmnw2mnr75h5udw",2025,REG,NO,2,0,0,0,0,0,0,0,0,0,0,0,0,NA,NA,0,NA,0,0,0,0,0,0,NA,0,0,0,0,0,0,0,0,0,0,NA,0,NA,0,0,0,0,0,0,0,0,0,0,0,0,0,0,0,0,0,0,0,0,0,0,0,0,0,2,11,0,0,0,0,0,0,0,0,NA,NA,0,0,0,0,0,0,0,0,0,0,0,0,NA,NA,NA,0,0,0,0,0,0,0,NA,0,0,0,0,NA,0,0
00-0040251,T.Bridges,Trikweze Bridges,CB,DB,"https://static.www.nfl.com/image/upload/f_auto,q_auto/league/gjjfpzprpesl0q2ujavn",2025,REG,DAL,4,0,0,0,0,0,0,0,0,0,0,0,0,NA,NA,0,NA,0,0,0,0,0,0,NA,0,0,0,0,0,0,0,0,0,0,NA,0,NA,0,0,0,0,12,0,1,0,0,0,0,0,0,1,7,2,0,0,0,0,0,0,0,0,0,0,0,0,0,0,0,0,0,0,0,NA,NA,0,0,0,0,0,0,0,0,0,0,0,0,NA,NA,NA,0,0,0,0,0,0,0,NA,0,0,0,0,NA,0,0
00-0040255,A.Huntington,Adin Huntington,DE,DL,"https://static.www.nfl.com/image/upload/f_auto,q_auto/league/zqevui8ikmsi20blzgot",2025,REG,CLE,8,0,0,0,0,0,0,0,0,0,0,0,0,NA,NA,0,NA,0,0,0,0,0,0,NA,0,0,0,0,0,0,0,0,0,0,NA,0,NA,0,0,0,0,5,0,7,0,0,0,0.5,4,1,0,0,0,0,0,0,0,0,0,0,0,0,1,15,0,0,0,0,0,0,0,0,NA,NA,0,0,0,0,0,0,0,0,0,0,0,0,NA,NA,NA,0,0,0,0,0,0,0,NA,0,0,0,0,NA,0,0
00-0040258,D.Jones,Dom Jones,CB,DB,NA,2025,REG,CLE,2,0,0,0,0,0,0,0,0,0,0,0,0,NA,NA,0,NA,0,0,0,0,0,0,NA,0,0,0,0,0,0,0,0,0,0,NA,0,NA,0,0,0,0,4,0,1,0,0,0,0,0,0,0,0,0,0,0,0,0,0,0,0,0,0,0,0,0,0,0,0,0,0,0,0,NA,NA,0,0,0,0,0,0,0,0,0,0,0,0,NA,NA,NA,0,0,0,0,0,0,0,NA,0,0,0,0,NA,0,0
00-0040259,G.Larvadain,Gage Larvadain,WR,WR,"https://static.www.nfl.com/image/upload/f_auto,q_auto/league/ghzcze6fe8cmvu2vrkyo",2025,REG,CLE,7,0,0,0,0,0,0,0,0,0,0,0,0,NA,NA,0,NA,1,3,0,0,0,0,-0.8114259385038167,0,2,6,22,0,0,0,54,6,0,-1.3942555072717369,0,0.4074074074074074,0.016713091922005572,0.021176470588235293,0.03989316729477306,0,0,0,0,0,0,0,0,0,0,0,0,0,0,0,0,0,0,0,0,0,0,0,0,13,139,0,0,0,0,0,0,NA,NA,0,0,0,0,0,0,0,0,0,0,0,0,NA,NA,NA,0,0,0,0,0,0,0,NA,0,0,0,0,NA,2.5,4.5
00-0040261,E.Mascarenas-Arnold,Easton Mascarenas-Arnold,LB,LB,"https://static.www.nfl.com/image/upload/f_auto,q_auto/league/ms3shd56ki1juzpdzuly",2025,REG,CLE,4,0,0,0,0,0,0,0,0,0,0,0,0,NA,NA,0,NA,0,0,0,0,0,0,NA,0,0,0,0,0,0,0,0,0,0,NA,0,NA,0,0,0,0,2,0,4,0,0,0,0,0,0,0,0,0,0,0,0,0,0,0,0,0,0,0,0,0,0,0,0,0,0,0,0,NA,NA,0,0,0,0,0,0,0,0,0,0,0,0,NA,NA,NA,0,0,0,0,0,0,0,NA,0,0,0,0,NA,0,0
00-0040263,D.McMillon,Donovan McMillon,SAF,DB,"https://static.www.nfl.com/image/upload/f_auto,q_auto/league/fbnuqvyuya1btewfzslw",2025,REG,CLE,8,0,0,0,0,0,0,0,0,0,0,0,0,NA,NA,0,NA,0,0,0,0,0,0,NA,0,0,0,0,0,0,0,0,0,0,NA,0,NA,0,0,0,0,5,0,5,1,10,0,1,10,1,0,0,0,0,0,0,0,0,0,0,0,0,1,15,0,0,0,0,0,0,0,0,NA,NA,0,0,0,0,0,0,0,0,0,0,0,0,NA,NA,NA,0,0,0,0,0,0,0,NA,0,0,0,0,NA,0,0
00-0040277,J.Walker,Jahdae Walker,WR,WR,"https://static.www.nfl.com/image/upload/f_auto,q_auto/league/h3pgfkuao7n0txq0qtd6",2025,REG,CHI,3,0,0,0,0,0,0,0,0,0,0,0,0,NA,NA,0,NA,0,0,0,0,0,0,NA,0,0,0,0,0,0,0,0,0,0,NA,0,NA,0,0,0,0,0,0,3,0,0,0,0,0,0,0,0,0,0,0,0,0,0,0,0,0,0,1,10,0,0,0,0,0,0,0,0,NA,NA,0,0,0,0,0,0,0,0,0,0,0,0,NA,NA,NA,0,0,0,0,0,0,0,NA,0,0,0,0,NA,0,0
00-0040279,R.Fitzgerald,Ryan Fitzgerald,K,SPEC,"https://static.www.nfl.com/image/upload/f_auto,q_auto/league/abfug5vjak5ixdcqca7x",2025,REG,CAR,12,0,0,0,0,0,0,0,0,0,0,0,0,NA,NA,0,NA,0,0,0,0,0,0,NA,0,0,0,0,0,0,0,0,0,0,NA,0,NA,0,0,0,0,0,0,1,0,0,0,0,0,0,0,0,0,0,0,0,0,0,0,0,0,0,0,0,0,0,0,0,18,22,3,1,57,0.8181818181818182,0,5,6,5,2,0,0,0,1,0,2,0,48;27;57;35;41;35;49;31;55;33;30;29;48;49;29;34;28;25,55;32;57,48,683,144,48,16,19,3,0,0.8421052631578947,3,3,0,0,33;49;28,0,0
00-0040289,B.Martin-Scott,Bam Martin-Scott,LB,LB,"https://static.www.nfl.com/image/upload/f_auto,q_auto/league/fvfw5drjy4cxaotvve69",2025,REG,CAR,9,0,0,0,0,0,0,0,0,0,0,0,0,NA,NA,0,NA,0,0,0,0,0,0,NA,0,0,0,0,0,0,0,0,0,0,NA,0,NA,0,0,0,0,7,0,10,1,3,1,0,0,0,0,0,0,0,0,0,0,0,0,0,0,0,1,10,0,0,0,0,0,0,0,0,NA,NA,0,0,0,0,0,0,0,0,0,0,0,0,NA,NA,NA,0,0,0,0,0,0,0,NA,0,0,0,0,NA,0,0
00-0040295,T.Thomas,Trevian Thomas,SAF,DB,"https://static.www.nfl.com/image/upload/f_auto,q_auto/league/h1dafnkoaft9gldc6beo",2025,REG,CAR,1,0,0,0,0,0,0,0,0,0,0,0,0,NA,NA,0,NA,0,0,0,0,0,0,NA,0,0,0,0,0,0,0,0,0,0,NA,0,NA,0,0,0,0,0,0,1,0,0,0,0,0,0,0,0,0,0,0,0,0,0,0,0,0,0,0,0,0,0,0,0,0,0,0,0,NA,NA,0,0,0,0,0,0,0,0,0,0,0,0,NA,NA,NA,0,0,0,0,0,0,0,NA,0,0,0,0,NA,0,0
00-0040296,C.Thornton,Corey Thornton,CB,DB,"https://static.www.nfl.com/image/upload/f_auto,q_auto/league/tlmmgdiwijyhzguzyjwy",2025,REG,CAR,7,0,0,0,0,0,0,0,0,0,0,0,0,NA,NA,0,NA,0,0,0,0,0,0,NA,0,0,0,0,0,0,0,0,0,0,NA,0,NA,0,0,0,0,8,0,6,0,0,1,0,0,0,0,0,3,0,0,0,0,0,0,0,0,0,1,10,0,0,0,0,0,0,0,0,NA,NA,0,0,0,0,0,0,0,0,0,0,0,0,NA,NA,NA,0,0,0,0,0,0,0,NA,0,0,0,0,NA,0,0
00-0040317,Ja.Jones,Jacoby Jones,WR,WR,"https://static.www.nfl.com/image/upload/f_auto,q_auto/league/jfy4bvrbzlpyreglk79s",2025,REG,WAS,1,0,0,0,0,0,0,0,0,0,0,0,0,NA,NA,0,NA,0,0,0,0,0,0,NA,0,1,1,25,0,0,0,3,22,1,1.5626438096514903,0,8.333333333333334,0.003436426116838488,0.0011695906432748538,0.005973352625550129,0,0,0,0,0,0,0,0,0,0,0,0,0,0,0,0,0,0,0,0,0,0,0,0,0,0,0,0,0,0,0,0,NA,NA,0,0,0,0,0,0,0,0,0,0,0,0,NA,NA,NA,0,0,0,0,0,0,0,NA,0,0,0,0,NA,2.5,3.5
00-0040318,A.Kaho,Ale Kaho,LB,LB,"https://static.www.nfl.com/image/upload/f_auto,q_auto/league/roqau9uehkwexrwqij8u",2025,REG,WAS,1,0,0,0,0,0,0,0,0,0,0,0,0,NA,NA,0,NA,0,0,0,0,0,0,NA,0,0,0,0,0,0,0,0,0,0,NA,0,NA,0,0,0,0,2,0,0,0,0,0,0,0,0,0,0,0,0,0,0,0,0,0,0,0,0,0,0,0,0,0,0,0,0,0,0,NA,NA,0,0,0,0,0,0,0,0,0,0,0,0,NA,NA,NA,0,0,0,0,0,0,0,NA,0,0,0,0,NA,0,0
00-0040326,B.Combs,Branson Combs,LB,LB,"https://static.www.nfl.com/image/upload/f_auto,q_auto/league/vw3vnd5qllxsvf6eeinn",2025,REG,JAX,3,0,0,0,0,0,0,0,0,0,0,0,0,NA,NA,0,NA,0,0,0,0,0,0,NA,0,0,0,0,0,0,0,0,0,0,NA,0,NA,0,0,0,0,2,0,4,0,0,1,0,0,0,0,0,0,0,0,0,0,0,0,0,0,0,0,0,0,0,0,0,0,0,0,0,NA,NA,0,0,0,0,0,0,0,0,0,0,0,0,NA,NA,NA,0,0,0,0,0,0,0,NA,0,0,0,0,NA,0,0
00-0040329,B.Green,BJ Green II,DE,DL,"https://static.www.nfl.com/image/upload/f_auto,q_auto/league/ozs0yiy8cfhwplbjdgnd",2025,REG,JAX,3,0,0,0,0,0,0,0,0,0,0,0,0,NA,NA,0,NA,0,0,0,0,0,0,NA,0,0,0,0,0,0,0,0,0,0,NA,0,NA,0,0,0,0,2,0,2,0,0,0,0,0,0,0,0,0,0,0,0,0,0,0,0,0,0,0,0,0,0,0,0,0,0,0,0,NA,NA,0,0,0,0,0,0,0,0,0,0,0,0,NA,NA,NA,0,0,0,0,0,0,0,NA,0,0,0,0,NA,0,0
00-0040342,D.Striggow,Danny Striggow,DE,DL,"https://static.www.nfl.com/image/upload/f_auto,q_auto/league/qalm38ldbufzxr5lbbjk",2025,REG,JAX,5,0,0,0,0,0,0,0,0,0,0,0,0,NA,NA,0,NA,0,0,0,0,0,0,NA,0,0,0,0,0,0,0,0,0,0,NA,0,NA,0,0,0,0,3,0,2,0,0,0,0.5,2,3,0,0,0,0,0,0,0,0,0,1,1,0,0,0,0,0,0,0,0,0,0,0,NA,NA,0,0,0,0,0,0,0,0,0,0,0,0,NA,NA,NA,0,0,0,0,0,0,0,NA,0,0,0,0,NA,0,0
00-0040347,J.Edwards,Johnathan Edwards,CB,DB,"https://static.www.nfl.com/image/upload/f_auto,q_auto/league/hvshzsyqwcqqtfdltrpu",2025,REG,IND,5,0,0,0,0,0,0,0,0,0,0,0,0,NA,NA,0,NA,0,0,0,0,0,0,NA,0,0,0,0,0,0,0,0,0,0,NA,0,NA,0,0,0,0,12,0,4,0,0,0,0,0,0,0,0,2,0,0,0,0,0,0,0,0,0,0,0,0,0,0,0,0,0,0,0,NA,NA,0,0,0,0,0,0,0,0,0,0,0,0,NA,NA,NA,0,0,0,0,0,0,0,NA,0,0,0,0,NA,0,0
00-0040357,T.Washington,Trey Washington,SAF,DB,"https://static.www.nfl.com/image/upload/f_auto,q_auto/league/p3t9mxultgfpepu09sme",2025,REG,IND,2,0,0,0,0,0,0,0,0,0,0,0,0,NA,NA,0,NA,0,0,0,0,0,0,NA,0,0,0,0,0,0,0,0,0,0,NA,0,NA,0,0,0,0,0,0,4,0,0,0,0,0,0,0,0,0,0,0,0,0,0,0,0,0,0,1,17,0,0,0,0,0,0,0,0,NA,NA,0,0,0,0,0,0,0,0,0,0,0,0,NA,NA,NA,0,0,0,0,0,0,0,NA,0,0,0,0,NA,0,0
00-0040362,K.Jenkins,Keonta Jenkins,LB,LB,"https://static.www.nfl.com/image/upload/f_auto,q_auto/league/dfm3e8943azsxp4zwpr7",2025,REG,BUF,2,0,0,0,0,0,0,0,0,0,0,0,0,NA,NA,0,NA,0,0,0,0,0,0,NA,0,0,0,0,0,0,0,0,0,0,NA,0,NA,0,0,0,0,2,0,2,0,0,0,0,0,0,0,0,0,0,0,0,0,0,0,0,0,0,0,0,0,0,0,0,0,0,0,0,NA,NA,0,0,0,0,0,0,0,0,0,0,0,0,NA,NA,NA,0,0,0,0,0,0,0,NA,0,0,0,0,NA,0,0
00-0040363,K.Latu,Keleki Latu,TE,TE,"https://static.www.nfl.com/image/upload/f_auto,q_auto/league/yqhw4wguafosmzae7idl",2025,REG,BUF,1,0,0,0,0,0,0,0,0,0,0,0,0,NA,NA,0,NA,0,0,0,0,0,0,NA,0,1,1,4,0,0,0,4,0,0,-0.440488452790305,0,1,0.0030864197530864196,0.0015355086372360845,0.0057044856756948885,0,1,0,1,0,0,0,0,0,0,0,0,0,0,0,0,0,0,0,0,0,0,0,0,0,0,0,0,0,0,0,0,NA,NA,0,0,0,0,0,0,0,0,0,0,0,0,NA,NA,NA,0,0,0,0,0,0,0,NA,0,0,0,0,NA,0.4,1.4
00-0040369,H.Cross,Howard Cross III,DT,DL,"https://static.www.nfl.com/image/upload/f_auto,q_auto/league/c14y9hq7dq3e6wfuiqi7",2025,REG,CIN,1,0,0,0,0,0,0,0,0,0,0,0,0,NA,NA,0,NA,0,0,0,0,0,0,NA,0,0,0,0,0,0,0,0,0,0,NA,0,NA,0,0,0,0,1,0,0,0,0,0,0,0,0,0,0,0,0,0,0,0,0,0,0,0,0,0,0,0,0,0,0,0,0,0,0,NA,NA,0,0,0,0,0,0,0,0,0,0,0,0,NA,NA,NA,0,0,0,0,0,0,0,NA,0,0,0,0,NA,0,0
00-0040371,E.Gregory,Eric Gregory,DT,DL,"https://static.www.nfl.com/image/upload/f_auto,q_auto/league/ycfbf89kkgotgpldra6o",2025,REG,NE,1,0,0,0,0,0,0,0,0,0,0,0,0,NA,NA,0,NA,0,0,0,0,0,0,NA,0,0,0,0,0,0,0,0,0,0,NA,0,NA,0,0,0,0,0,0,1,0,0,0,0,0,0,0,0,0,0,0,0,0,0,0,0,0,0,0,0,0,0,0,0,0,0,0,0,NA,NA,0,0,0,0,0,0,0,0,0,0,0,0,NA,NA,NA,0,0,0,0,0,0,0,NA,0,0,0,0,NA,0,0
00-0040379,W.Wagner,William Wagner,LS,SPEC,"https://static.www.nfl.com/image/upload/f_auto,q_auto/league/y7yfjyw559ytucyitpey",2025,REG,CIN,2,0,0,0,0,0,0,0,0,0,0,0,0,NA,NA,0,NA,0,0,0,0,0,0,NA,0,0,0,0,0,0,0,0,0,0,NA,0,NA,0,0,0,0,0,0,2,0,0,0,0,0,0,0,0,0,0,0,0,0,0,0,0,0,0,0,0,0,0,0,0,0,0,0,0,NA,NA,0,0,0,0,0,0,0,0,0,0,0,0,NA,NA,NA,0,0,0,0,0,0,0,NA,0,0,0,0,NA,0,0
00-0040382,J.Fryar,Josh Fryar,OT,OL,"https://static.www.nfl.com/image/upload/f_auto,q_auto/league/w0u0ymmb61jmfyihob2j",2025,REG,ARI,1,0,0,0,0,0,0,0,0,0,0,0,0,NA,NA,0,NA,0,0,0,0,0,0,NA,0,0,0,0,0,0,0,0,0,0,NA,0,NA,0,0,0,0,0,0,0,0,0,0,0,0,0,0,0,0,0,0,0,0,0,0,0,0,0,1,5,0,0,0,0,0,0,0,0,NA,NA,0,0,0,0,0,0,0,0,0,0,0,0,NA,NA,NA,0,0,0,0,0,0,0,NA,0,0,0,0,NA,0,0
00-0040384,E.Simmons,Elijah Simmons,DL,DL,"https://static.www.nfl.com/image/upload/f_auto,q_auto/league/ilbr68buxdmb4lk0pa0h",2025,REG,TB,3,0,0,0,0,0,0,0,0,0,0,0,0,NA,NA,0,NA,0,0,0,0,0,0,NA,0,0,0,0,0,0,0,0,0,0,NA,0,NA,0,0,0,0,2,0,2,1,2,0,0,0,0,0,0,0,0,0,0,0,0,0,0,0,0,0,0,0,0,0,0,0,0,0,0,NA,NA,0,0,0,0,0,0,0,0,0,0,0,0,NA,NA,NA,0,0,0,0,0,0,0,NA,0,0,0,0,NA,0,0
00-0040396,D.Clark,Dean Clark,SAF,DB,"https://static.www.nfl.com/image/upload/f_auto,q_auto/league/p6jf4tbfaxal0x71dqvy",2025,REG,NYJ,3,0,0,0,0,0,0,0,0,0,0,0,0,NA,NA,0,NA,0,0,0,0,0,0,NA,0,0,0,0,0,0,0,0,0,0,NA,0,NA,0,0,0,0,3,0,1,0,0,0,0,0,0,0,0,0,0,0,0,0,0,0,0,0,0,1,7,0,0,0,0,0,0,0,0,NA,NA,0,0,0,0,0,0,0,0,0,0,0,0,NA,NA,NA,0,0,0,0,0,0,0,NA,0,0,0,0,NA,0,0
00-0040408,J.Weston,Ja'Markis Weston,DE,DL,"https://static.www.nfl.com/image/upload/f_auto,q_auto/league/v41az1eczskjq29u2e9n",2025,REG,NYJ,2,0,0,0,0,0,0,0,0,0,0,0,0,NA,NA,0,NA,0,0,0,0,0,0,NA,0,0,0,0,0,0,0,0,0,0,NA,0,NA,0,0,0,0,0,0,2,0,0,0,0,0,0,0,0,0,0,0,0,0,0,0,0,0,0,0,0,0,0,0,0,0,0,0,0,NA,NA,0,0,0,0,0,0,0,0,0,0,0,0,NA,NA,NA,0,0,0,0,0,0,0,NA,0,0,0,0,NA,0,0
00-0040416,J.Bullock,John Bullock,LB,LB,"https://static.www.nfl.com/image/upload/f_auto,q_auto/league/myb1grpfohovodjjzdb6",2025,REG,TB,6,0,0,0,0,0,0,0,0,0,0,0,0,NA,NA,0,NA,0,0,0,0,0,0,NA,0,0,0,0,0,0,0,0,0,0,NA,0,NA,0,0,0,0,2,0,6,0,0,0,0,0,0,0,0,0,0,0,0,0,0,0,0,0,0,0,0,0,0,0,0,0,0,0,0,NA,NA,0,0,0,0,0,0,0,0,0,0,0,0,NA,NA,NA,0,0,0,0,0,0,0,NA,0,0,0,0,NA,0,0
00-0040429,J.Williams,Josh Williams,RB,RB,"https://static.www.nfl.com/image/upload/f_auto,q_auto/league/sdsmzjq9e7ccae9imvbm",2025,REG,TB,2,0,0,0,0,0,0,0,0,0,0,0,0,NA,NA,0,NA,4,11,0,0,0,0,-1.8560136678861454,0,0,0,0,0,0,0,0,0,0,NA,0,NA,0,0,0,0,0,0,0,0,0,0,0,0,0,0,0,0,0,0,0,0,0,0,0,0,0,0,0,0,0,5,129,0,0,0,0,NA,NA,0,0,0,0,0,0,0,0,0,0,0,0,NA,NA,NA,0,0,0,0,0,0,0,NA,0,0,0,0,NA,1.1,1.1
00-0040431,D.Cambre,Dalen Cambre,WR,WR,"https://static.www.nfl.com/image/upload/f_auto,q_auto/league/madcztlwaa3qwun36mui",2025,REG,NYG,1,0,0,0,0,0,0,0,0,0,0,0,0,NA,NA,0,NA,0,0,0,0,0,0,NA,0,0,0,0,0,0,0,0,0,0,NA,0,NA,0,0,0,0,1,0,1,0,0,0,0,0,0,0,0,0,0,0,0,0,0,0,0,0,0,0,0,0,0,0,0,0,0,0,0,NA,NA,0,0,0,0,0,0,0,0,0,0,0,0,NA,NA,NA,0,0,0,0,0,0,0,NA,0,0,0,0,NA,0,0
00-0040432,B.Collins,Beaux Collins,WR,WR,"https://static.www.nfl.com/image/upload/f_auto,q_auto/league/hmdciwdixqbmrh7nj9fy",2025,REG,NYG,4,0,0,0,0,0,0,0,0,0,0,0,0,NA,NA,0,NA,0,0,0,0,0,0,NA,0,2,6,25,0,0,0,73,6,1,-5.74455542647047,0,0.3424657534246575,0.016260162601626018,0.02125800815375655,0.03927084961006861,0,1,0,4,0,0,0,0,0,0,0,0,0,0,0,0,0,0,0,0,0,0,1,10,0,0,0,0,0,0,0,0,NA,NA,0,0,0,0,0,0,0,0,0,0,0,0,NA,NA,NA,0,0,0,0,0,0,0,NA,0,0,0,0,NA,2.5,4.5
00-0040449,K.Reid,Karene Reid,LB,LB,"https://static.www.nfl.com/image/upload/f_auto,q_auto/league/jcv9wokifabbgw68ldu4",2025,REG,DEN,4,0,0,0,0,0,0,0,0,0,0,0,0,NA,NA,0,NA,0,0,0,0,0,0,NA,0,0,0,0,0,0,0,0,0,0,NA,0,NA,0,0,0,0,4,0,1,0,0,0,0,0,0,0,0,0,0,0,0,0,0,0,0,0,0,0,0,0,0,0,0,0,0,0,0,NA,NA,0,0,0,0,0,0,0,0,0,0,0,0,NA,NA,NA,0,0,0,0,0,0,0,NA,0,0,0,0,NA,0,0
00-0040451,X.Truss,Xavier Truss,G,OL,"https://static.www.nfl.com/image/upload/f_auto,q_auto/league/dimz3zv8mumt0yyyrci4",2025,REG,NO,1,0,0,0,0,0,0,0,0,0,0,0,0,NA,NA,0,NA,0,0,0,0,0,0,NA,0,0,0,0,0,0,0,0,0,0,NA,0,NA,0,0,0,0,0,0,0,0,0,0,0,0,0,0,0,0,0,0,0,0,0,0,0,0,0,1,5,0,0,0,0,0,0,0,0,NA,NA,0,0,0,0,0,0,0,0,0,0,0,0,NA,NA,NA,0,0,0,0,0,0,0,NA,0,0,0,0,NA,0,0
00-0040460,M.Wax,Marlowe Wax,LB,LB,"https://static.www.nfl.com/image/upload/f_auto,q_auto/league/fvei7bpdtr2uqk43loi3",2025,REG,LAC,9,0,0,0,0,0,0,0,0,0,0,0,0,NA,NA,0,NA,0,0,0,0,0,0,NA,0,0,0,0,0,0,0,0,0,0,NA,0,NA,0,0,0,0,4,0,8,0,0,0,0,0,0,0,0,0,0,0,0,0,0,0,0,0,0,2,25,0,0,0,0,0,0,0,0,NA,NA,0,0,0,0,0,0,0,0,0,0,0,0,NA,NA,NA,0,0,0,0,0,0,0,NA,0,0,0,0,NA,0,0
00-0040466,R.Sanders,Raheim Sanders,RB,RB,"https://static.www.nfl.com/image/upload/f_auto,q_auto/league/jkty8m7iqcjjfmrxhfub",2025,REG,CLE,1,0,0,0,0,0,0,0,0,0,0,0,0,NA,NA,0,NA,3,3,1,0,0,2,3.384374301356729,0,0,0,0,0,0,0,0,0,0,NA,0,NA,0,0,0,0,0,0,0,0,0,0,0,0,0,0,0,0,0,0,0,0,0,0,0,0,0,0,0,0,0,0,0,0,0,0,0,NA,NA,0,0,0,0,0,0,0,0,0,0,0,0,NA,NA,NA,0,0,0,0,0,0,0,NA,0,0,0,0,NA,6.3,6.3
00-0040471,N.Reed,Nikko Reed,CB,DB,"https://static.www.nfl.com/image/upload/f_auto,q_auto/league/rcimuj4atlzsu4camzve",2025,REG,LAC,3,0,0,0,0,0,0,0,0,0,0,0,0,NA,NA,0,NA,0,0,0,0,0,0,NA,0,0,0,0,0,0,0,0,0,0,NA,0,NA,0,0,0,0,1,0,1,0,0,0,0,0,0,0,0,1,0,0,0,0,0,0,0,0,0,0,0,0,0,0,0,0,0,0,0,NA,NA,0,0,0,0,0,0,0,0,0,0,0,0,NA,NA,NA,0,0,0,0,0,0,0,NA,0,0,0,0,NA,0,0
00-0040476,U.Bentley,Ulysses Bentley IV,RB,RB,"https://static.www.nfl.com/image/upload/f_auto,q_auto/league/iw8g8cngrmp4ipcrdpwi",2025,REG,IND,1,0,0,0,0,0,0,0,0,0,0,0,0,NA,NA,0,NA,1,0,0,0,0,0,-0.7951695243951273,0,0,0,0,0,0,0,0,0,0,NA,0,NA,0,0,0,0,0,0,0,0,0,0,0,0,0,0,0,0,0,0,0,0,0,0,0,0,0,0,0,0,0,0,0,0,0,0,0,NA,NA,0,0,0,0,0,0,0,0,0,0,0,0,NA,NA,NA,0,0,0,0,0,0,0,NA,0,0,0,0,NA,0,0
00-0040488,C.Runyon,Carter Runyon,TE,TE,"https://static.www.nfl.com/image/upload/f_auto,q_auto/league/q8knlo3npxhjxiyyx4h6",2025,REG,LV,2,0,0,0,0,0,0,0,0,0,0,0,0,NA,NA,0,NA,0,0,0,0,0,0,NA,0,1,1,3,0,0,0,-3,6,0,-0.22386213392019272,0,0,0.0029154518950437317,-0.0013636363636363637,0.0034186323880201434,0,1,0,0,0,0,0,0,0,0,0,0,0,0,0,0,0,0,0,0,0,0,0,0,0,0,0,0,0,0,0,0,NA,NA,0,0,0,0,0,0,0,0,0,0,0,0,NA,NA,NA,0,0,0,0,0,0,0,NA,0,0,0,0,NA,0.30000000000000004,1.3
00-0040489,G.Vance,Greedy Vance,CB,DB,"https://static.www.nfl.com/image/upload/f_auto,q_auto/league/qrndx5zcq89jnz3vccyp",2025,REG,LV,1,0,0,0,0,0,0,0,0,0,0,0,0,NA,NA,0,NA,0,0,0,0,0,0,NA,0,0,0,0,0,0,0,0,0,0,NA,0,NA,0,0,0,0,1,0,0,0,0,0,0,0,0,0,0,0,0,0,0,0,0,0,0,0,0,0,0,0,0,0,0,0,0,0,0,NA,NA,0,0,0,0,0,0,0,0,0,0,0,0,NA,NA,NA,0,0,0,0,0,0,0,NA,0,0,0,0,NA,0,0
00-0040492,T.Batty,Tyler Batty,DE,DL,"https://static.www.nfl.com/image/upload/f_auto,q_auto/league/qr2chpkjx8to1a1x8ekj",2025,REG,MIN,5,0,0,0,0,0,0,0,0,0,0,0,0,NA,NA,0,NA,0,0,0,0,0,0,NA,0,0,0,0,0,0,0,0,0,0,NA,0,NA,0,0,0,0,5,0,2,2,4,0,0,0,0,0,0,0,0,0,0,0,0,0,0,0,0,2,20,0,0,0,0,0,0,0,0,NA,NA,0,0,0,0,0,0,0,0,0,0,0,0,NA,NA,NA,0,0,0,0,0,0,0,NA,0,0,0,0,NA,0,0
00-0040494,M.Brosmer,Max Brosmer,QB,QB,"https://static.www.nfl.com/image/upload/f_auto,q_auto/league/sp7hya1uwgvty3grdnjq",2025,REG,MIN,3,5,8,42,0,0,0,0,0,0,1,51,2,-3.8337554696481675,-18.999911099672318,0,42,1,-1,0,0,0,0,0,0,0,0,0,0,0,0,0,0,0,NA,0,NA,0,0,0,0,0,0,0,0,0,0,0,0,0,0,0,0,0,0,0,0,0,0,0,0,0,0,0,0,0,0,0,0,0,0,0,NA,NA,0,0,0,0,0,0,0,0,0,0,0,0,NA,NA,NA,0,0,0,0,0,0,0,NA,0,0,0,0,NA,1.5799999999999998,1.5799999999999998
00-0040496,C.Chambliss,Chaz Chambliss,LB,LB,"https://static.www.nfl.com/image/upload/f_auto,q_auto/league/jrt7ihzpzhaqexxcilah",2025,REG,MIN,4,0,0,0,0,0,0,0,0,0,0,0,0,NA,NA,0,NA,0,0,0,0,0,0,NA,0,0,0,0,0,0,0,0,0,0,NA,0,NA,0,0,0,0,6,0,1,1,2,0,1,2,1,0,0,0,0,0,0,0,0,0,0,0,0,0,0,0,0,0,0,0,0,0,0,NA,NA,0,0,0,0,0,0,0,0,0,0,0,0,NA,NA,NA,0,0,0,0,0,0,0,NA,0,0,0,0,NA,0,0
00-0040500,J.Huber,Joe Huber,G,OL,"https://static.www.nfl.com/image/upload/f_auto,q_auto/league/clnwellmhvxparvjkgxi",2025,REG,MIN,2,0,0,0,0,0,0,0,0,0,0,0,0,NA,NA,0,NA,0,0,0,0,0,0,NA,0,0,0,0,0,0,0,0,0,0,NA,0,NA,0,0,0,0,0,0,0,0,0,0,0,0,0,0,0,0,0,0,0,0,0,0,0,0,0,3,20,0,0,0,0,0,0,0,0,NA,NA,0,0,0,0,0,0,0,0,0,0,0,0,NA,NA,NA,0,0,0,0,0,0,0,NA,0,0,0,0,NA,0,0
00-0040501,A.Keys,Austin Keys,LB,LB,"https://static.www.nfl.com/image/upload/f_auto,q_auto/league/u4h08rpevr5barwyomuw",2025,REG,MIN,4,0,0,0,0,0,0,0,0,0,0,0,0,NA,NA,0,NA,0,0,0,0,0,0,NA,0,0,0,0,0,0,0,0,0,0,NA,0,NA,0,0,0,0,3,0,1,1,11,0,1,11,1,0,0,0,0,0,0,0,0,0,0,0,0,0,0,0,0,0,0,0,0,0,0,NA,NA,0,0,0,0,0,0,0,0,0,0,0,0,NA,NA,NA,0,0,0,0,0,0,0,NA,0,0,0,0,NA,0,0
00-0040503,D.Mausi,Dorian Mausi,LB,LB,"https://static.www.nfl.com/image/upload/f_auto,q_auto/league/ms9jnxwaub6b68urkzna",2025,REG,TEN,7,0,0,0,0,0,0,0,0,0,0,0,0,NA,NA,0,NA,0,0,0,0,0,0,NA,0,0,0,0,0,0,0,0,0,0,NA,0,NA,0,0,0,0,4,0,3,0,0,0,0,0,0,0,0,0,0,0,0,0,0,0,1,1,0,1,0,0,0,0,0,0,0,0,0,NA,NA,0,0,0,0,0,0,0,0,0,0,0,0,NA,NA,NA,0,0,0,0,0,0,0,NA,0,0,0,0,NA,0,0
00-0040506,M.Price,Myles Price,WR,WR,"https://static.www.nfl.com/image/upload/f_auto,q_auto/league/xd9ciqvi9v0wyvsdh6nc",2025,REG,MIN,11,0,0,0,0,0,0,0,0,0,0,0,0,NA,NA,0,NA,0,0,0,0,0,0,NA,0,0,0,0,0,0,0,0,0,0,NA,0,NA,0,0,0,0,0,0,0,0,0,0,0,0,0,0,0,0,0,2,0,0,0,0,0,0,0,0,0,27,278,41,1058,0,0,0,0,NA,NA,0,0,0,0,0,0,0,0,0,0,0,0,NA,NA,NA,0,0,0,0,0,0,0,NA,0,0,0,0,NA,0,0
00-0040509,B.Yurosek,Ben Yurosek,TE,TE,"https://static.www.nfl.com/image/upload/f_auto,q_auto/league/umrpo7rhywbzctgdb109",2025,REG,MIN,5,0,0,0,0,0,0,0,0,0,0,0,0,NA,NA,0,NA,0,0,0,0,0,0,NA,0,1,2,5,0,0,0,6,5,0,-0.7257632589899004,0,0.8333333333333334,0.006153846153846154,0.002144388849177984,0.010731841425193818,0,1,0,1,0,0,0,0,0,0,0,0,0,0,0,0,0,1,1,0,0,0,2,10,0,0,0,0,0,0,0,0,NA,NA,0,0,0,0,0,0,0,0,0,0,0,0,NA,NA,NA,0,0,0,0,0,0,0,NA,0,0,0,0,NA,0.5,1.5
00-0040522,X.Restrepo,Xavier Restrepo,WR,WR,"https://static.www.nfl.com/image/upload/f_auto,q_auto/league/ig4zstror8jyd9s9igfd",2025,REG,TEN,1,0,0,0,0,0,0,0,0,0,0,0,0,NA,NA,0,NA,0,0,0,0,0,0,NA,0,2,6,26,0,0,0,68,3,2,1.6086801422934514,0,0.38235294117647056,0.017241379310344827,0.024655547498187092,0.04312095221424821,0,0,0,0,0,0,0,0,0,0,0,0,0,0,0,0,0,0,0,0,0,0,0,0,0,0,0,0,0,0,0,0,NA,NA,0,0,0,0,0,0,0,0,0,0,0,0,NA,NA,NA,0,0,0,0,0,0,0,NA,0,0,0,0,NA,2.6,4.6
00-0040527,S.Castro,Sebastian Castro,SAF,DB,"https://static.www.nfl.com/image/upload/f_auto,q_auto/league/cfkyx3r4lqt2j1ghimig",2025,REG,PIT,2,0,0,0,0,0,0,0,0,0,0,0,0,NA,NA,0,NA,0,0,0,0,0,0,NA,0,0,0,0,0,0,0,0,0,0,NA,0,NA,0,0,0,0,2,0,0,0,0,0,0,0,0,0,0,0,0,0,0,0,0,0,0,0,0,0,0,0,0,0,0,0,0,0,0,NA,NA,0,0,0,0,0,0,0,0,0,0,0,0,NA,NA,NA,0,0,0,0,0,0,0,NA,0,0,0,0,NA,0,0
00-0040534,K.Williams,Ke'Shawn Williams,WR,WR,"https://static.www.nfl.com/image/upload/f_auto,q_auto/league/pqfs2u522zke7ax4qk3i",2025,REG,PIT,7,0,0,0,0,0,0,0,0,0,0,0,0,NA,NA,0,NA,0,0,0,0,0,0,NA,0,0,0,0,0,0,0,0,0,0,NA,0,NA,0,0,0,0,0,0,0,0,0,0,0,0,0,0,0,0,0,1,0,0,0,0,0,0,0,0,0,11,112,14,336,0,0,0,0,NA,NA,0,0,0,0,0,0,0,0,0,0,0,0,NA,NA,NA,0,0,0,0,0,0,0,NA,0,0,0,0,NA,0,0
00-0040541,T.Simpkins,Torricelli Simpkins III,G,OL,"https://static.www.nfl.com/image/upload/f_auto,q_auto/league/xhof0hsbncovhmhhvifd",2025,REG,NO,2,0,0,0,0,0,0,0,0,0,0,0,0,NA,NA,0,NA,0,0,0,0,0,0,NA,0,0,0,0,0,0,0,0,0,0,NA,0,NA,0,0,0,0,0,0,0,0,0,0,0,0,0,0,0,0,0,0,0,0,0,0,0,0,0,2,9,0,0,0,0,0,0,0,0,NA,NA,0,0,0,0,0,0,0,0,0,0,0,0,NA,NA,NA,0,0,0,0,0,0,0,NA,0,0,0,0,NA,0,0
00-0040546,C.Bryant,Cobee Bryant,CB,DB,"https://static.www.nfl.com/image/upload/f_auto,q_auto/league/krehmn2g4cxokjpcr6iw",2025,REG,ATL,2,0,0,0,0,0,0,0,0,0,0,0,0,NA,NA,0,NA,0,0,0,0,0,0,NA,0,0,0,0,0,0,0,0,0,0,NA,0,NA,0,0,0,0,1,0,0,0,0,0,0,0,0,0,0,0,0,0,0,0,0,0,0,0,0,1,10,0,0,0,0,0,0,0,0,NA,NA,0,0,0,0,0,0,0,0,0,0,0,0,NA,NA,NA,0,0,0,0,0,0,0,NA,0,0,0,0,NA,0,0
00-0040547,N.Carter,Nate Carter,RB,RB,"https://static.www.nfl.com/image/upload/f_auto,q_auto/league/eosjwyv1vlsfkztvgtnd",2025,REG,ATL,2,0,0,0,0,0,0,0,0,0,0,0,0,NA,NA,0,NA,9,60,0,1,1,3,-1.632956861751154,0,0,0,0,0,0,0,0,0,0,NA,0,NA,0,0,0,0,0,0,0,0,0,0,0,0,0,0,0,0,0,0,0,0,0,0,0,0,0,0,0,0,0,1,-1,0,0,0,0,NA,NA,0,0,0,0,0,0,0,0,0,0,0,0,NA,NA,NA,0,0,0,0,0,0,0,NA,0,0,0,0,NA,4,4
00-0040563,E.Chism,Efton Chism III,WR,WR,"https://static.www.nfl.com/image/upload/f_auto,q_auto/league/zbnf3ujmwprzgjnwdtlo",2025,REG,NE,5,0,0,0,0,0,0,0,0,0,0,0,0,NA,NA,0,NA,0,0,0,0,0,0,NA,0,0,0,0,0,0,0,0,0,0,NA,0,NA,0,0,0,0,0,0,0,0,0,0,0,0,0,0,0,0,0,0,0,0,0,0,0,0,0,0,0,0,0,15,361,0,0,0,0,NA,NA,0,0,0,0,0,0,0,0,0,0,0,0,NA,NA,NA,0,0,0,0,0,0,0,NA,0,0,0,0,NA,0,0
00-0040574,E.Ponder,Elijah Ponder,LB,LB,"https://static.www.nfl.com/image/upload/f_auto,q_auto/league/pshxciepzu7pcditmb9a",2025,REG,NE,10,0,0,0,0,0,0,0,0,0,0,0,0,NA,NA,0,NA,0,0,0,0,0,0,NA,0,0,0,0,0,0,0,0,0,0,NA,0,NA,0,0,0,0,10,0,8,2,7,0,2,7,2,0,0,0,0,0,0,0,0,0,0,0,0,3,30,0,0,0,0,0,0,0,0,NA,NA,0,0,0,0,0,0,0,0,0,0,0,0,NA,NA,NA,0,0,0,0,0,0,0,NA,0,0,0,0,NA,0,0
00-0040577,J.Walker,Jalon Walker,DE,DL,"https://static.www.nfl.com/image/upload/f_auto,q_auto/league/hfon24jti4vkgmvkbiqd",2025,REG,ATL,9,0,0,0,0,0,0,0,0,0,0,0,0,NA,NA,0,NA,0,0,0,0,0,0,NA,0,0,0,0,0,0,0,0,0,0,NA,0,NA,0,0,0,0,21,0,9,4,44,2,5,44,6,0,0,1,0,0,0,0,0,0,1,1,0,1,5,0,0,0,0,0,0,0,0,NA,NA,0,0,0,0,0,0,0,0,0,0,0,0,NA,NA,NA,0,0,0,0,0,0,0,NA,0,0,0,0,NA,0,0
00-0040578,J.Pearce,James Pearce Jr.,DE,DL,"https://static.www.nfl.com/image/upload/f_auto,q_auto/league/yu8dlxrhu7oog8kgnay7",2025,REG,ATL,9,0,0,0,0,0,0,0,0,0,0,0,0,NA,NA,0,NA,0,0,0,0,0,0,NA,0,0,0,0,0,0,0,0,0,0,NA,0,NA,0,0,0,0,7,0,6,4,41,1,4,43.5,9,0,0,1,0,0,0,0,0,0,1,1,0,2,10,0,0,0,0,0,0,0,0,NA,NA,0,0,0,0,0,0,0,0,0,0,0,0,NA,NA,NA,0,0,0,0,0,0,0,NA,0,0,0,0,NA,0,0
00-0040579,C.Schwesinger,Carson Schwesinger,LB,LB,"https://static.www.nfl.com/image/upload/f_auto,q_auto/league/ga2yg6qhxs12sqo6jvfz",2025,REG,CLE,11,0,0,0,0,0,0,0,0,0,0,0,0,NA,NA,0,NA,0,0,0,0,0,0,NA,0,0,0,0,0,0,0,0,0,0,NA,0,NA,0,0,0,0,37,7,52,9,27,0,1.5,12,5,2,16,2,0,0,0,0,0,0,0,0,0,1,8,0,0,0,0,0,0,0,0,NA,NA,0,0,0,0,0,0,0,0,0,0,0,0,NA,NA,NA,0,0,0,0,0,0,0,NA,0,0,0,0,NA,0,0
00-0040580,J.Stewart,Josaiah Stewart,LB,LB,"https://static.www.nfl.com/image/upload/f_auto,q_auto/league/xuhdmqisxil9rvhurdpn",2025,REG,LA,10,0,0,0,0,0,0,0,0,0,0,0,0,NA,NA,0,NA,0,0,0,0,0,0,NA,0,0,0,0,0,0,0,0,0,0,NA,0,NA,0,0,0,0,7,1,7,2,13,0,2,13,5,0,0,2,0,0,0,0,0,0,0,0,0,3,25,0,0,0,0,0,0,0,0,NA,NA,0,0,0,0,0,0,0,0,0,0,0,0,NA,NA,NA,0,0,0,0,0,0,0,NA,0,0,0,0,NA,0,0
00-0040581,D.Thornton,Dont'e Thornton Jr.,WR,WR,"https://static.www.nfl.com/image/upload/f_auto,q_auto/league/hlxztd3lpjaxtzojuxwh",2025,REG,LV,8,0,0,0,0,0,0,0,0,0,0,0,0,NA,NA,0,NA,0,0,0,0,0,0,NA,0,7,23,112,0,0,0,374,23,5,-10.96377581531507,0,0.2994652406417112,0.06705539358600583,0.17,0.21958309037900875,0,1,0,0,0,0,0,0,0,0,0,0,0,0,0,0,0,0,0,0,0,0,1,10,0,0,0,0,0,0,0,0,NA,NA,0,0,0,0,0,0,0,0,0,0,0,0,NA,NA,NA,0,0,0,0,0,0,0,NA,0,0,0,0,NA,11.200000000000001,18.200000000000003
00-0040582,A.Smith,Arian Smith,WR,WR,"https://static.www.nfl.com/image/upload/f_auto,q_auto/league/asywvwrn6zhlidxothqn",2025,REG,NYJ,9,0,0,0,0,0,0,0,0,0,0,0,0,NA,NA,0,NA,3,11,0,0,0,1,0.5535786228720099,0,6,10,47,0,0,0,148,20,4,-0.7369369546067901,0,0.31756756756756754,0.03460207612456748,0.06736458807464725,0.09905832583910429,0,1,0,0,0,0,0,0,0,0,0,0,0,0,0,0,0,0,0,0,0,0,0,0,0,0,2,49,0,0,0,0,NA,NA,0,0,0,0,0,0,0,0,0,0,0,0,NA,NA,NA,0,0,0,0,0,0,0,NA,0,0,0,0,NA,5.800000000000001,11.8
00-0040583,W.Marks,Woody Marks,RB,RB,"https://static.www.nfl.com/image/upload/f_auto,q_auto/league/pwvxisrnjitkkghkfcn3",2025,REG,HOU,11,0,0,0,0,0,0,0,0,0,0,0,0,NA,NA,0,NA,115,422,2,0,0,24,-21.849210323119166,0,17,26,185,2,0,0,40,192,6,8.322475000598253,0,4.625,0.06842105263157895,0.012511729746637473,0.11138978977001467,0,0,0,0,0,0,0,0,0,0,0,0,0,0,0,0,0,1,1,0,0,0,0,0,0,0,0,0,0,0,0,0,NA,NA,0,0,0,0,0,0,0,0,0,0,0,0,NA,NA,NA,0,0,0,0,0,0,0,NA,0,0,0,0,NA,84.7,101.7
00-0040584,G.Helm,Gunnar Helm,TE,TE,"https://static.www.nfl.com/image/upload/f_auto,q_auto/league/lcyqbbnrzgtbnirz8knj",2025,REG,TEN,11,0,0,0,0,0,0,0,0,0,0,0,0,NA,NA,0,NA,0,0,0,0,0,0,NA,0,30,37,267,1,0,0,228,108,15,10.767328689573333,0,1.1710526315789473,0.10632183908045977,0.0826686004350979,0.21735077892525817,0,1,0,0,0,0,0,0,0,0,0,0,0,0,0,0,0,0,0,0,0,0,1,5,0,0,0,0,0,0,0,0,NA,NA,0,0,0,0,0,0,0,0,0,0,0,0,NA,NA,NA,0,0,0,0,0,0,0,NA,0,0,0,0,NA,32.7,62.7
00-0040585,T.Hamilton,Ty Hamilton,DT,DL,"https://static.www.nfl.com/image/upload/f_auto,q_auto/league/ehyuqjfrgtdsallsvoo0",2025,REG,LA,6,0,0,0,0,0,0,0,0,0,0,0,0,NA,NA,0,NA,0,0,0,0,0,0,NA,0,0,0,0,0,0,0,0,0,0,NA,0,NA,0,0,0,0,1,0,5,0,0,0,0,0,1,0,0,0,0,0,0,0,0,0,0,0,0,1,15,0,0,0,0,0,0,0,0,NA,NA,0,0,0,0,0,0,0,0,0,0,0,0,NA,NA,NA,0,0,0,0,0,0,0,NA,0,0,0,0,NA,0,0
00-0040586,J.Blue,Jaydon Blue,RB,RB,"https://static.www.nfl.com/image/upload/f_auto,q_auto/league/jhbmit7yp8dlhepncsvp",2025,REG,DAL,4,0,0,0,0,0,0,0,0,0,0,0,0,NA,NA,0,NA,22,65,0,1,0,4,-6.283611694874708,0,1,1,5,0,0,0,-5,10,0,-0.11936172936111689,0,-1,0.0025188916876574307,-0.0015787811809283233,0.0026731907048363197,0,0,0,0,0,0,0,0,0,0,0,0,0,0,0,0,0,0,0,0,0,0,1,5,0,0,3,72,0,0,0,0,NA,NA,0,0,0,0,0,0,0,0,0,0,0,0,NA,NA,NA,0,0,0,0,0,0,0,NA,0,0,0,0,NA,7,8
00-0040590,K.Mumpfield,Konata Mumpfield,WR,WR,"https://static.www.nfl.com/image/upload/f_auto,q_auto/league/psy72cl8ko1zp7vkbvga",2025,REG,LA,4,0,0,0,0,0,0,0,0,0,0,0,0,NA,NA,0,NA,0,0,0,0,0,0,NA,0,4,7,37,1,0,0,63,11,4,2.276935896021314,0,0.5873015873015873,0.019230769230769232,0.01991150442477876,0.04278420694349898,0,0,0,0,0,0,0,0,0,0,0,0,0,0,0,0,0,0,0,0,0,0,0,0,0,0,0,0,0,0,0,0,NA,NA,0,0,0,0,0,0,0,0,0,0,0,0,NA,NA,NA,0,0,0,0,0,0,0,NA,0,0,0,0,NA,9.7,13.7
00-0040613,S.Dolac,Shaun Dolac,LB,LB,"https://static.www.nfl.com/image/upload/f_auto,q_auto/league/f7nr5g6gntkjbnybt14c",2025,REG,LA,8,0,0,0,0,0,0,0,0,0,0,0,0,NA,NA,0,NA,0,0,0,0,0,0,NA,0,0,0,0,0,0,0,0,0,0,NA,0,NA,0,0,0,0,12,2,7,2,2,0,0,0,0,0,0,0,0,0,0,0,0,0,0,0,0,1,5,0,0,0,0,0,0,0,0,NA,NA,0,0,0,0,0,0,0,0,0,0,0,0,NA,NA,NA,0,0,0,0,0,0,0,NA,0,0,0,0,NA,0,0
00-0040624,E.Williams,Elijah Williams,DE,DL,"https://static.www.nfl.com/image/upload/f_auto,q_auto/league/otbqrjttpts6xctkdzez",2025,REG,MIN,3,0,0,0,0,0,0,0,0,0,0,0,0,NA,NA,0,NA,0,0,0,0,0,0,NA,0,0,0,0,0,0,0,0,0,0,NA,0,NA,0,0,0,0,5,0,2,0,0,0,0,0,0,0,0,0,0,0,0,0,0,0,0,0,0,0,0,0,0,0,0,0,0,0,0,NA,NA,0,0,0,0,0,0,0,0,0,0,0,0,NA,NA,NA,0,0,0,0,0,0,0,NA,0,0,0,0,NA,0,0
00-0040625,N.Jackson,Nick Jackson,LB,LB,"https://static.www.nfl.com/image/upload/f_auto,q_auto/league/j1tpfwt373szwooa1cdq",2025,REG,TB,1,0,0,0,0,0,0,0,0,0,0,0,0,NA,NA,0,NA,0,0,0,0,0,0,NA,0,0,0,0,0,0,0,0,0,0,NA,0,NA,0,0,0,0,1,0,0,0,0,0,0,0,0,0,0,0,0,0,0,0,0,0,0,0,0,0,0,0,0,0,0,0,0,0,0,NA,NA,0,0,0,0,0,0,0,0,0,0,0,0,NA,NA,NA,0,0,0,0,0,0,0,NA,0,0,0,0,NA,0,0
00-0040629,D.Campbell,Dalevon Campbell,WR,WR,"https://static.www.nfl.com/image/upload/f_auto,q_auto/league/lmdwuz4anz0nhbaeewmm",2025,REG,CAR,1,0,0,0,0,0,0,0,0,0,0,0,0,NA,NA,0,NA,0,0,0,0,0,0,NA,0,0,0,0,0,0,0,0,0,0,NA,0,NA,0,0,0,0,1,0,0,0,0,0,0,0,0,0,0,0,0,0,0,0,0,0,0,0,0,0,0,0,0,0,0,0,0,0,0,NA,NA,0,0,0,0,0,0,0,0,0,0,0,0,NA,NA,NA,0,0,0,0,0,0,0,NA,0,0,0,0,NA,0,0
00-0040634,J.Turner,Jordan Turner,LB,LB,"https://static.www.nfl.com/image/upload/f_auto,q_auto/league/epacfen9zva0gpsveb66",2025,REG,DEN,2,0,0,0,0,0,0,0,0,0,0,0,0,NA,NA,0,NA,0,0,0,0,0,0,NA,0,0,0,0,0,0,0,0,0,0,NA,0,NA,0,0,0,0,0,0,3,0,0,0,0,0,0,0,0,0,0,0,0,0,0,0,0,0,0,0,0,0,0,0,0,0,0,0,0,NA,NA,0,0,0,0,0,0,0,0,0,0,0,0,NA,NA,NA,0,0,0,0,0,0,0,NA,0,0,0,0,NA,0,0
00-0040636,K.Martin,Keyon Martin,CB,DB,"https://static.www.nfl.com/image/upload/f_auto,q_auto/league/drg6ppedf9zg66vgfpdr",2025,REG,BAL,8,0,0,0,0,0,0,0,0,0,0,0,0,NA,NA,0,NA,0,0,0,0,0,0,NA,0,0,0,0,0,0,0,0,0,0,NA,0,NA,0,0,0,0,20,1,2,1,14,0,1,14,1,0,0,1,0,0,0,0,0,0,0,0,0,4,29,0,0,0,0,0,0,0,0,NA,NA,0,0,0,0,0,0,0,0,0,0,0,0,NA,NA,NA,0,0,0,0,0,0,0,NA,0,0,0,0,NA,0,0
00-0040639,G.Zabel,Grey Zabel,G,OL,"https://static.www.nfl.com/image/upload/f_auto,q_auto/league/k8sitrpdklde1rt9blbg",2025,REG,SEA,3,0,0,0,0,0,0,0,0,0,0,0,0,NA,NA,0,NA,0,0,0,0,0,0,NA,0,0,0,0,0,0,0,0,0,0,NA,0,NA,0,0,0,0,1,0,0,0,0,0,0,0,0,0,0,0,0,0,0,0,0,0,0,0,0,3,25,0,0,0,0,0,0,0,0,NA,NA,0,0,0,0,0,0,0,0,0,0,0,0,NA,NA,NA,0,0,0,0,0,0,0,NA,0,0,0,0,NA,0,0
00-0040640,A.Gillotte,Ashton Gillotte,DE,DL,"https://static.www.nfl.com/image/upload/f_auto,q_auto/league/kosxaikscmzp69msssey",2025,REG,KC,10,0,0,0,0,0,0,0,0,0,0,0,0,NA,NA,0,NA,0,0,0,0,0,0,NA,0,0,0,0,0,0,0,0,0,0,NA,0,NA,0,0,0,0,9,0,9,1,1,0,0.5,1,3,0,0,0,0,0,0,0,0,0,0,0,0,0,0,0,0,0,0,0,0,0,0,NA,NA,0,0,0,0,0,0,0,0,0,0,0,0,NA,NA,NA,0,0,0,0,0,0,0,NA,0,0,0,0,NA,0,0
00-0040641,D.Porter,Darien Porter,CB,DB,"https://static.www.nfl.com/image/upload/f_auto,q_auto/league/ypukflc6tvt4usvyouhk",2025,REG,LV,5,0,0,0,0,0,0,0,0,0,0,0,0,NA,NA,0,NA,0,0,0,0,0,0,NA,0,0,0,0,0,0,0,0,0,0,NA,0,NA,0,0,0,0,14,0,6,0,0,0,0,0,0,0,0,0,0,0,0,0,0,0,0,0,0,2,18,0,0,0,0,0,0,0,0,NA,NA,0,0,0,0,0,0,0,0,0,0,0,0,NA,NA,NA,0,0,0,0,0,0,0,NA,0,0,0,0,NA,0,0
00-0040642,V.Broughton,Vernon Broughton,DT,DL,"https://static.www.nfl.com/image/upload/f_auto,q_auto/league/v5nxtujwmtvpdiqk8hrz",2025,REG,NO,1,0,0,0,0,0,0,0,0,0,0,0,0,NA,NA,0,NA,0,0,0,0,0,0,NA,0,0,0,0,0,0,0,0,0,0,NA,0,NA,0,0,0,0,0,0,3,0,0,0,0,0,0,0,0,0,0,0,0,0,0,0,0,0,0,0,0,0,0,0,0,0,0,0,0,NA,NA,0,0,0,0,0,0,0,0,0,0,0,0,NA,NA,NA,0,0,0,0,0,0,0,NA,0,0,0,0,NA,0,0
00-0040643,J.Sanker,Jonas Sanker,SAF,DB,"https://static.www.nfl.com/image/upload/f_auto,q_auto/league/hsimdzcratj6wt0gzra8",2025,REG,NO,10,0,0,0,0,0,0,0,0,0,0,0,0,NA,NA,0,NA,0,0,0,0,0,0,NA,0,0,0,0,0,0,0,0,0,0,NA,0,NA,0,0,0,0,35,1,19,2,5,0,0,0,0,1,0,4,0,0,0,0,0,0,1,1,0,0,0,0,0,0,0,0,0,0,0,NA,NA,0,0,0,0,0,0,0,0,0,0,0,0,NA,NA,NA,0,0,0,0,0,0,0,NA,0,0,0,0,NA,0,0
00-0040644,T.Etienne,Trevor Etienne,RB,RB,"https://static.www.nfl.com/image/upload/f_auto,q_auto/league/futkvr4juiazofhntj0p",2025,REG,CAR,12,0,0,0,0,0,0,0,0,0,0,0,0,NA,NA,0,NA,20,94,0,0,0,6,-1.5703037780476734,0,2,2,9,0,0,0,1,8,1,-0.5707757928175852,0,9,0.00558659217877095,3.940110323089047e-4,0.008655695990772658,0,0,0,0,0,0,0,0,0,0,0,0,0,0,1,0,0,1,1,0,0,0,0,0,14,96,22,528,0,0,0,0,NA,NA,0,0,0,0,0,0,0,0,0,0,0,0,NA,NA,NA,0,0,0,0,0,0,0,NA,0,0,0,0,NA,10.3,12.3
00-0040645,C.Simon,Cody Simon,LB,LB,"https://static.www.nfl.com/image/upload/f_auto,q_auto/league/v9vqu3cfhinzlpsua99j",2025,REG,ARI,9,0,0,0,0,0,0,0,0,0,0,0,0,NA,NA,0,NA,0,0,0,0,0,0,NA,0,0,0,0,0,0,0,0,0,0,NA,0,NA,0,0,0,0,13,1,20,1,2,1,0,0,0,0,0,1,0,0,0,0,0,0,0,0,0,0,0,0,0,0,0,0,0,0,0,NA,NA,0,0,0,0,0,0,0,0,0,0,0,0,NA,NA,NA,0,0,0,0,0,0,0,NA,0,0,0,0,NA,0,0
00-0040646,J.Royals,Jalen Royals,WR,WR,"https://static.www.nfl.com/image/upload/f_auto,q_auto/league/x1t7v5nl0zwkjqucmnfw",2025,REG,KC,1,0,0,0,0,0,0,0,0,0,0,0,0,NA,NA,0,NA,0,0,0,0,0,0,NA,0,0,0,0,0,0,0,0,0,0,NA,0,NA,0,0,0,0,1,0,0,0,0,0,0,0,0,0,0,0,0,0,0,0,0,0,0,0,0,0,0,0,0,1,30,0,0,0,0,NA,NA,0,0,0,0,0,0,0,0,0,0,0,0,NA,NA,NA,0,0,0,0,0,0,0,NA,0,0,0,0,NA,0,0
00-0040648,T.Horton,Tory Horton,WR,WR,"https://static.www.nfl.com/image/upload/f_auto,q_auto/league/vpgs86vlcp3gejw6tget",2025,REG,SEA,8,0,0,0,0,0,0,0,0,0,0,0,0,NA,NA,0,NA,0,0,0,0,0,0,NA,0,13,22,161,5,0,0,337,33,7,10.245775616387846,0,0.47774480712166173,0.07692307692307693,0.12481481481481481,0.20275498575498574,1,0,0,0,0,0,0,0,0,0,0,0,0,0,0,0,0,0,0,0,0,0,1,5,16,238,0,0,0,0,0,0,NA,NA,0,0,0,0,0,0,0,0,0,0,0,0,NA,NA,NA,0,0,0,0,0,0,0,NA,0,0,0,0,NA,52.1,65.1
00-0040649,R.Ouzts,Robbie Ouzts,RB,RB,"https://static.www.nfl.com/image/upload/f_auto,q_auto/league/bbgpfhy0vssgu6vkfzs8",2025,REG,SEA,3,0,0,0,0,0,0,0,0,0,0,0,0,NA,NA,0,NA,0,0,0,0,0,0,NA,0,0,0,0,0,0,0,0,0,0,NA,0,NA,0,0,0,0,2,0,1,0,0,0,0,0,0,0,0,0,0,0,0,0,0,0,0,0,0,1,15,0,0,0,0,0,0,0,0,NA,NA,0,0,0,0,0,0,0,0,0,0,0,0,NA,NA,NA,0,0,0,0,0,0,0,NA,0,0,0,0,NA,0,0
00-0040654,K.Kroeger,Kai Kroeger,P,SPEC,"https://static.www.nfl.com/image/upload/f_auto,q_auto/league/uc7y2ptipriskzxvnrwv",2025,REG,NO,11,0,0,0,0,0,0,0,0,0,0,0,0,NA,NA,0,NA,0,0,0,0,0,0,NA,0,0,0,0,0,0,0,0,0,0,NA,0,NA,0,0,0,0,0,0,0,0,0,0,0,0,0,0,0,0,0,0,0,0,0,0,0,0,0,0,0,0,0,0,0,0,0,0,0,NA,NA,0,0,0,0,0,0,0,0,0,0,0,0,NA,NA,NA,0,0,0,0,0,0,0,NA,0,0,0,0,NA,0,0
00-0040660,M.Williams,Mykel Williams,DE,DL,"https://static.www.nfl.com/image/upload/f_auto,q_auto/league/glewua5vtcbfvbm6j8s3",2025,REG,SF,9,0,0,0,0,0,0,0,0,0,0,0,0,NA,NA,0,NA,0,0,0,0,0,0,NA,0,0,0,0,0,0,0,0,0,0,NA,0,NA,0,0,0,0,10,1,9,4,15,0,1,8,3,0,0,0,0,0,0,0,1,1,0,0,0,2,9,0,0,0,0,0,0,0,0,NA,NA,0,0,0,0,0,0,0,0,0,0,0,0,NA,NA,NA,0,0,0,0,0,0,0,NA,0,0,0,0,NA,0,0
00-0040661,D.Jackson,Donovan Jackson,G,OL,"https://static.www.nfl.com/image/upload/f_auto,q_auto/league/mkim8wtzxniexhbrobrv",2025,REG,MIN,5,0,0,0,0,0,0,0,0,0,0,0,0,NA,NA,0,NA,0,0,0,0,0,0,NA,0,0,0,0,0,0,0,0,0,0,NA,0,NA,0,0,0,0,1,0,1,0,0,0,0,0,0,0,0,0,0,0,0,0,0,0,0,0,0,3,25,0,0,0,0,0,0,0,0,NA,NA,0,0,0,0,0,0,0,0,0,0,0,0,NA,NA,NA,0,0,0,0,0,0,0,NA,0,0,0,0,NA,0,0
00-0040662,T.Robinson,Ty Robinson,DT,DL,"https://static.www.nfl.com/image/upload/f_auto,q_auto/league/qsrpqkqp4bqrtpgk6bqa",2025,REG,PHI,1,0,0,0,0,0,0,0,0,0,0,0,0,NA,NA,0,NA,0,0,0,0,0,0,NA,0,0,0,0,0,0,0,0,0,0,NA,0,NA,0,0,0,0,0,0,1,0,0,0,0,0,0,0,0,1,0,0,0,0,0,0,0,0,0,0,0,0,0,0,0,0,0,0,0,NA,NA,0,0,0,0,0,0,0,0,0,0,0,0,NA,NA,NA,0,0,0,0,0,0,0,NA,0,0,0,0,NA,0,0
00-0040663,H.Fannin,Harold Fannin Jr.,TE,TE,"https://static.www.nfl.com/image/upload/f_auto,q_auto/league/fxublmpnxx9uggsddwik",2025,REG,CLE,11,0,0,0,0,0,0,0,0,0,0,0,0,NA,NA,0,NA,4,10,0,0,0,1,1.4474000802729279,0,48,69,462,2,0,0,397,237,21,3.813381883868751,0,1.163727959697733,0.19220055710306408,0.15568627450980393,0.3972812278114589,0,0,0,0,0,0,0,0,0,0,0,0,0,0,0,0,0,0,0,0,0,0,4,30,0,0,0,0,0,0,0,0,NA,NA,0,0,0,0,0,0,0,0,0,0,0,0,NA,NA,NA,0,0,0,0,0,0,0,NA,0,0,0,0,NA,59.2,107.2
00-0040666,O.Hampton,Omarion Hampton,RB,RB,"https://static.www.nfl.com/image/upload/f_auto,q_auto/league/ck7xcbwuka7wu2zwhssk",2025,REG,LAC,5,0,0,0,0,0,0,0,0,0,0,0,0,NA,NA,0,NA,66,314,2,0,0,17,2.2591424857866755,0,20,22,136,0,1,0,-29,164,5,0.8837455749744549,0,-4.689655172413793,0.058355437665782495,-0.009880749574105622,0.0806166317967998,0,0,0,0,0,0,0,0,0,0,0,0,0,0,0,0,0,0,0,0,0,0,0,0,0,0,1,30,0,0,0,0,NA,NA,0,0,0,0,0,0,0,0,0,0,0,0,NA,NA,NA,0,0,0,0,0,0,0,NA,0,0,0,0,NA,57,77
00-0040667,M.Golden,Matthew Golden,WR,WR,"https://static.www.nfl.com/image/upload/f_auto,q_auto/league/gkbhlytvkltv5whjo3ru",2025,REG,GB,9,0,0,0,0,0,0,0,0,0,0,0,0,NA,NA,0,NA,8,45,0,0,0,3,2.2846403458388522,0,24,32,286,0,0,0,404,86,12,19.449968418988014,0,0.7079207920792079,0.10223642172523961,0.1500185666542889,0.25836762924586165,0,0,0,0,0,0,0,0,0,0,0,0,0,0,0,0,0,0,0,0,0,0,0,0,6,28,0,0,0,0,0,0,NA,NA,0,0,0,0,0,0,0,0,0,0,0,0,NA,NA,NA,0,0,0,0,0,0,0,NA,0,0,0,0,NA,33.1,57.1
00-0040668,S.Sanders,Shedeur Sanders,QB,QB,"https://static.www.nfl.com/image/upload/f_auto,q_auto/league/joe08hz6to2madpko8zl",2025,REG,CLE,2,15,36,256,1,2,3,-30,1,0,305,162,6,-12.426312060574109,-19.16642586390177,0,0.839344262295082,4,15,0,0,0,1,0.3020878836978227,0,0,0,0,0,0,0,0,0,0,NA,0,NA,0,0,0,0,0,0,1,0,0,0,0,0,0,0,0,0,0,0,0,0,0,0,0,0,0,1,15,0,0,0,0,0,0,0,0,NA,NA,0,0,0,0,0,0,0,0,0,0,0,0,NA,NA,NA,0,0,0,0,0,0,0,NA,0,0,0,0,NA,11.74,11.74
00-0040669,I.TeSlaa,Isaac TeSlaa,WR,WR,"https://static.www.nfl.com/image/upload/f_auto,q_auto/league/wa4sruqazyqobmepi6vi",2025,REG,DET,8,0,0,0,0,0,0,0,0,0,0,0,0,NA,NA,0,NA,0,0,0,0,0,0,NA,0,4,9,65,2,0,0,140,2,4,2.5077218598956,0,0.4642857142857143,0.026706231454005934,0.063006300630063,0.084163757622053,0,0,0,0,0,0,0,0,0,0,0,0,0,0,0,0,0,0,0,0,0,0,1,10,0,0,0,0,0,0,0,0,NA,NA,0,0,0,0,0,0,0,0,0,0,0,0,NA,NA,NA,0,0,0,0,0,0,0,NA,0,0,0,0,NA,18.5,22.5
00-0040670,N.Williams,Nohl Williams,CB,DB,"https://static.www.nfl.com/image/upload/f_auto,q_auto/league/wgzpsljodoj0uanznf5e",2025,REG,KC,10,0,0,0,0,0,0,0,0,0,0,0,0,NA,NA,0,NA,0,0,0,0,0,0,NA,0,0,0,0,0,0,0,0,0,0,NA,0,NA,0,0,0,0,11,0,13,0,0,0,0,0,0,0,0,3,0,0,0,0,0,0,0,0,0,2,28,0,0,0,0,0,0,0,0,NA,NA,0,0,0,0,0,0,0,0,0,0,0,0,NA,NA,NA,0,0,0,0,0,0,0,NA,0,0,0,0,NA,0,0
00-0040672,T.Williams,Tyleik Williams,DT,DL,"https://static.www.nfl.com/image/upload/f_auto,q_auto/league/emppyzljgfew4i1qmdhb",2025,REG,DET,8,0,0,0,0,0,0,0,0,0,0,0,0,NA,NA,0,NA,0,0,0,0,0,0,NA,0,0,0,0,0,0,0,0,0,0,NA,0,NA,0,0,0,0,5,0,7,1,2,0,0,0,1,0,0,3,0,0,0,0,0,0,0,0,0,0,0,0,0,0,0,0,0,0,0,NA,NA,0,0,0,0,0,0,0,0,0,0,0,0,NA,NA,NA,0,0,0,0,0,0,0,NA,0,0,0,0,NA,0,0
00-0040673,J.Milroe,Jalen Milroe,QB,QB,"https://static.www.nfl.com/image/upload/f_auto,q_auto/league/gmucibahkrfu9xowwiio",2025,REG,SEA,3,0,0,0,0,0,0,0,0,0,0,0,0,NA,NA,0,NA,3,4,0,1,1,1,-6.4411384095437825,0,0,0,0,0,0,0,0,0,0,NA,0,NA,0,0,0,0,0,0,0,0,0,0,0,0,0,0,0,0,0,0,0,0,0,1,0,0,0,0,0,0,0,0,0,0,0,0,0,NA,NA,0,0,0,0,0,0,0,0,0,0,0,0,NA,NA,NA,0,0,0,0,0,0,0,NA,0,0,0,0,NA,-1.6,-1.6
00-0040676,C.Ward,Cam Ward,QB,QB,"https://static.www.nfl.com/image/upload/f_auto,q_auto/league/viadutkbvligsopnd2qn",2025,REG,TEN,11,222,374,2210,7,6,45,-342,7,6,2758,1062,110,-84.27162714145616,-4.100384045092526,0,0.8013052936910805,27,116,1,1,0,11,7.961936629412151,0,0,0,0,0,0,0,0,0,0,NA,0,NA,0,0,0,0,0,0,0,0,0,0,0,0,0,0,0,0,0,0,0,0,0,1,0,0,0,1,16,0,0,0,0,0,0,0,0,NA,NA,0,0,0,0,0,0,0,0,0,0,0,0,NA,NA,NA,0,0,0,0,0,0,0,NA,0,0,0,0,NA,110,110
00-0040677,A.Carter,Abdul Carter,LB,LB,"https://static.www.nfl.com/image/upload/f_auto,q_auto/league/tfchuu4khsh6jarotqga",2025,REG,NYG,10,0,0,0,0,0,0,0,0,0,0,0,0,NA,NA,0,NA,0,0,0,0,0,0,NA,0,0,0,0,0,0,0,0,0,0,NA,0,NA,0,0,0,0,13,2,12,1,1,0,0.5,5.5,12,0,0,0,0,0,0,0,0,0,1,1,0,3,15,0,0,0,0,0,0,0,0,NA,NA,0,0,0,0,0,0,0,0,0,0,0,0,NA,NA,NA,0,0,0,0,0,0,0,NA,0,0,0,0,NA,0,0
00-0040678,D.Harmon,Derrick Harmon,DT,DL,"https://static.www.nfl.com/image/upload/f_auto,q_auto/league/mi9zx7s8bmnyscpo1jmg",2025,REG,PIT,9,0,0,0,0,0,0,0,0,0,0,0,0,NA,NA,0,NA,0,0,0,0,0,0,NA,0,0,0,0,0,0,0,0,0,0,NA,0,NA,0,0,0,0,9,0,13,1,4,0,2,9,4,0,0,1,0,0,0,0,0,0,1,1,0,1,15,0,0,0,0,0,0,0,0,NA,NA,0,0,0,0,0,0,0,0,0,0,0,0,NA,NA,NA,0,0,0,0,0,0,0,NA,0,0,0,0,NA,0,0
00-0040685,M.Graham,Mason Graham,DT,DL,"https://static.www.nfl.com/image/upload/f_auto,q_auto/league/fizf7lkmgqhpg9o8vu92",2025,REG,CLE,11,0,0,0,0,0,0,0,0,0,0,0,0,NA,NA,0,NA,0,0,0,0,0,0,NA,0,0,0,0,0,0,0,0,0,0,NA,0,NA,0,0,0,0,15,1,11,5,15,0,0.5,2.5,3,0,0,4,0,0,0,0,0,0,0,0,0,1,5,0,0,0,0,0,0,0,0,NA,NA,0,0,0,0,0,0,0,0,0,0,0,0,NA,NA,NA,0,0,0,0,0,0,0,NA,0,0,0,0,NA,0,0
00-0040686,J.Conerly,Josh Conerly Jr.,OT,OL,"https://static.www.nfl.com/image/upload/f_auto,q_auto/league/q9vrq43u3qh6nw3rcajo",2025,REG,WAS,5,0,0,0,0,0,0,0,0,0,0,0,0,NA,NA,0,NA,0,0,0,0,0,0,NA,0,0,0,0,0,0,0,0,0,0,NA,0,NA,0,0,0,0,0,0,0,0,0,0,0,0,0,0,0,0,0,0,0,0,0,0,0,0,0,7,45,0,0,0,0,0,0,0,0,NA,NA,0,0,0,0,0,0,0,0,0,0,0,0,NA,NA,NA,0,0,0,0,0,0,0,NA,0,0,0,0,NA,0,0
00-0040688,M.Starks,Malaki Starks,SAF,DB,"https://static.www.nfl.com/image/upload/f_auto,q_auto/league/wfdoofktfspnxsclihrf",2025,REG,BAL,11,0,0,0,0,0,0,0,0,0,0,0,0,NA,NA,0,NA,0,0,0,0,0,0,NA,0,0,0,0,0,0,0,0,0,0,NA,0,NA,0,0,0,0,32,1,26,1,3,0,0,0,1,2,9,2,0,0,0,0,0,0,0,0,0,1,2,0,0,0,0,0,0,0,0,NA,NA,0,0,0,0,0,0,0,0,0,0,0,0,NA,NA,NA,0,0,0,0,0,0,0,NA,0,0,0,0,NA,0,0
00-0040691,J.Dart,Jaxson Dart,QB,QB,"https://static.www.nfl.com/image/upload/f_auto,q_auto/league/n6uymxssgiicjmxkzxoc",2025,REG,NYG,9,128,204,1417,10,3,21,-83,1,1,1748,655,62,7.252757671474511,-0.6497293181225696,0,0.8106407322654462,57,317,7,2,1,28,25.056505776417907,0,0,0,0,0,0,0,0,0,0,NA,0,NA,0,0,0,0,0,0,0,0,0,0,0,0,0,0,0,0,0,0,0,0,0,1,0,0,0,0,0,0,0,0,0,0,0,0,0,NA,NA,0,0,0,0,0,0,0,0,0,0,0,0,NA,NA,NA,0,0,0,0,0,0,0,NA,0,0,0,0,NA,160.38,160.38
00-0040694,D.Alexander,Darius Alexander,DT,DL,"https://static.www.nfl.com/image/upload/f_auto,q_auto/league/pppak1njaiplvvzdwkn7",2025,REG,NYG,9,0,0,0,0,0,0,0,0,0,0,0,0,NA,NA,0,NA,0,0,0,0,0,0,NA,0,0,0,0,0,0,0,0,0,0,NA,0,NA,0,0,0,0,5,0,8,3,17,0,2.5,17.5,4,0,0,1,0,0,0,0,0,0,0,0,0,0,0,0,0,0,0,0,0,0,0,NA,NA,0,0,0,0,0,0,0,0,0,0,0,0,NA,NA,NA,0,0,0,0,0,0,0,NA,0,0,0,0,NA,0,0
00-0040699,W.Campbell,Will Campbell,OT,OL,"https://static.www.nfl.com/image/upload/f_auto,q_auto/league/xyzvfa0r5p4s8u16aqrh",2025,REG,NE,6,0,0,0,0,0,0,0,0,0,0,0,0,NA,NA,0,NA,0,0,0,0,0,0,NA,0,0,0,0,0,0,0,0,0,0,NA,0,NA,0,0,0,0,2,0,0,0,0,0,0,0,0,0,0,0,0,0,0,0,1,1,0,0,0,5,30,0,0,0,0,0,0,0,0,NA,NA,0,0,0,0,0,0,0,0,0,0,0,0,NA,NA,NA,0,0,0,0,0,0,0,NA,0,0,0,0,NA,0,0
00-0040704,D.Gabriel,Dillon Gabriel,QB,QB,"https://static.www.nfl.com/image/upload/f_auto,q_auto/league/szpyvusef9jvoctbnkbk",2025,REG,CLE,8,109,184,937,7,2,18,-125,0,0,1078,500,45,-42.91845666467786,-7.680372496445972,0,0.8692022263450835,14,86,0,0,0,4,0.42800254124449566,0,0,0,0,0,0,0,0,0,0,NA,0,NA,0,0,0,0,0,0,1,0,0,0,0,0,0,0,0,0,0,0,0,0,0,0,0,0,0,1,2,0,0,0,0,0,0,0,0,NA,NA,0,0,0,0,0,0,0,0,0,0,0,0,NA,NA,NA,0,0,0,0,0,0,0,NA,0,0,0,0,NA,70.08,70.08
00-0040705,C.Dike,Chimere Dike,WR,WR,"https://static.www.nfl.com/image/upload/f_auto,q_auto/league/njdduv9jx7c8vlrll8ex",2025,REG,TEN,11,0,0,0,0,0,0,0,0,0,0,0,0,NA,NA,0,NA,8,17,0,0,0,0,-2.6248732784879394,0,28,43,252,2,0,0,341,148,12,1.6267656552648742,0,0.7390029325513197,0.1235632183908046,0.12364031907179115,0.2718930509364607,2,0,0,0,0,0,0,0,0,0,0,0,0,0,1,0,0,0,0,0,0,0,0,0,12,285,47,1206,0,0,0,0,NA,NA,0,0,0,0,0,0,0,0,0,0,0,0,NA,NA,NA,0,0,0,0,0,0,0,NA,0,0,0,0,NA,50.900000000000006,78.9
00-0040706,W.Nolen,Walter Nolen,DT,DL,"https://static.www.nfl.com/image/upload/f_auto,q_auto/league/jr8karjanloyyas4erxt",2025,REG,ARI,4,0,0,0,0,0,0,0,0,0,0,0,0,NA,NA,0,NA,0,0,0,0,0,0,NA,0,0,0,0,0,0,0,0,0,0,NA,0,NA,0,0,0,0,6,1,1,4,17,0,1,6,3,0,0,1,0,0,0,0,0,0,1,1,1,0,0,0,0,0,0,0,0,0,0,NA,NA,0,0,0,0,0,0,0,0,0,0,0,0,NA,NA,NA,0,0,0,0,0,0,0,NA,0,0,0,0,NA,0,0
00-0040708,J.Campbell,Jihaad Campbell,LB,LB,"https://static.www.nfl.com/image/upload/f_auto,q_auto/league/vjdpuldnh2hhbqjszrx2",2025,REG,PHI,11,0,0,0,0,0,0,0,0,0,0,0,0,NA,NA,0,NA,0,0,0,0,0,0,NA,0,0,0,0,0,0,0,0,0,0,NA,0,NA,0,0,0,0,28,2,23,1,2,1,0,0,1,1,0,2,0,0,0,0,0,0,0,0,0,2,36,0,0,0,0,0,0,0,0,NA,NA,0,0,0,0,0,0,0,0,0,0,0,0,NA,NA,NA,0,0,0,0,0,0,0,NA,0,0,0,0,NA,0,0
00-0040709,M.Hairston,Maxwell Hairston,CB,DB,"https://static.www.nfl.com/image/upload/f_auto,q_auto/league/mq8i1kc45zupk4j6yvkf",2025,REG,BUF,4,0,0,0,0,0,0,0,0,0,0,0,0,NA,NA,0,NA,0,0,0,0,0,0,NA,0,0,0,0,0,0,0,0,0,0,NA,0,NA,0,0,0,0,2,0,1,0,0,0,0,0,0,2,1,3,0,0,0,0,0,0,0,0,0,0,0,0,0,0,0,0,0,0,0,NA,NA,0,0,0,0,0,0,0,0,0,0,0,0,NA,NA,NA,0,0,0,0,0,0,0,NA,0,0,0,0,NA,0,0
00-0040710,D.Walker,Deone Walker,DT,DL,"https://static.www.nfl.com/image/upload/f_auto,q_auto/league/okadfq0bsl9zdsmsfemw",2025,REG,BUF,10,0,0,0,0,0,0,0,0,0,0,0,0,NA,NA,0,NA,0,0,0,0,0,0,NA,0,0,0,0,0,0,0,0,0,0,NA,0,NA,0,0,0,0,12,2,13,7,9,0,1,3,3,0,0,2,0,0,0,0,0,0,1,1,0,1,15,0,0,0,0,0,0,0,0,NA,NA,0,0,0,0,0,0,0,0,0,0,0,0,NA,NA,NA,0,0,0,0,0,0,0,NA,0,0,0,0,NA,0,0
00-0040711,C.West,CJ West,DT,DL,"https://static.www.nfl.com/image/upload/f_auto,q_auto/league/bhqq8ebh20hehf1em9zz",2025,REG,SF,5,0,0,0,0,0,0,0,0,0,0,0,0,NA,NA,0,NA,0,0,0,0,0,0,NA,0,0,0,0,0,0,0,0,0,0,NA,0,NA,0,0,0,0,5,1,6,1,1,0,0,0,0,0,0,0,0,0,0,0,0,0,0,0,0,0,0,0,0,0,0,0,0,0,0,NA,NA,0,0,0,0,0,0,0,0,0,0,0,0,NA,NA,NA,0,0,0,0,0,0,0,NA,0,0,0,0,NA,0,0
00-0040715,C.Skattebo,Cam Skattebo,RB,RB,"https://static.www.nfl.com/image/upload/f_auto,q_auto/league/vnftthkbvw7ucsqtqjpq",2025,REG,NYG,8,0,0,0,0,0,0,0,0,0,0,0,0,NA,NA,0,NA,101,410,5,1,1,27,-12.096826651538258,1,24,32,207,2,0,0,-5,209,11,3.3481657442753203,0,-41.4,0.08672086720867209,-0.00145602795573675,0.1290620812439924,0,0,0,0,0,0,0,0,0,0,0,0,0,0,0,0,0,0,0,0,0,0,1,15,0,0,0,0,0,0,0,0,NA,NA,0,0,0,0,0,0,0,0,0,0,0,0,NA,NA,NA,0,0,0,0,0,0,0,NA,0,0,0,0,NA,103.7,127.7
00-0040716,C.Woodson,Craig Woodson,SAF,DB,"https://static.www.nfl.com/image/upload/f_auto,q_auto/league/nsfjxvef5ck9bytvti1u",2025,REG,NE,12,0,0,0,0,0,0,0,0,0,0,0,0,NA,NA,0,NA,0,0,0,0,0,0,NA,0,0,0,0,0,0,0,0,0,0,NA,0,NA,0,0,0,0,30,1,26,4,9,0,0,0,0,0,0,3,0,0,0,0,0,0,1,1,0,0,0,0,0,0,0,0,0,0,0,NA,NA,0,0,0,0,0,0,0,0,0,0,0,0,NA,NA,NA,0,0,0,0,0,0,0,NA,0,0,0,0,NA,0,0
00-0040718,T.Hunter,Travis Hunter,WR,WR,"https://static.www.nfl.com/image/upload/f_auto,q_auto/league/apfzii6u8pwj9ntvyfkk",2025,REG,JAX,7,0,0,0,0,0,0,0,0,0,0,0,0,NA,NA,0,NA,1,0,0,0,0,0,-0.6611915401881561,0,28,45,298,1,1,0,354,140,12,-2.307090115044133,0,0.8418079096045198,0.125,0.11827597728032074,0.2702931840962245,0,10,1,4,0,0,0,0,0,0,0,0,3,0,0,0,0,0,0,0,0,0,3,35,0,0,0,0,0,0,0,0,NA,NA,0,0,0,0,0,0,0,0,0,0,0,0,NA,NA,NA,0,0,0,0,0,0,0,NA,0,0,0,0,NA,35.8,63.8
00-0040719,B.Tuten,Bhayshul Tuten,RB,RB,"https://static.www.nfl.com/image/upload/f_auto,q_auto/league/uf6bidyfjeemrlgsibiz",2025,REG,JAX,11,0,0,0,0,0,0,0,0,0,0,0,0,NA,NA,0,NA,67,255,3,0,0,19,-3.7168556310800005,0,8,12,61,1,0,0,-7,77,2,3.9449206726858392,0,-8.714285714285714,0.03333333333333333,-0.0023387905111927833,0.04836284664216505,0,1,0,0,0,0,0,0,0,0,0,0,0,0,0,0,0,0,0,0,0,0,2,23,0,0,12,353,0,0,0,0,NA,NA,0,0,0,0,0,0,0,0,0,0,0,0,NA,NA,NA,0,0,0,0,0,0,0,NA,0,0,0,0,NA,55.6,63.6
00-0040720,J.Barron,Jahdae Barron,CB,DB,"https://static.www.nfl.com/image/upload/f_auto,q_auto/league/pftuc6gjil6zstrg4ht2",2025,REG,DEN,10,0,0,0,0,0,0,0,0,0,0,0,0,NA,NA,0,NA,0,0,0,0,0,0,NA,0,0,0,0,0,0,0,0,0,0,NA,0,NA,0,0,0,0,14,0,7,0,0,0,0,0,0,1,0,3,0,0,0,0,0,0,1,1,0,1,3,0,0,0,0,0,0,0,0,NA,NA,0,0,0,0,0,0,0,0,0,0,0,0,NA,NA,NA,0,0,0,0,0,0,0,NA,0,0,0,0,NA,0,0
00-0040721,A.Collins,Alfred Collins,DT,DL,"https://static.www.nfl.com/image/upload/f_auto,q_auto/league/rjziol6cqynoyc0w0qfh",2025,REG,SF,7,0,0,0,0,0,0,0,0,0,0,0,0,NA,NA,0,NA,0,0,0,0,0,0,NA,0,0,0,0,0,0,0,0,0,0,NA,0,NA,0,0,0,0,2,0,7,0,0,1,0,0,4,0,0,0,0,0,0,0,0,0,2,2,0,0,0,0,0,0,0,0,0,0,0,NA,NA,0,0,0,0,0,0,0,0,0,0,0,0,NA,NA,NA,0,0,0,0,0,0,0,NA,0,0,0,0,NA,0,0
00-0040722,M.Green,Mike Green,LB,LB,"https://static.www.nfl.com/image/upload/f_auto,q_auto/league/u7sictvg6th8tpfineb6",2025,REG,BAL,11,0,0,0,0,0,0,0,0,0,0,0,0,NA,NA,0,NA,0,0,0,0,0,0,NA,0,0,0,0,0,0,0,0,0,0,NA,0,NA,0,0,0,0,11,1,16,5,19,0,2.5,16,9,0,0,0,0,0,0,0,0,0,0,0,0,0,0,0,0,0,0,0,0,0,0,NA,NA,0,0,0,0,0,0,0,0,0,0,0,0,NA,NA,NA,0,0,0,0,0,0,0,NA,0,0,0,0,NA,0,0
00-0040723,J.Kiser,Jack Kiser,LB,LB,"https://static.www.nfl.com/image/upload/f_auto,q_auto/league/nkzzuhextfhildyebh5i",2025,REG,JAX,3,0,0,0,0,0,0,0,0,0,0,0,0,NA,NA,0,NA,0,0,0,0,0,0,NA,0,0,0,0,0,0,0,0,0,0,NA,0,NA,0,0,0,0,2,0,3,0,0,0,0,0,0,0,0,0,0,0,0,0,0,0,0,0,0,0,0,0,0,0,0,0,0,0,0,NA,NA,0,0,0,0,0,0,0,0,0,0,0,0,NA,NA,NA,0,0,0,0,0,0,0,NA,0,0,0,0,NA,0,0
00-0040724,T.Sanders,T.J. Sanders,DT,DL,"https://static.www.nfl.com/image/upload/f_auto,q_auto/league/wxkk01nfridtywdbl86z",2025,REG,BUF,4,0,0,0,0,0,0,0,0,0,0,0,0,NA,NA,0,NA,0,0,0,0,0,0,NA,0,0,0,0,0,0,0,0,0,0,NA,0,NA,0,0,0,0,2,0,4,0,0,0,0,0,0,0,0,0,0,0,0,0,0,0,0,0,0,0,0,0,0,0,0,0,0,0,0,NA,NA,0,0,0,0,0,0,0,0,0,0,0,0,NA,NA,NA,0,0,0,0,0,0,0,NA,0,0,0,0,NA,0,0
00-0040725,D.Ezeiruaku,Donovan Ezeiruaku,DE,DL,"https://static.www.nfl.com/image/upload/f_auto,q_auto/league/p01praffl9gjoogdgaq8",2025,REG,DAL,11,0,0,0,0,0,0,0,0,0,0,0,0,NA,NA,0,NA,0,0,0,0,0,0,NA,0,0,0,0,0,0,0,0,0,0,NA,0,NA,0,0,0,0,16,1,11,8,38,1,2,15,10,0,0,0,0,0,1,0,0,0,0,0,0,1,15,0,0,0,0,0,0,0,0,NA,NA,0,0,0,0,0,0,0,0,0,0,0,0,NA,NA,NA,0,0,0,0,0,0,0,NA,0,0,0,0,NA,0,0
00-0040726,A.Belton,Anthony Belton,OT,OL,"https://static.www.nfl.com/image/upload/f_auto,q_auto/league/erhseeamoxq7v9ay9bz8",2025,REG,GB,1,0,0,0,0,0,0,0,0,0,0,0,0,NA,NA,0,NA,0,0,0,0,0,0,NA,0,0,0,0,0,0,0,0,0,0,NA,0,NA,0,0,0,0,0,0,0,0,0,0,0,0,0,0,0,0,0,0,0,0,0,0,0,0,0,1,10,0,0,0,0,0,0,0,0,NA,NA,0,0,0,0,0,0,0,0,0,0,0,0,NA,NA,NA,0,0,0,0,0,0,0,NA,0,0,0,0,NA,0,0
00-0040727,T.Harris,Tre Harris,WR,WR,"https://static.www.nfl.com/image/upload/f_auto,q_auto/league/vfjekjvrfpbmskmuwoz9",2025,REG,LAC,10,0,0,0,0,0,0,0,0,0,0,0,0,NA,NA,0,NA,0,0,0,0,0,0,NA,0,16,20,137,1,0,0,128,70,8,3.7174263777374765,0,1.0703125,0.05305039787798409,0.04361158432708688,0.11010370584593694,0,0,0,0,0,0,0,0,0,0,0,0,0,0,0,0,0,0,0,0,0,0,0,0,0,0,0,0,0,0,0,0,NA,NA,0,0,0,0,0,0,0,0,0,0,0,0,NA,NA,NA,0,0,0,0,0,0,0,NA,0,0,0,0,NA,19.700000000000003,35.7
00-0040728,T.Ratledge,Tate Ratledge,G,OL,"https://static.www.nfl.com/image/upload/f_auto,q_auto/league/esuwyzsj6ecirwuaa0ul",2025,REG,DET,2,0,0,0,0,0,0,0,0,0,0,0,0,NA,NA,0,NA,0,0,0,0,0,0,NA,0,0,0,0,0,0,0,0,0,0,NA,0,NA,0,0,0,0,0,0,0,0,0,0,0,0,0,0,0,0,0,0,0,0,0,0,0,0,0,3,25,0,0,0,0,0,0,0,0,NA,NA,0,0,0,0,0,0,0,0,0,0,0,0,NA,NA,NA,0,0,0,0,0,0,0,NA,0,0,0,0,NA,0,0
00-0040729,J.Bech,Jack Bech,WR,WR,"https://static.www.nfl.com/image/upload/f_auto,q_auto/league/feplgtl0x1svqen9szwv",2025,REG,LV,9,0,0,0,0,0,0,0,0,0,0,0,0,NA,NA,0,NA,0,0,0,0,0,0,NA,0,8,12,92,0,0,0,84,38,6,-0.38134751711857007,0,1.0952380952380953,0.03498542274052478,0.038181818181818185,0.0792054068380599,0,1,0,1,0,0,0,0,0,0,0,0,0,0,0,0,0,0,0,0,0,0,3,25,0,0,0,0,0,0,0,0,NA,NA,0,0,0,0,0,0,0,0,0,0,0,0,NA,NA,NA,0,0,0,0,0,0,0,NA,0,0,0,0,NA,9.200000000000001,17.200000000000003
00-0040730,R.Harvey,RJ Harvey,RB,RB,"https://static.www.nfl.com/image/upload/f_auto,q_auto/league/i1qxzydetb2orrynzvzk",2025,REG,DEN,11,0,1,0,0,0,0,0,0,0,2,0,0,-0.4586076693958603,-77.06168293952942,0,0,61,244,2,0,0,10,-10.32403782667825,0,28,32,195,4,0,0,28,194,9,9.519618528198869,0,6.964285714285714,0.08719346049046321,0.00909386164339071,0.1371558938860683,0,0,0,0,0,0,0,0,0,0,0,0,0,0,0,0,0,0,0,0,0,0,0,0,0,0,16,353,0,0,0,0,NA,NA,0,0,0,0,0,0,0,0,0,0,0,0,NA,NA,NA,0,0,0,0,0,0,0,NA,0,0,0,0,NA,79.9,107.9
00-0040731,T.Amos,Trey Amos,CB,DB,"https://static.www.nfl.com/image/upload/f_auto,q_auto/league/cxabcu8nz9p6k6sqsw4t",2025,REG,WAS,10,0,0,0,0,0,0,0,0,0,0,0,0,NA,NA,0,NA,0,0,0,0,0,0,NA,0,0,0,0,0,0,0,0,0,0,NA,0,NA,0,0,0,0,18,1,13,1,2,0,0,0,0,0,0,6,0,0,0,0,0,0,0,0,0,1,5,0,0,0,0,0,0,0,0,NA,NA,0,0,0,0,0,0,0,0,0,0,0,0,NA,NA,NA,0,0,0,0,0,0,0,NA,0,0,0,0,NA,0,0
00-0040733,N.Emmanwori,Nick Emmanwori,SAF,DB,"https://static.www.nfl.com/image/upload/f_auto,q_auto/league/klniolruih3c5jo9pvjr",2025,REG,SEA,8,0,0,0,0,0,0,0,0,0,0,0,0,NA,NA,0,NA,0,0,0,0,0,0,NA,0,0,0,0,0,0,0,0,0,0,NA,0,NA,0,0,0,0,28,1,14,4,5,0,0.5,3,1,0,0,7,0,0,0,0,0,0,0,0,0,1,5,0,0,0,0,0,0,0,0,NA,NA,0,0,0,0,0,0,0,0,0,0,0,0,NA,NA,NA,0,0,0,0,0,0,0,NA,0,0,0,0,NA,0,0
00-0040734,T.Henderson,TreVeyon Henderson,RB,RB,"https://static.www.nfl.com/image/upload/f_auto,q_auto/league/cfcux3dnfmbmz3qzrnco",2025,REG,NE,12,0,0,0,0,0,0,0,0,0,0,0,0,NA,NA,0,NA,118,558,5,1,1,30,5.069989521097956,0,29,34,180,1,0,0,-19,197,6,2.7563331328796563,0,-9.473684210526315,0.09912536443148688,-0.005989911727616645,0.14449510843789867,0,0,0,0,0,0,0,0,0,0,0,0,0,0,0,0,0,1,1,0,0,0,3,30,0,0,9,209,0,0,0,0,NA,NA,0,0,0,0,0,0,0,0,0,0,0,0,NA,NA,NA,0,0,0,0,0,0,0,NA,0,0,0,0,NA,107.8,136.8
00-0040735,L.Burden,Luther Burden III,WR,WR,"https://static.www.nfl.com/image/upload/f_auto,q_auto/league/iyuwdz7pbowdkwzq2tg5",2025,REG,CHI,10,0,0,0,0,0,0,0,0,0,0,0,0,NA,NA,0,NA,3,21,0,0,0,2,1.7785824145539664,0,22,28,295,1,0,0,218,153,11,9.01140997436596,0,1.353211009174312,0.08045977011494253,0.0675968992248062,0.16800748462977813,0,0,0,0,0,0,0,0,0,0,0,0,0,0,0,0,0,0,0,0,0,0,0,0,0,0,8,223,0,0,0,0,NA,NA,0,0,0,0,0,0,0,0,0,0,0,0,NA,NA,NA,0,0,0,0,0,0,0,NA,0,0,0,0,NA,37.6,59.6
00-0040736,M.Taylor,Mason Taylor,TE,TE,"https://static.www.nfl.com/image/upload/f_auto,q_auto/league/bk7wjtjt7dpc5qsuil4z",2025,REG,NYJ,11,0,0,0,0,0,0,0,0,0,0,0,0,NA,NA,0,NA,0,0,0,0,0,0,NA,0,37,53,297,1,0,0,294,95,18,11.805502635441506,1,1.010204081632653,0.18339100346020762,0.1338188438780155,0.36875969590492225,0,0,0,0,0,0,0,0,0,0,0,0,0,0,0,0,0,1,1,0,0,0,2,10,0,0,0,0,0,0,0,0,NA,NA,0,0,0,0,0,0,0,0,0,0,0,0,NA,NA,NA,0,0,0,0,0,0,0,NA,0,0,0,0,NA,37.7,74.7
00-0040737,T.Ferguson,Terrance Ferguson,TE,TE,"https://static.www.nfl.com/image/upload/f_auto,q_auto/league/usa23ax8dratptvikr9a",2025,REG,LA,6,0,0,0,0,0,0,0,0,0,0,0,0,NA,NA,0,NA,1,0,0,0,0,0,-1.5493906475021504,0,5,12,138,1,0,0,263,33,5,8.758455710447226,0,0.5247148288973384,0.03296703296703297,0.08312262958280657,0.10763639015851405,0,0,0,0,0,0,0,0,0,0,0,0,0,0,0,0,0,0,0,0,0,0,0,0,0,0,0,0,0,0,0,0,NA,NA,0,0,0,0,0,0,0,0,0,0,0,0,NA,NA,NA,0,0,0,0,0,0,0,NA,0,0,0,0,NA,19.8,24.8
00-0040738,D.Knight,Demetrius Knight Jr.,LB,LB,"https://static.www.nfl.com/image/upload/f_auto,q_auto/league/j9eequyosorm1p9zc5gx",2025,REG,CIN,11,0,0,0,0,0,0,0,0,0,0,0,0,NA,NA,0,NA,0,0,0,0,0,0,NA,0,0,0,0,0,0,0,0,0,0,NA,0,NA,0,0,0,0,38,3,37,2,3,0,0,0,2,1,0,5,0,0,0,0,0,0,0,0,0,1,5,0,0,0,0,0,0,0,0,NA,NA,0,0,0,0,0,0,0,0,0,0,0,0,NA,NA,NA,0,0,0,0,0,0,0,NA,0,0,0,0,NA,0,0
00-0040739,E.Arroyo,Elijah Arroyo,TE,TE,"https://static.www.nfl.com/image/upload/f_auto,q_auto/league/dwlyrxi2yxowfj4abtoa",2025,REG,SEA,11,0,0,0,0,0,0,0,0,0,0,0,0,NA,NA,0,NA,0,0,0,0,0,0,NA,0,15,23,179,1,1,1,172,78,7,-8.31292772561622,0,1.0406976744186047,0.08041958041958042,0.0637037037037037,0.16522196322196323,0,0,0,0,0,0,0,0,0,0,0,0,0,0,0,0,0,0,0,0,0,0,1,5,0,0,0,0,0,0,0,0,NA,NA,0,0,0,0,0,0,0,0,0,0,0,0,NA,NA,NA,0,0,0,0,0,0,0,NA,0,0,0,0,NA,21.900000000000002,36.900000000000006
00-0040741,S.Turner,Shemar Turner,DT,DL,"https://static.www.nfl.com/image/upload/f_auto,q_auto/league/gj6rxglwrkzwgvvq0z1q",2025,REG,CHI,2,0,0,0,0,0,0,0,0,0,0,0,0,NA,NA,0,NA,0,0,0,0,0,0,NA,0,0,0,0,0,0,0,0,0,0,NA,0,NA,0,0,0,0,5,1,0,2,4,0,0,0,0,0,0,0,0,0,0,0,0,0,0,0,0,0,0,0,0,0,0,0,0,0,0,NA,NA,0,0,0,0,0,0,0,0,0,0,0,0,NA,NA,NA,0,0,0,0,0,0,0,NA,0,0,0,0,NA,0,0
00-0040742,J.Savaiinaea,Jonah Savaiinaea,OT,OL,"https://static.www.nfl.com/image/upload/f_auto,q_auto/league/kglg4js9nthq1wg9rn5y",2025,REG,MIA,3,0,0,0,0,0,0,0,0,0,0,0,0,NA,NA,0,NA,0,0,0,0,0,0,NA,0,0,0,0,0,0,0,0,0,0,NA,0,NA,0,0,0,0,1,0,0,0,0,0,0,0,0,0,0,0,0,0,0,0,0,0,0,0,0,2,15,0,0,0,0,0,0,0,0,NA,NA,0,0,0,0,0,0,0,0,0,0,0,0,NA,NA,NA,0,0,0,0,0,0,0,NA,0,0,0,0,NA,0,0
00-0040743,T.Shough,Tyler Shough,QB,QB,"https://static.www.nfl.com/image/upload/f_auto,q_auto/league/wsrkib8qgwtb2t2ugaru",2025,REG,NO,5,81,126,829,3,3,10,-72,0,0,1066,334,35,-15.435817651065777,-2.5620490797166875,0,0.7776735459662288,15,33,0,1,1,4,-9.893442376691382,0,0,0,0,0,0,0,0,0,0,NA,0,NA,0,0,0,0,1,0,0,0,0,0,0,0,0,0,0,0,0,0,0,0,0,1,0,0,0,0,0,0,0,0,0,0,0,0,0,NA,NA,0,0,0,0,0,0,0,0,0,0,0,0,NA,NA,NA,0,0,0,0,0,0,0,NA,0,0,0,0,NA,40.46,40.46
00-0040744,J.Tuimoloau,JT Tuimoloau,DE,DL,"https://static.www.nfl.com/image/upload/f_auto,q_auto/league/cxkxb1csogr9v773tdib",2025,REG,IND,7,0,0,0,0,0,0,0,0,0,0,0,0,NA,NA,0,NA,0,0,0,0,0,0,NA,0,0,0,0,0,0,0,0,0,0,NA,0,NA,0,0,0,0,1,0,6,0,0,0,0,0,4,0,0,0,0,0,0,0,0,0,0,0,0,1,15,0,0,0,0,0,0,0,0,NA,NA,0,0,0,0,0,0,0,0,0,0,0,0,NA,NA,NA,0,0,0,0,0,0,0,NA,0,0,0,0,NA,0,0
00-0040745,A.Ersery,Aireontae Ersery,OT,OL,"https://static.www.nfl.com/image/upload/f_auto,q_auto/league/nvdycakgyrk5nllug02b",2025,REG,HOU,2,0,0,0,0,0,0,0,0,0,0,0,0,NA,NA,0,NA,0,0,0,0,0,0,NA,0,0,0,0,0,0,0,0,0,0,NA,0,NA,0,0,0,0,0,0,0,0,0,0,0,0,0,0,0,0,0,0,0,0,0,0,0,0,0,3,29,0,0,0,0,0,0,0,0,NA,NA,0,0,0,0,0,0,0,0,0,0,0,0,NA,NA,NA,0,0,0,0,0,0,0,NA,0,0,0,0,NA,0,0
00-0040746,N.Scourton,Nic Scourton,LB,LB,"https://static.www.nfl.com/image/upload/f_auto,q_auto/league/iyf5alwnsqxygvayiom5",2025,REG,CAR,10,0,0,0,0,0,0,0,0,0,0,0,0,NA,NA,0,NA,0,0,0,0,0,0,NA,0,0,0,0,0,0,0,0,0,0,NA,0,NA,0,0,0,0,13,1,18,5,21,0,3,23,7,0,0,1,0,0,0,0,0,0,0,0,0,0,0,0,0,0,0,0,0,0,0,NA,NA,0,0,0,0,0,0,0,0,0,0,0,0,NA,NA,NA,0,0,0,0,0,0,0,NA,0,0,0,0,NA,0,0
00-0040747,B.Morrison,Benjamin Morrison,CB,DB,"https://static.www.nfl.com/image/upload/f_auto,q_auto/league/beby7ndkduvgasydudha",2025,REG,TB,6,0,0,0,0,0,0,0,0,0,0,0,0,NA,NA,0,NA,0,0,0,0,0,0,NA,0,0,0,0,0,0,0,0,0,0,NA,0,NA,0,0,0,0,11,0,2,1,4,0,0,0,0,0,0,3,0,0,0,0,0,0,0,0,0,2,15,0,0,0,0,0,0,0,0,NA,NA,0,0,0,0,0,0,0,0,0,0,0,0,NA,NA,NA,0,0,0,0,0,0,0,NA,0,0,0,0,NA,0,0
00-0040748,O.Norman-Lott,Omarr Norman-Lott,DT,DL,"https://static.www.nfl.com/image/upload/f_auto,q_auto/league/jp69jatihj5oqc37g9gv",2025,REG,KC,2,0,0,0,0,0,0,0,0,0,0,0,0,NA,NA,0,NA,0,0,0,0,0,0,NA,0,0,0,0,0,0,0,0,0,0,NA,0,NA,0,0,0,0,4,0,1,1,4,0,1,4,1,0,0,0,0,0,0,0,0,0,0,0,0,0,0,0,0,0,0,0,0,0,0,NA,NA,0,0,0,0,0,0,0,0,0,0,0,0,NA,NA,NA,0,0,0,0,0,0,0,NA,0,0,0,0,NA,0,0
00-0040749,A.Mukuba,Andrew Mukuba,SAF,DB,"https://static.www.nfl.com/image/upload/f_auto,q_auto/league/uis1nibeesqlsasmw2km",2025,REG,PHI,11,0,0,0,0,0,0,0,0,0,0,0,0,NA,NA,0,NA,0,0,0,0,0,0,NA,0,0,0,0,0,0,0,0,0,0,NA,0,NA,0,0,0,0,24,3,19,2,2,0,0.5,5.5,1,2,41,3,0,0,0,0,0,0,0,0,0,0,0,0,0,0,0,0,0,0,0,NA,NA,0,0,0,0,0,0,0,0,0,0,0,0,NA,NA,NA,0,0,0,0,0,0,0,NA,0,0,0,0,NA,0,0
00-0040751,W.Johnson,Will Johnson,CB,DB,"https://static.www.nfl.com/image/upload/f_auto,q_auto/league/qrzob3kg2nylp6hp5xhv",2025,REG,ARI,6,0,0,0,0,0,0,0,0,0,0,0,0,NA,NA,0,NA,0,0,0,0,0,0,NA,0,0,0,0,0,0,0,0,0,0,NA,0,NA,0,0,0,0,13,1,5,0,0,1,0,0,0,0,0,6,0,0,0,0,0,0,0,0,0,3,25,0,0,0,0,0,0,0,0,NA,NA,0,0,0,0,0,0,0,0,0,0,0,0,NA,NA,NA,0,0,0,0,0,0,0,NA,0,0,0,0,NA,0,0
00-0040752,O.Oladejo,Oluwafemi Oladejo,LB,LB,"https://static.www.nfl.com/image/upload/f_auto,q_auto/league/xux3tjanbookjm0wmalz",2025,REG,TEN,6,0,0,0,0,0,0,0,0,0,0,0,0,NA,NA,0,NA,0,0,0,0,0,0,NA,0,0,0,0,0,0,0,0,0,0,NA,0,NA,0,0,0,0,4,1,8,2,8,0,0,0,2,0,0,0,0,0,0,0,0,0,0,0,0,0,0,0,0,0,0,0,0,0,0,NA,NA,0,0,0,0,0,0,0,0,0,0,0,0,NA,NA,NA,0,0,0,0,0,0,0,NA,0,0,0,0,NA,0,0
00-0040756,S.Stewart,Shemar Stewart,DE,DL,"https://static.www.nfl.com/image/upload/f_auto,q_auto/league/htljgrthvgq7pd2rsxhu",2025,REG,CIN,3,0,0,0,0,0,0,0,0,0,0,0,0,NA,NA,0,NA,0,0,0,0,0,0,NA,0,0,0,0,0,0,0,0,0,0,NA,0,NA,0,0,0,0,2,0,4,0,0,0,0,0,1,0,0,0,0,0,0,0,0,0,0,0,0,0,0,0,0,0,0,0,0,0,0,NA,NA,0,0,0,0,0,0,0,0,0,0,0,0,NA,NA,NA,0,0,0,0,0,0,0,NA,0,0,0,0,NA,0,0
00-0040782,I.Bond,Isaiah Bond,WR,WR,"https://static.www.nfl.com/image/upload/f_auto,q_auto/league/piv889pkizjvgrtpfkxm",2025,REG,CLE,9,0,0,0,0,0,0,0,0,0,0,0,0,NA,NA,0,NA,2,17,0,0,0,0,1.440563885262236,0,13,33,181,0,0,0,455,45,6,-6.984908384409021,0,0.3978021978021978,0.09192200557103064,0.1784313725490196,0.2627849691408597,0,1,0,0,0,0,0,0,0,0,0,0,0,0,0,0,0,0,0,0,0,0,0,0,2,9,0,0,0,0,0,0,NA,NA,0,0,0,0,0,0,0,0,0,0,0,0,NA,NA,NA,0,0,0,0,0,0,0,NA,0,0,0,0,NA,19.8,32.8
00-0040784,Q.Judkins,Quinshon Judkins,RB,RB,"https://static.www.nfl.com/image/upload/f_auto,q_auto/league/ojtce2im0wp2ltyel0vc",2025,REG,CLE,10,0,0,0,0,0,0,0,0,0,0,0,0,NA,NA,0,NA,173,667,7,0,0,43,-9.765833964469493,0,14,20,70,0,0,0,-2,68,3,-4.21114360820502,0,-35,0.055710306406685235,-7.84313725490196e-4,0.08301644000218472,0,0,0,0,0,0,0,0,0,0,0,0,0,0,0,0,0,0,0,0,0,0,0,0,0,0,0,0,0,0,0,0,NA,NA,0,0,0,0,0,0,0,0,0,0,0,0,NA,NA,NA,0,0,0,0,0,0,0,NA,0,0,0,0,NA,115.7,129.7
NA,NA,NA,NA,NA,NA,2025,REG,SF,178,0,0,0,0,0,0,0,0,0,0,0,0,NA,NA,0,NA,0,0,0,0,0,0,NA,0,0,0,0,0,0,0,0,0,0,NA,0,NA,0,0,0,0,0,0,0,0,0,0,0,0,0,0,0,0,0,0,3,0,0,0,0,0,0,195,956,0,0,0,0,0,0,0,0,NA,NA,0,0,0,0,0,0,0,0,0,0,0,0,NA,NA,NA,0,0,0,0,0,0,0,NA,0,0,0,0,NA,0,0
