title,label,Price,officialDate,url,BetTimeStamp,week
Money Line – Game,Los Angeles Rams,1.294,2025-12-29,https://www.pinnacle.com/en/football/nfl/los-angeles-rams-vs-atlanta-falcons/1621295725/#all,2025-12-29T09:30:50.082446,17
Money Line – Game,Atlanta Falcons,3.880,2025-12-29,https://www.pinnacle.com/en/football/nfl/los-angeles-rams-vs-atlanta-falcons/1621295725/#all,2025-12-29T09:30:50.082446,17
Handicap – Game,-7.0,1.900,2025-12-29,https://www.pinnacle.com/en/football/nfl/los-angeles-rams-vs-atlanta-falcons/1621295725/#all,2025-12-29T09:30:50.093624,17
Handicap – Game,+7.0,2.010,2025-12-29,https://www.pinnacle.com/en/football/nfl/los-angeles-rams-vs-atlanta-falcons/1621295725/#all,2025-12-29T09:30:50.093624,17
Total – Game,Over 49.5,2.000,2025-12-29,https://www.pinnacle.com/en/football/nfl/los-angeles-rams-vs-atlanta-falcons/1621295725/#all,2025-12-29T09:30:50.094090,17
Total – Game,Under 49.5,1.884,2025-12-29,https://www.pinnacle.com/en/football/nfl/los-angeles-rams-vs-atlanta-falcons/1621295725/#all,2025-12-29T09:30:50.094090,17
Team Total – Game,Over 28.5,1.952,2025-12-29,https://www.pinnacle.com/en/football/nfl/los-angeles-rams-vs-atlanta-falcons/1621295725/#all,2025-12-29T09:30:50.094525,17
Team Total – Game,Under 28.5,1.900,2025-12-29,https://www.pinnacle.com/en/football/nfl/los-angeles-rams-vs-atlanta-falcons/1621295725/#all,2025-12-29T09:30:50.094525,17
Team Total – Game,Over 20.5,1.934,2025-12-29,https://www.pinnacle.com/en/football/nfl/los-angeles-rams-vs-atlanta-falcons/1621295725/#all,2025-12-29T09:30:50.094525,17
Team Total – Game,Under 20.5,1.917,2025-12-29,https://www.pinnacle.com/en/football/nfl/los-angeles-rams-vs-atlanta-falcons/1621295725/#all,2025-12-29T09:30:50.094525,17
Money Line – 1st Half,Los Angeles Rams,1.454,2025-12-29,https://www.pinnacle.com/en/football/nfl/los-angeles-rams-vs-atlanta-falcons/1621295725/#all,2025-12-29T09:30:50.094895,17
Money Line – 1st Half,Atlanta Falcons,2.900,2025-12-29,https://www.pinnacle.com/en/football/nfl/los-angeles-rams-vs-atlanta-falcons/1621295725/#all,2025-12-29T09:30:50.094895,17
Handicap – 1st Half,-4.0,2.000,2025-12-29,https://www.pinnacle.com/en/football/nfl/los-angeles-rams-vs-atlanta-falcons/1621295725/#all,2025-12-29T09:30:50.095245,17
Handicap – 1st Half,+4.0,1.884,2025-12-29,https://www.pinnacle.com/en/football/nfl/los-angeles-rams-vs-atlanta-falcons/1621295725/#all,2025-12-29T09:30:50.095245,17
Total – 1st Half,Over 24.5,1.970,2025-12-29,https://www.pinnacle.com/en/football/nfl/los-angeles-rams-vs-atlanta-falcons/1621295725/#all,2025-12-29T09:30:50.095531,17
Total – 1st Half,Under 24.5,1.900,2025-12-29,https://www.pinnacle.com/en/football/nfl/los-angeles-rams-vs-atlanta-falcons/1621295725/#all,2025-12-29T09:30:50.095531,17
Team Total – 1st Half,Over 14.5,2.100,2025-12-29,https://www.pinnacle.com/en/football/nfl/los-angeles-rams-vs-atlanta-falcons/1621295725/#all,2025-12-29T09:30:50.095921,17
Team Total – 1st Half,Under 14.5,1.787,2025-12-29,https://www.pinnacle.com/en/football/nfl/los-angeles-rams-vs-atlanta-falcons/1621295725/#all,2025-12-29T09:30:50.095921,17
Team Total – 1st Half,Over 9.5,1.757,2025-12-29,https://www.pinnacle.com/en/football/nfl/los-angeles-rams-vs-atlanta-falcons/1621295725/#all,2025-12-29T09:30:50.095921,17
Team Total – 1st Half,Under 9.5,2.150,2025-12-29,https://www.pinnacle.com/en/football/nfl/los-angeles-rams-vs-atlanta-falcons/1621295725/#all,2025-12-29T09:30:50.095921,17
Money Line – 1st Quarter,Los Angeles Rams,1.617,2025-12-29,https://www.pinnacle.com/en/football/nfl/los-angeles-rams-vs-atlanta-falcons/1621295725/#all,2025-12-29T09:30:50.096175,17
Money Line – 1st Quarter,Atlanta Falcons,2.400,2025-12-29,https://www.pinnacle.com/en/football/nfl/los-angeles-rams-vs-atlanta-falcons/1621295725/#all,2025-12-29T09:30:50.096175,17
Handicap – 1st Quarter,-2.5,2.060,2025-12-29,https://www.pinnacle.com/en/football/nfl/los-angeles-rams-vs-atlanta-falcons/1621295725/#all,2025-12-29T09:30:50.096473,17
Handicap – 1st Quarter,+2.5,1.826,2025-12-29,https://www.pinnacle.com/en/football/nfl/los-angeles-rams-vs-atlanta-falcons/1621295725/#all,2025-12-29T09:30:50.096473,17
Total – 1st Quarter,Over 10,2.080,2025-12-29,https://www.pinnacle.com/en/football/nfl/los-angeles-rams-vs-atlanta-falcons/1621295725/#all,2025-12-29T09:30:50.096792,17
Total – 1st Quarter,Under 10,1.793,2025-12-29,https://www.pinnacle.com/en/football/nfl/los-angeles-rams-vs-atlanta-falcons/1621295725/#all,2025-12-29T09:30:50.096792,17
Team Total – 1st Quarter,Over 6.5,1.833,2025-12-29,https://www.pinnacle.com/en/football/nfl/los-angeles-rams-vs-atlanta-falcons/1621295725/#all,2025-12-29T09:30:50.097056,17
Team Total – 1st Quarter,Under 6.5,2.020,2025-12-29,https://www.pinnacle.com/en/football/nfl/los-angeles-rams-vs-atlanta-falcons/1621295725/#all,2025-12-29T09:30:50.097056,17
Team Total – 1st Quarter,Over 0.5,1.561,2025-12-29,https://www.pinnacle.com/en/football/nfl/los-angeles-rams-vs-atlanta-falcons/1621295725/#all,2025-12-29T09:30:50.097056,17
Team Total – 1st Quarter,Under 0.5,2.500,2025-12-29,https://www.pinnacle.com/en/football/nfl/los-angeles-rams-vs-atlanta-falcons/1621295725/#all,2025-12-29T09:30:50.097056,17
Bijan Robinson Total Receiving Yards,Over 43.5 Receiving Yards,1.751,2025-12-29,https://www.pinnacle.com/en/football/nfl/los-angeles-rams-vs-atlanta-falcons/1621295725/#all,2025-12-29T09:30:50.097276,17
Bijan Robinson Total Receiving Yards,Under 43.5 Receiving Yards,2.000,2025-12-29,https://www.pinnacle.com/en/football/nfl/los-angeles-rams-vs-atlanta-falcons/1621295725/#all,2025-12-29T09:30:50.097276,17
Bijan Robinson Total Receptions,Over 4.5 Receptions,1.689,2025-12-29,https://www.pinnacle.com/en/football/nfl/los-angeles-rams-vs-atlanta-falcons/1621295725/#all,2025-12-29T09:30:50.097573,17
Bijan Robinson Total Receptions,Under 4.5 Receptions,2.090,2025-12-29,https://www.pinnacle.com/en/football/nfl/los-angeles-rams-vs-atlanta-falcons/1621295725/#all,2025-12-29T09:30:50.097573,17
Bijan Robinson Total Rush Attempts,Over 16.5 Rush Attempts,1.763,2025-12-29,https://www.pinnacle.com/en/football/nfl/los-angeles-rams-vs-atlanta-falcons/1621295725/#all,2025-12-29T09:30:50.097854,17
Bijan Robinson Total Rush Attempts,Under 16.5 Rush Attempts,1.990,2025-12-29,https://www.pinnacle.com/en/football/nfl/los-angeles-rams-vs-atlanta-falcons/1621295725/#all,2025-12-29T09:30:50.097854,17
Bijan Robinson Total Rushing Yards,Over 73.5 Rushing Yards,1.840,2025-12-29,https://www.pinnacle.com/en/football/nfl/los-angeles-rams-vs-atlanta-falcons/1621295725/#all,2025-12-29T09:30:50.098185,17
Bijan Robinson Total Rushing Yards,Under 73.5 Rushing Yards,1.900,2025-12-29,https://www.pinnacle.com/en/football/nfl/los-angeles-rams-vs-atlanta-falcons/1621295725/#all,2025-12-29T09:30:50.098185,17
Bijan Robinson Total Touchdowns,Over 0.5 Touchdowns,1.694,2025-12-29,https://www.pinnacle.com/en/football/nfl/los-angeles-rams-vs-atlanta-falcons/1621295725/#all,2025-12-29T09:30:50.098458,17
Bijan Robinson Total Touchdowns,Under 0.5 Touchdowns,2.090,2025-12-29,https://www.pinnacle.com/en/football/nfl/los-angeles-rams-vs-atlanta-falcons/1621295725/#all,2025-12-29T09:30:50.098458,17
Blake Corum Total Rush Attempts,Over 9.5 Rush Attempts,1.819,2025-12-29,https://www.pinnacle.com/en/football/nfl/los-angeles-rams-vs-atlanta-falcons/1621295725/#all,2025-12-29T09:30:50.098668,17
Blake Corum Total Rush Attempts,Under 9.5 Rush Attempts,1.925,2025-12-29,https://www.pinnacle.com/en/football/nfl/los-angeles-rams-vs-atlanta-falcons/1621295725/#all,2025-12-29T09:30:50.098668,17
Blake Corum Total Rushing Yards,Over 44.5 Rushing Yards,1.813,2025-12-29,https://www.pinnacle.com/en/football/nfl/los-angeles-rams-vs-atlanta-falcons/1621295725/#all,2025-12-29T09:30:50.098922,17
Blake Corum Total Rushing Yards,Under 44.5 Rushing Yards,1.934,2025-12-29,https://www.pinnacle.com/en/football/nfl/los-angeles-rams-vs-atlanta-falcons/1621295725/#all,2025-12-29T09:30:50.098922,17
Blake Corum Total Touchdowns,Over 0.5 Touchdowns,2.510,2025-12-29,https://www.pinnacle.com/en/football/nfl/los-angeles-rams-vs-atlanta-falcons/1621295725/#all,2025-12-29T09:30:50.099186,17
Blake Corum Total Touchdowns,Under 0.5 Touchdowns,1.490,2025-12-29,https://www.pinnacle.com/en/football/nfl/los-angeles-rams-vs-atlanta-falcons/1621295725/#all,2025-12-29T09:30:50.099186,17
Colby Parkinson Total Receiving Yards,Over 33.5 Receiving Yards,1.869,2025-12-29,https://www.pinnacle.com/en/football/nfl/los-angeles-rams-vs-atlanta-falcons/1621295725/#all,2025-12-29T09:30:50.099465,17
Colby Parkinson Total Receiving Yards,Under 33.5 Receiving Yards,1.869,2025-12-29,https://www.pinnacle.com/en/football/nfl/los-angeles-rams-vs-atlanta-falcons/1621295725/#all,2025-12-29T09:30:50.099465,17
Colby Parkinson Total Receptions,Over 3.5 Receptions,1.714,2025-12-29,https://www.pinnacle.com/en/football/nfl/los-angeles-rams-vs-atlanta-falcons/1621295725/#all,2025-12-29T09:30:50.099744,17
Colby Parkinson Total Receptions,Under 3.5 Receptions,2.060,2025-12-29,https://www.pinnacle.com/en/football/nfl/los-angeles-rams-vs-atlanta-falcons/1621295725/#all,2025-12-29T09:30:50.099744,17
Colby Parkinson Total Touchdowns,Over 0.5 Touchdowns,2.740,2025-12-29,https://www.pinnacle.com/en/football/nfl/los-angeles-rams-vs-atlanta-falcons/1621295725/#all,2025-12-29T09:30:50.100029,17
Colby Parkinson Total Touchdowns,Under 0.5 Touchdowns,1.418,2025-12-29,https://www.pinnacle.com/en/football/nfl/los-angeles-rams-vs-atlanta-falcons/1621295725/#all,2025-12-29T09:30:50.100029,17
Darnell Mooney Total Receiving Yards,Over 24.5 Receiving Yards,1.925,2025-12-29,https://www.pinnacle.com/en/football/nfl/los-angeles-rams-vs-atlanta-falcons/1621295725/#all,2025-12-29T09:30:50.100313,17
Darnell Mooney Total Receiving Yards,Under 24.5 Receiving Yards,1.819,2025-12-29,https://www.pinnacle.com/en/football/nfl/los-angeles-rams-vs-atlanta-falcons/1621295725/#all,2025-12-29T09:30:50.100313,17
Darnell Mooney Total Receptions,Over 1.5 Receptions,1.500,2025-12-29,https://www.pinnacle.com/en/football/nfl/los-angeles-rams-vs-atlanta-falcons/1621295725/#all,2025-12-29T09:30:50.100765,17
Darnell Mooney Total Receptions,Under 1.5 Receptions,2.480,2025-12-29,https://www.pinnacle.com/en/football/nfl/los-angeles-rams-vs-atlanta-falcons/1621295725/#all,2025-12-29T09:30:50.100765,17
Darnell Mooney Total Touchdowns,Over 0.5 Touchdowns,5.460,2025-12-29,https://www.pinnacle.com/en/football/nfl/los-angeles-rams-vs-atlanta-falcons/1621295725/#all,2025-12-29T09:30:50.101038,17
Darnell Mooney Total Touchdowns,Under 0.5 Touchdowns,1.128,2025-12-29,https://www.pinnacle.com/en/football/nfl/los-angeles-rams-vs-atlanta-falcons/1621295725/#all,2025-12-29T09:30:50.101038,17
Davis Allen Total Receiving Yards,Over 18.5 Receiving Yards,1.869,2025-12-29,https://www.pinnacle.com/en/football/nfl/los-angeles-rams-vs-atlanta-falcons/1621295725/#all,2025-12-29T09:30:50.101382,17
Davis Allen Total Receiving Yards,Under 18.5 Receiving Yards,1.869,2025-12-29,https://www.pinnacle.com/en/football/nfl/los-angeles-rams-vs-atlanta-falcons/1621295725/#all,2025-12-29T09:30:50.101382,17
Davis Allen Total Receptions,Over 2.5 Receptions,2.480,2025-12-29,https://www.pinnacle.com/en/football/nfl/los-angeles-rams-vs-atlanta-falcons/1621295725/#all,2025-12-29T09:30:50.101733,17
Davis Allen Total Receptions,Under 2.5 Receptions,1.500,2025-12-29,https://www.pinnacle.com/en/football/nfl/los-angeles-rams-vs-atlanta-falcons/1621295725/#all,2025-12-29T09:30:50.101733,17
Drake London Total Receiving Yards,Over 64.5 Receiving Yards,1.704,2025-12-29,https://www.pinnacle.com/en/football/nfl/los-angeles-rams-vs-atlanta-falcons/1621295725/#all,2025-12-29T09:30:50.101995,17
Drake London Total Receiving Yards,Under 64.5 Receiving Yards,2.070,2025-12-29,https://www.pinnacle.com/en/football/nfl/los-angeles-rams-vs-atlanta-falcons/1621295725/#all,2025-12-29T09:30:50.101995,17
Drake London Total Receptions,Over 5.5 Receptions,1.735,2025-12-29,https://www.pinnacle.com/en/football/nfl/los-angeles-rams-vs-atlanta-falcons/1621295725/#all,2025-12-29T09:30:50.103370,17
Drake London Total Receptions,Under 5.5 Receptions,2.020,2025-12-29,https://www.pinnacle.com/en/football/nfl/los-angeles-rams-vs-atlanta-falcons/1621295725/#all,2025-12-29T09:30:50.103370,17
Drake London Total Touchdowns,Over 0.5 Touchdowns,2.520,2025-12-29,https://www.pinnacle.com/en/football/nfl/los-angeles-rams-vs-atlanta-falcons/1621295725/#all,2025-12-29T09:30:50.103734,17
Drake London Total Touchdowns,Under 0.5 Touchdowns,1.485,2025-12-29,https://www.pinnacle.com/en/football/nfl/los-angeles-rams-vs-atlanta-falcons/1621295725/#all,2025-12-29T09:30:50.103734,17
Kirk Cousins Total Interceptions,Over 0.5 Interceptions,1.625,2025-12-29,https://www.pinnacle.com/en/football/nfl/los-angeles-rams-vs-atlanta-falcons/1621295725/#all,2025-12-29T09:30:50.103982,17
Kirk Cousins Total Interceptions,Under 0.5 Interceptions,2.220,2025-12-29,https://www.pinnacle.com/en/football/nfl/los-angeles-rams-vs-atlanta-falcons/1621295725/#all,2025-12-29T09:30:50.103982,17
Kirk Cousins Total Pass Attempts,Over 33.5 Pass Attempts,1.826,2025-12-29,https://www.pinnacle.com/en/football/nfl/los-angeles-rams-vs-atlanta-falcons/1621295725/#all,2025-12-29T09:30:50.104197,17
Kirk Cousins Total Pass Attempts,Under 33.5 Pass Attempts,1.917,2025-12-29,https://www.pinnacle.com/en/football/nfl/los-angeles-rams-vs-atlanta-falcons/1621295725/#all,2025-12-29T09:30:50.104197,17
Kirk Cousins Total Pass Completions,Over 20.5 Pass Completions,1.699,2025-12-29,https://www.pinnacle.com/en/football/nfl/los-angeles-rams-vs-atlanta-falcons/1621295725/#all,2025-12-29T09:30:50.104464,17
Kirk Cousins Total Pass Completions,Under 20.5 Pass Completions,2.080,2025-12-29,https://www.pinnacle.com/en/football/nfl/los-angeles-rams-vs-atlanta-falcons/1621295725/#all,2025-12-29T09:30:50.104464,17
Kirk Cousins Total Passing Yards,Over 225.5 Passing Yards,1.757,2025-12-29,https://www.pinnacle.com/en/football/nfl/los-angeles-rams-vs-atlanta-falcons/1621295725/#all,2025-12-29T09:30:50.105401,17
Kirk Cousins Total Passing Yards,Under 225.5 Passing Yards,2.000,2025-12-29,https://www.pinnacle.com/en/football/nfl/los-angeles-rams-vs-atlanta-falcons/1621295725/#all,2025-12-29T09:30:50.105401,17
Kirk Cousins Total Touchdown Passes,Over 1.5 Touchdown Passes,2.540,2025-12-29,https://www.pinnacle.com/en/football/nfl/los-angeles-rams-vs-atlanta-falcons/1621295725/#all,2025-12-29T09:30:50.105650,17
Kirk Cousins Total Touchdown Passes,Under 1.5 Touchdown Passes,1.478,2025-12-29,https://www.pinnacle.com/en/football/nfl/los-angeles-rams-vs-atlanta-falcons/1621295725/#all,2025-12-29T09:30:50.105650,17
Konata Mumpfield Total Receiving Yards,Over 23.5 Receiving Yards,1.769,2025-12-29,https://www.pinnacle.com/en/football/nfl/los-angeles-rams-vs-atlanta-falcons/1621295725/#all,2025-12-29T09:30:50.106246,17
Konata Mumpfield Total Receiving Yards,Under 23.5 Receiving Yards,1.980,2025-12-29,https://www.pinnacle.com/en/football/nfl/los-angeles-rams-vs-atlanta-falcons/1621295725/#all,2025-12-29T09:30:50.106246,17
Konata Mumpfield Total Receptions,Over 2.5 Receptions,2.300,2025-12-29,https://www.pinnacle.com/en/football/nfl/los-angeles-rams-vs-atlanta-falcons/1621295725/#all,2025-12-29T09:30:50.106814,17
Konata Mumpfield Total Receptions,Under 2.5 Receptions,1.574,2025-12-29,https://www.pinnacle.com/en/football/nfl/los-angeles-rams-vs-atlanta-falcons/1621295725/#all,2025-12-29T09:30:50.106814,17
Kyle Pitts Total Receiving Yards,Over 54.5 Receiving Yards,1.763,2025-12-29,https://www.pinnacle.com/en/football/nfl/los-angeles-rams-vs-atlanta-falcons/1621295725/#all,2025-12-29T09:30:50.107092,17
Kyle Pitts Total Receiving Yards,Under 54.5 Receiving Yards,1.990,2025-12-29,https://www.pinnacle.com/en/football/nfl/los-angeles-rams-vs-atlanta-falcons/1621295725/#all,2025-12-29T09:30:50.107092,17
Kyle Pitts Total Receptions,Over 4.5 Receptions,1.549,2025-12-29,https://www.pinnacle.com/en/football/nfl/los-angeles-rams-vs-atlanta-falcons/1621295725/#all,2025-12-29T09:30:50.107456,17
Kyle Pitts Total Receptions,Under 4.5 Receptions,2.360,2025-12-29,https://www.pinnacle.com/en/football/nfl/los-angeles-rams-vs-atlanta-falcons/1621295725/#all,2025-12-29T09:30:50.107456,17
Kyle Pitts Total Touchdowns,Over 0.5 Touchdowns,2.950,2025-12-29,https://www.pinnacle.com/en/football/nfl/los-angeles-rams-vs-atlanta-falcons/1621295725/#all,2025-12-29T09:30:50.107995,17
Kyle Pitts Total Touchdowns,Under 0.5 Touchdowns,1.369,2025-12-29,https://www.pinnacle.com/en/football/nfl/los-angeles-rams-vs-atlanta-falcons/1621295725/#all,2025-12-29T09:30:50.107995,17
Kyren Williams Total Receiving Yards,Over 11.5 Receiving Yards,1.854,2025-12-29,https://www.pinnacle.com/en/football/nfl/los-angeles-rams-vs-atlanta-falcons/1621295725/#all,2025-12-29T09:30:50.108334,17
Kyren Williams Total Receiving Yards,Under 11.5 Receiving Yards,1.884,2025-12-29,https://www.pinnacle.com/en/football/nfl/los-angeles-rams-vs-atlanta-falcons/1621295725/#all,2025-12-29T09:30:50.108334,17
Kyren Williams Total Receptions,Over 1.5 Receptions,1.546,2025-12-29,https://www.pinnacle.com/en/football/nfl/los-angeles-rams-vs-atlanta-falcons/1621295725/#all,2025-12-29T09:30:50.108730,17
Kyren Williams Total Receptions,Under 1.5 Receptions,2.360,2025-12-29,https://www.pinnacle.com/en/football/nfl/los-angeles-rams-vs-atlanta-falcons/1621295725/#all,2025-12-29T09:30:50.108730,17
Kyren Williams Total Rush Attempts,Over 14.5 Rush Attempts,1.869,2025-12-29,https://www.pinnacle.com/en/football/nfl/los-angeles-rams-vs-atlanta-falcons/1621295725/#all,2025-12-29T09:30:50.109125,17
Kyren Williams Total Rush Attempts,Under 14.5 Rush Attempts,1.869,2025-12-29,https://www.pinnacle.com/en/football/nfl/los-angeles-rams-vs-atlanta-falcons/1621295725/#all,2025-12-29T09:30:50.109125,17
Kyren Williams Total Rushing Yards,Over 63.5 Rushing Yards,1.793,2025-12-29,https://www.pinnacle.com/en/football/nfl/los-angeles-rams-vs-atlanta-falcons/1621295725/#all,2025-12-29T09:30:50.109597,17
Kyren Williams Total Rushing Yards,Under 63.5 Rushing Yards,1.952,2025-12-29,https://www.pinnacle.com/en/football/nfl/los-angeles-rams-vs-atlanta-falcons/1621295725/#all,2025-12-29T09:30:50.109597,17
Kyren Williams Total Touchdowns,Over 0.5 Touchdowns,1.925,2025-12-29,https://www.pinnacle.com/en/football/nfl/los-angeles-rams-vs-atlanta-falcons/1621295725/#all,2025-12-29T09:30:50.109883,17
Kyren Williams Total Touchdowns,Under 0.5 Touchdowns,1.819,2025-12-29,https://www.pinnacle.com/en/football/nfl/los-angeles-rams-vs-atlanta-falcons/1621295725/#all,2025-12-29T09:30:50.109883,17
Matthew Stafford Total Interceptions,Over 0.5 Interceptions,2.320,2025-12-29,https://www.pinnacle.com/en/football/nfl/los-angeles-rams-vs-atlanta-falcons/1621295725/#all,2025-12-29T09:30:50.110165,17
Matthew Stafford Total Interceptions,Under 0.5 Interceptions,1.574,2025-12-29,https://www.pinnacle.com/en/football/nfl/los-angeles-rams-vs-atlanta-falcons/1621295725/#all,2025-12-29T09:30:50.110165,17
Matthew Stafford Total Pass Attempts,Over 33.5 Pass Attempts,1.751,2025-12-29,https://www.pinnacle.com/en/football/nfl/los-angeles-rams-vs-atlanta-falcons/1621295725/#all,2025-12-29T09:30:50.110625,17
Matthew Stafford Total Pass Attempts,Under 33.5 Pass Attempts,2.000,2025-12-29,https://www.pinnacle.com/en/football/nfl/los-angeles-rams-vs-atlanta-falcons/1621295725/#all,2025-12-29T09:30:50.110625,17
Matthew Stafford Total Pass Completions,Over 21.5 Pass Completions,1.699,2025-12-29,https://www.pinnacle.com/en/football/nfl/los-angeles-rams-vs-atlanta-falcons/1621295725/#all,2025-12-29T09:30:50.110952,17
Matthew Stafford Total Pass Completions,Under 21.5 Pass Completions,2.080,2025-12-29,https://www.pinnacle.com/en/football/nfl/los-angeles-rams-vs-atlanta-falcons/1621295725/#all,2025-12-29T09:30:50.110952,17
Matthew Stafford Total Passing Yards,Over 268.5 Passing Yards,1.751,2025-12-29,https://www.pinnacle.com/en/football/nfl/los-angeles-rams-vs-atlanta-falcons/1621295725/#all,2025-12-29T09:30:50.111186,17
Matthew Stafford Total Passing Yards,Under 268.5 Passing Yards,2.000,2025-12-29,https://www.pinnacle.com/en/football/nfl/los-angeles-rams-vs-atlanta-falcons/1621295725/#all,2025-12-29T09:30:50.111186,17
Matthew Stafford Total Touchdown Passes,Over 2.5 Touchdown Passes,2.420,2025-12-29,https://www.pinnacle.com/en/football/nfl/los-angeles-rams-vs-atlanta-falcons/1621295725/#all,2025-12-29T09:30:50.111493,17
Matthew Stafford Total Touchdown Passes,Under 2.5 Touchdown Passes,1.523,2025-12-29,https://www.pinnacle.com/en/football/nfl/los-angeles-rams-vs-atlanta-falcons/1621295725/#all,2025-12-29T09:30:50.111493,17
Puka Nacua Total Receiving Yards,Over 105.5 Receiving Yards,1.781,2025-12-29,https://www.pinnacle.com/en/football/nfl/los-angeles-rams-vs-atlanta-falcons/1621295725/#all,2025-12-29T09:30:50.111788,17
Puka Nacua Total Receiving Yards,Under 105.5 Receiving Yards,1.970,2025-12-29,https://www.pinnacle.com/en/football/nfl/los-angeles-rams-vs-atlanta-falcons/1621295725/#all,2025-12-29T09:30:50.111788,17
Puka Nacua Total Receptions,Over 7.5 Receptions,1.625,2025-12-29,https://www.pinnacle.com/en/football/nfl/los-angeles-rams-vs-atlanta-falcons/1621295725/#all,2025-12-29T09:30:50.112017,17
Puka Nacua Total Receptions,Under 7.5 Receptions,2.200,2025-12-29,https://www.pinnacle.com/en/football/nfl/los-angeles-rams-vs-atlanta-falcons/1621295725/#all,2025-12-29T09:30:50.112017,17
Puka Nacua Total Touchdowns,Over 0.5 Touchdowns,1.719,2025-12-29,https://www.pinnacle.com/en/football/nfl/los-angeles-rams-vs-atlanta-falcons/1621295725/#all,2025-12-29T09:30:50.112468,17
Puka Nacua Total Touchdowns,Under 0.5 Touchdowns,2.050,2025-12-29,https://www.pinnacle.com/en/football/nfl/los-angeles-rams-vs-atlanta-falcons/1621295725/#all,2025-12-29T09:30:50.112468,17
Terrance Ferguson Total Receiving Yards,Over 24.5 Receiving Yards,1.869,2025-12-29,https://www.pinnacle.com/en/football/nfl/los-angeles-rams-vs-atlanta-falcons/1621295725/#all,2025-12-29T09:30:50.112739,17
Terrance Ferguson Total Receiving Yards,Under 24.5 Receiving Yards,1.869,2025-12-29,https://www.pinnacle.com/en/football/nfl/los-angeles-rams-vs-atlanta-falcons/1621295725/#all,2025-12-29T09:30:50.112739,17
Terrance Ferguson Total Receptions,Over 1.5 Receptions,1.555,2025-12-29,https://www.pinnacle.com/en/football/nfl/los-angeles-rams-vs-atlanta-falcons/1621295725/#all,2025-12-29T09:30:50.113184,17
Terrance Ferguson Total Receptions,Under 1.5 Receptions,2.340,2025-12-29,https://www.pinnacle.com/en/football/nfl/los-angeles-rams-vs-atlanta-falcons/1621295725/#all,2025-12-29T09:30:50.113184,17
Terrance Ferguson Total Touchdowns,Over 0.5 Touchdowns,3.380,2025-12-29,https://www.pinnacle.com/en/football/nfl/los-angeles-rams-vs-atlanta-falcons/1621295725/#all,2025-12-29T09:30:50.113588,17
Terrance Ferguson Total Touchdowns,Under 0.5 Touchdowns,1.292,2025-12-29,https://www.pinnacle.com/en/football/nfl/los-angeles-rams-vs-atlanta-falcons/1621295725/#all,2025-12-29T09:30:50.113588,17
Tyler Allgeier Total Rushing Yards,Over 23.5 Rushing Yards,1.869,2025-12-29,https://www.pinnacle.com/en/football/nfl/los-angeles-rams-vs-atlanta-falcons/1621295725/#all,2025-12-29T09:30:50.114227,17
Tyler Allgeier Total Rushing Yards,Under 23.5 Rushing Yards,1.869,2025-12-29,https://www.pinnacle.com/en/football/nfl/los-angeles-rams-vs-atlanta-falcons/1621295725/#all,2025-12-29T09:30:50.114227,17
Tyler Allgeier Total Touchdowns,Over 0.5 Touchdowns,3.000,2025-12-29,https://www.pinnacle.com/en/football/nfl/los-angeles-rams-vs-atlanta-falcons/1621295725/#all,2025-12-29T09:30:50.114704,17
Tyler Allgeier Total Touchdowns,Under 0.5 Touchdowns,1.358,2025-12-29,https://www.pinnacle.com/en/football/nfl/los-angeles-rams-vs-atlanta-falcons/1621295725/#all,2025-12-29T09:30:50.114704,17
Money Line – Game,Carolina Panthers,2.440,2026-01-03,https://www.pinnacle.com/en/football/nfl/carolina-panthers-vs-tampa-bay-buccaneers/1621503970/#all,2025-12-29T09:30:51.949861,
Money Line – Game,Tampa Bay Buccaneers,1.613,2026-01-03,https://www.pinnacle.com/en/football/nfl/carolina-panthers-vs-tampa-bay-buccaneers/1621503970/#all,2025-12-29T09:30:51.949861,
Handicap – Game,-3.5,3.280,2026-01-03,https://www.pinnacle.com/en/football/nfl/carolina-panthers-vs-tampa-bay-buccaneers/1621503970/#all,2025-12-29T09:30:51.951116,
Handicap – Game,+3.5,1.354,2026-01-03,https://www.pinnacle.com/en/football/nfl/carolina-panthers-vs-tampa-bay-buccaneers/1621503970/#all,2025-12-29T09:30:51.951116,
Handicap – Game,-1.0,2.470,2026-01-03,https://www.pinnacle.com/en/football/nfl/carolina-panthers-vs-tampa-bay-buccaneers/1621503970/#all,2025-12-29T09:30:51.951116,
Handicap – Game,+1.0,1.578,2026-01-03,https://www.pinnacle.com/en/football/nfl/carolina-panthers-vs-tampa-bay-buccaneers/1621503970/#all,2025-12-29T09:30:51.951116,
Handicap – Game,+1.0,2.340,2026-01-03,https://www.pinnacle.com/en/football/nfl/carolina-panthers-vs-tampa-bay-buccaneers/1621503970/#all,2025-12-29T09:30:51.951116,
Handicap – Game,-1.0,1.641,2026-01-03,https://www.pinnacle.com/en/football/nfl/carolina-panthers-vs-tampa-bay-buccaneers/1621503970/#all,2025-12-29T09:30:51.951116,
Handicap – Game,+1.5,2.250,2026-01-03,https://www.pinnacle.com/en/football/nfl/carolina-panthers-vs-tampa-bay-buccaneers/1621503970/#all,2025-12-29T09:30:51.951116,
Handicap – Game,-1.5,1.684,2026-01-03,https://www.pinnacle.com/en/football/nfl/carolina-panthers-vs-tampa-bay-buccaneers/1621503970/#all,2025-12-29T09:30:51.951116,
Handicap – Game,+2.0,2.200,2026-01-03,https://www.pinnacle.com/en/football/nfl/carolina-panthers-vs-tampa-bay-buccaneers/1621503970/#all,2025-12-29T09:30:51.951116,
Handicap – Game,-2.0,1.724,2026-01-03,https://www.pinnacle.com/en/football/nfl/carolina-panthers-vs-tampa-bay-buccaneers/1621503970/#all,2025-12-29T09:30:51.951116,
Handicap – Game,+2.5,2.130,2026-01-03,https://www.pinnacle.com/en/football/nfl/carolina-panthers-vs-tampa-bay-buccaneers/1621503970/#all,2025-12-29T09:30:51.951116,
Handicap – Game,-2.5,1.775,2026-01-03,https://www.pinnacle.com/en/football/nfl/carolina-panthers-vs-tampa-bay-buccaneers/1621503970/#all,2025-12-29T09:30:51.951116,
Handicap – Game,+3.0,1.952,2026-01-03,https://www.pinnacle.com/en/football/nfl/carolina-panthers-vs-tampa-bay-buccaneers/1621503970/#all,2025-12-29T09:30:51.951116,
Handicap – Game,-3.0,1.934,2026-01-03,https://www.pinnacle.com/en/football/nfl/carolina-panthers-vs-tampa-bay-buccaneers/1621503970/#all,2025-12-29T09:30:51.951116,
Handicap – Game,+3.5,1.793,2026-01-03,https://www.pinnacle.com/en/football/nfl/carolina-panthers-vs-tampa-bay-buccaneers/1621503970/#all,2025-12-29T09:30:51.951116,
Handicap – Game,-3.5,2.110,2026-01-03,https://www.pinnacle.com/en/football/nfl/carolina-panthers-vs-tampa-bay-buccaneers/1621503970/#all,2025-12-29T09:30:51.951116,
Handicap – Game,+4.0,1.735,2026-01-03,https://www.pinnacle.com/en/football/nfl/carolina-panthers-vs-tampa-bay-buccaneers/1621503970/#all,2025-12-29T09:30:51.951116,
Handicap – Game,-4.0,2.180,2026-01-03,https://www.pinnacle.com/en/football/nfl/carolina-panthers-vs-tampa-bay-buccaneers/1621503970/#all,2025-12-29T09:30:51.951116,
Handicap – Game,+4.5,1.694,2026-01-03,https://www.pinnacle.com/en/football/nfl/carolina-panthers-vs-tampa-bay-buccaneers/1621503970/#all,2025-12-29T09:30:51.951116,
Handicap – Game,-4.5,2.240,2026-01-03,https://www.pinnacle.com/en/football/nfl/carolina-panthers-vs-tampa-bay-buccaneers/1621503970/#all,2025-12-29T09:30:51.951116,
Handicap – Game,+5.0,1.662,2026-01-03,https://www.pinnacle.com/en/football/nfl/carolina-panthers-vs-tampa-bay-buccaneers/1621503970/#all,2025-12-29T09:30:51.951116,
Handicap – Game,-5.0,2.300,2026-01-03,https://www.pinnacle.com/en/football/nfl/carolina-panthers-vs-tampa-bay-buccaneers/1621503970/#all,2025-12-29T09:30:51.951116,
Handicap – Game,+5.5,1.636,2026-01-03,https://www.pinnacle.com/en/football/nfl/carolina-panthers-vs-tampa-bay-buccaneers/1621503970/#all,2025-12-29T09:30:51.951116,
Handicap – Game,-5.5,2.340,2026-01-03,https://www.pinnacle.com/en/football/nfl/carolina-panthers-vs-tampa-bay-buccaneers/1621503970/#all,2025-12-29T09:30:51.951116,
Handicap – Game,+7.5,1.421,2026-01-03,https://www.pinnacle.com/en/football/nfl/carolina-panthers-vs-tampa-bay-buccaneers/1621503970/#all,2025-12-29T09:30:51.951116,
Handicap – Game,-7.5,2.960,2026-01-03,https://www.pinnacle.com/en/football/nfl/carolina-panthers-vs-tampa-bay-buccaneers/1621503970/#all,2025-12-29T09:30:51.951116,
Total – Game,Over 36.5,1.364,2026-01-03,https://www.pinnacle.com/en/football/nfl/carolina-panthers-vs-tampa-bay-buccaneers/1621503970/#all,2025-12-29T09:30:51.952112,
Total – Game,Under 36.5,3.200,2026-01-03,https://www.pinnacle.com/en/football/nfl/carolina-panthers-vs-tampa-bay-buccaneers/1621503970/#all,2025-12-29T09:30:51.952112,
Total – Game,Over 40.5,1.632,2026-01-03,https://www.pinnacle.com/en/football/nfl/carolina-panthers-vs-tampa-bay-buccaneers/1621503970/#all,2025-12-29T09:30:51.952112,
Total – Game,Under 40.5,2.340,2026-01-03,https://www.pinnacle.com/en/football/nfl/carolina-panthers-vs-tampa-bay-buccaneers/1621503970/#all,2025-12-29T09:30:51.952112,
Total – Game,Over 41,1.680,2026-01-03,https://www.pinnacle.com/en/football/nfl/carolina-panthers-vs-tampa-bay-buccaneers/1621503970/#all,2025-12-29T09:30:51.952112,
Total – Game,Under 41,2.250,2026-01-03,https://www.pinnacle.com/en/football/nfl/carolina-panthers-vs-tampa-bay-buccaneers/1621503970/#all,2025-12-29T09:30:51.952112,
Total – Game,Over 41.5,1.729,2026-01-03,https://www.pinnacle.com/en/football/nfl/carolina-panthers-vs-tampa-bay-buccaneers/1621503970/#all,2025-12-29T09:30:51.952112,
Total – Game,Under 41.5,2.170,2026-01-03,https://www.pinnacle.com/en/football/nfl/carolina-panthers-vs-tampa-bay-buccaneers/1621503970/#all,2025-12-29T09:30:51.952112,
Total – Game,Over 42,1.781,2026-01-03,https://www.pinnacle.com/en/football/nfl/carolina-panthers-vs-tampa-bay-buccaneers/1621503970/#all,2025-12-29T09:30:51.952112,
Total – Game,Under 42,2.100,2026-01-03,https://www.pinnacle.com/en/football/nfl/carolina-panthers-vs-tampa-bay-buccaneers/1621503970/#all,2025-12-29T09:30:51.952112,
Total – Game,Over 42.5,1.840,2026-01-03,https://www.pinnacle.com/en/football/nfl/carolina-panthers-vs-tampa-bay-buccaneers/1621503970/#all,2025-12-29T09:30:51.952112,
Total – Game,Under 42.5,2.020,2026-01-03,https://www.pinnacle.com/en/football/nfl/carolina-panthers-vs-tampa-bay-buccaneers/1621503970/#all,2025-12-29T09:30:51.952112,
Total – Game,Over 43,1.917,2026-01-03,https://www.pinnacle.com/en/football/nfl/carolina-panthers-vs-tampa-bay-buccaneers/1621503970/#all,2025-12-29T09:30:51.952112,
Total – Game,Under 43,1.952,2026-01-03,https://www.pinnacle.com/en/football/nfl/carolina-panthers-vs-tampa-bay-buccaneers/1621503970/#all,2025-12-29T09:30:51.952112,
Total – Game,Over 43.5,1.980,2026-01-03,https://www.pinnacle.com/en/football/nfl/carolina-panthers-vs-tampa-bay-buccaneers/1621503970/#all,2025-12-29T09:30:51.952112,
Total – Game,Under 43.5,1.877,2026-01-03,https://www.pinnacle.com/en/football/nfl/carolina-panthers-vs-tampa-bay-buccaneers/1621503970/#all,2025-12-29T09:30:51.952112,
Total – Game,Over 44,2.050,2026-01-03,https://www.pinnacle.com/en/football/nfl/carolina-panthers-vs-tampa-bay-buccaneers/1621503970/#all,2025-12-29T09:30:51.952112,
Total – Game,Under 44,1.813,2026-01-03,https://www.pinnacle.com/en/football/nfl/carolina-panthers-vs-tampa-bay-buccaneers/1621503970/#all,2025-12-29T09:30:51.952112,
Total – Game,Over 44.5,2.120,2026-01-03,https://www.pinnacle.com/en/football/nfl/carolina-panthers-vs-tampa-bay-buccaneers/1621503970/#all,2025-12-29T09:30:51.952112,
Total – Game,Under 44.5,1.763,2026-01-03,https://www.pinnacle.com/en/football/nfl/carolina-panthers-vs-tampa-bay-buccaneers/1621503970/#all,2025-12-29T09:30:51.952112,
Total – Game,Over 45,2.200,2026-01-03,https://www.pinnacle.com/en/football/nfl/carolina-panthers-vs-tampa-bay-buccaneers/1621503970/#all,2025-12-29T09:30:51.952112,
Total – Game,Under 45,1.709,2026-01-03,https://www.pinnacle.com/en/football/nfl/carolina-panthers-vs-tampa-bay-buccaneers/1621503970/#all,2025-12-29T09:30:51.952112,
Total – Game,Over 45.5,2.280,2026-01-03,https://www.pinnacle.com/en/football/nfl/carolina-panthers-vs-tampa-bay-buccaneers/1621503970/#all,2025-12-29T09:30:51.952112,
Total – Game,Under 45.5,1.666,2026-01-03,https://www.pinnacle.com/en/football/nfl/carolina-panthers-vs-tampa-bay-buccaneers/1621503970/#all,2025-12-29T09:30:51.952112,
Total – Game,Over 49.5,2.910,2026-01-03,https://www.pinnacle.com/en/football/nfl/carolina-panthers-vs-tampa-bay-buccaneers/1621503970/#all,2025-12-29T09:30:51.952112,
Total – Game,Under 49.5,1.429,2026-01-03,https://www.pinnacle.com/en/football/nfl/carolina-panthers-vs-tampa-bay-buccaneers/1621503970/#all,2025-12-29T09:30:51.952112,
Team Total – Game,Over 20.5,2.000,2026-01-03,https://www.pinnacle.com/en/football/nfl/carolina-panthers-vs-tampa-bay-buccaneers/1621503970/#all,2025-12-29T09:30:51.952482,
Team Total – Game,Under 20.5,1.862,2026-01-03,https://www.pinnacle.com/en/football/nfl/carolina-panthers-vs-tampa-bay-buccaneers/1621503970/#all,2025-12-29T09:30:51.952482,
Team Total – Game,Over 23.5,1.961,2026-01-03,https://www.pinnacle.com/en/football/nfl/carolina-panthers-vs-tampa-bay-buccaneers/1621503970/#all,2025-12-29T09:30:51.952482,
Team Total – Game,Under 23.5,1.892,2026-01-03,https://www.pinnacle.com/en/football/nfl/carolina-panthers-vs-tampa-bay-buccaneers/1621503970/#all,2025-12-29T09:30:51.952482,
Money Line – Game,Seattle Seahawks,1.952,2026-01-03,https://www.pinnacle.com/en/football/nfl/seattle-seahawks-vs-san-francisco-49ers/1621502554/#all,2025-12-29T09:30:53.661251,
Money Line – Game,San Francisco 49ers,1.934,2026-01-03,https://www.pinnacle.com/en/football/nfl/seattle-seahawks-vs-san-francisco-49ers/1621502554/#all,2025-12-29T09:30:53.661251,
Handicap – Game,-3.5,2.530,2026-01-03,https://www.pinnacle.com/en/football/nfl/seattle-seahawks-vs-san-francisco-49ers/1621502554/#all,2025-12-29T09:30:53.662404,
Handicap – Game,+3.5,1.555,2026-01-03,https://www.pinnacle.com/en/football/nfl/seattle-seahawks-vs-san-francisco-49ers/1621502554/#all,2025-12-29T09:30:53.662404,
Handicap – Game,-3.0,2.360,2026-01-03,https://www.pinnacle.com/en/football/nfl/seattle-seahawks-vs-san-francisco-49ers/1621502554/#all,2025-12-29T09:30:53.662404,
Handicap – Game,+3.0,1.628,2026-01-03,https://www.pinnacle.com/en/football/nfl/seattle-seahawks-vs-san-francisco-49ers/1621502554/#all,2025-12-29T09:30:53.662404,
Handicap – Game,-2.5,2.150,2026-01-03,https://www.pinnacle.com/en/football/nfl/seattle-seahawks-vs-san-francisco-49ers/1621502554/#all,2025-12-29T09:30:53.662404,
Handicap – Game,+2.5,1.746,2026-01-03,https://www.pinnacle.com/en/football/nfl/seattle-seahawks-vs-san-francisco-49ers/1621502554/#all,2025-12-29T09:30:53.662404,
Handicap – Game,-2.0,2.090,2026-01-03,https://www.pinnacle.com/en/football/nfl/seattle-seahawks-vs-san-francisco-49ers/1621502554/#all,2025-12-29T09:30:53.662404,
Handicap – Game,+2.0,1.793,2026-01-03,https://www.pinnacle.com/en/football/nfl/seattle-seahawks-vs-san-francisco-49ers/1621502554/#all,2025-12-29T09:30:53.662404,
Handicap – Game,-1.5,2.020,2026-01-03,https://www.pinnacle.com/en/football/nfl/seattle-seahawks-vs-san-francisco-49ers/1621502554/#all,2025-12-29T09:30:53.662404,
Handicap – Game,+1.5,1.854,2026-01-03,https://www.pinnacle.com/en/football/nfl/seattle-seahawks-vs-san-francisco-49ers/1621502554/#all,2025-12-29T09:30:53.662404,
Handicap – Game,-1.0,1.990,2026-01-03,https://www.pinnacle.com/en/football/nfl/seattle-seahawks-vs-san-francisco-49ers/1621502554/#all,2025-12-29T09:30:53.662404,
Handicap – Game,+1.0,1.892,2026-01-03,https://www.pinnacle.com/en/football/nfl/seattle-seahawks-vs-san-francisco-49ers/1621502554/#all,2025-12-29T09:30:53.662404,
Handicap – Game,+1.0,1.877,2026-01-03,https://www.pinnacle.com/en/football/nfl/seattle-seahawks-vs-san-francisco-49ers/1621502554/#all,2025-12-29T09:30:53.662404,
Handicap – Game,-1.0,2.020,2026-01-03,https://www.pinnacle.com/en/football/nfl/seattle-seahawks-vs-san-francisco-49ers/1621502554/#all,2025-12-29T09:30:53.662404,
Handicap – Game,+1.5,1.806,2026-01-03,https://www.pinnacle.com/en/football/nfl/seattle-seahawks-vs-san-francisco-49ers/1621502554/#all,2025-12-29T09:30:53.662404,
Handicap – Game,-1.5,2.090,2026-01-03,https://www.pinnacle.com/en/football/nfl/seattle-seahawks-vs-san-francisco-49ers/1621502554/#all,2025-12-29T09:30:53.662404,
Handicap – Game,+2.0,1.763,2026-01-03,https://www.pinnacle.com/en/football/nfl/seattle-seahawks-vs-san-francisco-49ers/1621502554/#all,2025-12-29T09:30:53.662404,
Handicap – Game,-2.0,2.140,2026-01-03,https://www.pinnacle.com/en/football/nfl/seattle-seahawks-vs-san-francisco-49ers/1621502554/#all,2025-12-29T09:30:53.662404,
Handicap – Game,+2.5,1.729,2026-01-03,https://www.pinnacle.com/en/football/nfl/seattle-seahawks-vs-san-francisco-49ers/1621502554/#all,2025-12-29T09:30:53.662404,
Handicap – Game,-2.5,2.180,2026-01-03,https://www.pinnacle.com/en/football/nfl/seattle-seahawks-vs-san-francisco-49ers/1621502554/#all,2025-12-29T09:30:53.662404,
Handicap – Game,+3.0,1.617,2026-01-03,https://www.pinnacle.com/en/football/nfl/seattle-seahawks-vs-san-francisco-49ers/1621502554/#all,2025-12-29T09:30:53.662404,
Handicap – Game,-3.0,2.380,2026-01-03,https://www.pinnacle.com/en/football/nfl/seattle-seahawks-vs-san-francisco-49ers/1621502554/#all,2025-12-29T09:30:53.662404,
Handicap – Game,+3.5,1.552,2026-01-03,https://www.pinnacle.com/en/football/nfl/seattle-seahawks-vs-san-francisco-49ers/1621502554/#all,2025-12-29T09:30:53.662404,
Handicap – Game,-3.5,2.530,2026-01-03,https://www.pinnacle.com/en/football/nfl/seattle-seahawks-vs-san-francisco-49ers/1621502554/#all,2025-12-29T09:30:53.662404,
Handicap – Game,+7.5,1.302,2026-01-03,https://www.pinnacle.com/en/football/nfl/seattle-seahawks-vs-san-francisco-49ers/1621502554/#all,2025-12-29T09:30:53.662404,
Handicap – Game,-7.5,3.620,2026-01-03,https://www.pinnacle.com/en/football/nfl/seattle-seahawks-vs-san-francisco-49ers/1621502554/#all,2025-12-29T09:30:53.662404,
Total – Game,Over 42.5,1.357,2026-01-03,https://www.pinnacle.com/en/football/nfl/seattle-seahawks-vs-san-francisco-49ers/1621502554/#all,2025-12-29T09:30:53.663460,
Total – Game,Under 42.5,3.240,2026-01-03,https://www.pinnacle.com/en/football/nfl/seattle-seahawks-vs-san-francisco-49ers/1621502554/#all,2025-12-29T09:30:53.663460,
Total – Game,Over 47,1.632,2026-01-03,https://www.pinnacle.com/en/football/nfl/seattle-seahawks-vs-san-francisco-49ers/1621502554/#all,2025-12-29T09:30:53.663460,
Total – Game,Under 47,2.340,2026-01-03,https://www.pinnacle.com/en/football/nfl/seattle-seahawks-vs-san-francisco-49ers/1621502554/#all,2025-12-29T09:30:53.663460,
Total – Game,Over 47.5,1.675,2026-01-03,https://www.pinnacle.com/en/football/nfl/seattle-seahawks-vs-san-francisco-49ers/1621502554/#all,2025-12-29T09:30:53.663460,
Total – Game,Under 47.5,2.260,2026-01-03,https://www.pinnacle.com/en/football/nfl/seattle-seahawks-vs-san-francisco-49ers/1621502554/#all,2025-12-29T09:30:53.663460,
Total – Game,Over 48,1.724,2026-01-03,https://www.pinnacle.com/en/football/nfl/seattle-seahawks-vs-san-francisco-49ers/1621502554/#all,2025-12-29T09:30:53.663460,
Total – Game,Under 48,2.170,2026-01-03,https://www.pinnacle.com/en/football/nfl/seattle-seahawks-vs-san-francisco-49ers/1621502554/#all,2025-12-29T09:30:53.663460,
Total – Game,Over 48.5,1.775,2026-01-03,https://www.pinnacle.com/en/football/nfl/seattle-seahawks-vs-san-francisco-49ers/1621502554/#all,2025-12-29T09:30:53.663460,
Total – Game,Under 48.5,2.100,2026-01-03,https://www.pinnacle.com/en/football/nfl/seattle-seahawks-vs-san-francisco-49ers/1621502554/#all,2025-12-29T09:30:53.663460,
Total – Game,Over 49,1.833,2026-01-03,https://www.pinnacle.com/en/football/nfl/seattle-seahawks-vs-san-francisco-49ers/1621502554/#all,2025-12-29T09:30:53.663460,
Total – Game,Under 49,2.020,2026-01-03,https://www.pinnacle.com/en/football/nfl/seattle-seahawks-vs-san-francisco-49ers/1621502554/#all,2025-12-29T09:30:53.663460,
Total – Game,Over 49.5,1.909,2026-01-03,https://www.pinnacle.com/en/football/nfl/seattle-seahawks-vs-san-francisco-49ers/1621502554/#all,2025-12-29T09:30:53.663460,
Total – Game,Under 49.5,1.961,2026-01-03,https://www.pinnacle.com/en/football/nfl/seattle-seahawks-vs-san-francisco-49ers/1621502554/#all,2025-12-29T09:30:53.663460,
Total – Game,Over 50,1.970,2026-01-03,https://www.pinnacle.com/en/football/nfl/seattle-seahawks-vs-san-francisco-49ers/1621502554/#all,2025-12-29T09:30:53.663460,
Total – Game,Under 50,1.877,2026-01-03,https://www.pinnacle.com/en/football/nfl/seattle-seahawks-vs-san-francisco-49ers/1621502554/#all,2025-12-29T09:30:53.663460,
Total – Game,Over 50.5,2.050,2026-01-03,https://www.pinnacle.com/en/football/nfl/seattle-seahawks-vs-san-francisco-49ers/1621502554/#all,2025-12-29T09:30:53.663460,
Total – Game,Under 50.5,1.819,2026-01-03,https://www.pinnacle.com/en/football/nfl/seattle-seahawks-vs-san-francisco-49ers/1621502554/#all,2025-12-29T09:30:53.663460,
Total – Game,Over 51,2.120,2026-01-03,https://www.pinnacle.com/en/football/nfl/seattle-seahawks-vs-san-francisco-49ers/1621502554/#all,2025-12-29T09:30:53.663460,
Total – Game,Under 51,1.763,2026-01-03,https://www.pinnacle.com/en/football/nfl/seattle-seahawks-vs-san-francisco-49ers/1621502554/#all,2025-12-29T09:30:53.663460,
Total – Game,Over 51.5,2.200,2026-01-03,https://www.pinnacle.com/en/football/nfl/seattle-seahawks-vs-san-francisco-49ers/1621502554/#all,2025-12-29T09:30:53.663460,
Total – Game,Under 51.5,1.714,2026-01-03,https://www.pinnacle.com/en/football/nfl/seattle-seahawks-vs-san-francisco-49ers/1621502554/#all,2025-12-29T09:30:53.663460,
Total – Game,Over 52,2.280,2026-01-03,https://www.pinnacle.com/en/football/nfl/seattle-seahawks-vs-san-francisco-49ers/1621502554/#all,2025-12-29T09:30:53.663460,
Total – Game,Under 52,1.666,2026-01-03,https://www.pinnacle.com/en/football/nfl/seattle-seahawks-vs-san-francisco-49ers/1621502554/#all,2025-12-29T09:30:53.663460,
Total – Game,Over 56.5,3.100,2026-01-03,https://www.pinnacle.com/en/football/nfl/seattle-seahawks-vs-san-francisco-49ers/1621502554/#all,2025-12-29T09:30:53.663460,
Total – Game,Under 56.5,1.384,2026-01-03,https://www.pinnacle.com/en/football/nfl/seattle-seahawks-vs-san-francisco-49ers/1621502554/#all,2025-12-29T09:30:53.663460,
Team Total – Game,Over 23.5,1.719,2026-01-03,https://www.pinnacle.com/en/football/nfl/seattle-seahawks-vs-san-francisco-49ers/1621502554/#all,2025-12-29T09:30:53.663927,
Team Total – Game,Under 23.5,2.180,2026-01-03,https://www.pinnacle.com/en/football/nfl/seattle-seahawks-vs-san-francisco-49ers/1621502554/#all,2025-12-29T09:30:53.663927,
Team Total – Game,Over 24.5,1.961,2026-01-03,https://www.pinnacle.com/en/football/nfl/seattle-seahawks-vs-san-francisco-49ers/1621502554/#all,2025-12-29T09:30:53.663927,
Team Total – Game,Under 24.5,1.892,2026-01-03,https://www.pinnacle.com/en/football/nfl/seattle-seahawks-vs-san-francisco-49ers/1621502554/#all,2025-12-29T09:30:53.663927,
Money Line – Game,Indianapolis Colts,4.920,2026-01-04,https://www.pinnacle.com/en/football/nfl/indianapolis-colts-vs-houston-texans/1621503972/#all,2025-12-29T09:30:55.417937,
Money Line – Game,Houston Texans,1.180,2026-01-04,https://www.pinnacle.com/en/football/nfl/indianapolis-colts-vs-houston-texans/1621503972/#all,2025-12-29T09:30:55.417937,
Handicap – Game,+3.5,3.170,2026-01-04,https://www.pinnacle.com/en/football/nfl/indianapolis-colts-vs-houston-texans/1621503972/#all,2025-12-29T09:30:55.418947,
Handicap – Game,-3.5,1.355,2026-01-04,https://www.pinnacle.com/en/football/nfl/indianapolis-colts-vs-houston-texans/1621503972/#all,2025-12-29T09:30:55.418947,
Handicap – Game,+7.5,2.210,2026-01-04,https://www.pinnacle.com/en/football/nfl/indianapolis-colts-vs-houston-texans/1621503972/#all,2025-12-29T09:30:55.418947,
Handicap – Game,-7.5,1.684,2026-01-04,https://www.pinnacle.com/en/football/nfl/indianapolis-colts-vs-houston-texans/1621503972/#all,2025-12-29T09:30:55.418947,
Handicap – Game,+8.0,2.160,2026-01-04,https://www.pinnacle.com/en/football/nfl/indianapolis-colts-vs-houston-texans/1621503972/#all,2025-12-29T09:30:55.418947,
Handicap – Game,-8.0,1.714,2026-01-04,https://www.pinnacle.com/en/football/nfl/indianapolis-colts-vs-houston-texans/1621503972/#all,2025-12-29T09:30:55.418947,
Handicap – Game,+8.5,2.110,2026-01-04,https://www.pinnacle.com/en/football/nfl/indianapolis-colts-vs-houston-texans/1621503972/#all,2025-12-29T09:30:55.418947,
Handicap – Game,-8.5,1.751,2026-01-04,https://www.pinnacle.com/en/football/nfl/indianapolis-colts-vs-houston-texans/1621503972/#all,2025-12-29T09:30:55.418947,
Handicap – Game,+9.0,2.090,2026-01-04,https://www.pinnacle.com/en/football/nfl/indianapolis-colts-vs-houston-texans/1621503972/#all,2025-12-29T09:30:55.418947,
Handicap – Game,-9.0,1.775,2026-01-04,https://www.pinnacle.com/en/football/nfl/indianapolis-colts-vs-houston-texans/1621503972/#all,2025-12-29T09:30:55.418947,
Handicap – Game,+9.5,2.060,2026-01-04,https://www.pinnacle.com/en/football/nfl/indianapolis-colts-vs-houston-texans/1621503972/#all,2025-12-29T09:30:55.418947,
Handicap – Game,-9.5,1.800,2026-01-04,https://www.pinnacle.com/en/football/nfl/indianapolis-colts-vs-houston-texans/1621503972/#all,2025-12-29T09:30:55.418947,
Handicap – Game,+10.0,1.970,2026-01-04,https://www.pinnacle.com/en/football/nfl/indianapolis-colts-vs-houston-texans/1621503972/#all,2025-12-29T09:30:55.418947,
Handicap – Game,-10.0,1.884,2026-01-04,https://www.pinnacle.com/en/football/nfl/indianapolis-colts-vs-houston-texans/1621503972/#all,2025-12-29T09:30:55.418947,
Handicap – Game,+10.5,1.877,2026-01-04,https://www.pinnacle.com/en/football/nfl/indianapolis-colts-vs-houston-texans/1621503972/#all,2025-12-29T09:30:55.418947,
Handicap – Game,-10.5,1.961,2026-01-04,https://www.pinnacle.com/en/football/nfl/indianapolis-colts-vs-houston-texans/1621503972/#all,2025-12-29T09:30:55.418947,
Handicap – Game,+11.0,1.826,2026-01-04,https://www.pinnacle.com/en/football/nfl/indianapolis-colts-vs-houston-texans/1621503972/#all,2025-12-29T09:30:55.418947,
Handicap – Game,-11.0,2.020,2026-01-04,https://www.pinnacle.com/en/football/nfl/indianapolis-colts-vs-houston-texans/1621503972/#all,2025-12-29T09:30:55.418947,
Handicap – Game,+11.5,1.781,2026-01-04,https://www.pinnacle.com/en/football/nfl/indianapolis-colts-vs-houston-texans/1621503972/#all,2025-12-29T09:30:55.418947,
Handicap – Game,-11.5,2.070,2026-01-04,https://www.pinnacle.com/en/football/nfl/indianapolis-colts-vs-houston-texans/1621503972/#all,2025-12-29T09:30:55.418947,
Handicap – Game,+12.0,1.746,2026-01-04,https://www.pinnacle.com/en/football/nfl/indianapolis-colts-vs-houston-texans/1621503972/#all,2025-12-29T09:30:55.418947,
Handicap – Game,-12.0,2.120,2026-01-04,https://www.pinnacle.com/en/football/nfl/indianapolis-colts-vs-houston-texans/1621503972/#all,2025-12-29T09:30:55.418947,
Handicap – Game,+12.5,1.719,2026-01-04,https://www.pinnacle.com/en/football/nfl/indianapolis-colts-vs-houston-texans/1621503972/#all,2025-12-29T09:30:55.418947,
Handicap – Game,-12.5,2.160,2026-01-04,https://www.pinnacle.com/en/football/nfl/indianapolis-colts-vs-houston-texans/1621503972/#all,2025-12-29T09:30:55.418947,
Handicap – Game,+17.5,1.381,2026-01-04,https://www.pinnacle.com/en/football/nfl/indianapolis-colts-vs-houston-texans/1621503972/#all,2025-12-29T09:30:55.418947,
Handicap – Game,-17.5,3.040,2026-01-04,https://www.pinnacle.com/en/football/nfl/indianapolis-colts-vs-houston-texans/1621503972/#all,2025-12-29T09:30:55.418947,
Total – Game,Over 33.5,1.393,2026-01-04,https://www.pinnacle.com/en/football/nfl/indianapolis-colts-vs-houston-texans/1621503972/#all,2025-12-29T09:30:55.419980,
Total – Game,Under 33.5,3.010,2026-01-04,https://www.pinnacle.com/en/football/nfl/indianapolis-colts-vs-houston-texans/1621503972/#all,2025-12-29T09:30:55.419980,
Total – Game,Over 37.5,1.625,2026-01-04,https://www.pinnacle.com/en/football/nfl/indianapolis-colts-vs-houston-texans/1621503972/#all,2025-12-29T09:30:55.419980,
Total – Game,Under 37.5,2.330,2026-01-04,https://www.pinnacle.com/en/football/nfl/indianapolis-colts-vs-houston-texans/1621503972/#all,2025-12-29T09:30:55.419980,
Total – Game,Over 38,1.666,2026-01-04,https://www.pinnacle.com/en/football/nfl/indianapolis-colts-vs-houston-texans/1621503972/#all,2025-12-29T09:30:55.419980,
Total – Game,Under 38,2.250,2026-01-04,https://www.pinnacle.com/en/football/nfl/indianapolis-colts-vs-houston-texans/1621503972/#all,2025-12-29T09:30:55.419980,
Total – Game,Over 38.5,1.714,2026-01-04,https://www.pinnacle.com/en/football/nfl/indianapolis-colts-vs-houston-texans/1621503972/#all,2025-12-29T09:30:55.419980,
Total – Game,Under 38.5,2.170,2026-01-04,https://www.pinnacle.com/en/football/nfl/indianapolis-colts-vs-houston-texans/1621503972/#all,2025-12-29T09:30:55.419980,
Total – Game,Over 39,1.769,2026-01-04,https://www.pinnacle.com/en/football/nfl/indianapolis-colts-vs-houston-texans/1621503972/#all,2025-12-29T09:30:55.419980,
Total – Game,Under 39,2.090,2026-01-04,https://www.pinnacle.com/en/football/nfl/indianapolis-colts-vs-houston-texans/1621503972/#all,2025-12-29T09:30:55.419980,
Total – Game,Over 39.5,1.826,2026-01-04,https://www.pinnacle.com/en/football/nfl/indianapolis-colts-vs-houston-texans/1621503972/#all,2025-12-29T09:30:55.419980,
Total – Game,Under 39.5,2.020,2026-01-04,https://www.pinnacle.com/en/football/nfl/indianapolis-colts-vs-houston-texans/1621503972/#all,2025-12-29T09:30:55.419980,
Total – Game,Over 40,1.900,2026-01-04,https://www.pinnacle.com/en/football/nfl/indianapolis-colts-vs-houston-texans/1621503972/#all,2025-12-29T09:30:55.419980,
Total – Game,Under 40,1.952,2026-01-04,https://www.pinnacle.com/en/football/nfl/indianapolis-colts-vs-houston-texans/1621503972/#all,2025-12-29T09:30:55.419980,
Total – Game,Over 40.5,1.961,2026-01-04,https://www.pinnacle.com/en/football/nfl/indianapolis-colts-vs-houston-texans/1621503972/#all,2025-12-29T09:30:55.419980,
Total – Game,Under 40.5,1.877,2026-01-04,https://www.pinnacle.com/en/football/nfl/indianapolis-colts-vs-houston-texans/1621503972/#all,2025-12-29T09:30:55.419980,
Total – Game,Over 41,2.030,2026-01-04,https://www.pinnacle.com/en/football/nfl/indianapolis-colts-vs-houston-texans/1621503972/#all,2025-12-29T09:30:55.419980,
Total – Game,Under 41,1.813,2026-01-04,https://www.pinnacle.com/en/football/nfl/indianapolis-colts-vs-houston-texans/1621503972/#all,2025-12-29T09:30:55.419980,
Total – Game,Over 41.5,2.100,2026-01-04,https://www.pinnacle.com/en/football/nfl/indianapolis-colts-vs-houston-texans/1621503972/#all,2025-12-29T09:30:55.419980,
Total – Game,Under 41.5,1.763,2026-01-04,https://www.pinnacle.com/en/football/nfl/indianapolis-colts-vs-houston-texans/1621503972/#all,2025-12-29T09:30:55.419980,
Total – Game,Over 42,2.180,2026-01-04,https://www.pinnacle.com/en/football/nfl/indianapolis-colts-vs-houston-texans/1621503972/#all,2025-12-29T09:30:55.419980,
Total – Game,Under 42,1.709,2026-01-04,https://www.pinnacle.com/en/football/nfl/indianapolis-colts-vs-houston-texans/1621503972/#all,2025-12-29T09:30:55.419980,
Total – Game,Over 42.5,2.260,2026-01-04,https://www.pinnacle.com/en/football/nfl/indianapolis-colts-vs-houston-texans/1621503972/#all,2025-12-29T09:30:55.419980,
Total – Game,Under 42.5,1.662,2026-01-04,https://www.pinnacle.com/en/football/nfl/indianapolis-colts-vs-houston-texans/1621503972/#all,2025-12-29T09:30:55.419980,
Total – Game,Over 46.5,2.930,2026-01-04,https://www.pinnacle.com/en/football/nfl/indianapolis-colts-vs-houston-texans/1621503972/#all,2025-12-29T09:30:55.419980,
Total – Game,Under 46.5,1.414,2026-01-04,https://www.pinnacle.com/en/football/nfl/indianapolis-colts-vs-houston-texans/1621503972/#all,2025-12-29T09:30:55.419980,
Team Total – Game,Over 14.5,2.120,2026-01-04,https://www.pinnacle.com/en/football/nfl/indianapolis-colts-vs-houston-texans/1621503972/#all,2025-12-29T09:30:55.420351,
Team Total – Game,Under 14.5,1.757,2026-01-04,https://www.pinnacle.com/en/football/nfl/indianapolis-colts-vs-houston-texans/1621503972/#all,2025-12-29T09:30:55.420351,
Team Total – Game,Over 24.5,1.900,2026-01-04,https://www.pinnacle.com/en/football/nfl/indianapolis-colts-vs-houston-texans/1621503972/#all,2025-12-29T09:30:55.420351,
Team Total – Game,Under 24.5,1.952,2026-01-04,https://www.pinnacle.com/en/football/nfl/indianapolis-colts-vs-houston-texans/1621503972/#all,2025-12-29T09:30:55.420351,
Money Line – Game,Dallas Cowboys,1.420,2026-01-04,https://www.pinnacle.com/en/football/nfl/dallas-cowboys-vs-new-york-giants/1621502558/#all,2025-12-29T09:30:57.116109,
Money Line – Game,New York Giants,3.040,2026-01-04,https://www.pinnacle.com/en/football/nfl/dallas-cowboys-vs-new-york-giants/1621502558/#all,2025-12-29T09:30:57.116109,
Handicap – Game,-10.5,2.970,2026-01-04,https://www.pinnacle.com/en/football/nfl/dallas-cowboys-vs-new-york-giants/1621502558/#all,2025-12-29T09:30:57.117182,
Handicap – Game,+10.5,1.418,2026-01-04,https://www.pinnacle.com/en/football/nfl/dallas-cowboys-vs-new-york-giants/1621502558/#all,2025-12-29T09:30:57.117182,
Handicap – Game,-8.0,2.510,2026-01-04,https://www.pinnacle.com/en/football/nfl/dallas-cowboys-vs-new-york-giants/1621502558/#all,2025-12-29T09:30:57.117182,
Handicap – Game,+8.0,1.561,2026-01-04,https://www.pinnacle.com/en/football/nfl/dallas-cowboys-vs-new-york-giants/1621502558/#all,2025-12-29T09:30:57.117182,
Handicap – Game,-7.5,2.430,2026-01-04,https://www.pinnacle.com/en/football/nfl/dallas-cowboys-vs-new-york-giants/1621502558/#all,2025-12-29T09:30:57.117182,
Handicap – Game,+7.5,1.595,2026-01-04,https://www.pinnacle.com/en/football/nfl/dallas-cowboys-vs-new-york-giants/1621502558/#all,2025-12-29T09:30:57.117182,
Handicap – Game,-7.0,2.290,2026-01-04,https://www.pinnacle.com/en/football/nfl/dallas-cowboys-vs-new-york-giants/1621502558/#all,2025-12-29T09:30:57.117182,
Handicap – Game,+7.0,1.666,2026-01-04,https://www.pinnacle.com/en/football/nfl/dallas-cowboys-vs-new-york-giants/1621502558/#all,2025-12-29T09:30:57.117182,
Handicap – Game,-6.5,2.130,2026-01-04,https://www.pinnacle.com/en/football/nfl/dallas-cowboys-vs-new-york-giants/1621502558/#all,2025-12-29T09:30:57.117182,
Handicap – Game,+6.5,1.775,2026-01-04,https://www.pinnacle.com/en/football/nfl/dallas-cowboys-vs-new-york-giants/1621502558/#all,2025-12-29T09:30:57.117182,
Handicap – Game,-6.0,2.060,2026-01-04,https://www.pinnacle.com/en/football/nfl/dallas-cowboys-vs-new-york-giants/1621502558/#all,2025-12-29T09:30:57.117182,
Handicap – Game,+6.0,1.826,2026-01-04,https://www.pinnacle.com/en/football/nfl/dallas-cowboys-vs-new-york-giants/1621502558/#all,2025-12-29T09:30:57.117182,
Handicap – Game,-5.5,2.000,2026-01-04,https://www.pinnacle.com/en/football/nfl/dallas-cowboys-vs-new-york-giants/1621502558/#all,2025-12-29T09:30:57.117182,
Handicap – Game,+5.5,1.892,2026-01-04,https://www.pinnacle.com/en/football/nfl/dallas-cowboys-vs-new-york-giants/1621502558/#all,2025-12-29T09:30:57.117182,
Handicap – Game,-5.0,1.943,2026-01-04,https://www.pinnacle.com/en/football/nfl/dallas-cowboys-vs-new-york-giants/1621502558/#all,2025-12-29T09:30:57.117182,
Handicap – Game,+5.0,1.934,2026-01-04,https://www.pinnacle.com/en/football/nfl/dallas-cowboys-vs-new-york-giants/1621502558/#all,2025-12-29T09:30:57.117182,
Handicap – Game,-4.5,1.892,2026-01-04,https://www.pinnacle.com/en/football/nfl/dallas-cowboys-vs-new-york-giants/1621502558/#all,2025-12-29T09:30:57.117182,
Handicap – Game,+4.5,1.970,2026-01-04,https://www.pinnacle.com/en/football/nfl/dallas-cowboys-vs-new-york-giants/1621502558/#all,2025-12-29T09:30:57.117182,
Handicap – Game,-4.0,1.826,2026-01-04,https://www.pinnacle.com/en/football/nfl/dallas-cowboys-vs-new-york-giants/1621502558/#all,2025-12-29T09:30:57.117182,
Handicap – Game,+4.0,2.050,2026-01-04,https://www.pinnacle.com/en/football/nfl/dallas-cowboys-vs-new-york-giants/1621502558/#all,2025-12-29T09:30:57.117182,
Handicap – Game,-3.5,1.775,2026-01-04,https://www.pinnacle.com/en/football/nfl/dallas-cowboys-vs-new-york-giants/1621502558/#all,2025-12-29T09:30:57.117182,
Handicap – Game,+3.5,2.120,2026-01-04,https://www.pinnacle.com/en/football/nfl/dallas-cowboys-vs-new-york-giants/1621502558/#all,2025-12-29T09:30:57.117182,
Handicap – Game,-3.0,1.632,2026-01-04,https://www.pinnacle.com/en/football/nfl/dallas-cowboys-vs-new-york-giants/1621502558/#all,2025-12-29T09:30:57.117182,
Handicap – Game,+3.0,2.350,2026-01-04,https://www.pinnacle.com/en/football/nfl/dallas-cowboys-vs-new-york-giants/1621502558/#all,2025-12-29T09:30:57.117182,
Handicap – Game,+3.5,1.251,2026-01-04,https://www.pinnacle.com/en/football/nfl/dallas-cowboys-vs-new-york-giants/1621502558/#all,2025-12-29T09:30:57.117182,
Handicap – Game,-3.5,4.060,2026-01-04,https://www.pinnacle.com/en/football/nfl/dallas-cowboys-vs-new-york-giants/1621502558/#all,2025-12-29T09:30:57.117182,
Total – Game,Over 45.5,1.416,2026-01-04,https://www.pinnacle.com/en/football/nfl/dallas-cowboys-vs-new-york-giants/1621502558/#all,2025-12-29T09:30:57.118155,
Total – Game,Under 45.5,2.960,2026-01-04,https://www.pinnacle.com/en/football/nfl/dallas-cowboys-vs-new-york-giants/1621502558/#all,2025-12-29T09:30:57.118155,
Total – Game,Over 50,1.649,2026-01-04,https://www.pinnacle.com/en/football/nfl/dallas-cowboys-vs-new-york-giants/1621502558/#all,2025-12-29T09:30:57.118155,
Total – Game,Under 50,2.310,2026-01-04,https://www.pinnacle.com/en/football/nfl/dallas-cowboys-vs-new-york-giants/1621502558/#all,2025-12-29T09:30:57.118155,
Total – Game,Over 50.5,1.694,2026-01-04,https://www.pinnacle.com/en/football/nfl/dallas-cowboys-vs-new-york-giants/1621502558/#all,2025-12-29T09:30:57.118155,
Total – Game,Under 50.5,2.230,2026-01-04,https://www.pinnacle.com/en/football/nfl/dallas-cowboys-vs-new-york-giants/1621502558/#all,2025-12-29T09:30:57.118155,
Total – Game,Over 51,1.746,2026-01-04,https://www.pinnacle.com/en/football/nfl/dallas-cowboys-vs-new-york-giants/1621502558/#all,2025-12-29T09:30:57.118155,
Total – Game,Under 51,2.150,2026-01-04,https://www.pinnacle.com/en/football/nfl/dallas-cowboys-vs-new-york-giants/1621502558/#all,2025-12-29T09:30:57.118155,
Total – Game,Over 51.5,1.793,2026-01-04,https://www.pinnacle.com/en/football/nfl/dallas-cowboys-vs-new-york-giants/1621502558/#all,2025-12-29T09:30:57.118155,
Total – Game,Under 51.5,2.080,2026-01-04,https://www.pinnacle.com/en/football/nfl/dallas-cowboys-vs-new-york-giants/1621502558/#all,2025-12-29T09:30:57.118155,
Total – Game,Over 52,1.854,2026-01-04,https://www.pinnacle.com/en/football/nfl/dallas-cowboys-vs-new-york-giants/1621502558/#all,2025-12-29T09:30:57.118155,
Total – Game,Under 52,2.000,2026-01-04,https://www.pinnacle.com/en/football/nfl/dallas-cowboys-vs-new-york-giants/1621502558/#all,2025-12-29T09:30:57.118155,
Total – Game,Over 52.5,1.934,2026-01-04,https://www.pinnacle.com/en/football/nfl/dallas-cowboys-vs-new-york-giants/1621502558/#all,2025-12-29T09:30:57.118155,
Total – Game,Under 52.5,1.934,2026-01-04,https://www.pinnacle.com/en/football/nfl/dallas-cowboys-vs-new-york-giants/1621502558/#all,2025-12-29T09:30:57.118155,
Total – Game,Over 53,2.000,2026-01-04,https://www.pinnacle.com/en/football/nfl/dallas-cowboys-vs-new-york-giants/1621502558/#all,2025-12-29T09:30:57.118155,
Total – Game,Under 53,1.862,2026-01-04,https://www.pinnacle.com/en/football/nfl/dallas-cowboys-vs-new-york-giants/1621502558/#all,2025-12-29T09:30:57.118155,
Total – Game,Over 53.5,2.070,2026-01-04,https://www.pinnacle.com/en/football/nfl/dallas-cowboys-vs-new-york-giants/1621502558/#all,2025-12-29T09:30:57.118155,
Total – Game,Under 53.5,1.800,2026-01-04,https://www.pinnacle.com/en/football/nfl/dallas-cowboys-vs-new-york-giants/1621502558/#all,2025-12-29T09:30:57.118155,
Total – Game,Over 54,2.140,2026-01-04,https://www.pinnacle.com/en/football/nfl/dallas-cowboys-vs-new-york-giants/1621502558/#all,2025-12-29T09:30:57.118155,
Total – Game,Under 54,1.746,2026-01-04,https://www.pinnacle.com/en/football/nfl/dallas-cowboys-vs-new-york-giants/1621502558/#all,2025-12-29T09:30:57.118155,
Total – Game,Over 54.5,2.220,2026-01-04,https://www.pinnacle.com/en/football/nfl/dallas-cowboys-vs-new-york-giants/1621502558/#all,2025-12-29T09:30:57.118155,
Total – Game,Under 54.5,1.694,2026-01-04,https://www.pinnacle.com/en/football/nfl/dallas-cowboys-vs-new-york-giants/1621502558/#all,2025-12-29T09:30:57.118155,
Total – Game,Over 55,2.300,2026-01-04,https://www.pinnacle.com/en/football/nfl/dallas-cowboys-vs-new-york-giants/1621502558/#all,2025-12-29T09:30:57.118155,
Total – Game,Under 55,1.649,2026-01-04,https://www.pinnacle.com/en/football/nfl/dallas-cowboys-vs-new-york-giants/1621502558/#all,2025-12-29T09:30:57.118155,
Total – Game,Over 59.5,3.090,2026-01-04,https://www.pinnacle.com/en/football/nfl/dallas-cowboys-vs-new-york-giants/1621502558/#all,2025-12-29T09:30:57.118155,
Total – Game,Under 59.5,1.386,2026-01-04,https://www.pinnacle.com/en/football/nfl/dallas-cowboys-vs-new-york-giants/1621502558/#all,2025-12-29T09:30:57.118155,
Team Total – Game,Over 28.5,1.934,2026-01-04,https://www.pinnacle.com/en/football/nfl/dallas-cowboys-vs-new-york-giants/1621502558/#all,2025-12-29T09:30:57.118554,
Team Total – Game,Under 28.5,1.917,2026-01-04,https://www.pinnacle.com/en/football/nfl/dallas-cowboys-vs-new-york-giants/1621502558/#all,2025-12-29T09:30:57.118554,
Team Total – Game,Over 23.5,1.877,2026-01-04,https://www.pinnacle.com/en/football/nfl/dallas-cowboys-vs-new-york-giants/1621502558/#all,2025-12-29T09:30:57.118554,
Team Total – Game,Under 23.5,1.970,2026-01-04,https://www.pinnacle.com/en/football/nfl/dallas-cowboys-vs-new-york-giants/1621502558/#all,2025-12-29T09:30:57.118554,
Money Line – Game,Tennessee Titans,4.890,2026-01-04,https://www.pinnacle.com/en/football/nfl/tennessee-titans-vs-jacksonville-jaguars/1621493631/#all,2025-12-29T09:30:58.922099,
Money Line – Game,Jacksonville Jaguars,1.181,2026-01-04,https://www.pinnacle.com/en/football/nfl/tennessee-titans-vs-jacksonville-jaguars/1621493631/#all,2025-12-29T09:30:58.922099,
Handicap – Game,+3.5,3.130,2026-01-04,https://www.pinnacle.com/en/football/nfl/tennessee-titans-vs-jacksonville-jaguars/1621493631/#all,2025-12-29T09:30:58.923140,
Handicap – Game,-3.5,1.363,2026-01-04,https://www.pinnacle.com/en/football/nfl/tennessee-titans-vs-jacksonville-jaguars/1621493631/#all,2025-12-29T09:30:58.923140,
Handicap – Game,+8.0,2.180,2026-01-04,https://www.pinnacle.com/en/football/nfl/tennessee-titans-vs-jacksonville-jaguars/1621493631/#all,2025-12-29T09:30:58.923140,
Handicap – Game,-8.0,1.704,2026-01-04,https://www.pinnacle.com/en/football/nfl/tennessee-titans-vs-jacksonville-jaguars/1621493631/#all,2025-12-29T09:30:58.923140,
Handicap – Game,+8.5,2.120,2026-01-04,https://www.pinnacle.com/en/football/nfl/tennessee-titans-vs-jacksonville-jaguars/1621493631/#all,2025-12-29T09:30:58.923140,
Handicap – Game,-8.5,1.740,2026-01-04,https://www.pinnacle.com/en/football/nfl/tennessee-titans-vs-jacksonville-jaguars/1621493631/#all,2025-12-29T09:30:58.923140,
Handicap – Game,+9.0,2.090,2026-01-04,https://www.pinnacle.com/en/football/nfl/tennessee-titans-vs-jacksonville-jaguars/1621493631/#all,2025-12-29T09:30:58.923140,
Handicap – Game,-9.0,1.757,2026-01-04,https://www.pinnacle.com/en/football/nfl/tennessee-titans-vs-jacksonville-jaguars/1621493631/#all,2025-12-29T09:30:58.923140,
Handicap – Game,+9.5,2.060,2026-01-04,https://www.pinnacle.com/en/football/nfl/tennessee-titans-vs-jacksonville-jaguars/1621493631/#all,2025-12-29T09:30:58.923140,
Handicap – Game,-9.5,1.787,2026-01-04,https://www.pinnacle.com/en/football/nfl/tennessee-titans-vs-jacksonville-jaguars/1621493631/#all,2025-12-29T09:30:58.923140,
Handicap – Game,+10.0,2.000,2026-01-04,https://www.pinnacle.com/en/football/nfl/tennessee-titans-vs-jacksonville-jaguars/1621493631/#all,2025-12-29T09:30:58.923140,
Handicap – Game,-10.0,1.847,2026-01-04,https://www.pinnacle.com/en/football/nfl/tennessee-titans-vs-jacksonville-jaguars/1621493631/#all,2025-12-29T09:30:58.923140,
Handicap – Game,+10.5,1.934,2026-01-04,https://www.pinnacle.com/en/football/nfl/tennessee-titans-vs-jacksonville-jaguars/1621493631/#all,2025-12-29T09:30:58.923140,
Handicap – Game,-10.5,1.917,2026-01-04,https://www.pinnacle.com/en/football/nfl/tennessee-titans-vs-jacksonville-jaguars/1621493631/#all,2025-12-29T09:30:58.923140,
Handicap – Game,+11.0,1.877,2026-01-04,https://www.pinnacle.com/en/football/nfl/tennessee-titans-vs-jacksonville-jaguars/1621493631/#all,2025-12-29T09:30:58.923140,
Handicap – Game,-11.0,1.961,2026-01-04,https://www.pinnacle.com/en/football/nfl/tennessee-titans-vs-jacksonville-jaguars/1621493631/#all,2025-12-29T09:30:58.923140,
Handicap – Game,+11.5,1.826,2026-01-04,https://www.pinnacle.com/en/football/nfl/tennessee-titans-vs-jacksonville-jaguars/1621493631/#all,2025-12-29T09:30:58.923140,
Handicap – Game,-11.5,2.020,2026-01-04,https://www.pinnacle.com/en/football/nfl/tennessee-titans-vs-jacksonville-jaguars/1621493631/#all,2025-12-29T09:30:58.923140,
Handicap – Game,+12.0,1.787,2026-01-04,https://www.pinnacle.com/en/football/nfl/tennessee-titans-vs-jacksonville-jaguars/1621493631/#all,2025-12-29T09:30:58.923140,
Handicap – Game,-12.0,2.060,2026-01-04,https://www.pinnacle.com/en/football/nfl/tennessee-titans-vs-jacksonville-jaguars/1621493631/#all,2025-12-29T09:30:58.923140,
Handicap – Game,+12.5,1.757,2026-01-04,https://www.pinnacle.com/en/football/nfl/tennessee-titans-vs-jacksonville-jaguars/1621493631/#all,2025-12-29T09:30:58.923140,
Handicap – Game,-12.5,2.100,2026-01-04,https://www.pinnacle.com/en/football/nfl/tennessee-titans-vs-jacksonville-jaguars/1621493631/#all,2025-12-29T09:30:58.923140,
Handicap – Game,+13.0,1.704,2026-01-04,https://www.pinnacle.com/en/football/nfl/tennessee-titans-vs-jacksonville-jaguars/1621493631/#all,2025-12-29T09:30:58.923140,
Handicap – Game,-13.0,2.180,2026-01-04,https://www.pinnacle.com/en/football/nfl/tennessee-titans-vs-jacksonville-jaguars/1621493631/#all,2025-12-29T09:30:58.923140,
Handicap – Game,+17.5,1.398,2026-01-04,https://www.pinnacle.com/en/football/nfl/tennessee-titans-vs-jacksonville-jaguars/1621493631/#all,2025-12-29T09:30:58.923140,
Handicap – Game,-17.5,2.970,2026-01-04,https://www.pinnacle.com/en/football/nfl/tennessee-titans-vs-jacksonville-jaguars/1621493631/#all,2025-12-29T09:30:58.923140,
Total – Game,Over 40.5,1.393,2026-01-04,https://www.pinnacle.com/en/football/nfl/tennessee-titans-vs-jacksonville-jaguars/1621493631/#all,2025-12-29T09:30:58.924108,
Total – Game,Under 40.5,3.010,2026-01-04,https://www.pinnacle.com/en/football/nfl/tennessee-titans-vs-jacksonville-jaguars/1621493631/#all,2025-12-29T09:30:58.924108,
Total – Game,Over 44.5,1.653,2026-01-04,https://www.pinnacle.com/en/football/nfl/tennessee-titans-vs-jacksonville-jaguars/1621493631/#all,2025-12-29T09:30:58.924108,
Total – Game,Under 44.5,2.270,2026-01-04,https://www.pinnacle.com/en/football/nfl/tennessee-titans-vs-jacksonville-jaguars/1621493631/#all,2025-12-29T09:30:58.924108,
Total – Game,Over 45,1.699,2026-01-04,https://www.pinnacle.com/en/football/nfl/tennessee-titans-vs-jacksonville-jaguars/1621493631/#all,2025-12-29T09:30:58.924108,
Total – Game,Under 45,2.190,2026-01-04,https://www.pinnacle.com/en/football/nfl/tennessee-titans-vs-jacksonville-jaguars/1621493631/#all,2025-12-29T09:30:58.924108,
Total – Game,Over 45.5,1.751,2026-01-04,https://www.pinnacle.com/en/football/nfl/tennessee-titans-vs-jacksonville-jaguars/1621493631/#all,2025-12-29T09:30:58.924108,
Total – Game,Under 45.5,2.120,2026-01-04,https://www.pinnacle.com/en/football/nfl/tennessee-titans-vs-jacksonville-jaguars/1621493631/#all,2025-12-29T09:30:58.924108,
Total – Game,Over 46,1.806,2026-01-04,https://www.pinnacle.com/en/football/nfl/tennessee-titans-vs-jacksonville-jaguars/1621493631/#all,2025-12-29T09:30:58.924108,
Total – Game,Under 46,2.050,2026-01-04,https://www.pinnacle.com/en/football/nfl/tennessee-titans-vs-jacksonville-jaguars/1621493631/#all,2025-12-29T09:30:58.924108,
Total – Game,Over 46.5,1.862,2026-01-04,https://www.pinnacle.com/en/football/nfl/tennessee-titans-vs-jacksonville-jaguars/1621493631/#all,2025-12-29T09:30:58.924108,
Total – Game,Under 46.5,1.970,2026-01-04,https://www.pinnacle.com/en/football/nfl/tennessee-titans-vs-jacksonville-jaguars/1621493631/#all,2025-12-29T09:30:58.924108,
Total – Game,Over 47,1.943,2026-01-04,https://www.pinnacle.com/en/football/nfl/tennessee-titans-vs-jacksonville-jaguars/1621493631/#all,2025-12-29T09:30:58.924108,
Total – Game,Under 47,1.909,2026-01-04,https://www.pinnacle.com/en/football/nfl/tennessee-titans-vs-jacksonville-jaguars/1621493631/#all,2025-12-29T09:30:58.924108,
Total – Game,Over 47.5,2.010,2026-01-04,https://www.pinnacle.com/en/football/nfl/tennessee-titans-vs-jacksonville-jaguars/1621493631/#all,2025-12-29T09:30:58.924108,
Total – Game,Under 47.5,1.833,2026-01-04,https://www.pinnacle.com/en/football/nfl/tennessee-titans-vs-jacksonville-jaguars/1621493631/#all,2025-12-29T09:30:58.924108,
Total – Game,Over 48,2.080,2026-01-04,https://www.pinnacle.com/en/football/nfl/tennessee-titans-vs-jacksonville-jaguars/1621493631/#all,2025-12-29T09:30:58.924108,
Total – Game,Under 48,1.775,2026-01-04,https://www.pinnacle.com/en/football/nfl/tennessee-titans-vs-jacksonville-jaguars/1621493631/#all,2025-12-29T09:30:58.924108,
Total – Game,Over 48.5,2.150,2026-01-04,https://www.pinnacle.com/en/football/nfl/tennessee-titans-vs-jacksonville-jaguars/1621493631/#all,2025-12-29T09:30:58.924108,
Total – Game,Under 48.5,1.724,2026-01-04,https://www.pinnacle.com/en/football/nfl/tennessee-titans-vs-jacksonville-jaguars/1621493631/#all,2025-12-29T09:30:58.924108,
Total – Game,Over 49,2.240,2026-01-04,https://www.pinnacle.com/en/football/nfl/tennessee-titans-vs-jacksonville-jaguars/1621493631/#all,2025-12-29T09:30:58.924108,
Total – Game,Under 49,1.675,2026-01-04,https://www.pinnacle.com/en/football/nfl/tennessee-titans-vs-jacksonville-jaguars/1621493631/#all,2025-12-29T09:30:58.924108,
Total – Game,Over 49.5,2.320,2026-01-04,https://www.pinnacle.com/en/football/nfl/tennessee-titans-vs-jacksonville-jaguars/1621493631/#all,2025-12-29T09:30:58.924108,
Total – Game,Under 49.5,1.632,2026-01-04,https://www.pinnacle.com/en/football/nfl/tennessee-titans-vs-jacksonville-jaguars/1621493631/#all,2025-12-29T09:30:58.924108,
Total – Game,Over 53.5,3.140,2026-01-04,https://www.pinnacle.com/en/football/nfl/tennessee-titans-vs-jacksonville-jaguars/1621493631/#all,2025-12-29T09:30:58.924108,
Total – Game,Under 53.5,1.367,2026-01-04,https://www.pinnacle.com/en/football/nfl/tennessee-titans-vs-jacksonville-jaguars/1621493631/#all,2025-12-29T09:30:58.924108,
Team Total – Game,Over 16.5,1.735,2026-01-04,https://www.pinnacle.com/en/football/nfl/tennessee-titans-vs-jacksonville-jaguars/1621493631/#all,2025-12-29T09:30:58.924529,
Team Total – Game,Under 16.5,2.160,2026-01-04,https://www.pinnacle.com/en/football/nfl/tennessee-titans-vs-jacksonville-jaguars/1621493631/#all,2025-12-29T09:30:58.924529,
Team Total – Game,Over 27.5,1.689,2026-01-04,https://www.pinnacle.com/en/football/nfl/tennessee-titans-vs-jacksonville-jaguars/1621493631/#all,2025-12-29T09:30:58.924529,
Team Total – Game,Under 27.5,2.230,2026-01-04,https://www.pinnacle.com/en/football/nfl/tennessee-titans-vs-jacksonville-jaguars/1621493631/#all,2025-12-29T09:30:58.924529,
Money Line – Game,Green Bay Packers,3.360,2026-01-04,https://www.pinnacle.com/en/football/nfl/green-bay-packers-vs-minnesota-vikings/1621493634/#all,2025-12-29T09:31:00.636716,
Money Line – Game,Minnesota Vikings,1.336,2026-01-04,https://www.pinnacle.com/en/football/nfl/green-bay-packers-vs-minnesota-vikings/1621493634/#all,2025-12-29T09:31:00.636716,
Handicap – Game,+3.5,2.360,2026-01-04,https://www.pinnacle.com/en/football/nfl/green-bay-packers-vs-minnesota-vikings/1621493634/#all,2025-12-29T09:31:00.637662,
Handicap – Game,-3.5,1.602,2026-01-04,https://www.pinnacle.com/en/football/nfl/green-bay-packers-vs-minnesota-vikings/1621493634/#all,2025-12-29T09:31:00.637662,
Handicap – Game,+4.5,2.200,2026-01-04,https://www.pinnacle.com/en/football/nfl/green-bay-packers-vs-minnesota-vikings/1621493634/#all,2025-12-29T09:31:00.637662,
Handicap – Game,-4.5,1.689,2026-01-04,https://www.pinnacle.com/en/football/nfl/green-bay-packers-vs-minnesota-vikings/1621493634/#all,2025-12-29T09:31:00.637662,
Handicap – Game,+5.0,2.170,2026-01-04,https://www.pinnacle.com/en/football/nfl/green-bay-packers-vs-minnesota-vikings/1621493634/#all,2025-12-29T09:31:00.637662,
Handicap – Game,-5.0,1.709,2026-01-04,https://www.pinnacle.com/en/football/nfl/green-bay-packers-vs-minnesota-vikings/1621493634/#all,2025-12-29T09:31:00.637662,
Handicap – Game,+5.5,2.120,2026-01-04,https://www.pinnacle.com/en/football/nfl/green-bay-packers-vs-minnesota-vikings/1621493634/#all,2025-12-29T09:31:00.637662,
Handicap – Game,-5.5,1.740,2026-01-04,https://www.pinnacle.com/en/football/nfl/green-bay-packers-vs-minnesota-vikings/1621493634/#all,2025-12-29T09:31:00.637662,
Handicap – Game,+6.0,2.050,2026-01-04,https://www.pinnacle.com/en/football/nfl/green-bay-packers-vs-minnesota-vikings/1621493634/#all,2025-12-29T09:31:00.637662,
Handicap – Game,-6.0,1.800,2026-01-04,https://www.pinnacle.com/en/football/nfl/green-bay-packers-vs-minnesota-vikings/1621493634/#all,2025-12-29T09:31:00.637662,
Handicap – Game,+6.5,1.980,2026-01-04,https://www.pinnacle.com/en/football/nfl/green-bay-packers-vs-minnesota-vikings/1621493634/#all,2025-12-29T09:31:00.637662,
Handicap – Game,-6.5,1.869,2026-01-04,https://www.pinnacle.com/en/football/nfl/green-bay-packers-vs-minnesota-vikings/1621493634/#all,2025-12-29T09:31:00.637662,
Handicap – Game,+7.0,1.847,2026-01-04,https://www.pinnacle.com/en/football/nfl/green-bay-packers-vs-minnesota-vikings/1621493634/#all,2025-12-29T09:31:00.637662,
Handicap – Game,-7.0,2.010,2026-01-04,https://www.pinnacle.com/en/football/nfl/green-bay-packers-vs-minnesota-vikings/1621493634/#all,2025-12-29T09:31:00.637662,
Handicap – Game,+7.5,1.735,2026-01-04,https://www.pinnacle.com/en/football/nfl/green-bay-packers-vs-minnesota-vikings/1621493634/#all,2025-12-29T09:31:00.637662,
Handicap – Game,-7.5,2.150,2026-01-04,https://www.pinnacle.com/en/football/nfl/green-bay-packers-vs-minnesota-vikings/1621493634/#all,2025-12-29T09:31:00.637662,
Handicap – Game,+8.0,1.694,2026-01-04,https://www.pinnacle.com/en/football/nfl/green-bay-packers-vs-minnesota-vikings/1621493634/#all,2025-12-29T09:31:00.637662,
Handicap – Game,-8.0,2.210,2026-01-04,https://www.pinnacle.com/en/football/nfl/green-bay-packers-vs-minnesota-vikings/1621493634/#all,2025-12-29T09:31:00.637662,
Handicap – Game,+8.5,1.662,2026-01-04,https://www.pinnacle.com/en/football/nfl/green-bay-packers-vs-minnesota-vikings/1621493634/#all,2025-12-29T09:31:00.637662,
Handicap – Game,-8.5,2.250,2026-01-04,https://www.pinnacle.com/en/football/nfl/green-bay-packers-vs-minnesota-vikings/1621493634/#all,2025-12-29T09:31:00.637662,
Handicap – Game,+9.0,1.628,2026-01-04,https://www.pinnacle.com/en/football/nfl/green-bay-packers-vs-minnesota-vikings/1621493634/#all,2025-12-29T09:31:00.637662,
Handicap – Game,-9.0,2.310,2026-01-04,https://www.pinnacle.com/en/football/nfl/green-bay-packers-vs-minnesota-vikings/1621493634/#all,2025-12-29T09:31:00.637662,
Handicap – Game,+9.5,1.609,2026-01-04,https://www.pinnacle.com/en/football/nfl/green-bay-packers-vs-minnesota-vikings/1621493634/#all,2025-12-29T09:31:00.637662,
Handicap – Game,-9.5,2.350,2026-01-04,https://www.pinnacle.com/en/football/nfl/green-bay-packers-vs-minnesota-vikings/1621493634/#all,2025-12-29T09:31:00.637662,
Handicap – Game,+14.5,1.296,2026-01-04,https://www.pinnacle.com/en/football/nfl/green-bay-packers-vs-minnesota-vikings/1621493634/#all,2025-12-29T09:31:00.637662,
Handicap – Game,-14.5,3.520,2026-01-04,https://www.pinnacle.com/en/football/nfl/green-bay-packers-vs-minnesota-vikings/1621493634/#all,2025-12-29T09:31:00.637662,
Total – Game,Over 29.5,1.350,2026-01-04,https://www.pinnacle.com/en/football/nfl/green-bay-packers-vs-minnesota-vikings/1621493634/#all,2025-12-29T09:31:00.638579,
Total – Game,Under 29.5,3.220,2026-01-04,https://www.pinnacle.com/en/football/nfl/green-bay-packers-vs-minnesota-vikings/1621493634/#all,2025-12-29T09:31:00.638579,
Total – Game,Over 34,1.625,2026-01-04,https://www.pinnacle.com/en/football/nfl/green-bay-packers-vs-minnesota-vikings/1621493634/#all,2025-12-29T09:31:00.638579,
Total – Game,Under 34,2.330,2026-01-04,https://www.pinnacle.com/en/football/nfl/green-bay-packers-vs-minnesota-vikings/1621493634/#all,2025-12-29T09:31:00.638579,
Total – Game,Over 34.5,1.671,2026-01-04,https://www.pinnacle.com/en/football/nfl/green-bay-packers-vs-minnesota-vikings/1621493634/#all,2025-12-29T09:31:00.638579,
Total – Game,Under 34.5,2.250,2026-01-04,https://www.pinnacle.com/en/football/nfl/green-bay-packers-vs-minnesota-vikings/1621493634/#all,2025-12-29T09:31:00.638579,
Total – Game,Over 35,1.719,2026-01-04,https://www.pinnacle.com/en/football/nfl/green-bay-packers-vs-minnesota-vikings/1621493634/#all,2025-12-29T09:31:00.638579,
Total – Game,Under 35,2.160,2026-01-04,https://www.pinnacle.com/en/football/nfl/green-bay-packers-vs-minnesota-vikings/1621493634/#all,2025-12-29T09:31:00.638579,
Total – Game,Over 35.5,1.769,2026-01-04,https://www.pinnacle.com/en/football/nfl/green-bay-packers-vs-minnesota-vikings/1621493634/#all,2025-12-29T09:31:00.638579,
Total – Game,Under 35.5,2.090,2026-01-04,https://www.pinnacle.com/en/football/nfl/green-bay-packers-vs-minnesota-vikings/1621493634/#all,2025-12-29T09:31:00.638579,
Total – Game,Over 36,1.826,2026-01-04,https://www.pinnacle.com/en/football/nfl/green-bay-packers-vs-minnesota-vikings/1621493634/#all,2025-12-29T09:31:00.638579,
Total – Game,Under 36,2.020,2026-01-04,https://www.pinnacle.com/en/football/nfl/green-bay-packers-vs-minnesota-vikings/1621493634/#all,2025-12-29T09:31:00.638579,
Total – Game,Over 36.5,1.900,2026-01-04,https://www.pinnacle.com/en/football/nfl/green-bay-packers-vs-minnesota-vikings/1621493634/#all,2025-12-29T09:31:00.638579,
Total – Game,Under 36.5,1.952,2026-01-04,https://www.pinnacle.com/en/football/nfl/green-bay-packers-vs-minnesota-vikings/1621493634/#all,2025-12-29T09:31:00.638579,
Total – Game,Over 37,1.961,2026-01-04,https://www.pinnacle.com/en/football/nfl/green-bay-packers-vs-minnesota-vikings/1621493634/#all,2025-12-29T09:31:00.638579,
Total – Game,Under 37,1.869,2026-01-04,https://www.pinnacle.com/en/football/nfl/green-bay-packers-vs-minnesota-vikings/1621493634/#all,2025-12-29T09:31:00.638579,
Total – Game,Over 37.5,2.040,2026-01-04,https://www.pinnacle.com/en/football/nfl/green-bay-packers-vs-minnesota-vikings/1621493634/#all,2025-12-29T09:31:00.638579,
Total – Game,Under 37.5,1.813,2026-01-04,https://www.pinnacle.com/en/football/nfl/green-bay-packers-vs-minnesota-vikings/1621493634/#all,2025-12-29T09:31:00.638579,
Total – Game,Over 38,2.110,2026-01-04,https://www.pinnacle.com/en/football/nfl/green-bay-packers-vs-minnesota-vikings/1621493634/#all,2025-12-29T09:31:00.638579,
Total – Game,Under 38,1.757,2026-01-04,https://www.pinnacle.com/en/football/nfl/green-bay-packers-vs-minnesota-vikings/1621493634/#all,2025-12-29T09:31:00.638579,
Total – Game,Over 38.5,2.180,2026-01-04,https://www.pinnacle.com/en/football/nfl/green-bay-packers-vs-minnesota-vikings/1621493634/#all,2025-12-29T09:31:00.638579,
Total – Game,Under 38.5,1.709,2026-01-04,https://www.pinnacle.com/en/football/nfl/green-bay-packers-vs-minnesota-vikings/1621493634/#all,2025-12-29T09:31:00.638579,
Total – Game,Over 39,2.260,2026-01-04,https://www.pinnacle.com/en/football/nfl/green-bay-packers-vs-minnesota-vikings/1621493634/#all,2025-12-29T09:31:00.638579,
Total – Game,Under 39,1.662,2026-01-04,https://www.pinnacle.com/en/football/nfl/green-bay-packers-vs-minnesota-vikings/1621493634/#all,2025-12-29T09:31:00.638579,
Total – Game,Over 43.5,3.060,2026-01-04,https://www.pinnacle.com/en/football/nfl/green-bay-packers-vs-minnesota-vikings/1621493634/#all,2025-12-29T09:31:00.638579,
Total – Game,Under 43.5,1.383,2026-01-04,https://www.pinnacle.com/en/football/nfl/green-bay-packers-vs-minnesota-vikings/1621493634/#all,2025-12-29T09:31:00.638579,
Team Total – Game,Over 14.5,2.050,2026-01-04,https://www.pinnacle.com/en/football/nfl/green-bay-packers-vs-minnesota-vikings/1621493634/#all,2025-12-29T09:31:00.638933,
Team Total – Game,Under 14.5,1.813,2026-01-04,https://www.pinnacle.com/en/football/nfl/green-bay-packers-vs-minnesota-vikings/1621493634/#all,2025-12-29T09:31:00.638933,
Team Total – Game,Over 21.5,2.020,2026-01-04,https://www.pinnacle.com/en/football/nfl/green-bay-packers-vs-minnesota-vikings/1621493634/#all,2025-12-29T09:31:00.638933,
Team Total – Game,Under 21.5,1.840,2026-01-04,https://www.pinnacle.com/en/football/nfl/green-bay-packers-vs-minnesota-vikings/1621493634/#all,2025-12-29T09:31:00.638933,
Money Line – Game,Cleveland Browns,3.790,2026-01-04,https://www.pinnacle.com/en/football/nfl/cleveland-browns-vs-cincinnati-bengals/1621493633/#all,2025-12-29T09:31:02.441060,
Money Line – Game,Cincinnati Bengals,1.295,2026-01-04,https://www.pinnacle.com/en/football/nfl/cleveland-browns-vs-cincinnati-bengals/1621493633/#all,2025-12-29T09:31:02.441060,
Handicap – Game,+3.5,2.630,2026-01-04,https://www.pinnacle.com/en/football/nfl/cleveland-browns-vs-cincinnati-bengals/1621493633/#all,2025-12-29T09:31:02.442428,
Handicap – Game,-3.5,1.518,2026-01-04,https://www.pinnacle.com/en/football/nfl/cleveland-browns-vs-cincinnati-bengals/1621493633/#all,2025-12-29T09:31:02.442428,
Handicap – Game,+4.5,2.440,2026-01-04,https://www.pinnacle.com/en/football/nfl/cleveland-browns-vs-cincinnati-bengals/1621493633/#all,2025-12-29T09:31:02.442428,
Handicap – Game,-4.5,1.591,2026-01-04,https://www.pinnacle.com/en/football/nfl/cleveland-browns-vs-cincinnati-bengals/1621493633/#all,2025-12-29T09:31:02.442428,
Handicap – Game,+5.0,2.390,2026-01-04,https://www.pinnacle.com/en/football/nfl/cleveland-browns-vs-cincinnati-bengals/1621493633/#all,2025-12-29T09:31:02.442428,
Handicap – Game,-5.0,1.613,2026-01-04,https://www.pinnacle.com/en/football/nfl/cleveland-browns-vs-cincinnati-bengals/1621493633/#all,2025-12-29T09:31:02.442428,
Handicap – Game,+5.5,2.330,2026-01-04,https://www.pinnacle.com/en/football/nfl/cleveland-browns-vs-cincinnati-bengals/1621493633/#all,2025-12-29T09:31:02.442428,
Handicap – Game,-5.5,1.645,2026-01-04,https://www.pinnacle.com/en/football/nfl/cleveland-browns-vs-cincinnati-bengals/1621493633/#all,2025-12-29T09:31:02.442428,
Handicap – Game,+6.0,2.260,2026-01-04,https://www.pinnacle.com/en/football/nfl/cleveland-browns-vs-cincinnati-bengals/1621493633/#all,2025-12-29T09:31:02.442428,
Handicap – Game,-6.0,1.684,2026-01-04,https://www.pinnacle.com/en/football/nfl/cleveland-browns-vs-cincinnati-bengals/1621493633/#all,2025-12-29T09:31:02.442428,
Handicap – Game,+6.5,2.180,2026-01-04,https://www.pinnacle.com/en/football/nfl/cleveland-browns-vs-cincinnati-bengals/1621493633/#all,2025-12-29T09:31:02.442428,
Handicap – Game,-6.5,1.746,2026-01-04,https://www.pinnacle.com/en/football/nfl/cleveland-browns-vs-cincinnati-bengals/1621493633/#all,2025-12-29T09:31:02.442428,
Handicap – Game,+7.0,2.040,2026-01-04,https://www.pinnacle.com/en/football/nfl/cleveland-browns-vs-cincinnati-bengals/1621493633/#all,2025-12-29T09:31:02.442428,
Handicap – Game,-7.0,1.862,2026-01-04,https://www.pinnacle.com/en/football/nfl/cleveland-browns-vs-cincinnati-bengals/1621493633/#all,2025-12-29T09:31:02.442428,
Handicap – Game,+7.5,1.884,2026-01-04,https://www.pinnacle.com/en/football/nfl/cleveland-browns-vs-cincinnati-bengals/1621493633/#all,2025-12-29T09:31:02.442428,
Handicap – Game,-7.5,1.990,2026-01-04,https://www.pinnacle.com/en/football/nfl/cleveland-browns-vs-cincinnati-bengals/1621493633/#all,2025-12-29T09:31:02.442428,
Handicap – Game,+8.0,1.833,2026-01-04,https://www.pinnacle.com/en/football/nfl/cleveland-browns-vs-cincinnati-bengals/1621493633/#all,2025-12-29T09:31:02.442428,
Handicap – Game,-8.0,2.050,2026-01-04,https://www.pinnacle.com/en/football/nfl/cleveland-browns-vs-cincinnati-bengals/1621493633/#all,2025-12-29T09:31:02.442428,
Handicap – Game,+8.5,1.787,2026-01-04,https://www.pinnacle.com/en/football/nfl/cleveland-browns-vs-cincinnati-bengals/1621493633/#all,2025-12-29T09:31:02.442428,
Handicap – Game,-8.5,2.090,2026-01-04,https://www.pinnacle.com/en/football/nfl/cleveland-browns-vs-cincinnati-bengals/1621493633/#all,2025-12-29T09:31:02.442428,
Handicap – Game,+9.0,1.757,2026-01-04,https://www.pinnacle.com/en/football/nfl/cleveland-browns-vs-cincinnati-bengals/1621493633/#all,2025-12-29T09:31:02.442428,
Handicap – Game,-9.0,2.140,2026-01-04,https://www.pinnacle.com/en/football/nfl/cleveland-browns-vs-cincinnati-bengals/1621493633/#all,2025-12-29T09:31:02.442428,
Handicap – Game,+9.5,1.729,2026-01-04,https://www.pinnacle.com/en/football/nfl/cleveland-browns-vs-cincinnati-bengals/1621493633/#all,2025-12-29T09:31:02.442428,
Handicap – Game,-9.5,2.180,2026-01-04,https://www.pinnacle.com/en/football/nfl/cleveland-browns-vs-cincinnati-bengals/1621493633/#all,2025-12-29T09:31:02.442428,
Handicap – Game,+14.5,1.352,2026-01-04,https://www.pinnacle.com/en/football/nfl/cleveland-browns-vs-cincinnati-bengals/1621493633/#all,2025-12-29T09:31:02.442428,
Handicap – Game,-14.5,3.300,2026-01-04,https://www.pinnacle.com/en/football/nfl/cleveland-browns-vs-cincinnati-bengals/1621493633/#all,2025-12-29T09:31:02.442428,
Total – Game,Over 37.5,1.367,2026-01-04,https://www.pinnacle.com/en/football/nfl/cleveland-browns-vs-cincinnati-bengals/1621493633/#all,2025-12-29T09:31:02.443585,
Total – Game,Under 37.5,3.190,2026-01-04,https://www.pinnacle.com/en/football/nfl/cleveland-browns-vs-cincinnati-bengals/1621493633/#all,2025-12-29T09:31:02.443585,
Total – Game,Over 42,1.653,2026-01-04,https://www.pinnacle.com/en/football/nfl/cleveland-browns-vs-cincinnati-bengals/1621493633/#all,2025-12-29T09:31:02.443585,
Total – Game,Under 42,2.300,2026-01-04,https://www.pinnacle.com/en/football/nfl/cleveland-browns-vs-cincinnati-bengals/1621493633/#all,2025-12-29T09:31:02.443585,
Total – Game,Over 42.5,1.699,2026-01-04,https://www.pinnacle.com/en/football/nfl/cleveland-browns-vs-cincinnati-bengals/1621493633/#all,2025-12-29T09:31:02.443585,
Total – Game,Under 42.5,2.220,2026-01-04,https://www.pinnacle.com/en/football/nfl/cleveland-browns-vs-cincinnati-bengals/1621493633/#all,2025-12-29T09:31:02.443585,
Total – Game,Over 43,1.751,2026-01-04,https://www.pinnacle.com/en/football/nfl/cleveland-browns-vs-cincinnati-bengals/1621493633/#all,2025-12-29T09:31:02.443585,
Total – Game,Under 43,2.140,2026-01-04,https://www.pinnacle.com/en/football/nfl/cleveland-browns-vs-cincinnati-bengals/1621493633/#all,2025-12-29T09:31:02.443585,
Total – Game,Over 43.5,1.806,2026-01-04,https://www.pinnacle.com/en/football/nfl/cleveland-browns-vs-cincinnati-bengals/1621493633/#all,2025-12-29T09:31:02.443585,
Total – Game,Under 43.5,2.070,2026-01-04,https://www.pinnacle.com/en/football/nfl/cleveland-browns-vs-cincinnati-bengals/1621493633/#all,2025-12-29T09:31:02.443585,
Total – Game,Over 44,1.862,2026-01-04,https://www.pinnacle.com/en/football/nfl/cleveland-browns-vs-cincinnati-bengals/1621493633/#all,2025-12-29T09:31:02.443585,
Total – Game,Under 44,1.990,2026-01-04,https://www.pinnacle.com/en/football/nfl/cleveland-browns-vs-cincinnati-bengals/1621493633/#all,2025-12-29T09:31:02.443585,
Total – Game,Over 44.5,1.943,2026-01-04,https://www.pinnacle.com/en/football/nfl/cleveland-browns-vs-cincinnati-bengals/1621493633/#all,2025-12-29T09:31:02.443585,
Total – Game,Under 44.5,1.925,2026-01-04,https://www.pinnacle.com/en/football/nfl/cleveland-browns-vs-cincinnati-bengals/1621493633/#all,2025-12-29T09:31:02.443585,
Total – Game,Over 45,2.010,2026-01-04,https://www.pinnacle.com/en/football/nfl/cleveland-browns-vs-cincinnati-bengals/1621493633/#all,2025-12-29T09:31:02.443585,
Total – Game,Under 45,1.847,2026-01-04,https://www.pinnacle.com/en/football/nfl/cleveland-browns-vs-cincinnati-bengals/1621493633/#all,2025-12-29T09:31:02.443585,
Total – Game,Over 45.5,2.080,2026-01-04,https://www.pinnacle.com/en/football/nfl/cleveland-browns-vs-cincinnati-bengals/1621493633/#all,2025-12-29T09:31:02.443585,
Total – Game,Under 45.5,1.793,2026-01-04,https://www.pinnacle.com/en/football/nfl/cleveland-browns-vs-cincinnati-bengals/1621493633/#all,2025-12-29T09:31:02.443585,
Total – Game,Over 46,2.150,2026-01-04,https://www.pinnacle.com/en/football/nfl/cleveland-browns-vs-cincinnati-bengals/1621493633/#all,2025-12-29T09:31:02.443585,
Total – Game,Under 46,1.740,2026-01-04,https://www.pinnacle.com/en/football/nfl/cleveland-browns-vs-cincinnati-bengals/1621493633/#all,2025-12-29T09:31:02.443585,
Total – Game,Over 46.5,2.240,2026-01-04,https://www.pinnacle.com/en/football/nfl/cleveland-browns-vs-cincinnati-bengals/1621493633/#all,2025-12-29T09:31:02.443585,
Total – Game,Under 46.5,1.689,2026-01-04,https://www.pinnacle.com/en/football/nfl/cleveland-browns-vs-cincinnati-bengals/1621493633/#all,2025-12-29T09:31:02.443585,
Total – Game,Over 47,2.320,2026-01-04,https://www.pinnacle.com/en/football/nfl/cleveland-browns-vs-cincinnati-bengals/1621493633/#all,2025-12-29T09:31:02.443585,
Total – Game,Under 47,1.645,2026-01-04,https://www.pinnacle.com/en/football/nfl/cleveland-browns-vs-cincinnati-bengals/1621493633/#all,2025-12-29T09:31:02.443585,
Total – Game,Over 51.5,3.160,2026-01-04,https://www.pinnacle.com/en/football/nfl/cleveland-browns-vs-cincinnati-bengals/1621493633/#all,2025-12-29T09:31:02.443585,
Total – Game,Under 51.5,1.373,2026-01-04,https://www.pinnacle.com/en/football/nfl/cleveland-browns-vs-cincinnati-bengals/1621493633/#all,2025-12-29T09:31:02.443585,
Team Total – Game,Over 18.5,1.970,2026-01-04,https://www.pinnacle.com/en/football/nfl/cleveland-browns-vs-cincinnati-bengals/1621493633/#all,2025-12-29T09:31:02.444008,
Team Total – Game,Under 18.5,1.884,2026-01-04,https://www.pinnacle.com/en/football/nfl/cleveland-browns-vs-cincinnati-bengals/1621493633/#all,2025-12-29T09:31:02.444008,
Team Total – Game,Over 26.5,1.877,2026-01-04,https://www.pinnacle.com/en/football/nfl/cleveland-browns-vs-cincinnati-bengals/1621493633/#all,2025-12-29T09:31:02.444008,
Team Total – Game,Under 26.5,1.980,2026-01-04,https://www.pinnacle.com/en/football/nfl/cleveland-browns-vs-cincinnati-bengals/1621493633/#all,2025-12-29T09:31:02.444008,
Money Line – Game,Kansas City Chiefs,1.358,2026-01-04,https://www.pinnacle.com/en/football/nfl/kansas-city-chiefs-vs-las-vegas-raiders/1621493632/#all,2025-12-29T09:31:04.137986,
Money Line – Game,Las Vegas Raiders,3.350,2026-01-04,https://www.pinnacle.com/en/football/nfl/kansas-city-chiefs-vs-las-vegas-raiders/1621493632/#all,2025-12-29T09:31:04.137986,
Handicap – Game,-14.5,3.900,2026-01-04,https://www.pinnacle.com/en/football/nfl/kansas-city-chiefs-vs-las-vegas-raiders/1621493632/#all,2025-12-29T09:31:04.139195,
Handicap – Game,+14.5,1.268,2026-01-04,https://www.pinnacle.com/en/football/nfl/kansas-city-chiefs-vs-las-vegas-raiders/1621493632/#all,2025-12-29T09:31:04.139195,
Handicap – Game,-9.0,2.560,2026-01-04,https://www.pinnacle.com/en/football/nfl/kansas-city-chiefs-vs-las-vegas-raiders/1621493632/#all,2025-12-29T09:31:04.139195,
Handicap – Game,+9.0,1.543,2026-01-04,https://www.pinnacle.com/en/football/nfl/kansas-city-chiefs-vs-las-vegas-raiders/1621493632/#all,2025-12-29T09:31:04.139195,
Handicap – Game,-8.5,2.490,2026-01-04,https://www.pinnacle.com/en/football/nfl/kansas-city-chiefs-vs-las-vegas-raiders/1621493632/#all,2025-12-29T09:31:04.139195,
Handicap – Game,+8.5,1.571,2026-01-04,https://www.pinnacle.com/en/football/nfl/kansas-city-chiefs-vs-las-vegas-raiders/1621493632/#all,2025-12-29T09:31:04.139195,
Handicap – Game,-8.0,2.440,2026-01-04,https://www.pinnacle.com/en/football/nfl/kansas-city-chiefs-vs-las-vegas-raiders/1621493632/#all,2025-12-29T09:31:04.139195,
Handicap – Game,+8.0,1.591,2026-01-04,https://www.pinnacle.com/en/football/nfl/kansas-city-chiefs-vs-las-vegas-raiders/1621493632/#all,2025-12-29T09:31:04.139195,
Handicap – Game,-7.5,2.380,2026-01-04,https://www.pinnacle.com/en/football/nfl/kansas-city-chiefs-vs-las-vegas-raiders/1621493632/#all,2025-12-29T09:31:04.139195,
Handicap – Game,+7.5,1.625,2026-01-04,https://www.pinnacle.com/en/football/nfl/kansas-city-chiefs-vs-las-vegas-raiders/1621493632/#all,2025-12-29T09:31:04.139195,
Handicap – Game,-7.0,2.210,2026-01-04,https://www.pinnacle.com/en/football/nfl/kansas-city-chiefs-vs-las-vegas-raiders/1621493632/#all,2025-12-29T09:31:04.139195,
Handicap – Game,+7.0,1.724,2026-01-04,https://www.pinnacle.com/en/football/nfl/kansas-city-chiefs-vs-las-vegas-raiders/1621493632/#all,2025-12-29T09:31:04.139195,
Handicap – Game,-6.5,2.030,2026-01-04,https://www.pinnacle.com/en/football/nfl/kansas-city-chiefs-vs-las-vegas-raiders/1621493632/#all,2025-12-29T09:31:04.139195,
Handicap – Game,+6.5,1.862,2026-01-04,https://www.pinnacle.com/en/football/nfl/kansas-city-chiefs-vs-las-vegas-raiders/1621493632/#all,2025-12-29T09:31:04.139195,
Handicap – Game,-6.0,1.943,2026-01-04,https://www.pinnacle.com/en/football/nfl/kansas-city-chiefs-vs-las-vegas-raiders/1621493632/#all,2025-12-29T09:31:04.139195,
Handicap – Game,+6.0,1.934,2026-01-04,https://www.pinnacle.com/en/football/nfl/kansas-city-chiefs-vs-las-vegas-raiders/1621493632/#all,2025-12-29T09:31:04.139195,
Handicap – Game,-5.5,1.862,2026-01-04,https://www.pinnacle.com/en/football/nfl/kansas-city-chiefs-vs-las-vegas-raiders/1621493632/#all,2025-12-29T09:31:04.139195,
Handicap – Game,+5.5,2.010,2026-01-04,https://www.pinnacle.com/en/football/nfl/kansas-city-chiefs-vs-las-vegas-raiders/1621493632/#all,2025-12-29T09:31:04.139195,
Handicap – Game,-5.0,1.826,2026-01-04,https://www.pinnacle.com/en/football/nfl/kansas-city-chiefs-vs-las-vegas-raiders/1621493632/#all,2025-12-29T09:31:04.139195,
Handicap – Game,+5.0,2.050,2026-01-04,https://www.pinnacle.com/en/football/nfl/kansas-city-chiefs-vs-las-vegas-raiders/1621493632/#all,2025-12-29T09:31:04.139195,
Handicap – Game,-4.5,1.793,2026-01-04,https://www.pinnacle.com/en/football/nfl/kansas-city-chiefs-vs-las-vegas-raiders/1621493632/#all,2025-12-29T09:31:04.139195,
Handicap – Game,+4.5,2.090,2026-01-04,https://www.pinnacle.com/en/football/nfl/kansas-city-chiefs-vs-las-vegas-raiders/1621493632/#all,2025-12-29T09:31:04.139195,
Handicap – Game,-4.0,1.740,2026-01-04,https://www.pinnacle.com/en/football/nfl/kansas-city-chiefs-vs-las-vegas-raiders/1621493632/#all,2025-12-29T09:31:04.139195,
Handicap – Game,+4.0,2.160,2026-01-04,https://www.pinnacle.com/en/football/nfl/kansas-city-chiefs-vs-las-vegas-raiders/1621493632/#all,2025-12-29T09:31:04.139195,
Handicap – Game,+3.5,1.223,2026-01-04,https://www.pinnacle.com/en/football/nfl/kansas-city-chiefs-vs-las-vegas-raiders/1621493632/#all,2025-12-29T09:31:04.139195,
Handicap – Game,-3.5,4.370,2026-01-04,https://www.pinnacle.com/en/football/nfl/kansas-city-chiefs-vs-las-vegas-raiders/1621493632/#all,2025-12-29T09:31:04.139195,
Total – Game,Over 28.5,1.380,2026-01-04,https://www.pinnacle.com/en/football/nfl/kansas-city-chiefs-vs-las-vegas-raiders/1621493632/#all,2025-12-29T09:31:04.140303,
Total – Game,Under 28.5,3.120,2026-01-04,https://www.pinnacle.com/en/football/nfl/kansas-city-chiefs-vs-las-vegas-raiders/1621493632/#all,2025-12-29T09:31:04.140303,
Total – Game,Over 33,1.653,2026-01-04,https://www.pinnacle.com/en/football/nfl/kansas-city-chiefs-vs-las-vegas-raiders/1621493632/#all,2025-12-29T09:31:04.140303,
Total – Game,Under 33,2.300,2026-01-04,https://www.pinnacle.com/en/football/nfl/kansas-city-chiefs-vs-las-vegas-raiders/1621493632/#all,2025-12-29T09:31:04.140303,
Total – Game,Over 33.5,1.699,2026-01-04,https://www.pinnacle.com/en/football/nfl/kansas-city-chiefs-vs-las-vegas-raiders/1621493632/#all,2025-12-29T09:31:04.140303,
Total – Game,Under 33.5,2.220,2026-01-04,https://www.pinnacle.com/en/football/nfl/kansas-city-chiefs-vs-las-vegas-raiders/1621493632/#all,2025-12-29T09:31:04.140303,
Total – Game,Over 34,1.751,2026-01-04,https://www.pinnacle.com/en/football/nfl/kansas-city-chiefs-vs-las-vegas-raiders/1621493632/#all,2025-12-29T09:31:04.140303,
Total – Game,Under 34,2.140,2026-01-04,https://www.pinnacle.com/en/football/nfl/kansas-city-chiefs-vs-las-vegas-raiders/1621493632/#all,2025-12-29T09:31:04.140303,
Total – Game,Over 34.5,1.806,2026-01-04,https://www.pinnacle.com/en/football/nfl/kansas-city-chiefs-vs-las-vegas-raiders/1621493632/#all,2025-12-29T09:31:04.140303,
Total – Game,Under 34.5,2.070,2026-01-04,https://www.pinnacle.com/en/football/nfl/kansas-city-chiefs-vs-las-vegas-raiders/1621493632/#all,2025-12-29T09:31:04.140303,
Total – Game,Over 35,1.862,2026-01-04,https://www.pinnacle.com/en/football/nfl/kansas-city-chiefs-vs-las-vegas-raiders/1621493632/#all,2025-12-29T09:31:04.140303,
Total – Game,Under 35,1.990,2026-01-04,https://www.pinnacle.com/en/football/nfl/kansas-city-chiefs-vs-las-vegas-raiders/1621493632/#all,2025-12-29T09:31:04.140303,
Total – Game,Over 35.5,1.943,2026-01-04,https://www.pinnacle.com/en/football/nfl/kansas-city-chiefs-vs-las-vegas-raiders/1621493632/#all,2025-12-29T09:31:04.140303,
Total – Game,Under 35.5,1.925,2026-01-04,https://www.pinnacle.com/en/football/nfl/kansas-city-chiefs-vs-las-vegas-raiders/1621493632/#all,2025-12-29T09:31:04.140303,
Total – Game,Over 36,2.010,2026-01-04,https://www.pinnacle.com/en/football/nfl/kansas-city-chiefs-vs-las-vegas-raiders/1621493632/#all,2025-12-29T09:31:04.140303,
Total – Game,Under 36,1.847,2026-01-04,https://www.pinnacle.com/en/football/nfl/kansas-city-chiefs-vs-las-vegas-raiders/1621493632/#all,2025-12-29T09:31:04.140303,
Total – Game,Over 36.5,2.080,2026-01-04,https://www.pinnacle.com/en/football/nfl/kansas-city-chiefs-vs-las-vegas-raiders/1621493632/#all,2025-12-29T09:31:04.140303,
Total – Game,Under 36.5,1.793,2026-01-04,https://www.pinnacle.com/en/football/nfl/kansas-city-chiefs-vs-las-vegas-raiders/1621493632/#all,2025-12-29T09:31:04.140303,
Total – Game,Over 37,2.150,2026-01-04,https://www.pinnacle.com/en/football/nfl/kansas-city-chiefs-vs-las-vegas-raiders/1621493632/#all,2025-12-29T09:31:04.140303,
Total – Game,Under 37,1.740,2026-01-04,https://www.pinnacle.com/en/football/nfl/kansas-city-chiefs-vs-las-vegas-raiders/1621493632/#all,2025-12-29T09:31:04.140303,
Total – Game,Over 37.5,2.240,2026-01-04,https://www.pinnacle.com/en/football/nfl/kansas-city-chiefs-vs-las-vegas-raiders/1621493632/#all,2025-12-29T09:31:04.140303,
Total – Game,Under 37.5,1.689,2026-01-04,https://www.pinnacle.com/en/football/nfl/kansas-city-chiefs-vs-las-vegas-raiders/1621493632/#all,2025-12-29T09:31:04.140303,
Total – Game,Over 38,2.320,2026-01-04,https://www.pinnacle.com/en/football/nfl/kansas-city-chiefs-vs-las-vegas-raiders/1621493632/#all,2025-12-29T09:31:04.140303,
Total – Game,Under 38,1.645,2026-01-04,https://www.pinnacle.com/en/football/nfl/kansas-city-chiefs-vs-las-vegas-raiders/1621493632/#all,2025-12-29T09:31:04.140303,
Total – Game,Over 42.5,3.130,2026-01-04,https://www.pinnacle.com/en/football/nfl/kansas-city-chiefs-vs-las-vegas-raiders/1621493632/#all,2025-12-29T09:31:04.140303,
Total – Game,Under 42.5,1.377,2026-01-04,https://www.pinnacle.com/en/football/nfl/kansas-city-chiefs-vs-las-vegas-raiders/1621493632/#all,2025-12-29T09:31:04.140303,
Team Total – Game,Over 20.5,1.909,2026-01-04,https://www.pinnacle.com/en/football/nfl/kansas-city-chiefs-vs-las-vegas-raiders/1621493632/#all,2025-12-29T09:31:04.140782,
Team Total – Game,Under 20.5,1.943,2026-01-04,https://www.pinnacle.com/en/football/nfl/kansas-city-chiefs-vs-las-vegas-raiders/1621493632/#all,2025-12-29T09:31:04.140782,
Team Total – Game,Over 14.5,2.100,2026-01-04,https://www.pinnacle.com/en/football/nfl/kansas-city-chiefs-vs-las-vegas-raiders/1621493632/#all,2025-12-29T09:31:04.140782,
Team Total – Game,Under 14.5,1.781,2026-01-04,https://www.pinnacle.com/en/football/nfl/kansas-city-chiefs-vs-las-vegas-raiders/1621493632/#all,2025-12-29T09:31:04.140782,
Money Line – Game,Los Angeles Chargers,3.920,2026-01-04,https://www.pinnacle.com/en/football/nfl/los-angeles-chargers-vs-denver-broncos/1621502553/#all,2025-12-29T09:31:05.903732,
Money Line – Game,Denver Broncos,1.260,2026-01-04,https://www.pinnacle.com/en/football/nfl/los-angeles-chargers-vs-denver-broncos/1621502553/#all,2025-12-29T09:31:05.903732,
Handicap – Game,+3.5,2.610,2026-01-04,https://www.pinnacle.com/en/football/nfl/los-angeles-chargers-vs-denver-broncos/1621502553/#all,2025-12-29T09:31:05.904819,
Handicap – Game,-3.5,1.500,2026-01-04,https://www.pinnacle.com/en/football/nfl/los-angeles-chargers-vs-denver-broncos/1621502553/#all,2025-12-29T09:31:05.904819,
Handicap – Game,+5.0,2.400,2026-01-04,https://www.pinnacle.com/en/football/nfl/los-angeles-chargers-vs-denver-broncos/1621502553/#all,2025-12-29T09:31:05.904819,
Handicap – Game,-5.0,1.584,2026-01-04,https://www.pinnacle.com/en/football/nfl/los-angeles-chargers-vs-denver-broncos/1621502553/#all,2025-12-29T09:31:05.904819,
Handicap – Game,+5.5,2.340,2026-01-04,https://www.pinnacle.com/en/football/nfl/los-angeles-chargers-vs-denver-broncos/1621502553/#all,2025-12-29T09:31:05.904819,
Handicap – Game,-5.5,1.609,2026-01-04,https://www.pinnacle.com/en/football/nfl/los-angeles-chargers-vs-denver-broncos/1621502553/#all,2025-12-29T09:31:05.904819,
Handicap – Game,+6.0,2.270,2026-01-04,https://www.pinnacle.com/en/football/nfl/los-angeles-chargers-vs-denver-broncos/1621502553/#all,2025-12-29T09:31:05.904819,
Handicap – Game,-6.0,1.649,2026-01-04,https://www.pinnacle.com/en/football/nfl/los-angeles-chargers-vs-denver-broncos/1621502553/#all,2025-12-29T09:31:05.904819,
Handicap – Game,+6.5,2.180,2026-01-04,https://www.pinnacle.com/en/football/nfl/los-angeles-chargers-vs-denver-broncos/1621502553/#all,2025-12-29T09:31:05.904819,
Handicap – Game,-6.5,1.709,2026-01-04,https://www.pinnacle.com/en/football/nfl/los-angeles-chargers-vs-denver-broncos/1621502553/#all,2025-12-29T09:31:05.904819,
Handicap – Game,+7.0,2.040,2026-01-04,https://www.pinnacle.com/en/football/nfl/los-angeles-chargers-vs-denver-broncos/1621502553/#all,2025-12-29T09:31:05.904819,
Handicap – Game,-7.0,1.819,2026-01-04,https://www.pinnacle.com/en/football/nfl/los-angeles-chargers-vs-denver-broncos/1621502553/#all,2025-12-29T09:31:05.904819,
Handicap – Game,+7.5,1.900,2026-01-04,https://www.pinnacle.com/en/football/nfl/los-angeles-chargers-vs-denver-broncos/1621502553/#all,2025-12-29T09:31:05.904819,
Handicap – Game,-7.5,1.952,2026-01-04,https://www.pinnacle.com/en/football/nfl/los-angeles-chargers-vs-denver-broncos/1621502553/#all,2025-12-29T09:31:05.904819,
Handicap – Game,+8.0,1.847,2026-01-04,https://www.pinnacle.com/en/football/nfl/los-angeles-chargers-vs-denver-broncos/1621502553/#all,2025-12-29T09:31:05.904819,
Handicap – Game,-8.0,2.000,2026-01-04,https://www.pinnacle.com/en/football/nfl/los-angeles-chargers-vs-denver-broncos/1621502553/#all,2025-12-29T09:31:05.904819,
Handicap – Game,+8.5,1.800,2026-01-04,https://www.pinnacle.com/en/football/nfl/los-angeles-chargers-vs-denver-broncos/1621502553/#all,2025-12-29T09:31:05.904819,
Handicap – Game,-8.5,2.050,2026-01-04,https://www.pinnacle.com/en/football/nfl/los-angeles-chargers-vs-denver-broncos/1621502553/#all,2025-12-29T09:31:05.904819,
Handicap – Game,+9.0,1.763,2026-01-04,https://www.pinnacle.com/en/football/nfl/los-angeles-chargers-vs-denver-broncos/1621502553/#all,2025-12-29T09:31:05.904819,
Handicap – Game,-9.0,2.090,2026-01-04,https://www.pinnacle.com/en/football/nfl/los-angeles-chargers-vs-denver-broncos/1621502553/#all,2025-12-29T09:31:05.904819,
Handicap – Game,+9.5,1.735,2026-01-04,https://www.pinnacle.com/en/football/nfl/los-angeles-chargers-vs-denver-broncos/1621502553/#all,2025-12-29T09:31:05.904819,
Handicap – Game,-9.5,2.130,2026-01-04,https://www.pinnacle.com/en/football/nfl/los-angeles-chargers-vs-denver-broncos/1621502553/#all,2025-12-29T09:31:05.904819,
Handicap – Game,+10.0,1.649,2026-01-04,https://www.pinnacle.com/en/football/nfl/los-angeles-chargers-vs-denver-broncos/1621502553/#all,2025-12-29T09:31:05.904819,
Handicap – Game,-10.0,2.270,2026-01-04,https://www.pinnacle.com/en/football/nfl/los-angeles-chargers-vs-denver-broncos/1621502553/#all,2025-12-29T09:31:05.904819,
Handicap – Game,+14.5,1.315,2026-01-04,https://www.pinnacle.com/en/football/nfl/los-angeles-chargers-vs-denver-broncos/1621502553/#all,2025-12-29T09:31:05.904819,
Handicap – Game,-14.5,3.390,2026-01-04,https://www.pinnacle.com/en/football/nfl/los-angeles-chargers-vs-denver-broncos/1621502553/#all,2025-12-29T09:31:05.904819,
Total – Game,Over 32.5,1.406,2026-01-04,https://www.pinnacle.com/en/football/nfl/los-angeles-chargers-vs-denver-broncos/1621502553/#all,2025-12-29T09:31:05.905803,
Total – Game,Under 32.5,2.960,2026-01-04,https://www.pinnacle.com/en/football/nfl/los-angeles-chargers-vs-denver-broncos/1621502553/#all,2025-12-29T09:31:05.905803,
Total – Game,Over 36.5,1.636,2026-01-04,https://www.pinnacle.com/en/football/nfl/los-angeles-chargers-vs-denver-broncos/1621502553/#all,2025-12-29T09:31:05.905803,
Total – Game,Under 36.5,2.310,2026-01-04,https://www.pinnacle.com/en/football/nfl/los-angeles-chargers-vs-denver-broncos/1621502553/#all,2025-12-29T09:31:05.905803,
Total – Game,Over 37,1.680,2026-01-04,https://www.pinnacle.com/en/football/nfl/los-angeles-chargers-vs-denver-broncos/1621502553/#all,2025-12-29T09:31:05.905803,
Total – Game,Under 37,2.230,2026-01-04,https://www.pinnacle.com/en/football/nfl/los-angeles-chargers-vs-denver-broncos/1621502553/#all,2025-12-29T09:31:05.905803,
Total – Game,Over 37.5,1.729,2026-01-04,https://www.pinnacle.com/en/football/nfl/los-angeles-chargers-vs-denver-broncos/1621502553/#all,2025-12-29T09:31:05.905803,
Total – Game,Under 37.5,2.150,2026-01-04,https://www.pinnacle.com/en/football/nfl/los-angeles-chargers-vs-denver-broncos/1621502553/#all,2025-12-29T09:31:05.905803,
Total – Game,Over 38,1.781,2026-01-04,https://www.pinnacle.com/en/football/nfl/los-angeles-chargers-vs-denver-broncos/1621502553/#all,2025-12-29T09:31:05.905803,
Total – Game,Under 38,2.070,2026-01-04,https://www.pinnacle.com/en/football/nfl/los-angeles-chargers-vs-denver-broncos/1621502553/#all,2025-12-29T09:31:05.905803,
Total – Game,Over 38.5,1.840,2026-01-04,https://www.pinnacle.com/en/football/nfl/los-angeles-chargers-vs-denver-broncos/1621502553/#all,2025-12-29T09:31:05.905803,
Total – Game,Under 38.5,2.000,2026-01-04,https://www.pinnacle.com/en/football/nfl/los-angeles-chargers-vs-denver-broncos/1621502553/#all,2025-12-29T09:31:05.905803,
Total – Game,Over 39,1.917,2026-01-04,https://www.pinnacle.com/en/football/nfl/los-angeles-chargers-vs-denver-broncos/1621502553/#all,2025-12-29T09:31:05.905803,
Total – Game,Under 39,1.934,2026-01-04,https://www.pinnacle.com/en/football/nfl/los-angeles-chargers-vs-denver-broncos/1621502553/#all,2025-12-29T09:31:05.905803,
Total – Game,Over 39.5,1.980,2026-01-04,https://www.pinnacle.com/en/football/nfl/los-angeles-chargers-vs-denver-broncos/1621502553/#all,2025-12-29T09:31:05.905803,
Total – Game,Under 39.5,1.854,2026-01-04,https://www.pinnacle.com/en/football/nfl/los-angeles-chargers-vs-denver-broncos/1621502553/#all,2025-12-29T09:31:05.905803,
Total – Game,Over 40,2.050,2026-01-04,https://www.pinnacle.com/en/football/nfl/los-angeles-chargers-vs-denver-broncos/1621502553/#all,2025-12-29T09:31:05.905803,
Total – Game,Under 40,1.800,2026-01-04,https://www.pinnacle.com/en/football/nfl/los-angeles-chargers-vs-denver-broncos/1621502553/#all,2025-12-29T09:31:05.905803,
Total – Game,Over 40.5,2.120,2026-01-04,https://www.pinnacle.com/en/football/nfl/los-angeles-chargers-vs-denver-broncos/1621502553/#all,2025-12-29T09:31:05.905803,
Total – Game,Under 40.5,1.746,2026-01-04,https://www.pinnacle.com/en/football/nfl/los-angeles-chargers-vs-denver-broncos/1621502553/#all,2025-12-29T09:31:05.905803,
Total – Game,Over 41,2.200,2026-01-04,https://www.pinnacle.com/en/football/nfl/los-angeles-chargers-vs-denver-broncos/1621502553/#all,2025-12-29T09:31:05.905803,
Total – Game,Under 41,1.694,2026-01-04,https://www.pinnacle.com/en/football/nfl/los-angeles-chargers-vs-denver-broncos/1621502553/#all,2025-12-29T09:31:05.905803,
Total – Game,Over 41.5,2.280,2026-01-04,https://www.pinnacle.com/en/football/nfl/los-angeles-chargers-vs-denver-broncos/1621502553/#all,2025-12-29T09:31:05.905803,
Total – Game,Under 41.5,1.649,2026-01-04,https://www.pinnacle.com/en/football/nfl/los-angeles-chargers-vs-denver-broncos/1621502553/#all,2025-12-29T09:31:05.905803,
Total – Game,Over 45.5,3.080,2026-01-04,https://www.pinnacle.com/en/football/nfl/los-angeles-chargers-vs-denver-broncos/1621502553/#all,2025-12-29T09:31:05.905803,
Total – Game,Under 45.5,1.378,2026-01-04,https://www.pinnacle.com/en/football/nfl/los-angeles-chargers-vs-denver-broncos/1621502553/#all,2025-12-29T09:31:05.905803,
Team Total – Game,Over 14.5,1.961,2026-01-04,https://www.pinnacle.com/en/football/nfl/los-angeles-chargers-vs-denver-broncos/1621502553/#all,2025-12-29T09:31:05.906183,
Team Total – Game,Under 14.5,1.892,2026-01-04,https://www.pinnacle.com/en/football/nfl/los-angeles-chargers-vs-denver-broncos/1621502553/#all,2025-12-29T09:31:05.906183,
Team Total – Game,Over 23.5,1.917,2026-01-04,https://www.pinnacle.com/en/football/nfl/los-angeles-chargers-vs-denver-broncos/1621502553/#all,2025-12-29T09:31:05.906183,
Team Total – Game,Under 23.5,1.934,2026-01-04,https://www.pinnacle.com/en/football/nfl/los-angeles-chargers-vs-denver-broncos/1621502553/#all,2025-12-29T09:31:05.906183,
Money Line – Game,New York Jets,4.620,2026-01-04,https://www.pinnacle.com/en/football/nfl/new-york-jets-vs-buffalo-bills/1621502555/#all,2025-12-29T09:31:07.718366,
Money Line – Game,Buffalo Bills,1.199,2026-01-04,https://www.pinnacle.com/en/football/nfl/new-york-jets-vs-buffalo-bills/1621502555/#all,2025-12-29T09:31:07.718366,
Handicap – Game,+3.5,2.930,2026-01-04,https://www.pinnacle.com/en/football/nfl/new-york-jets-vs-buffalo-bills/1621502555/#all,2025-12-29T09:31:07.719611,
Handicap – Game,-3.5,1.408,2026-01-04,https://www.pinnacle.com/en/football/nfl/new-york-jets-vs-buffalo-bills/1621502555/#all,2025-12-29T09:31:07.719611,
Handicap – Game,+6.5,2.370,2026-01-04,https://www.pinnacle.com/en/football/nfl/new-york-jets-vs-buffalo-bills/1621502555/#all,2025-12-29T09:31:07.719611,
Handicap – Game,-6.5,1.598,2026-01-04,https://www.pinnacle.com/en/football/nfl/new-york-jets-vs-buffalo-bills/1621502555/#all,2025-12-29T09:31:07.719611,
Handicap – Game,+7.0,2.220,2026-01-04,https://www.pinnacle.com/en/football/nfl/new-york-jets-vs-buffalo-bills/1621502555/#all,2025-12-29T09:31:07.719611,
Handicap – Game,-7.0,1.675,2026-01-04,https://www.pinnacle.com/en/football/nfl/new-york-jets-vs-buffalo-bills/1621502555/#all,2025-12-29T09:31:07.719611,
Handicap – Game,+7.5,2.050,2026-01-04,https://www.pinnacle.com/en/football/nfl/new-york-jets-vs-buffalo-bills/1621502555/#all,2025-12-29T09:31:07.719611,
Handicap – Game,-7.5,1.793,2026-01-04,https://www.pinnacle.com/en/football/nfl/new-york-jets-vs-buffalo-bills/1621502555/#all,2025-12-29T09:31:07.719611,
Handicap – Game,+8.0,2.000,2026-01-04,https://www.pinnacle.com/en/football/nfl/new-york-jets-vs-buffalo-bills/1621502555/#all,2025-12-29T09:31:07.719611,
Handicap – Game,-8.0,1.840,2026-01-04,https://www.pinnacle.com/en/football/nfl/new-york-jets-vs-buffalo-bills/1621502555/#all,2025-12-29T09:31:07.719611,
Handicap – Game,+8.5,1.961,2026-01-04,https://www.pinnacle.com/en/football/nfl/new-york-jets-vs-buffalo-bills/1621502555/#all,2025-12-29T09:31:07.719611,
Handicap – Game,-8.5,1.884,2026-01-04,https://www.pinnacle.com/en/football/nfl/new-york-jets-vs-buffalo-bills/1621502555/#all,2025-12-29T09:31:07.719611,
Handicap – Game,+9.0,1.934,2026-01-04,https://www.pinnacle.com/en/football/nfl/new-york-jets-vs-buffalo-bills/1621502555/#all,2025-12-29T09:31:07.719611,
Handicap – Game,-9.0,1.917,2026-01-04,https://www.pinnacle.com/en/football/nfl/new-york-jets-vs-buffalo-bills/1621502555/#all,2025-12-29T09:31:07.719611,
Handicap – Game,+9.5,1.900,2026-01-04,https://www.pinnacle.com/en/football/nfl/new-york-jets-vs-buffalo-bills/1621502555/#all,2025-12-29T09:31:07.719611,
Handicap – Game,-9.5,1.943,2026-01-04,https://www.pinnacle.com/en/football/nfl/new-york-jets-vs-buffalo-bills/1621502555/#all,2025-12-29T09:31:07.719611,
Handicap – Game,+10.0,1.819,2026-01-04,https://www.pinnacle.com/en/football/nfl/new-york-jets-vs-buffalo-bills/1621502555/#all,2025-12-29T09:31:07.719611,
Handicap – Game,-10.0,2.020,2026-01-04,https://www.pinnacle.com/en/football/nfl/new-york-jets-vs-buffalo-bills/1621502555/#all,2025-12-29T09:31:07.719611,
Handicap – Game,+10.5,1.751,2026-01-04,https://www.pinnacle.com/en/football/nfl/new-york-jets-vs-buffalo-bills/1621502555/#all,2025-12-29T09:31:07.719611,
Handicap – Game,-10.5,2.100,2026-01-04,https://www.pinnacle.com/en/football/nfl/new-york-jets-vs-buffalo-bills/1621502555/#all,2025-12-29T09:31:07.719611,
Handicap – Game,+11.0,1.714,2026-01-04,https://www.pinnacle.com/en/football/nfl/new-york-jets-vs-buffalo-bills/1621502555/#all,2025-12-29T09:31:07.719611,
Handicap – Game,-11.0,2.160,2026-01-04,https://www.pinnacle.com/en/football/nfl/new-york-jets-vs-buffalo-bills/1621502555/#all,2025-12-29T09:31:07.719611,
Handicap – Game,+11.5,1.680,2026-01-04,https://www.pinnacle.com/en/football/nfl/new-york-jets-vs-buffalo-bills/1621502555/#all,2025-12-29T09:31:07.719611,
Handicap – Game,-11.5,2.210,2026-01-04,https://www.pinnacle.com/en/football/nfl/new-york-jets-vs-buffalo-bills/1621502555/#all,2025-12-29T09:31:07.719611,
Handicap – Game,+17.5,1.302,2026-01-04,https://www.pinnacle.com/en/football/nfl/new-york-jets-vs-buffalo-bills/1621502555/#all,2025-12-29T09:31:07.719611,
Handicap – Game,-17.5,3.480,2026-01-04,https://www.pinnacle.com/en/football/nfl/new-york-jets-vs-buffalo-bills/1621502555/#all,2025-12-29T09:31:07.719611,
Total – Game,Over 32.5,1.404,2026-01-04,https://www.pinnacle.com/en/football/nfl/new-york-jets-vs-buffalo-bills/1621502555/#all,2025-12-29T09:31:07.720636,
Total – Game,Under 32.5,2.960,2026-01-04,https://www.pinnacle.com/en/football/nfl/new-york-jets-vs-buffalo-bills/1621502555/#all,2025-12-29T09:31:07.720636,
Total – Game,Over 37,1.666,2026-01-04,https://www.pinnacle.com/en/football/nfl/new-york-jets-vs-buffalo-bills/1621502555/#all,2025-12-29T09:31:07.720636,
Total – Game,Under 37,2.250,2026-01-04,https://www.pinnacle.com/en/football/nfl/new-york-jets-vs-buffalo-bills/1621502555/#all,2025-12-29T09:31:07.720636,
Total – Game,Over 37.5,1.714,2026-01-04,https://www.pinnacle.com/en/football/nfl/new-york-jets-vs-buffalo-bills/1621502555/#all,2025-12-29T09:31:07.720636,
Total – Game,Under 37.5,2.180,2026-01-04,https://www.pinnacle.com/en/football/nfl/new-york-jets-vs-buffalo-bills/1621502555/#all,2025-12-29T09:31:07.720636,
Total – Game,Over 38,1.763,2026-01-04,https://www.pinnacle.com/en/football/nfl/new-york-jets-vs-buffalo-bills/1621502555/#all,2025-12-29T09:31:07.720636,
Total – Game,Under 38,2.100,2026-01-04,https://www.pinnacle.com/en/football/nfl/new-york-jets-vs-buffalo-bills/1621502555/#all,2025-12-29T09:31:07.720636,
Total – Game,Over 38.5,1.819,2026-01-04,https://www.pinnacle.com/en/football/nfl/new-york-jets-vs-buffalo-bills/1621502555/#all,2025-12-29T09:31:07.720636,
Total – Game,Under 38.5,2.030,2026-01-04,https://www.pinnacle.com/en/football/nfl/new-york-jets-vs-buffalo-bills/1621502555/#all,2025-12-29T09:31:07.720636,
Total – Game,Over 39,1.877,2026-01-04,https://www.pinnacle.com/en/football/nfl/new-york-jets-vs-buffalo-bills/1621502555/#all,2025-12-29T09:31:07.720636,
Total – Game,Under 39,1.961,2026-01-04,https://www.pinnacle.com/en/football/nfl/new-york-jets-vs-buffalo-bills/1621502555/#all,2025-12-29T09:31:07.720636,
Total – Game,Over 39.5,1.961,2026-01-04,https://www.pinnacle.com/en/football/nfl/new-york-jets-vs-buffalo-bills/1621502555/#all,2025-12-29T09:31:07.720636,
Total – Game,Under 39.5,1.892,2026-01-04,https://www.pinnacle.com/en/football/nfl/new-york-jets-vs-buffalo-bills/1621502555/#all,2025-12-29T09:31:07.720636,
Total – Game,Over 40,2.020,2026-01-04,https://www.pinnacle.com/en/football/nfl/new-york-jets-vs-buffalo-bills/1621502555/#all,2025-12-29T09:31:07.720636,
Total – Game,Under 40,1.819,2026-01-04,https://www.pinnacle.com/en/football/nfl/new-york-jets-vs-buffalo-bills/1621502555/#all,2025-12-29T09:31:07.720636,
Total – Game,Over 40.5,2.100,2026-01-04,https://www.pinnacle.com/en/football/nfl/new-york-jets-vs-buffalo-bills/1621502555/#all,2025-12-29T09:31:07.720636,
Total – Game,Under 40.5,1.763,2026-01-04,https://www.pinnacle.com/en/football/nfl/new-york-jets-vs-buffalo-bills/1621502555/#all,2025-12-29T09:31:07.720636,
Total – Game,Over 41,2.170,2026-01-04,https://www.pinnacle.com/en/football/nfl/new-york-jets-vs-buffalo-bills/1621502555/#all,2025-12-29T09:31:07.720636,
Total – Game,Under 41,1.714,2026-01-04,https://www.pinnacle.com/en/football/nfl/new-york-jets-vs-buffalo-bills/1621502555/#all,2025-12-29T09:31:07.720636,
Total – Game,Over 41.5,2.260,2026-01-04,https://www.pinnacle.com/en/football/nfl/new-york-jets-vs-buffalo-bills/1621502555/#all,2025-12-29T09:31:07.720636,
Total – Game,Under 41.5,1.662,2026-01-04,https://www.pinnacle.com/en/football/nfl/new-york-jets-vs-buffalo-bills/1621502555/#all,2025-12-29T09:31:07.720636,
Total – Game,Over 42,2.340,2026-01-04,https://www.pinnacle.com/en/football/nfl/new-york-jets-vs-buffalo-bills/1621502555/#all,2025-12-29T09:31:07.720636,
Total – Game,Under 42,1.621,2026-01-04,https://www.pinnacle.com/en/football/nfl/new-york-jets-vs-buffalo-bills/1621502555/#all,2025-12-29T09:31:07.720636,
Total – Game,Over 46.5,3.150,2026-01-04,https://www.pinnacle.com/en/football/nfl/new-york-jets-vs-buffalo-bills/1621502555/#all,2025-12-29T09:31:07.720636,
Total – Game,Under 46.5,1.363,2026-01-04,https://www.pinnacle.com/en/football/nfl/new-york-jets-vs-buffalo-bills/1621502555/#all,2025-12-29T09:31:07.720636,
Team Total – Game,Over 13.5,1.787,2026-01-04,https://www.pinnacle.com/en/football/nfl/new-york-jets-vs-buffalo-bills/1621502555/#all,2025-12-29T09:31:07.721140,
Team Total – Game,Under 13.5,2.090,2026-01-04,https://www.pinnacle.com/en/football/nfl/new-york-jets-vs-buffalo-bills/1621502555/#all,2025-12-29T09:31:07.721140,
Team Total – Game,Over 25.5,2.050,2026-01-04,https://www.pinnacle.com/en/football/nfl/new-york-jets-vs-buffalo-bills/1621502555/#all,2025-12-29T09:31:07.721140,
Team Total – Game,Under 25.5,1.813,2026-01-04,https://www.pinnacle.com/en/football/nfl/new-york-jets-vs-buffalo-bills/1621502555/#all,2025-12-29T09:31:07.721140,
Money Line – Game,Detroit Lions,2.250,2026-01-04,https://www.pinnacle.com/en/football/nfl/detroit-lions-vs-chicago-bears/1621502556/#all,2025-12-29T09:31:09.412642,
Money Line – Game,Chicago Bears,1.680,2026-01-04,https://www.pinnacle.com/en/football/nfl/detroit-lions-vs-chicago-bears/1621502556/#all,2025-12-29T09:31:09.412642,
Handicap – Game,-3.5,2.920,2026-01-04,https://www.pinnacle.com/en/football/nfl/detroit-lions-vs-chicago-bears/1621502556/#all,2025-12-29T09:31:09.413947,
Handicap – Game,+3.5,1.409,2026-01-04,https://www.pinnacle.com/en/football/nfl/detroit-lions-vs-chicago-bears/1621502556/#all,2025-12-29T09:31:09.413947,
Handicap – Game,-1.5,2.330,2026-01-04,https://www.pinnacle.com/en/football/nfl/detroit-lions-vs-chicago-bears/1621502556/#all,2025-12-29T09:31:09.413947,
Handicap – Game,+1.5,1.617,2026-01-04,https://www.pinnacle.com/en/football/nfl/detroit-lions-vs-chicago-bears/1621502556/#all,2025-12-29T09:31:09.413947,
Handicap – Game,-1.0,2.290,2026-01-04,https://www.pinnacle.com/en/football/nfl/detroit-lions-vs-chicago-bears/1621502556/#all,2025-12-29T09:31:09.413947,
Handicap – Game,+1.0,1.641,2026-01-04,https://www.pinnacle.com/en/football/nfl/detroit-lions-vs-chicago-bears/1621502556/#all,2025-12-29T09:31:09.413947,
Handicap – Game,+1.0,2.160,2026-01-04,https://www.pinnacle.com/en/football/nfl/detroit-lions-vs-chicago-bears/1621502556/#all,2025-12-29T09:31:09.413947,
Handicap – Game,-1.0,1.714,2026-01-04,https://www.pinnacle.com/en/football/nfl/detroit-lions-vs-chicago-bears/1621502556/#all,2025-12-29T09:31:09.413947,
Handicap – Game,+1.5,2.080,2026-01-04,https://www.pinnacle.com/en/football/nfl/detroit-lions-vs-chicago-bears/1621502556/#all,2025-12-29T09:31:09.413947,
Handicap – Game,-1.5,1.781,2026-01-04,https://www.pinnacle.com/en/football/nfl/detroit-lions-vs-chicago-bears/1621502556/#all,2025-12-29T09:31:09.413947,
Handicap – Game,+2.0,2.020,2026-01-04,https://www.pinnacle.com/en/football/nfl/detroit-lions-vs-chicago-bears/1621502556/#all,2025-12-29T09:31:09.413947,
Handicap – Game,-2.0,1.833,2026-01-04,https://www.pinnacle.com/en/football/nfl/detroit-lions-vs-chicago-bears/1621502556/#all,2025-12-29T09:31:09.413947,
Handicap – Game,+2.5,1.961,2026-01-04,https://www.pinnacle.com/en/football/nfl/detroit-lions-vs-chicago-bears/1621502556/#all,2025-12-29T09:31:09.413947,
Handicap – Game,-2.5,1.892,2026-01-04,https://www.pinnacle.com/en/football/nfl/detroit-lions-vs-chicago-bears/1621502556/#all,2025-12-29T09:31:09.413947,
Handicap – Game,+3.0,1.800,2026-01-04,https://www.pinnacle.com/en/football/nfl/detroit-lions-vs-chicago-bears/1621502556/#all,2025-12-29T09:31:09.413947,
Handicap – Game,-3.0,2.060,2026-01-04,https://www.pinnacle.com/en/football/nfl/detroit-lions-vs-chicago-bears/1621502556/#all,2025-12-29T09:31:09.413947,
Handicap – Game,+3.5,1.675,2026-01-04,https://www.pinnacle.com/en/football/nfl/detroit-lions-vs-chicago-bears/1621502556/#all,2025-12-29T09:31:09.413947,
Handicap – Game,-3.5,2.230,2026-01-04,https://www.pinnacle.com/en/football/nfl/detroit-lions-vs-chicago-bears/1621502556/#all,2025-12-29T09:31:09.413947,
Handicap – Game,+4.0,1.628,2026-01-04,https://www.pinnacle.com/en/football/nfl/detroit-lions-vs-chicago-bears/1621502556/#all,2025-12-29T09:31:09.413947,
Handicap – Game,-4.0,2.310,2026-01-04,https://www.pinnacle.com/en/football/nfl/detroit-lions-vs-chicago-bears/1621502556/#all,2025-12-29T09:31:09.413947,
Handicap – Game,+4.5,1.598,2026-01-04,https://www.pinnacle.com/en/football/nfl/detroit-lions-vs-chicago-bears/1621502556/#all,2025-12-29T09:31:09.413947,
Handicap – Game,-4.5,2.370,2026-01-04,https://www.pinnacle.com/en/football/nfl/detroit-lions-vs-chicago-bears/1621502556/#all,2025-12-29T09:31:09.413947,
Handicap – Game,+5.0,1.568,2026-01-04,https://www.pinnacle.com/en/football/nfl/detroit-lions-vs-chicago-bears/1621502556/#all,2025-12-29T09:31:09.413947,
Handicap – Game,-5.0,2.440,2026-01-04,https://www.pinnacle.com/en/football/nfl/detroit-lions-vs-chicago-bears/1621502556/#all,2025-12-29T09:31:09.413947,
Handicap – Game,+7.5,1.364,2026-01-04,https://www.pinnacle.com/en/football/nfl/detroit-lions-vs-chicago-bears/1621502556/#all,2025-12-29T09:31:09.413947,
Handicap – Game,-7.5,3.120,2026-01-04,https://www.pinnacle.com/en/football/nfl/detroit-lions-vs-chicago-bears/1621502556/#all,2025-12-29T09:31:09.413947,
Total – Game,Over 42.5,1.363,2026-01-04,https://www.pinnacle.com/en/football/nfl/detroit-lions-vs-chicago-bears/1621502556/#all,2025-12-29T09:31:09.414965,
Total – Game,Under 42.5,3.150,2026-01-04,https://www.pinnacle.com/en/football/nfl/detroit-lions-vs-chicago-bears/1621502556/#all,2025-12-29T09:31:09.414965,
Total – Game,Over 47,1.641,2026-01-04,https://www.pinnacle.com/en/football/nfl/detroit-lions-vs-chicago-bears/1621502556/#all,2025-12-29T09:31:09.414965,
Total – Game,Under 47,2.300,2026-01-04,https://www.pinnacle.com/en/football/nfl/detroit-lions-vs-chicago-bears/1621502556/#all,2025-12-29T09:31:09.414965,
Total – Game,Over 47.5,1.684,2026-01-04,https://www.pinnacle.com/en/football/nfl/detroit-lions-vs-chicago-bears/1621502556/#all,2025-12-29T09:31:09.414965,
Total – Game,Under 47.5,2.220,2026-01-04,https://www.pinnacle.com/en/football/nfl/detroit-lions-vs-chicago-bears/1621502556/#all,2025-12-29T09:31:09.414965,
Total – Game,Over 48,1.735,2026-01-04,https://www.pinnacle.com/en/football/nfl/detroit-lions-vs-chicago-bears/1621502556/#all,2025-12-29T09:31:09.414965,
Total – Game,Under 48,2.140,2026-01-04,https://www.pinnacle.com/en/football/nfl/detroit-lions-vs-chicago-bears/1621502556/#all,2025-12-29T09:31:09.414965,
Total – Game,Over 48.5,1.787,2026-01-04,https://www.pinnacle.com/en/football/nfl/detroit-lions-vs-chicago-bears/1621502556/#all,2025-12-29T09:31:09.414965,
Total – Game,Under 48.5,2.070,2026-01-04,https://www.pinnacle.com/en/football/nfl/detroit-lions-vs-chicago-bears/1621502556/#all,2025-12-29T09:31:09.414965,
Total – Game,Over 49,1.847,2026-01-04,https://www.pinnacle.com/en/football/nfl/detroit-lions-vs-chicago-bears/1621502556/#all,2025-12-29T09:31:09.414965,
Total – Game,Under 49,2.000,2026-01-04,https://www.pinnacle.com/en/football/nfl/detroit-lions-vs-chicago-bears/1621502556/#all,2025-12-29T09:31:09.414965,
Total – Game,Over 49.5,1.917,2026-01-04,https://www.pinnacle.com/en/football/nfl/detroit-lions-vs-chicago-bears/1621502556/#all,2025-12-29T09:31:09.414965,
Total – Game,Under 49.5,1.934,2026-01-04,https://www.pinnacle.com/en/football/nfl/detroit-lions-vs-chicago-bears/1621502556/#all,2025-12-29T09:31:09.414965,
Total – Game,Over 50,1.980,2026-01-04,https://www.pinnacle.com/en/football/nfl/detroit-lions-vs-chicago-bears/1621502556/#all,2025-12-29T09:31:09.414965,
Total – Game,Under 50,1.854,2026-01-04,https://www.pinnacle.com/en/football/nfl/detroit-lions-vs-chicago-bears/1621502556/#all,2025-12-29T09:31:09.414965,
Total – Game,Over 50.5,2.060,2026-01-04,https://www.pinnacle.com/en/football/nfl/detroit-lions-vs-chicago-bears/1621502556/#all,2025-12-29T09:31:09.414965,
Total – Game,Under 50.5,1.793,2026-01-04,https://www.pinnacle.com/en/football/nfl/detroit-lions-vs-chicago-bears/1621502556/#all,2025-12-29T09:31:09.414965,
Total – Game,Over 51,2.130,2026-01-04,https://www.pinnacle.com/en/football/nfl/detroit-lions-vs-chicago-bears/1621502556/#all,2025-12-29T09:31:09.414965,
Total – Game,Under 51,1.740,2026-01-04,https://www.pinnacle.com/en/football/nfl/detroit-lions-vs-chicago-bears/1621502556/#all,2025-12-29T09:31:09.414965,
Total – Game,Over 51.5,2.210,2026-01-04,https://www.pinnacle.com/en/football/nfl/detroit-lions-vs-chicago-bears/1621502556/#all,2025-12-29T09:31:09.414965,
Total – Game,Under 51.5,1.689,2026-01-04,https://www.pinnacle.com/en/football/nfl/detroit-lions-vs-chicago-bears/1621502556/#all,2025-12-29T09:31:09.414965,
Total – Game,Over 52,2.290,2026-01-04,https://www.pinnacle.com/en/football/nfl/detroit-lions-vs-chicago-bears/1621502556/#all,2025-12-29T09:31:09.414965,
Total – Game,Under 52,1.645,2026-01-04,https://www.pinnacle.com/en/football/nfl/detroit-lions-vs-chicago-bears/1621502556/#all,2025-12-29T09:31:09.414965,
Total – Game,Over 56.5,3.050,2026-01-04,https://www.pinnacle.com/en/football/nfl/detroit-lions-vs-chicago-bears/1621502556/#all,2025-12-29T09:31:09.414965,
Total – Game,Under 56.5,1.384,2026-01-04,https://www.pinnacle.com/en/football/nfl/detroit-lions-vs-chicago-bears/1621502556/#all,2025-12-29T09:31:09.414965,
Team Total – Game,Over 23.5,1.847,2026-01-04,https://www.pinnacle.com/en/football/nfl/detroit-lions-vs-chicago-bears/1621502556/#all,2025-12-29T09:31:09.415393,
Team Total – Game,Under 23.5,2.010,2026-01-04,https://www.pinnacle.com/en/football/nfl/detroit-lions-vs-chicago-bears/1621502556/#all,2025-12-29T09:31:09.415393,
Team Total – Game,Over 26.5,1.934,2026-01-04,https://www.pinnacle.com/en/football/nfl/detroit-lions-vs-chicago-bears/1621502556/#all,2025-12-29T09:31:09.415393,
Team Total – Game,Under 26.5,1.917,2026-01-04,https://www.pinnacle.com/en/football/nfl/detroit-lions-vs-chicago-bears/1621502556/#all,2025-12-29T09:31:09.415393,
Money Line – Game,Washington Commanders,4.000,2026-01-04,https://www.pinnacle.com/en/football/nfl/washington-commanders-vs-philadelphia-eagles/1621503969/#all,2025-12-29T09:31:11.242400,
Money Line – Game,Philadelphia Eagles,1.252,2026-01-04,https://www.pinnacle.com/en/football/nfl/washington-commanders-vs-philadelphia-eagles/1621503969/#all,2025-12-29T09:31:11.242400,
Handicap – Game,+3.5,2.830,2026-01-04,https://www.pinnacle.com/en/football/nfl/washington-commanders-vs-philadelphia-eagles/1621503969/#all,2025-12-29T09:31:11.243493,
Handicap – Game,-3.5,1.434,2026-01-04,https://www.pinnacle.com/en/football/nfl/washington-commanders-vs-philadelphia-eagles/1621503969/#all,2025-12-29T09:31:11.243493,
Handicap – Game,+5.0,2.550,2026-01-04,https://www.pinnacle.com/en/football/nfl/washington-commanders-vs-philadelphia-eagles/1621503969/#all,2025-12-29T09:31:11.243493,
Handicap – Game,-5.0,1.520,2026-01-04,https://www.pinnacle.com/en/football/nfl/washington-commanders-vs-philadelphia-eagles/1621503969/#all,2025-12-29T09:31:11.243493,
Handicap – Game,+5.5,2.470,2026-01-04,https://www.pinnacle.com/en/football/nfl/washington-commanders-vs-philadelphia-eagles/1621503969/#all,2025-12-29T09:31:11.243493,
Handicap – Game,-5.5,1.552,2026-01-04,https://www.pinnacle.com/en/football/nfl/washington-commanders-vs-philadelphia-eagles/1621503969/#all,2025-12-29T09:31:11.243493,
Handicap – Game,+6.0,2.390,2026-01-04,https://www.pinnacle.com/en/football/nfl/washington-commanders-vs-philadelphia-eagles/1621503969/#all,2025-12-29T09:31:11.243493,
Handicap – Game,-6.0,1.588,2026-01-04,https://www.pinnacle.com/en/football/nfl/washington-commanders-vs-philadelphia-eagles/1621503969/#all,2025-12-29T09:31:11.243493,
Handicap – Game,+6.5,2.290,2026-01-04,https://www.pinnacle.com/en/football/nfl/washington-commanders-vs-philadelphia-eagles/1621503969/#all,2025-12-29T09:31:11.243493,
Handicap – Game,-6.5,1.645,2026-01-04,https://www.pinnacle.com/en/football/nfl/washington-commanders-vs-philadelphia-eagles/1621503969/#all,2025-12-29T09:31:11.243493,
Handicap – Game,+7.0,2.160,2026-01-04,https://www.pinnacle.com/en/football/nfl/washington-commanders-vs-philadelphia-eagles/1621503969/#all,2025-12-29T09:31:11.243493,
Handicap – Game,-7.0,1.729,2026-01-04,https://www.pinnacle.com/en/football/nfl/washington-commanders-vs-philadelphia-eagles/1621503969/#all,2025-12-29T09:31:11.243493,
Handicap – Game,+7.5,2.010,2026-01-04,https://www.pinnacle.com/en/football/nfl/washington-commanders-vs-philadelphia-eagles/1621503969/#all,2025-12-29T09:31:11.243493,
Handicap – Game,-7.5,1.847,2026-01-04,https://www.pinnacle.com/en/football/nfl/washington-commanders-vs-philadelphia-eagles/1621503969/#all,2025-12-29T09:31:11.243493,
Handicap – Game,+8.0,1.961,2026-01-04,https://www.pinnacle.com/en/football/nfl/washington-commanders-vs-philadelphia-eagles/1621503969/#all,2025-12-29T09:31:11.243493,
Handicap – Game,-8.0,1.884,2026-01-04,https://www.pinnacle.com/en/football/nfl/washington-commanders-vs-philadelphia-eagles/1621503969/#all,2025-12-29T09:31:11.243493,
Handicap – Game,+8.5,1.909,2026-01-04,https://www.pinnacle.com/en/football/nfl/washington-commanders-vs-philadelphia-eagles/1621503969/#all,2025-12-29T09:31:11.243493,
Handicap – Game,-8.5,1.925,2026-01-04,https://www.pinnacle.com/en/football/nfl/washington-commanders-vs-philadelphia-eagles/1621503969/#all,2025-12-29T09:31:11.243493,
Handicap – Game,+9.0,1.877,2026-01-04,https://www.pinnacle.com/en/football/nfl/washington-commanders-vs-philadelphia-eagles/1621503969/#all,2025-12-29T09:31:11.243493,
Handicap – Game,-9.0,1.952,2026-01-04,https://www.pinnacle.com/en/football/nfl/washington-commanders-vs-philadelphia-eagles/1621503969/#all,2025-12-29T09:31:11.243493,
Handicap – Game,+9.5,1.847,2026-01-04,https://www.pinnacle.com/en/football/nfl/washington-commanders-vs-philadelphia-eagles/1621503969/#all,2025-12-29T09:31:11.243493,
Handicap – Game,-9.5,1.990,2026-01-04,https://www.pinnacle.com/en/football/nfl/washington-commanders-vs-philadelphia-eagles/1621503969/#all,2025-12-29T09:31:11.243493,
Handicap – Game,+10.0,1.775,2026-01-04,https://www.pinnacle.com/en/football/nfl/washington-commanders-vs-philadelphia-eagles/1621503969/#all,2025-12-29T09:31:11.243493,
Handicap – Game,-10.0,2.070,2026-01-04,https://www.pinnacle.com/en/football/nfl/washington-commanders-vs-philadelphia-eagles/1621503969/#all,2025-12-29T09:31:11.243493,
Handicap – Game,+14.5,1.414,2026-01-04,https://www.pinnacle.com/en/football/nfl/washington-commanders-vs-philadelphia-eagles/1621503969/#all,2025-12-29T09:31:11.243493,
Handicap – Game,-14.5,2.900,2026-01-04,https://www.pinnacle.com/en/football/nfl/washington-commanders-vs-philadelphia-eagles/1621503969/#all,2025-12-29T09:31:11.243493,
Total – Game,Over 35.5,1.373,2026-01-04,https://www.pinnacle.com/en/football/nfl/washington-commanders-vs-philadelphia-eagles/1621503969/#all,2025-12-29T09:31:11.244525,
Total – Game,Under 35.5,3.100,2026-01-04,https://www.pinnacle.com/en/football/nfl/washington-commanders-vs-philadelphia-eagles/1621503969/#all,2025-12-29T09:31:11.244525,
Total – Game,Over 40,1.649,2026-01-04,https://www.pinnacle.com/en/football/nfl/washington-commanders-vs-philadelphia-eagles/1621503969/#all,2025-12-29T09:31:11.244525,
Total – Game,Under 40,2.280,2026-01-04,https://www.pinnacle.com/en/football/nfl/washington-commanders-vs-philadelphia-eagles/1621503969/#all,2025-12-29T09:31:11.244525,
Total – Game,Over 40.5,1.694,2026-01-04,https://www.pinnacle.com/en/football/nfl/washington-commanders-vs-philadelphia-eagles/1621503969/#all,2025-12-29T09:31:11.244525,
Total – Game,Under 40.5,2.210,2026-01-04,https://www.pinnacle.com/en/football/nfl/washington-commanders-vs-philadelphia-eagles/1621503969/#all,2025-12-29T09:31:11.244525,
Total – Game,Over 41,1.746,2026-01-04,https://www.pinnacle.com/en/football/nfl/washington-commanders-vs-philadelphia-eagles/1621503969/#all,2025-12-29T09:31:11.244525,
Total – Game,Under 41,2.130,2026-01-04,https://www.pinnacle.com/en/football/nfl/washington-commanders-vs-philadelphia-eagles/1621503969/#all,2025-12-29T09:31:11.244525,
Total – Game,Over 41.5,1.793,2026-01-04,https://www.pinnacle.com/en/football/nfl/washington-commanders-vs-philadelphia-eagles/1621503969/#all,2025-12-29T09:31:11.244525,
Total – Game,Under 41.5,2.060,2026-01-04,https://www.pinnacle.com/en/football/nfl/washington-commanders-vs-philadelphia-eagles/1621503969/#all,2025-12-29T09:31:11.244525,
Total – Game,Over 42,1.854,2026-01-04,https://www.pinnacle.com/en/football/nfl/washington-commanders-vs-philadelphia-eagles/1621503969/#all,2025-12-29T09:31:11.244525,
Total – Game,Under 42,1.980,2026-01-04,https://www.pinnacle.com/en/football/nfl/washington-commanders-vs-philadelphia-eagles/1621503969/#all,2025-12-29T09:31:11.244525,
Total – Game,Over 42.5,1.934,2026-01-04,https://www.pinnacle.com/en/football/nfl/washington-commanders-vs-philadelphia-eagles/1621503969/#all,2025-12-29T09:31:11.244525,
Total – Game,Under 42.5,1.917,2026-01-04,https://www.pinnacle.com/en/football/nfl/washington-commanders-vs-philadelphia-eagles/1621503969/#all,2025-12-29T09:31:11.244525,
Total – Game,Over 43,2.000,2026-01-04,https://www.pinnacle.com/en/football/nfl/washington-commanders-vs-philadelphia-eagles/1621503969/#all,2025-12-29T09:31:11.244525,
Total – Game,Under 43,1.840,2026-01-04,https://www.pinnacle.com/en/football/nfl/washington-commanders-vs-philadelphia-eagles/1621503969/#all,2025-12-29T09:31:11.244525,
Total – Game,Over 43.5,2.070,2026-01-04,https://www.pinnacle.com/en/football/nfl/washington-commanders-vs-philadelphia-eagles/1621503969/#all,2025-12-29T09:31:11.244525,
Total – Game,Under 43.5,1.787,2026-01-04,https://www.pinnacle.com/en/football/nfl/washington-commanders-vs-philadelphia-eagles/1621503969/#all,2025-12-29T09:31:11.244525,
Total – Game,Over 44,2.140,2026-01-04,https://www.pinnacle.com/en/football/nfl/washington-commanders-vs-philadelphia-eagles/1621503969/#all,2025-12-29T09:31:11.244525,
Total – Game,Under 44,1.735,2026-01-04,https://www.pinnacle.com/en/football/nfl/washington-commanders-vs-philadelphia-eagles/1621503969/#all,2025-12-29T09:31:11.244525,
Total – Game,Over 44.5,2.220,2026-01-04,https://www.pinnacle.com/en/football/nfl/washington-commanders-vs-philadelphia-eagles/1621503969/#all,2025-12-29T09:31:11.244525,
Total – Game,Under 44.5,1.684,2026-01-04,https://www.pinnacle.com/en/football/nfl/washington-commanders-vs-philadelphia-eagles/1621503969/#all,2025-12-29T09:31:11.244525,
Total – Game,Over 45,2.300,2026-01-04,https://www.pinnacle.com/en/football/nfl/washington-commanders-vs-philadelphia-eagles/1621503969/#all,2025-12-29T09:31:11.244525,
Total – Game,Under 45,1.636,2026-01-04,https://www.pinnacle.com/en/football/nfl/washington-commanders-vs-philadelphia-eagles/1621503969/#all,2025-12-29T09:31:11.244525,
Total – Game,Over 49.5,3.020,2026-01-04,https://www.pinnacle.com/en/football/nfl/washington-commanders-vs-philadelphia-eagles/1621503969/#all,2025-12-29T09:31:11.244525,
Total – Game,Under 49.5,1.392,2026-01-04,https://www.pinnacle.com/en/football/nfl/washington-commanders-vs-philadelphia-eagles/1621503969/#all,2025-12-29T09:31:11.244525,
Team Total – Game,Over 15.5,1.840,2026-01-04,https://www.pinnacle.com/en/football/nfl/washington-commanders-vs-philadelphia-eagles/1621503969/#all,2025-12-29T09:31:11.244897,
Team Total – Game,Under 15.5,2.020,2026-01-04,https://www.pinnacle.com/en/football/nfl/washington-commanders-vs-philadelphia-eagles/1621503969/#all,2025-12-29T09:31:11.244897,
Team Total – Game,Over 27.5,2.130,2026-01-04,https://www.pinnacle.com/en/football/nfl/washington-commanders-vs-philadelphia-eagles/1621503969/#all,2025-12-29T09:31:11.244897,
Team Total – Game,Under 27.5,1.751,2026-01-04,https://www.pinnacle.com/en/football/nfl/washington-commanders-vs-philadelphia-eagles/1621503969/#all,2025-12-29T09:31:11.244897,
Money Line – Game,Miami Dolphins,5.080,2026-01-04,https://www.pinnacle.com/en/football/nfl/miami-dolphins-vs-new-england-patriots/1621503971/#all,2025-12-29T09:31:12.973054,
Money Line – Game,New England Patriots,1.189,2026-01-04,https://www.pinnacle.com/en/football/nfl/miami-dolphins-vs-new-england-patriots/1621503971/#all,2025-12-29T09:31:12.973054,
Handicap – Game,+3.5,3.080,2026-01-04,https://www.pinnacle.com/en/football/nfl/miami-dolphins-vs-new-england-patriots/1621503971/#all,2025-12-29T09:31:12.974202,
Handicap – Game,-3.5,1.395,2026-01-04,https://www.pinnacle.com/en/football/nfl/miami-dolphins-vs-new-england-patriots/1621503971/#all,2025-12-29T09:31:12.974202,
Handicap – Game,+8.0,2.140,2026-01-04,https://www.pinnacle.com/en/football/nfl/miami-dolphins-vs-new-england-patriots/1621503971/#all,2025-12-29T09:31:12.974202,
Handicap – Game,-8.0,1.751,2026-01-04,https://www.pinnacle.com/en/football/nfl/miami-dolphins-vs-new-england-patriots/1621503971/#all,2025-12-29T09:31:12.974202,
Handicap – Game,+8.5,2.090,2026-01-04,https://www.pinnacle.com/en/football/nfl/miami-dolphins-vs-new-england-patriots/1621503971/#all,2025-12-29T09:31:12.974202,
Handicap – Game,-8.5,1.793,2026-01-04,https://www.pinnacle.com/en/football/nfl/miami-dolphins-vs-new-england-patriots/1621503971/#all,2025-12-29T09:31:12.974202,
Handicap – Game,+9.0,2.060,2026-01-04,https://www.pinnacle.com/en/football/nfl/miami-dolphins-vs-new-england-patriots/1621503971/#all,2025-12-29T09:31:12.974202,
Handicap – Game,-9.0,1.813,2026-01-04,https://www.pinnacle.com/en/football/nfl/miami-dolphins-vs-new-england-patriots/1621503971/#all,2025-12-29T09:31:12.974202,
Handicap – Game,+9.5,2.030,2026-01-04,https://www.pinnacle.com/en/football/nfl/miami-dolphins-vs-new-england-patriots/1621503971/#all,2025-12-29T09:31:12.974202,
Handicap – Game,-9.5,1.840,2026-01-04,https://www.pinnacle.com/en/football/nfl/miami-dolphins-vs-new-england-patriots/1621503971/#all,2025-12-29T09:31:12.974202,
Handicap – Game,+10.0,1.961,2026-01-04,https://www.pinnacle.com/en/football/nfl/miami-dolphins-vs-new-england-patriots/1621503971/#all,2025-12-29T09:31:12.974202,
Handicap – Game,-10.0,1.917,2026-01-04,https://www.pinnacle.com/en/football/nfl/miami-dolphins-vs-new-england-patriots/1621503971/#all,2025-12-29T09:31:12.974202,
Handicap – Game,+10.5,1.884,2026-01-04,https://www.pinnacle.com/en/football/nfl/miami-dolphins-vs-new-england-patriots/1621503971/#all,2025-12-29T09:31:12.974202,
Handicap – Game,-10.5,2.000,2026-01-04,https://www.pinnacle.com/en/football/nfl/miami-dolphins-vs-new-england-patriots/1621503971/#all,2025-12-29T09:31:12.974202,
Handicap – Game,+11.0,1.833,2026-01-04,https://www.pinnacle.com/en/football/nfl/miami-dolphins-vs-new-england-patriots/1621503971/#all,2025-12-29T09:31:12.974202,
Handicap – Game,-11.0,2.060,2026-01-04,https://www.pinnacle.com/en/football/nfl/miami-dolphins-vs-new-england-patriots/1621503971/#all,2025-12-29T09:31:12.974202,
Handicap – Game,+11.5,1.787,2026-01-04,https://www.pinnacle.com/en/football/nfl/miami-dolphins-vs-new-england-patriots/1621503971/#all,2025-12-29T09:31:12.974202,
Handicap – Game,-11.5,2.110,2026-01-04,https://www.pinnacle.com/en/football/nfl/miami-dolphins-vs-new-england-patriots/1621503971/#all,2025-12-29T09:31:12.974202,
Handicap – Game,+12.0,1.746,2026-01-04,https://www.pinnacle.com/en/football/nfl/miami-dolphins-vs-new-england-patriots/1621503971/#all,2025-12-29T09:31:12.974202,
Handicap – Game,-12.0,2.160,2026-01-04,https://www.pinnacle.com/en/football/nfl/miami-dolphins-vs-new-england-patriots/1621503971/#all,2025-12-29T09:31:12.974202,
Handicap – Game,+12.5,1.719,2026-01-04,https://www.pinnacle.com/en/football/nfl/miami-dolphins-vs-new-england-patriots/1621503971/#all,2025-12-29T09:31:12.974202,
Handicap – Game,-12.5,2.200,2026-01-04,https://www.pinnacle.com/en/football/nfl/miami-dolphins-vs-new-england-patriots/1621503971/#all,2025-12-29T09:31:12.974202,
Handicap – Game,+13.0,1.662,2026-01-04,https://www.pinnacle.com/en/football/nfl/miami-dolphins-vs-new-england-patriots/1621503971/#all,2025-12-29T09:31:12.974202,
Handicap – Game,-13.0,2.290,2026-01-04,https://www.pinnacle.com/en/football/nfl/miami-dolphins-vs-new-england-patriots/1621503971/#all,2025-12-29T09:31:12.974202,
Handicap – Game,+17.5,1.386,2026-01-04,https://www.pinnacle.com/en/football/nfl/miami-dolphins-vs-new-england-patriots/1621503971/#all,2025-12-29T09:31:12.974202,
Handicap – Game,-17.5,3.120,2026-01-04,https://www.pinnacle.com/en/football/nfl/miami-dolphins-vs-new-england-patriots/1621503971/#all,2025-12-29T09:31:12.974202,
Total – Game,Over 38.5,1.367,2026-01-04,https://www.pinnacle.com/en/football/nfl/miami-dolphins-vs-new-england-patriots/1621503971/#all,2025-12-29T09:31:12.975305,
Total – Game,Under 38.5,3.180,2026-01-04,https://www.pinnacle.com/en/football/nfl/miami-dolphins-vs-new-england-patriots/1621503971/#all,2025-12-29T09:31:12.975305,
Total – Game,Over 43,1.653,2026-01-04,https://www.pinnacle.com/en/football/nfl/miami-dolphins-vs-new-england-patriots/1621503971/#all,2025-12-29T09:31:12.975305,
Total – Game,Under 43,2.300,2026-01-04,https://www.pinnacle.com/en/football/nfl/miami-dolphins-vs-new-england-patriots/1621503971/#all,2025-12-29T09:31:12.975305,
Total – Game,Over 43.5,1.699,2026-01-04,https://www.pinnacle.com/en/football/nfl/miami-dolphins-vs-new-england-patriots/1621503971/#all,2025-12-29T09:31:12.975305,
Total – Game,Under 43.5,2.220,2026-01-04,https://www.pinnacle.com/en/football/nfl/miami-dolphins-vs-new-england-patriots/1621503971/#all,2025-12-29T09:31:12.975305,
Total – Game,Over 44,1.746,2026-01-04,https://www.pinnacle.com/en/football/nfl/miami-dolphins-vs-new-england-patriots/1621503971/#all,2025-12-29T09:31:12.975305,
Total – Game,Under 44,2.140,2026-01-04,https://www.pinnacle.com/en/football/nfl/miami-dolphins-vs-new-england-patriots/1621503971/#all,2025-12-29T09:31:12.975305,
Total – Game,Over 44.5,1.800,2026-01-04,https://www.pinnacle.com/en/football/nfl/miami-dolphins-vs-new-england-patriots/1621503971/#all,2025-12-29T09:31:12.975305,
Total – Game,Under 44.5,2.070,2026-01-04,https://www.pinnacle.com/en/football/nfl/miami-dolphins-vs-new-england-patriots/1621503971/#all,2025-12-29T09:31:12.975305,
Total – Game,Over 45,1.862,2026-01-04,https://www.pinnacle.com/en/football/nfl/miami-dolphins-vs-new-england-patriots/1621503971/#all,2025-12-29T09:31:12.975305,
Total – Game,Under 45,2.000,2026-01-04,https://www.pinnacle.com/en/football/nfl/miami-dolphins-vs-new-england-patriots/1621503971/#all,2025-12-29T09:31:12.975305,
Total – Game,Over 45.5,1.934,2026-01-04,https://www.pinnacle.com/en/football/nfl/miami-dolphins-vs-new-england-patriots/1621503971/#all,2025-12-29T09:31:12.975305,
Total – Game,Under 45.5,1.934,2026-01-04,https://www.pinnacle.com/en/football/nfl/miami-dolphins-vs-new-england-patriots/1621503971/#all,2025-12-29T09:31:12.975305,
Total – Game,Over 46,2.000,2026-01-04,https://www.pinnacle.com/en/football/nfl/miami-dolphins-vs-new-england-patriots/1621503971/#all,2025-12-29T09:31:12.975305,
Total – Game,Under 46,1.854,2026-01-04,https://www.pinnacle.com/en/football/nfl/miami-dolphins-vs-new-england-patriots/1621503971/#all,2025-12-29T09:31:12.975305,
Total – Game,Over 46.5,2.080,2026-01-04,https://www.pinnacle.com/en/football/nfl/miami-dolphins-vs-new-england-patriots/1621503971/#all,2025-12-29T09:31:12.975305,
Total – Game,Under 46.5,1.793,2026-01-04,https://www.pinnacle.com/en/football/nfl/miami-dolphins-vs-new-england-patriots/1621503971/#all,2025-12-29T09:31:12.975305,
Total – Game,Over 47,2.150,2026-01-04,https://www.pinnacle.com/en/football/nfl/miami-dolphins-vs-new-england-patriots/1621503971/#all,2025-12-29T09:31:12.975305,
Total – Game,Under 47,1.740,2026-01-04,https://www.pinnacle.com/en/football/nfl/miami-dolphins-vs-new-england-patriots/1621503971/#all,2025-12-29T09:31:12.975305,
Total – Game,Over 47.5,2.230,2026-01-04,https://www.pinnacle.com/en/football/nfl/miami-dolphins-vs-new-england-patriots/1621503971/#all,2025-12-29T09:31:12.975305,
Total – Game,Under 47.5,1.689,2026-01-04,https://www.pinnacle.com/en/football/nfl/miami-dolphins-vs-new-england-patriots/1621503971/#all,2025-12-29T09:31:12.975305,
Total – Game,Over 48,2.310,2026-01-04,https://www.pinnacle.com/en/football/nfl/miami-dolphins-vs-new-england-patriots/1621503971/#all,2025-12-29T09:31:12.975305,
Total – Game,Under 48,1.645,2026-01-04,https://www.pinnacle.com/en/football/nfl/miami-dolphins-vs-new-england-patriots/1621503971/#all,2025-12-29T09:31:12.975305,
Total – Game,Over 52.5,3.140,2026-01-04,https://www.pinnacle.com/en/football/nfl/miami-dolphins-vs-new-england-patriots/1621503971/#all,2025-12-29T09:31:12.975305,
Total – Game,Under 52.5,1.375,2026-01-04,https://www.pinnacle.com/en/football/nfl/miami-dolphins-vs-new-england-patriots/1621503971/#all,2025-12-29T09:31:12.975305,
Team Total – Game,Over 17.5,2.080,2026-01-04,https://www.pinnacle.com/en/football/nfl/miami-dolphins-vs-new-england-patriots/1621503971/#all,2025-12-29T09:31:12.975686,
Team Total – Game,Under 17.5,1.787,2026-01-04,https://www.pinnacle.com/en/football/nfl/miami-dolphins-vs-new-england-patriots/1621503971/#all,2025-12-29T09:31:12.975686,
Team Total – Game,Over 27.5,1.800,2026-01-04,https://www.pinnacle.com/en/football/nfl/miami-dolphins-vs-new-england-patriots/1621503971/#all,2025-12-29T09:31:12.975686,
Team Total – Game,Under 27.5,2.070,2026-01-04,https://www.pinnacle.com/en/football/nfl/miami-dolphins-vs-new-england-patriots/1621503971/#all,2025-12-29T09:31:12.975686,
Money Line – Game,Baltimore Ravens,1.534,2026-01-04,https://www.pinnacle.com/en/football/nfl/baltimore-ravens-vs-pittsburgh-steelers/1621502557/#all,2025-12-29T09:31:14.699329,
Money Line – Game,Pittsburgh Steelers,2.640,2026-01-04,https://www.pinnacle.com/en/football/nfl/baltimore-ravens-vs-pittsburgh-steelers/1621502557/#all,2025-12-29T09:31:14.699329,
Handicap – Game,-7.5,2.820,2026-01-04,https://www.pinnacle.com/en/football/nfl/baltimore-ravens-vs-pittsburgh-steelers/1621502557/#all,2025-12-29T09:31:14.700365,
Handicap – Game,+7.5,1.458,2026-01-04,https://www.pinnacle.com/en/football/nfl/baltimore-ravens-vs-pittsburgh-steelers/1621502557/#all,2025-12-29T09:31:14.700365,
Handicap – Game,-5.5,2.210,2026-01-04,https://www.pinnacle.com/en/football/nfl/baltimore-ravens-vs-pittsburgh-steelers/1621502557/#all,2025-12-29T09:31:14.700365,
Handicap – Game,+5.5,1.709,2026-01-04,https://www.pinnacle.com/en/football/nfl/baltimore-ravens-vs-pittsburgh-steelers/1621502557/#all,2025-12-29T09:31:14.700365,
Handicap – Game,-5.0,2.170,2026-01-04,https://www.pinnacle.com/en/football/nfl/baltimore-ravens-vs-pittsburgh-steelers/1621502557/#all,2025-12-29T09:31:14.700365,
Handicap – Game,+5.0,1.735,2026-01-04,https://www.pinnacle.com/en/football/nfl/baltimore-ravens-vs-pittsburgh-steelers/1621502557/#all,2025-12-29T09:31:14.700365,
Handicap – Game,-4.5,2.120,2026-01-04,https://www.pinnacle.com/en/football/nfl/baltimore-ravens-vs-pittsburgh-steelers/1621502557/#all,2025-12-29T09:31:14.700365,
Handicap – Game,+4.5,1.769,2026-01-04,https://www.pinnacle.com/en/football/nfl/baltimore-ravens-vs-pittsburgh-steelers/1621502557/#all,2025-12-29T09:31:14.700365,
Handicap – Game,-4.0,2.060,2026-01-04,https://www.pinnacle.com/en/football/nfl/baltimore-ravens-vs-pittsburgh-steelers/1621502557/#all,2025-12-29T09:31:14.700365,
Handicap – Game,+4.0,1.819,2026-01-04,https://www.pinnacle.com/en/football/nfl/baltimore-ravens-vs-pittsburgh-steelers/1621502557/#all,2025-12-29T09:31:14.700365,
Handicap – Game,-3.5,2.000,2026-01-04,https://www.pinnacle.com/en/football/nfl/baltimore-ravens-vs-pittsburgh-steelers/1621502557/#all,2025-12-29T09:31:14.700365,
Handicap – Game,+3.5,1.884,2026-01-04,https://www.pinnacle.com/en/football/nfl/baltimore-ravens-vs-pittsburgh-steelers/1621502557/#all,2025-12-29T09:31:14.700365,
Handicap – Game,-3.0,1.819,2026-01-04,https://www.pinnacle.com/en/football/nfl/baltimore-ravens-vs-pittsburgh-steelers/1621502557/#all,2025-12-29T09:31:14.700365,
Handicap – Game,+3.0,2.090,2026-01-04,https://www.pinnacle.com/en/football/nfl/baltimore-ravens-vs-pittsburgh-steelers/1621502557/#all,2025-12-29T09:31:14.700365,
Handicap – Game,-2.5,1.680,2026-01-04,https://www.pinnacle.com/en/football/nfl/baltimore-ravens-vs-pittsburgh-steelers/1621502557/#all,2025-12-29T09:31:14.700365,
Handicap – Game,+2.5,2.290,2026-01-04,https://www.pinnacle.com/en/football/nfl/baltimore-ravens-vs-pittsburgh-steelers/1621502557/#all,2025-12-29T09:31:14.700365,
Handicap – Game,-2.0,1.632,2026-01-04,https://www.pinnacle.com/en/football/nfl/baltimore-ravens-vs-pittsburgh-steelers/1621502557/#all,2025-12-29T09:31:14.700365,
Handicap – Game,+2.0,2.370,2026-01-04,https://www.pinnacle.com/en/football/nfl/baltimore-ravens-vs-pittsburgh-steelers/1621502557/#all,2025-12-29T09:31:14.700365,
Handicap – Game,-1.5,1.598,2026-01-04,https://www.pinnacle.com/en/football/nfl/baltimore-ravens-vs-pittsburgh-steelers/1621502557/#all,2025-12-29T09:31:14.700365,
Handicap – Game,+1.5,2.420,2026-01-04,https://www.pinnacle.com/en/football/nfl/baltimore-ravens-vs-pittsburgh-steelers/1621502557/#all,2025-12-29T09:31:14.700365,
Handicap – Game,-1.0,1.552,2026-01-04,https://www.pinnacle.com/en/football/nfl/baltimore-ravens-vs-pittsburgh-steelers/1621502557/#all,2025-12-29T09:31:14.700365,
Handicap – Game,+1.0,2.540,2026-01-04,https://www.pinnacle.com/en/football/nfl/baltimore-ravens-vs-pittsburgh-steelers/1621502557/#all,2025-12-29T09:31:14.700365,
Handicap – Game,+1.0,1.502,2026-01-04,https://www.pinnacle.com/en/football/nfl/baltimore-ravens-vs-pittsburgh-steelers/1621502557/#all,2025-12-29T09:31:14.700365,
Handicap – Game,-1.0,2.680,2026-01-04,https://www.pinnacle.com/en/football/nfl/baltimore-ravens-vs-pittsburgh-steelers/1621502557/#all,2025-12-29T09:31:14.700365,
Handicap – Game,+3.5,1.332,2026-01-04,https://www.pinnacle.com/en/football/nfl/baltimore-ravens-vs-pittsburgh-steelers/1621502557/#all,2025-12-29T09:31:14.700365,
Handicap – Game,-3.5,3.420,2026-01-04,https://www.pinnacle.com/en/football/nfl/baltimore-ravens-vs-pittsburgh-steelers/1621502557/#all,2025-12-29T09:31:14.700365,
Total – Game,Over 34.5,1.380,2026-01-04,https://www.pinnacle.com/en/football/nfl/baltimore-ravens-vs-pittsburgh-steelers/1621502557/#all,2025-12-29T09:31:14.701312,
Total – Game,Under 34.5,3.120,2026-01-04,https://www.pinnacle.com/en/football/nfl/baltimore-ravens-vs-pittsburgh-steelers/1621502557/#all,2025-12-29T09:31:14.701312,
Total – Game,Over 39,1.675,2026-01-04,https://www.pinnacle.com/en/football/nfl/baltimore-ravens-vs-pittsburgh-steelers/1621502557/#all,2025-12-29T09:31:14.701312,
Total – Game,Under 39,2.260,2026-01-04,https://www.pinnacle.com/en/football/nfl/baltimore-ravens-vs-pittsburgh-steelers/1621502557/#all,2025-12-29T09:31:14.701312,
Total – Game,Over 39.5,1.719,2026-01-04,https://www.pinnacle.com/en/football/nfl/baltimore-ravens-vs-pittsburgh-steelers/1621502557/#all,2025-12-29T09:31:14.701312,
Total – Game,Under 39.5,2.180,2026-01-04,https://www.pinnacle.com/en/football/nfl/baltimore-ravens-vs-pittsburgh-steelers/1621502557/#all,2025-12-29T09:31:14.701312,
Total – Game,Over 40,1.775,2026-01-04,https://www.pinnacle.com/en/football/nfl/baltimore-ravens-vs-pittsburgh-steelers/1621502557/#all,2025-12-29T09:31:14.701312,
Total – Game,Under 40,2.110,2026-01-04,https://www.pinnacle.com/en/football/nfl/baltimore-ravens-vs-pittsburgh-steelers/1621502557/#all,2025-12-29T09:31:14.701312,
Total – Game,Over 40.5,1.826,2026-01-04,https://www.pinnacle.com/en/football/nfl/baltimore-ravens-vs-pittsburgh-steelers/1621502557/#all,2025-12-29T09:31:14.701312,
Total – Game,Under 40.5,2.040,2026-01-04,https://www.pinnacle.com/en/football/nfl/baltimore-ravens-vs-pittsburgh-steelers/1621502557/#all,2025-12-29T09:31:14.701312,
Total – Game,Over 41,1.884,2026-01-04,https://www.pinnacle.com/en/football/nfl/baltimore-ravens-vs-pittsburgh-steelers/1621502557/#all,2025-12-29T09:31:14.701312,
Total – Game,Under 41,1.961,2026-01-04,https://www.pinnacle.com/en/football/nfl/baltimore-ravens-vs-pittsburgh-steelers/1621502557/#all,2025-12-29T09:31:14.701312,
Total – Game,Over 41.5,1.970,2026-01-04,https://www.pinnacle.com/en/football/nfl/baltimore-ravens-vs-pittsburgh-steelers/1621502557/#all,2025-12-29T09:31:14.701312,
Total – Game,Under 41.5,1.900,2026-01-04,https://www.pinnacle.com/en/football/nfl/baltimore-ravens-vs-pittsburgh-steelers/1621502557/#all,2025-12-29T09:31:14.701312,
Total – Game,Over 42,2.040,2026-01-04,https://www.pinnacle.com/en/football/nfl/baltimore-ravens-vs-pittsburgh-steelers/1621502557/#all,2025-12-29T09:31:14.701312,
Total – Game,Under 42,1.826,2026-01-04,https://www.pinnacle.com/en/football/nfl/baltimore-ravens-vs-pittsburgh-steelers/1621502557/#all,2025-12-29T09:31:14.701312,
Total – Game,Over 42.5,2.110,2026-01-04,https://www.pinnacle.com/en/football/nfl/baltimore-ravens-vs-pittsburgh-steelers/1621502557/#all,2025-12-29T09:31:14.701312,
Total – Game,Under 42.5,1.769,2026-01-04,https://www.pinnacle.com/en/football/nfl/baltimore-ravens-vs-pittsburgh-steelers/1621502557/#all,2025-12-29T09:31:14.701312,
Total – Game,Over 43,2.190,2026-01-04,https://www.pinnacle.com/en/football/nfl/baltimore-ravens-vs-pittsburgh-steelers/1621502557/#all,2025-12-29T09:31:14.701312,
Total – Game,Under 43,1.719,2026-01-04,https://www.pinnacle.com/en/football/nfl/baltimore-ravens-vs-pittsburgh-steelers/1621502557/#all,2025-12-29T09:31:14.701312,
Total – Game,Over 43.5,2.270,2026-01-04,https://www.pinnacle.com/en/football/nfl/baltimore-ravens-vs-pittsburgh-steelers/1621502557/#all,2025-12-29T09:31:14.701312,
Total – Game,Under 43.5,1.666,2026-01-04,https://www.pinnacle.com/en/football/nfl/baltimore-ravens-vs-pittsburgh-steelers/1621502557/#all,2025-12-29T09:31:14.701312,
Total – Game,Over 44,2.350,2026-01-04,https://www.pinnacle.com/en/football/nfl/baltimore-ravens-vs-pittsburgh-steelers/1621502557/#all,2025-12-29T09:31:14.701312,
Total – Game,Under 44,1.625,2026-01-04,https://www.pinnacle.com/en/football/nfl/baltimore-ravens-vs-pittsburgh-steelers/1621502557/#all,2025-12-29T09:31:14.701312,
Total – Game,Over 48.5,3.090,2026-01-04,https://www.pinnacle.com/en/football/nfl/baltimore-ravens-vs-pittsburgh-steelers/1621502557/#all,2025-12-29T09:31:14.701312,
Total – Game,Under 48.5,1.387,2026-01-04,https://www.pinnacle.com/en/football/nfl/baltimore-ravens-vs-pittsburgh-steelers/1621502557/#all,2025-12-29T09:31:14.701312,
Team Total – Game,Over 22.5,1.917,2026-01-04,https://www.pinnacle.com/en/football/nfl/baltimore-ravens-vs-pittsburgh-steelers/1621502557/#all,2025-12-29T09:31:14.701743,
Team Total – Game,Under 22.5,1.934,2026-01-04,https://www.pinnacle.com/en/football/nfl/baltimore-ravens-vs-pittsburgh-steelers/1621502557/#all,2025-12-29T09:31:14.701743,
Team Total – Game,Over 20.5,2.240,2026-01-04,https://www.pinnacle.com/en/football/nfl/baltimore-ravens-vs-pittsburgh-steelers/1621502557/#all,2025-12-29T09:31:14.701743,
Team Total – Game,Under 20.5,1.684,2026-01-04,https://www.pinnacle.com/en/football/nfl/baltimore-ravens-vs-pittsburgh-steelers/1621502557/#all,2025-12-29T09:31:14.701743,
