,week,player_name,playerTeam,proj_passingAttempts,proj_passingCompletions,proj_passingYards,proj_passingTouchdowns,proj_passingInterceptions,proj_rushingAttempts,proj_rushingYards,proj_rushingTouchdowns,proj_receivingReceptions,proj_receivingYards,proj_receivingTouchdowns,proj_lostFumbles,proj_defensiveSacks,proj_defensiveInterceptions,proj_defensiveFumbles,proj_defensiveTouchdowns,proj_defensiveSafeties,proj_defensivePointsAllowed,proj_defensiveYardsAllowed,STD_FantasyPoints,TimeStamp
0,1,Jalen Hurts,PHI,27.6,19.0,218.4,1.6,0.5,8.9,40.9,0.8,0.0,0.0,0.0,0.3,0.0,0.0,0.0,0.0,0.0,0.0,0.0,23.1,2026-08-03 11:29:10
1,1,Lamar Jackson,BAL,29.2,20.0,235.9,1.8,0.4,7.9,51.3,0.2,0.0,0.0,0.0,0.3,0.0,0.0,0.0,0.0,0.0,0.0,0.0,22.4,2026-08-03 11:29:10
2,1,Jayden Daniels,WAS,30.8,21.1,227.3,1.6,0.5,8.5,48.1,0.4,0.0,0.0,0.0,0.1,0.0,0.0,0.0,0.0,0.0,0.0,0.0,21.8,2026-08-03 11:29:10
3,1,Josh Allen,BUF,32.5,20.7,240.7,1.6,0.5,7.3,33.8,0.5,0.0,0.0,0.0,0.2,0.0,0.0,0.0,0.0,0.0,0.0,0.0,21.6,2026-08-03 11:29:10
4,1,Joe Burrow,CIN,36.1,24.6,278.3,2.2,0.7,3.0,11.5,0.1,0.0,0.0,0.0,0.2,0.0,0.0,0.0,0.0,0.0,0.0,0.0,20.5,2026-08-03 11:29:10
5,1,Baker Mayfield,TB,33.4,23.6,254.2,2.0,0.9,4.1,18.2,0.1,0.0,0.0,0.0,0.2,0.0,0.0,0.0,0.0,0.0,0.0,0.0,19.5,2026-08-03 11:29:10
6,1,Patrick Mahomes,KC,35.7,24.2,254.0,1.7,0.6,4.5,22.6,0.1,0.0,0.0,0.0,0.1,0.0,0.0,0.0,0.0,0.0,0.0,0.0,19.4,2026-08-03 11:29:10
7,1,Bo Nix,DEN,33.5,22.3,227.8,1.7,0.5,5.5,26.4,0.2,0.0,0.0,0.0,0.1,0.0,0.0,0.0,0.0,0.0,0.0,0.0,19.1,2026-08-03 11:29:10
8,1,Kyler Murray,MIN,32.4,21.5,234.4,1.4,0.8,5.5,35.7,0.3,0.0,0.0,0.0,0.2,0.0,0.0,0.0,0.0,0.0,0.0,0.0,18.9,2026-08-03 11:29:10
9,1,Trevor Lawrence,JAC,30.8,20.0,237.0,1.5,0.8,3.5,17.5,0.2,0.0,0.0,0.0,0.2,0.0,0.0,0.0,0.0,0.0,0.0,0.0,17.5,2026-08-03 11:29:10
10,1,Saquon Barkley,PHI,0.0,0.0,0.0,0.0,0.0,20.4,105.7,0.8,2.4,18.5,0.1,0.1,0.0,0.0,0.0,0.0,0.0,0.0,0.0,17.8,2026-08-03 11:29:11
11,1,Bijan Robinson,ATL,0.0,0.0,0.0,0.0,0.0,18.4,83.2,0.7,3.5,26.3,0.1,0.1,0.0,0.0,0.0,0.0,0.0,0.0,0.0,15.7,2026-08-03 11:29:11
12,1,Derrick Henry,BAL,0.0,0.0,0.0,0.0,0.0,17.6,91.3,0.8,1.3,10.2,0.1,0.1,0.0,0.0,0.0,0.0,0.0,0.0,0.0,15.1,2026-08-03 11:29:11
13,1,Jonathan Taylor,IND,0.0,0.0,0.0,0.0,0.0,19.0,89.4,0.8,1.8,12.4,0.1,0.1,0.0,0.0,0.0,0.0,0.0,0.0,0.0,15.0,2026-08-03 11:29:11
14,1,Jahmyr Gibbs,DET,0.0,0.0,0.0,0.0,0.0,14.4,73.6,0.6,3.3,27.9,0.1,0.1,0.0,0.0,0.0,0.0,0.0,0.0,0.0,14.7,2026-08-03 11:29:11
15,1,Christian McCaffrey,SF,0.0,0.0,0.0,0.0,0.0,14.7,69.4,0.5,3.9,33.7,0.2,0.1,0.0,0.0,0.0,0.0,0.0,0.0,0.0,14.3,2026-08-03 11:29:11
16,1,De'Von Achane,MIA,0.0,0.0,0.0,0.0,0.0,13.6,64.9,0.5,4.2,31.3,0.2,0.1,0.0,0.0,0.0,0.0,0.0,0.0,0.0,13.7,2026-08-03 11:29:11
17,1,Kyren Williams,LAR,0.0,0.0,0.0,0.0,0.0,18.5,77.4,0.7,2.0,12.7,0.1,0.1,0.0,0.0,0.0,0.0,0.0,0.0,0.0,13.7,2026-08-03 11:29:11
18,1,Bucky Irving,TB,0.0,0.0,0.0,0.0,0.0,15.5,77.0,0.5,2.9,21.5,0.1,0.1,0.0,0.0,0.0,0.0,0.0,0.0,0.0,13.6,2026-08-03 11:29:11
19,1,Josh Jacobs,GB,0.0,0.0,0.0,0.0,0.0,17.3,72.2,0.7,2.4,19.8,0.1,0.1,0.0,0.0,0.0,0.0,0.0,0.0,0.0,13.6,2026-08-03 11:29:11
20,1,Ja'Marr Chase,CIN,0.0,0.0,0.0,0.0,0.0,0.1,0.7,0.0,7.1,96.3,0.8,0.0,0.0,0.0,0.0,0.0,0.0,0.0,0.0,14.2,2026-08-03 11:29:11
21,1,Justin Jefferson,MIN,0.0,0.0,0.0,0.0,0.0,0.0,0.0,0.0,6.5,96.5,0.6,0.0,0.0,0.0,0.0,0.0,0.0,0.0,0.0,13.0,2026-08-03 11:29:11
22,1,Nico Collins,HOU,0.0,0.0,0.0,0.0,0.0,0.0,0.1,0.0,6.0,87.6,0.5,0.0,0.0,0.0,0.0,0.0,0.0,0.0,0.0,11.8,2026-08-03 11:29:11
23,1,CeeDee Lamb,DAL,0.0,0.0,0.0,0.0,0.0,0.4,2.6,0.0,6.7,85.3,0.5,0.1,0.0,0.0,0.0,0.0,0.0,0.0,0.0,11.6,2026-08-03 11:29:11
24,1,Brian Thomas Jr.,JAC,0.0,0.0,0.0,0.0,0.0,0.1,1.2,0.0,5.5,79.7,0.6,0.0,0.0,0.0,0.0,0.0,0.0,0.0,0.0,11.6,2026-08-03 11:29:11
25,1,Malik Nabers,NYG,0.0,0.0,0.0,0.0,0.0,0.1,0.7,0.0,6.6,83.6,0.5,0.0,0.0,0.0,0.0,0.0,0.0,0.0,0.0,11.5,2026-08-03 11:29:11
26,1,Mike Evans,SF,0.0,0.0,0.0,0.0,0.0,0.0,0.0,0.0,5.6,73.7,0.7,0.0,0.0,0.0,0.0,0.0,0.0,0.0,0.0,11.3,2026-08-03 11:29:11
27,1,Puka Nacua,LAR,0.0,0.0,0.0,0.0,0.0,0.5,2.5,0.0,6.1,81.7,0.4,0.0,0.0,0.0,0.0,0.0,0.0,0.0,0.0,11.0,2026-08-03 11:29:11
28,1,A.J. Brown,NE,0.0,0.0,0.0,0.0,0.0,0.0,0.0,0.0,5.3,77.2,0.5,0.0,0.0,0.0,0.0,0.0,0.0,0.0,0.0,11.0,2026-08-03 11:29:11
29,1,Amon-Ra St. Brown,DET,0.0,0.0,0.0,0.0,0.0,0.1,0.6,0.0,6.6,75.4,0.5,0.0,0.0,0.0,0.0,0.0,0.0,0.0,0.0,10.7,2026-08-03 11:29:11
30,1,Brock Bowers,LV,0.0,0.0,0.0,0.0,0.0,0.0,0.0,0.0,6.5,69.7,0.4,0.0,0.0,0.0,0.0,0.0,0.0,0.0,0.0,9.2,2026-08-03 11:29:11
31,1,George Kittle,SF,0.0,0.0,0.0,0.0,0.0,0.0,0.0,0.0,4.9,63.9,0.4,0.0,0.0,0.0,0.0,0.0,0.0,0.0,0.0,8.8,2026-08-03 11:29:11
32,1,Trey McBride,ARI,0.0,0.0,0.0,0.0,0.0,0.0,0.0,0.0,6.3,66.7,0.4,0.0,0.0,0.0,0.0,0.0,0.0,0.0,0.0,8.7,2026-08-03 11:29:11
33,1,Travis Kelce,KC,0.0,0.0,0.0,0.0,0.0,0.0,0.0,0.0,5.4,52.6,0.3,0.0,0.0,0.0,0.0,0.0,0.0,0.0,0.0,7.3,2026-08-03 11:29:11
34,1,Mark Andrews,BAL,0.0,0.0,0.0,0.0,0.0,0.0,0.0,0.0,4.1,46.6,0.4,0.1,0.0,0.0,0.0,0.0,0.0,0.0,0.0,7.1,2026-08-03 11:29:11
35,1,David Njoku,LAC,0.0,0.0,0.0,0.0,0.0,0.0,0.0,0.0,4.9,49.0,0.4,0.0,0.0,0.0,0.0,0.0,0.0,0.0,0.0,7.0,2026-08-03 11:29:11
36,1,Sam LaPorta,DET,0.0,0.0,0.0,0.0,0.0,0.0,0.0,0.0,4.1,44.9,0.3,0.0,0.0,0.0,0.0,0.0,0.0,0.0,0.0,6.5,2026-08-03 11:29:11
37,1,T.J. Hockenson,MIN,0.0,0.0,0.0,0.0,0.0,0.0,0.0,0.0,4.7,50.2,0.2,0.0,0.0,0.0,0.0,0.0,0.0,0.0,0.0,6.4,2026-08-03 11:29:11
38,1,Tyler Warren,IND,0.0,0.0,0.0,0.0,0.0,0.0,0.0,0.0,3.9,41.0,0.3,0.1,0.0,0.0,0.0,0.0,0.0,0.0,0.0,5.7,2026-08-03 11:29:11
39,1,Dallas Goedert,PHI,0.0,0.0,0.0,0.0,0.0,0.0,0.0,0.0,3.6,42.1,0.2,0.0,0.0,0.0,0.0,0.0,0.0,0.0,0.0,5.6,2026-08-03 11:29:11
40,1,Chase McLaughlin,TB,0.0,0.0,0.0,0.0,0.0,0.0,0.0,0.0,0.0,0.0,0.0,0.0,0.0,0.0,0.0,0.0,0.0,0.0,0.0,9.1,2026-08-03 11:29:11
41,1,Matt Gay,LV,0.0,0.0,0.0,0.0,0.0,0.0,0.0,0.0,0.0,0.0,0.0,0.0,0.0,0.0,0.0,0.0,0.0,0.0,0.0,8.5,2026-08-03 11:29:11
42,1,Chris Boswell,PIT,0.0,0.0,0.0,0.0,0.0,0.0,0.0,0.0,0.0,0.0,0.0,0.0,0.0,0.0,0.0,0.0,0.0,0.0,0.0,8.3,2026-08-03 11:29:11
43,1,Will Reichard,MIN,0.0,0.0,0.0,0.0,0.0,0.0,0.0,0.0,0.0,0.0,0.0,0.0,0.0,0.0,0.0,0.0,0.0,0.0,0.0,8.2,2026-08-03 11:29:11
44,1,Harrison Butker,KC,0.0,0.0,0.0,0.0,0.0,0.0,0.0,0.0,0.0,0.0,0.0,0.0,0.0,0.0,0.0,0.0,0.0,0.0,0.0,8.2,2026-08-03 11:29:11
45,1,Cam Little,JAC,0.0,0.0,0.0,0.0,0.0,0.0,0.0,0.0,0.0,0.0,0.0,0.0,0.0,0.0,0.0,0.0,0.0,0.0,0.0,8.1,2026-08-03 11:29:11
46,1,Jake Elliott,PHI,0.0,0.0,0.0,0.0,0.0,0.0,0.0,0.0,0.0,0.0,0.0,0.0,0.0,0.0,0.0,0.0,0.0,0.0,0.0,7.9,2026-08-03 11:29:11
47,1,Wil Lutz,DEN,0.0,0.0,0.0,0.0,0.0,0.0,0.0,0.0,0.0,0.0,0.0,0.0,0.0,0.0,0.0,0.0,0.0,0.0,0.0,7.8,2026-08-03 11:29:11
48,1,Chad Ryland,ARI,0.0,0.0,0.0,0.0,0.0,0.0,0.0,0.0,0.0,0.0,0.0,0.0,0.0,0.0,0.0,0.0,0.0,0.0,0.0,7.7,2026-08-03 11:29:11
49,1,Cameron Dicker,LAC,0.0,0.0,0.0,0.0,0.0,0.0,0.0,0.0,0.0,0.0,0.0,0.0,0.0,0.0,0.0,0.0,0.0,0.0,0.0,7.7,2026-08-03 11:29:11
50,1,Broncos D/ST,Broncos D/ST,0.0,0.0,0.0,0.0,0.0,0.0,0.0,0.0,0.0,0.0,0.0,0.0,3.1,0.8,0.6,0.2,0.1,17.2,291.9,8.3,2026-08-03 11:29:11
51,1,Commanders D/ST,Commanders D/ST,0.0,0.0,0.0,0.0,0.0,0.0,0.0,0.0,0.0,0.0,0.0,0.0,3.4,0.7,0.6,0.2,0.0,19.8,329.4,8.0,2026-08-03 11:29:11
52,1,Rams D/ST,Rams D/ST,0.0,0.0,0.0,0.0,0.0,0.0,0.0,0.0,0.0,0.0,0.0,0.0,3.4,0.7,0.5,0.1,0.1,19.8,334.5,7.8,2026-08-03 11:29:11
53,1,Steelers D/ST,Steelers D/ST,0.0,0.0,0.0,0.0,0.0,0.0,0.0,0.0,0.0,0.0,0.0,0.0,2.7,0.7,0.7,0.2,0.0,17.1,296.0,7.6,2026-08-03 11:29:11
54,1,Bengals D/ST,Bengals D/ST,0.0,0.0,0.0,0.0,0.0,0.0,0.0,0.0,0.0,0.0,0.0,0.0,3.0,1.0,0.6,0.2,0.0,20.5,339.9,7.2,2026-08-03 11:29:11
55,1,Cardinals D/ST,Cardinals D/ST,0.0,0.0,0.0,0.0,0.0,0.0,0.0,0.0,0.0,0.0,0.0,0.0,2.6,0.8,0.5,0.2,0.0,18.7,313.2,7.2,2026-08-03 11:29:11
56,1,Eagles D/ST,Eagles D/ST,0.0,0.0,0.0,0.0,0.0,0.0,0.0,0.0,0.0,0.0,0.0,0.0,2.7,0.8,0.8,0.2,0.0,20.6,332.0,7.1,2026-08-03 11:29:11
57,1,Chicago Bears,Chicago Bears,0.0,0.0,0.0,0.0,0.0,0.0,0.0,0.0,0.0,0.0,0.0,0.0,2.9,0.9,0.7,0.2,0.0,21.7,359.4,7.0,2026-08-03 11:29:11
58,1,Vikings D/ST,Vikings D/ST,0.0,0.0,0.0,0.0,0.0,0.0,0.0,0.0,0.0,0.0,0.0,0.0,3.6,0.6,0.6,0.1,0.0,20.9,291.7,6.9,2026-08-03 11:29:11
59,1,49ers D/ST,49ers D/ST,0.0,0.0,0.0,0.0,0.0,0.0,0.0,0.0,0.0,0.0,0.0,0.0,2.9,1.0,0.5,0.2,0.0,21.8,321.3,6.8,2026-08-03 11:29:11
60,3,Josh Allen,BUF,31.4,20.5,238.1,1.8,0.5,7.4,37.8,0.7,0.0,0.0,0.0,0.2,0.0,0.0,0.0,0.0,0.0,0.0,0.0,23.6,2026-08-03 11:29:13
61,3,Lamar Jackson,BAL,29.1,19.2,234.9,2.0,0.5,7.7,49.8,0.3,0.0,0.0,0.0,0.3,0.0,0.0,0.0,0.0,0.0,0.0,0.0,23.2,2026-08-03 11:29:13
62,3,Jalen Hurts,PHI,27.8,18.8,208.2,1.2,0.5,9.0,40.3,0.8,0.0,0.0,0.0,0.3,0.0,0.0,0.0,0.0,0.0,0.0,0.0,21.1,2026-08-03 11:29:13
63,3,Patrick Mahomes,KC,34.1,22.9,247.1,1.6,0.6,6.1,32.4,0.2,0.0,0.0,0.0,0.2,0.0,0.0,0.0,0.0,0.0,0.0,0.0,20.0,2026-08-03 11:29:13
64,3,Justin Herbert,LAC,32.6,21.4,248.6,1.6,0.5,6.0,26.1,0.2,0.0,0.0,0.0,0.2,0.0,0.0,0.0,0.0,0.0,0.0,0.0,19.1,2026-08-03 11:29:13
65,3,Dak Prescott,DAL,35.9,24.2,269.2,1.8,0.7,2.8,11.7,0.1,0.0,0.0,0.0,0.2,0.0,0.0,0.0,0.0,0.0,0.0,0.0,18.6,2026-08-03 11:29:13
66,3,Caleb Williams,CHI,33.2,21.4,233.2,1.5,0.6,5.7,30.8,0.2,0.0,0.0,0.0,0.3,0.0,0.0,0.0,0.0,0.0,0.0,0.0,18.5,2026-08-03 11:29:13
67,3,Baker Mayfield,TB,32.0,21.6,236.8,1.8,0.8,5.0,21.0,0.1,0.0,0.0,0.0,0.3,0.0,0.0,0.0,0.0,0.0,0.0,0.0,18.3,2026-08-03 11:29:13
68,3,Kyler Murray,MIN,32.7,21.7,222.2,1.3,0.7,5.8,35.0,0.3,0.0,0.0,0.0,0.3,0.0,0.0,0.0,0.0,0.0,0.0,0.0,18.0,2026-08-03 11:29:13
69,3,Marcus Mariota,WAS,30.5,19.9,224.8,1.3,0.7,6.0,30.9,0.2,0.0,0.0,0.0,0.3,0.0,0.0,0.0,0.0,0.0,0.0,0.0,17.6,2026-08-03 11:29:13
70,3,Christian McCaffrey,SF,0.0,0.0,0.0,0.0,0.0,16.9,77.5,0.6,4.8,37.7,0.3,0.1,0.0,0.0,0.0,0.0,0.0,0.0,0.0,16.8,2026-08-03 11:29:13
71,3,Bijan Robinson,ATL,0.0,0.0,0.0,0.0,0.0,18.2,86.9,0.7,3.8,29.8,0.2,0.1,0.0,0.0,0.0,0.0,0.0,0.0,0.0,16.7,2026-08-03 11:29:13
72,3,Jonathan Taylor,IND,0.0,0.0,0.0,0.0,0.0,21.0,99.1,0.7,2.4,17.5,0.1,0.1,0.0,0.0,0.0,0.0,0.0,0.0,0.0,16.6,2026-08-03 11:29:13
73,3,Saquon Barkley,PHI,0.0,0.0,0.0,0.0,0.0,19.4,95.5,0.7,2.5,18.1,0.1,0.1,0.0,0.0,0.0,0.0,0.0,0.0,0.0,16.2,2026-08-03 11:29:13
74,3,Derrick Henry,BAL,0.0,0.0,0.0,0.0,0.0,19.0,92.7,0.8,1.0,9.0,0.0,0.1,0.0,0.0,0.0,0.0,0.0,0.0,0.0,15.2,2026-08-03 11:29:13
75,3,James Cook III,BUF,0.0,0.0,0.0,0.0,0.0,16.6,76.0,0.7,2.3,20.5,0.1,0.1,0.0,0.0,0.0,0.0,0.0,0.0,0.0,14.7,2026-08-03 11:29:13
76,3,De'Von Achane,MIA,0.0,0.0,0.0,0.0,0.0,12.2,60.2,0.4,5.4,42.8,0.3,0.1,0.0,0.0,0.0,0.0,0.0,0.0,0.0,14.4,2026-08-03 11:29:13
77,3,Josh Jacobs,GB,0.0,0.0,0.0,0.0,0.0,19.7,81.1,0.7,1.9,14.4,0.1,0.1,0.0,0.0,0.0,0.0,0.0,0.0,0.0,14.3,2026-08-03 11:29:13
78,3,Kenneth Walker III,KC,0.0,0.0,0.0,0.0,0.0,17.5,78.7,0.7,2.7,19.4,0.1,0.1,0.0,0.0,0.0,0.0,0.0,0.0,0.0,14.3,2026-08-03 11:29:13
79,3,Jahmyr Gibbs,DET,0.0,0.0,0.0,0.0,0.0,13.5,67.2,0.6,3.6,28.6,0.2,0.1,0.0,0.0,0.0,0.0,0.0,0.0,0.0,14.2,2026-08-03 11:29:13
80,3,CeeDee Lamb,DAL,0.0,0.0,0.0,0.0,0.0,0.1,1.5,0.0,7.0,91.3,0.6,0.0,0.0,0.0,0.0,0.0,0.0,0.0,0.0,12.6,2026-08-03 11:29:13
81,3,Amon-Ra St. Brown,DET,0.0,0.0,0.0,0.0,0.0,0.1,1.0,0.0,7.0,83.6,0.6,0.0,0.0,0.0,0.0,0.0,0.0,0.0,0.0,11.8,2026-08-03 11:29:13
82,3,Puka Nacua,LAR,0.0,0.0,0.0,0.0,0.0,0.7,4.7,0.0,6.8,86.8,0.4,0.0,0.0,0.0,0.0,0.0,0.0,0.0,0.0,11.7,2026-08-03 11:29:13
83,3,Malik Nabers,NYG,0.0,0.0,0.0,0.0,0.0,0.1,0.7,0.0,6.6,84.1,0.5,0.0,0.0,0.0,0.0,0.0,0.0,0.0,0.0,11.6,2026-08-03 11:29:13
84,3,Ja'Marr Chase,CIN,0.0,0.0,0.0,0.0,0.0,0.1,0.5,0.0,6.2,83.9,0.5,0.0,0.0,0.0,0.0,0.0,0.0,0.0,0.0,11.6,2026-08-03 11:29:13
85,3,Justin Jefferson,MIN,0.0,0.0,0.0,0.0,0.0,0.0,0.7,0.0,5.8,79.8,0.6,0.0,0.0,0.0,0.0,0.0,0.0,0.0,0.0,11.4,2026-08-03 11:29:13
86,3,Zay Flowers,BAL,0.0,0.0,0.0,0.0,0.0,0.4,3.4,0.0,5.5,76.5,0.5,0.0,0.0,0.0,0.0,0.0,0.0,0.0,0.0,11.1,2026-08-03 11:29:13
87,3,Nico Collins,HOU,0.0,0.0,0.0,0.0,0.0,0.0,0.2,0.0,5.5,80.9,0.5,0.0,0.0,0.0,0.0,0.0,0.0,0.0,0.0,10.8,2026-08-03 11:29:13
88,3,Jaxon Smith-Njigba,SEA,0.0,0.0,0.0,0.0,0.0,0.1,0.4,0.0,6.4,81.6,0.4,0.0,0.0,0.0,0.0,0.0,0.0,0.0,0.0,10.7,2026-08-03 11:29:13
89,3,Mike Evans,SF,0.0,0.0,0.0,0.0,0.0,0.0,0.0,0.0,5.1,69.9,0.6,0.0,0.0,0.0,0.0,0.0,0.0,0.0,0.0,10.5,2026-08-03 11:29:13
90,3,Brock Bowers,LV,0.0,0.0,0.0,0.0,0.0,0.0,0.0,0.0,6.3,67.4,0.3,0.0,0.0,0.0,0.0,0.0,0.0,0.0,0.0,8.9,2026-08-03 11:29:13
91,3,Trey McBride,ARI,0.0,0.0,0.0,0.0,0.0,0.0,0.0,0.0,6.9,67.3,0.3,0.0,0.0,0.0,0.0,0.0,0.0,0.0,0.0,8.7,2026-08-03 11:29:13
92,3,Sam LaPorta,DET,0.0,0.0,0.0,0.0,0.0,0.0,0.0,0.0,4.6,52.2,0.4,0.0,0.0,0.0,0.0,0.0,0.0,0.0,0.0,7.3,2026-08-03 11:29:13
93,3,Travis Kelce,KC,0.0,0.0,0.0,0.0,0.0,0.0,0.0,0.0,4.9,51.9,0.4,0.0,0.0,0.0,0.0,0.0,0.0,0.0,0.0,7.3,2026-08-03 11:29:13
94,3,Tucker Kraft,GB,0.0,0.0,0.0,0.0,0.0,0.0,0.0,0.0,3.9,50.1,0.3,0.0,0.0,0.0,0.0,0.0,0.0,0.0,0.0,7.0,2026-08-03 11:29:13
95,3,Tyler Warren,IND,0.0,0.0,0.0,0.0,0.0,0.0,0.0,0.0,4.7,50.8,0.3,0.1,0.0,0.0,0.0,0.0,0.0,0.0,0.0,6.8,2026-08-03 11:29:13
96,3,Mark Andrews,BAL,0.0,0.0,0.0,0.0,0.0,0.0,0.0,0.0,3.5,39.9,0.4,0.0,0.0,0.0,0.0,0.0,0.0,0.0,0.0,6.3,2026-08-03 11:29:13
97,3,Juwan Johnson,NO,0.0,0.0,0.0,0.0,0.0,0.0,0.0,0.0,4.7,47.5,0.3,0.0,0.0,0.0,0.0,0.0,0.0,0.0,0.0,6.2,2026-08-03 11:29:13
98,3,Jake Ferguson,DAL,0.0,0.0,0.0,0.0,0.0,0.0,0.0,0.0,5.0,46.6,0.3,0.0,0.0,0.0,0.0,0.0,0.0,0.0,0.0,6.1,2026-08-03 11:29:13
99,3,Kyle Pitts Sr.,ATL,0.0,0.0,0.0,0.0,0.0,0.0,0.0,0.0,3.7,44.8,0.2,0.0,0.0,0.0,0.0,0.0,0.0,0.0,0.0,5.9,2026-08-03 11:29:13
100,3,Chase McLaughlin,TB,0.0,0.0,0.0,0.0,0.0,0.0,0.0,0.0,0.0,0.0,0.0,0.0,0.0,0.0,0.0,0.0,0.0,0.0,0.0,8.4,2026-08-03 11:29:13
101,3,Brandon Aubrey,DAL,0.0,0.0,0.0,0.0,0.0,0.0,0.0,0.0,0.0,0.0,0.0,0.0,0.0,0.0,0.0,0.0,0.0,0.0,0.0,8.4,2026-08-03 11:29:13
102,3,Jake Bates,DET,0.0,0.0,0.0,0.0,0.0,0.0,0.0,0.0,0.0,0.0,0.0,0.0,0.0,0.0,0.0,0.0,0.0,0.0,0.0,8.1,2026-08-03 11:29:13
103,3,Cameron Dicker,LAC,0.0,0.0,0.0,0.0,0.0,0.0,0.0,0.0,0.0,0.0,0.0,0.0,0.0,0.0,0.0,0.0,0.0,0.0,0.0,8.1,2026-08-03 11:29:13
104,3,Tyler Loop,BAL,0.0,0.0,0.0,0.0,0.0,0.0,0.0,0.0,0.0,0.0,0.0,0.0,0.0,0.0,0.0,0.0,0.0,0.0,0.0,8.0,2026-08-03 11:29:13
105,3,Chris Boswell,PIT,0.0,0.0,0.0,0.0,0.0,0.0,0.0,0.0,0.0,0.0,0.0,0.0,0.0,0.0,0.0,0.0,0.0,0.0,0.0,7.9,2026-08-03 11:29:13
106,3,Jason Myers,SEA,0.0,0.0,0.0,0.0,0.0,0.0,0.0,0.0,0.0,0.0,0.0,0.0,0.0,0.0,0.0,0.0,0.0,0.0,0.0,7.9,2026-08-03 11:29:13
107,3,Eddy Pineiro,SF,0.0,0.0,0.0,0.0,0.0,0.0,0.0,0.0,0.0,0.0,0.0,0.0,0.0,0.0,0.0,0.0,0.0,0.0,0.0,7.8,2026-08-03 11:29:13
108,3,Cairo Santos,CHI,0.0,0.0,0.0,0.0,0.0,0.0,0.0,0.0,0.0,0.0,0.0,0.0,0.0,0.0,0.0,0.0,0.0,0.0,0.0,7.8,2026-08-03 11:29:13
109,3,Jake Elliott,PHI,0.0,0.0,0.0,0.0,0.0,0.0,0.0,0.0,0.0,0.0,0.0,0.0,0.0,0.0,0.0,0.0,0.0,0.0,0.0,7.8,2026-08-03 11:29:13
110,3,Vikings D/ST,Vikings D/ST,0.0,0.0,0.0,0.0,0.0,0.0,0.0,0.0,0.0,0.0,0.0,0.0,3.3,0.9,0.5,0.2,0.0,19.5,340.1,8.0,2026-08-03 11:29:14
111,3,Packers D/ST,Packers D/ST,0.0,0.0,0.0,0.0,0.0,0.0,0.0,0.0,0.0,0.0,0.0,0.0,2.7,0.9,0.5,0.2,0.0,16.8,318.0,7.6,2026-08-03 11:29:14
112,3,Chiefs D/ST,Chiefs D/ST,0.0,0.0,0.0,0.0,0.0,0.0,0.0,0.0,0.0,0.0,0.0,0.0,3.1,0.7,0.6,0.2,0.0,19.6,334.5,7.5,2026-08-03 11:29:14
113,3,Bills D/ST,Bills D/ST,0.0,0.0,0.0,0.0,0.0,0.0,0.0,0.0,0.0,0.0,0.0,0.0,2.6,0.8,0.6,0.2,0.0,19.0,365.5,7.5,2026-08-03 11:29:14
114,3,Commanders D/ST,Commanders D/ST,0.0,0.0,0.0,0.0,0.0,0.0,0.0,0.0,0.0,0.0,0.0,0.0,2.9,0.9,0.5,0.1,0.0,19.9,344.9,7.5,2026-08-03 11:29:14
115,3,Buccaneers D/ST,Buccaneers D/ST,0.0,0.0,0.0,0.0,0.0,0.0,0.0,0.0,0.0,0.0,0.0,0.0,2.8,0.7,0.6,0.2,0.0,19.8,322.5,7.3,2026-08-03 11:29:14
116,3,Colts D/ST,Colts D/ST,0.0,0.0,0.0,0.0,0.0,0.0,0.0,0.0,0.0,0.0,0.0,0.0,2.8,0.7,0.5,0.2,0.0,19.9,324.0,7.2,2026-08-03 11:29:14
117,3,Falcons D/ST,Falcons D/ST,0.0,0.0,0.0,0.0,0.0,0.0,0.0,0.0,0.0,0.0,0.0,0.0,2.6,0.8,0.6,0.1,0.0,19.6,305.2,7.1,2026-08-03 11:29:14
118,3,Seahawks D/ST,Seahawks D/ST,0.0,0.0,0.0,0.0,0.0,0.0,0.0,0.0,0.0,0.0,0.0,0.0,2.5,0.8,0.5,0.2,0.0,17.5,309.7,7.0,2026-08-03 11:29:14
119,3,Steelers D/ST,Steelers D/ST,0.0,0.0,0.0,0.0,0.0,0.0,0.0,0.0,0.0,0.0,0.0,0.0,2.9,0.7,0.6,0.2,0.0,21.8,334.4,6.6,2026-08-03 11:29:14
120,4,Josh Allen,BUF,31.1,20.1,241.9,1.8,0.5,7.1,36.2,0.6,0.0,0.0,0.0,0.2,0.0,0.0,0.0,0.0,0.0,0.0,0.0,23.6,2026-08-03 11:29:14
121,4,Lamar Jackson,BAL,28.8,19.3,234.8,1.9,0.4,7.9,49.5,0.3,0.0,0.0,0.0,0.2,0.0,0.0,0.0,0.0,0.0,0.0,0.0,22.7,2026-08-03 11:29:14
122,4,Jalen Hurts,PHI,27.0,18.3,201.0,1.2,0.4,9.2,37.0,0.8,0.0,0.0,0.0,0.2,0.0,0.0,0.0,0.0,0.0,0.0,0.0,20.6,2026-08-03 11:29:14
123,4,Justin Herbert,LAC,32.1,21.4,253.3,1.7,0.5,5.3,22.8,0.2,0.0,0.0,0.0,0.2,0.0,0.0,0.0,0.0,0.0,0.0,0.0,19.3,2026-08-03 11:29:14
124,4,Patrick Mahomes,KC,36.0,23.6,243.9,1.5,0.6,5.2,27.0,0.2,0.0,0.0,0.0,0.2,0.0,0.0,0.0,0.0,0.0,0.0,0.0,19.1,2026-08-03 11:29:14
125,4,Drake Maye,NE,32.9,22.3,227.2,1.6,0.7,6.0,35.9,0.2,0.0,0.0,0.0,0.3,0.0,0.0,0.0,0.0,0.0,0.0,0.0,19.1,2026-08-03 11:29:14
126,4,Bo Nix,DEN,33.0,21.8,216.1,1.8,0.7,5.7,26.7,0.2,0.0,0.0,0.0,0.2,0.0,0.0,0.0,0.0,0.0,0.0,0.0,18.6,2026-08-03 11:29:14
127,4,Brock Purdy,SF,31.6,21.2,263.6,1.6,0.8,3.5,14.8,0.2,0.0,0.0,0.0,0.2,0.0,0.0,0.0,0.0,0.0,0.0,0.0,18.5,2026-08-03 11:29:14
128,4,Caleb Williams,CHI,33.0,21.3,226.7,1.6,0.6,5.5,30.9,0.2,0.0,0.0,0.0,0.2,0.0,0.0,0.0,0.0,0.0,0.0,0.0,18.4,2026-08-03 11:29:14
129,4,Jordan Love,GB,30.3,20.0,251.6,1.8,0.7,2.9,12.8,0.1,0.0,0.0,0.0,0.1,0.0,0.0,0.0,0.0,0.0,0.0,0.0,18.3,2026-08-03 11:29:14
130,4,Christian McCaffrey,SF,0.0,0.0,0.0,0.0,0.0,17.6,77.7,0.6,5.5,50.1,0.3,0.1,0.0,0.0,0.0,0.0,0.0,0.0,0.0,17.8,2026-08-03 11:29:14
131,4,Jonathan Taylor,IND,0.0,0.0,0.0,0.0,0.0,19.6,91.7,0.7,2.5,19.4,0.1,0.1,0.0,0.0,0.0,0.0,0.0,0.0,0.0,16.1,2026-08-03 11:29:14
132,4,Bijan Robinson,ATL,0.0,0.0,0.0,0.0,0.0,17.2,82.0,0.6,3.6,30.5,0.2,0.1,0.0,0.0,0.0,0.0,0.0,0.0,0.0,15.7,2026-08-03 11:29:14
133,4,James Cook III,BUF,0.0,0.0,0.0,0.0,0.0,17.2,82.4,0.8,2.3,19.4,0.1,0.1,0.0,0.0,0.0,0.0,0.0,0.0,0.0,15.6,2026-08-03 11:29:14
134,4,Josh Jacobs,GB,0.0,0.0,0.0,0.0,0.0,19.1,80.4,0.8,2.5,21.6,0.1,0.1,0.0,0.0,0.0,0.0,0.0,0.0,0.0,15.5,2026-08-03 11:29:14
135,4,Jahmyr Gibbs,DET,0.0,0.0,0.0,0.0,0.0,14.6,71.7,0.7,3.5,27.9,0.2,0.1,0.0,0.0,0.0,0.0,0.0,0.0,0.0,15.2,2026-08-03 11:29:14
136,4,Saquon Barkley,PHI,0.0,0.0,0.0,0.0,0.0,18.2,87.4,0.7,2.4,16.9,0.1,0.1,0.0,0.0,0.0,0.0,0.0,0.0,0.0,14.8,2026-08-03 11:29:14
137,4,Derrick Henry,BAL,0.0,0.0,0.0,0.0,0.0,17.5,88.9,0.7,1.0,9.4,0.1,0.1,0.0,0.0,0.0,0.0,0.0,0.0,0.0,14.3,2026-08-03 11:29:14
138,4,De'Von Achane,MIA,0.0,0.0,0.0,0.0,0.0,12.8,61.6,0.4,5.0,36.7,0.3,0.1,0.0,0.0,0.0,0.0,0.0,0.0,0.0,14.1,2026-08-03 11:29:14
139,4,Kyren Williams,LAR,0.0,0.0,0.0,0.0,0.0,18.0,76.7,0.7,2.1,13.7,0.1,0.1,0.0,0.0,0.0,0.0,0.0,0.0,0.0,14.0,2026-08-03 11:29:14
140,4,Puka Nacua,LAR,0.0,0.0,0.0,0.0,0.0,0.8,4.8,0.1,7.6,97.0,0.5,0.0,0.0,0.0,0.0,0.0,0.0,0.0,0.0,13.3,2026-08-03 11:29:14
141,4,Amon-Ra St. Brown,DET,0.0,0.0,0.0,0.0,0.0,0.2,0.8,0.0,6.4,77.1,0.6,0.0,0.0,0.0,0.0,0.0,0.0,0.0,0.0,11.6,2026-08-03 11:29:14
142,4,Nico Collins,HOU,0.0,0.0,0.0,0.0,0.0,0.0,0.1,0.0,5.5,77.7,0.6,0.1,0.0,0.0,0.0,0.0,0.0,0.0,0.0,11.1,2026-08-03 11:29:14
143,4,Jaxon Smith-Njigba,SEA,0.0,0.0,0.0,0.0,0.0,0.1,0.6,0.0,6.6,82.0,0.4,0.1,0.0,0.0,0.0,0.0,0.0,0.0,0.0,10.7,2026-08-03 11:29:14
144,4,Ja'Marr Chase,CIN,0.0,0.0,0.0,0.0,0.0,0.2,0.9,0.0,5.9,78.1,0.5,0.1,0.0,0.0,0.0,0.0,0.0,0.0,0.0,10.6,2026-08-03 11:29:14
145,4,Davante Adams,LAR,0.0,0.0,0.0,0.0,0.0,0.0,0.0,0.0,5.2,71.3,0.6,0.0,0.0,0.0,0.0,0.0,0.0,0.0,0.0,10.6,2026-08-03 11:29:14
146,4,Justin Jefferson,MIN,0.0,0.0,0.0,0.0,0.0,0.1,0.3,0.0,5.5,78.2,0.5,0.0,0.0,0.0,0.0,0.0,0.0,0.0,0.0,10.6,2026-08-03 11:29:14
147,4,Malik Nabers,NYG,0.0,0.0,0.0,0.0,0.0,0.1,0.7,0.0,6.0,73.9,0.5,0.0,0.0,0.0,0.0,0.0,0.0,0.0,0.0,10.2,2026-08-03 11:29:14
148,4,Emeka Egbuka,TB,0.0,0.0,0.0,0.0,0.0,0.1,0.8,0.0,5.2,66.7,0.5,0.1,0.0,0.0,0.0,0.0,0.0,0.0,0.0,9.8,2026-08-03 11:29:14
149,4,A.J. Brown,NE,0.0,0.0,0.0,0.0,0.0,0.0,0.0,0.0,4.9,70.4,0.5,0.0,0.0,0.0,0.0,0.0,0.0,0.0,0.0,9.8,2026-08-03 11:29:14
150,4,Brock Bowers,LV,0.0,0.0,0.0,0.0,0.0,0.0,0.0,0.0,5.9,63.3,0.3,0.0,0.0,0.0,0.0,0.0,0.0,0.0,0.0,8.4,2026-08-03 11:29:15
151,4,Trey McBride,ARI,0.0,0.0,0.0,0.0,0.0,0.0,0.0,0.0,6.5,64.6,0.3,0.0,0.0,0.0,0.0,0.0,0.0,0.0,0.0,8.4,2026-08-03 11:29:15
152,4,Tucker Kraft,GB,0.0,0.0,0.0,0.0,0.0,0.0,0.0,0.0,3.9,53.6,0.4,0.0,0.0,0.0,0.0,0.0,0.0,0.0,0.0,7.8,2026-08-03 11:29:15
153,4,Tyler Warren,IND,0.0,0.0,0.0,0.0,0.0,0.0,0.0,0.0,4.9,56.6,0.3,0.1,0.0,0.0,0.0,0.0,0.0,0.0,0.0,7.4,2026-08-03 11:29:15
154,4,Sam LaPorta,DET,0.0,0.0,0.0,0.0,0.0,0.0,0.0,0.0,4.1,46.9,0.4,0.0,0.0,0.0,0.0,0.0,0.0,0.0,0.0,7.0,2026-08-03 11:29:15
155,4,Hunter Henry,NE,0.0,0.0,0.0,0.0,0.0,0.0,0.0,0.0,4.3,45.6,0.4,0.0,0.0,0.0,0.0,0.0,0.0,0.0,0.0,6.9,2026-08-03 11:29:15
156,4,Travis Kelce,KC,0.0,0.0,0.0,0.0,0.0,0.0,0.0,0.0,4.7,48.6,0.3,0.0,0.0,0.0,0.0,0.0,0.0,0.0,0.0,6.8,2026-08-03 11:29:15
157,4,Juwan Johnson,NO,0.0,0.0,0.0,0.0,0.0,0.0,0.0,0.0,4.8,45.4,0.3,0.0,0.0,0.0,0.0,0.0,0.0,0.0,0.0,6.1,2026-08-03 11:29:15
158,4,Mark Andrews,BAL,0.0,0.0,0.0,0.0,0.0,0.0,0.0,0.0,3.2,37.9,0.4,0.0,0.0,0.0,0.0,0.0,0.0,0.0,0.0,6.0,2026-08-03 11:29:15
159,4,Jake Ferguson,DAL,0.0,0.0,0.0,0.0,0.0,0.0,0.0,0.0,5.7,46.4,0.2,0.1,0.0,0.0,0.0,0.0,0.0,0.0,0.0,5.9,2026-08-03 11:29:15
160,4,Jake Bates,DET,0.0,0.0,0.0,0.0,0.0,0.0,0.0,0.0,0.0,0.0,0.0,0.0,0.0,0.0,0.0,0.0,0.0,0.0,0.0,8.6,2026-08-03 11:29:15
161,4,Cameron Dicker,LAC,0.0,0.0,0.0,0.0,0.0,0.0,0.0,0.0,0.0,0.0,0.0,0.0,0.0,0.0,0.0,0.0,0.0,0.0,0.0,8.3,2026-08-03 11:29:15
162,4,Ka'imi Fairbairn,HOU,0.0,0.0,0.0,0.0,0.0,0.0,0.0,0.0,0.0,0.0,0.0,0.0,0.0,0.0,0.0,0.0,0.0,0.0,0.0,8.2,2026-08-03 11:29:15
163,4,Wil Lutz,DEN,0.0,0.0,0.0,0.0,0.0,0.0,0.0,0.0,0.0,0.0,0.0,0.0,0.0,0.0,0.0,0.0,0.0,0.0,0.0,8.2,2026-08-03 11:29:15
164,4,Spencer Shrader,IND,0.0,0.0,0.0,0.0,0.0,0.0,0.0,0.0,0.0,0.0,0.0,0.0,0.0,0.0,0.0,0.0,0.0,0.0,0.0,7.9,2026-08-03 11:29:15
165,4,Daniel Carlson,LV,0.0,0.0,0.0,0.0,0.0,0.0,0.0,0.0,0.0,0.0,0.0,0.0,0.0,0.0,0.0,0.0,0.0,0.0,0.0,7.8,2026-08-03 11:29:15
166,4,Eddy Pineiro,SF,0.0,0.0,0.0,0.0,0.0,0.0,0.0,0.0,0.0,0.0,0.0,0.0,0.0,0.0,0.0,0.0,0.0,0.0,0.0,7.7,2026-08-03 11:29:15
167,4,Riley Patterson,MIA,0.0,0.0,0.0,0.0,0.0,0.0,0.0,0.0,0.0,0.0,0.0,0.0,0.0,0.0,0.0,0.0,0.0,0.0,0.0,7.7,2026-08-03 11:29:15
168,4,Harrison Butker,KC,0.0,0.0,0.0,0.0,0.0,0.0,0.0,0.0,0.0,0.0,0.0,0.0,0.0,0.0,0.0,0.0,0.0,0.0,0.0,7.7,2026-08-03 11:29:15
169,4,Brandon Aubrey,DAL,0.0,0.0,0.0,0.0,0.0,0.0,0.0,0.0,0.0,0.0,0.0,0.0,0.0,0.0,0.0,0.0,0.0,0.0,0.0,7.7,2026-08-03 11:29:15
170,4,Broncos D/ST,Broncos D/ST,0.0,0.0,0.0,0.0,0.0,0.0,0.0,0.0,0.0,0.0,0.0,0.0,3.7,1.0,0.6,0.2,0.0,18.6,311.7,9.0,2026-08-03 11:29:15
171,4,Texans D/ST,Texans D/ST,0.0,0.0,0.0,0.0,0.0,0.0,0.0,0.0,0.0,0.0,0.0,0.0,3.5,0.8,0.7,0.2,0.1,17.5,289.8,8.8,2026-08-03 11:29:15
172,4,Lions D/ST,Lions D/ST,0.0,0.0,0.0,0.0,0.0,0.0,0.0,0.0,0.0,0.0,0.0,0.0,3.1,1.0,0.6,0.2,0.1,17.3,317.4,8.6,2026-08-03 11:29:15
173,4,Steelers D/ST,Steelers D/ST,0.0,0.0,0.0,0.0,0.0,0.0,0.0,0.0,0.0,0.0,0.0,0.0,3.4,0.9,0.8,0.2,0.0,21.1,334.4,7.9,2026-08-03 11:29:15
174,4,Chargers D/ST,Chargers D/ST,0.0,0.0,0.0,0.0,0.0,0.0,0.0,0.0,0.0,0.0,0.0,0.0,3.0,0.8,0.5,0.2,0.0,17.4,308.4,7.7,2026-08-03 11:29:15
175,4,Vikings D/ST,Vikings D/ST,0.0,0.0,0.0,0.0,0.0,0.0,0.0,0.0,0.0,0.0,0.0,0.0,2.8,0.7,0.7,0.2,0.0,19.2,283.7,7.5,2026-08-03 11:29:15
176,4,Bills D/ST,Bills D/ST,0.0,0.0,0.0,0.0,0.0,0.0,0.0,0.0,0.0,0.0,0.0,0.0,2.5,0.7,0.6,0.2,0.0,16.4,302.8,7.4,2026-08-03 11:29:15
177,4,Patriots D/ST,Patriots D/ST,0.0,0.0,0.0,0.0,0.0,0.0,0.0,0.0,0.0,0.0,0.0,0.0,2.4,0.8,0.5,0.2,0.0,19.5,296.4,7.0,2026-08-03 11:29:15
178,4,Packers D/ST,Packers D/ST,0.0,0.0,0.0,0.0,0.0,0.0,0.0,0.0,0.0,0.0,0.0,0.0,2.7,0.8,0.6,0.2,0.0,20.5,318.6,6.7,2026-08-03 11:29:15
179,4,Eagles D/ST,Eagles D/ST,0.0,0.0,0.0,0.0,0.0,0.0,0.0,0.0,0.0,0.0,0.0,0.0,2.5,0.8,0.6,0.2,0.0,22.3,349.0,6.4,2026-08-03 11:29:15
180,5,Josh Allen,BUF,31.2,21.2,245.9,1.8,0.5,6.9,34.5,0.6,0.0,0.0,0.0,0.2,0.0,0.0,0.0,0.0,0.0,0.0,0.0,23.3,2026-08-03 11:29:15
181,5,Justin Fields,KC,28.3,18.9,206.9,1.4,0.6,8.8,49.1,0.5,0.0,0.0,0.0,0.3,0.0,0.0,0.0,0.0,0.0,0.0,0.0,20.5,2026-08-03 11:29:15
182,5,Jalen Hurts,PHI,25.9,17.5,187.6,1.2,0.4,9.7,41.0,0.8,0.0,0.0,0.0,0.2,0.0,0.0,0.0,0.0,0.0,0.0,0.0,20.3,2026-08-03 11:29:15
183,5,Justin Herbert,LAC,33.5,21.9,265.2,1.8,0.5,4.7,21.3,0.1,0.0,0.0,0.0,0.2,0.0,0.0,0.0,0.0,0.0,0.0,0.0,19.7,2026-08-03 11:29:15
184,5,Jayden Daniels,WAS,31.4,21.0,217.4,1.4,0.6,7.9,44.7,0.3,0.0,0.0,0.0,0.1,0.0,0.0,0.0,0.0,0.0,0.0,0.0,19.7,2026-08-03 11:29:15
185,5,Kyler Murray,MIN,31.9,21.9,213.4,1.5,0.6,6.4,40.2,0.3,0.0,0.0,0.0,0.2,0.0,0.0,0.0,0.0,0.0,0.0,0.0,19.5,2026-08-03 11:29:15
186,5,Patrick Mahomes,KC,35.4,23.3,247.1,1.6,0.6,4.7,25.0,0.2,0.0,0.0,0.0,0.2,0.0,0.0,0.0,0.0,0.0,0.0,0.0,19.1,2026-08-03 11:29:15
187,5,Daniel Jones,IND,31.0,20.3,226.6,1.3,0.6,5.2,25.7,0.4,0.0,0.0,0.0,0.3,0.0,0.0,0.0,0.0,0.0,0.0,0.0,18.4,2026-08-03 11:29:15
188,5,Drake Maye,NE,32.1,22.0,224.3,1.4,0.7,5.7,33.4,0.2,0.0,0.0,0.0,0.3,0.0,0.0,0.0,0.0,0.0,0.0,0.0,18.3,2026-08-03 11:29:15
189,5,Jared Goff,DET,31.1,22.2,257.7,2.0,0.6,1.8,3.7,0.0,0.0,0.0,0.0,0.2,0.0,0.0,0.0,0.0,0.0,0.0,0.0,18.0,2026-08-03 11:29:15
190,5,Jonathan Taylor,IND,0.0,0.0,0.0,0.0,0.0,21.3,97.9,0.9,2.7,19.6,0.1,0.1,0.0,0.0,0.0,0.0,0.0,0.0,0.0,17.6,2026-08-03 11:29:15
191,5,Jahmyr Gibbs,DET,0.0,0.0,0.0,0.0,0.0,15.7,78.5,0.8,3.6,27.1,0.2,0.1,0.0,0.0,0.0,0.0,0.0,0.0,0.0,16.2,2026-08-03 11:29:15
192,5,Christian McCaffrey,SF,0.0,0.0,0.0,0.0,0.0,15.8,68.0,0.4,6.0,52.6,0.3,0.1,0.0,0.0,0.0,0.0,0.0,0.0,0.0,16.2,2026-08-03 11:29:15
193,5,James Cook III,BUF,0.0,0.0,0.0,0.0,0.0,17.3,82.8,0.8,2.5,21.2,0.1,0.1,0.0,0.0,0.0,0.0,0.0,0.0,0.0,15.7,2026-08-03 11:29:15
194,5,De'Von Achane,MIA,0.0,0.0,0.0,0.0,0.0,14.3,74.7,0.5,4.7,34.9,0.3,0.1,0.0,0.0,0.0,0.0,0.0,0.0,0.0,15.3,2026-08-03 11:29:15
195,5,Omarion Hampton,LAC,0.0,0.0,0.0,0.0,0.0,18.2,81.6,0.7,3.0,24.3,0.1,0.1,0.0,0.0,0.0,0.0,0.0,0.0,0.0,15.1,2026-08-03 11:29:15
196,5,Saquon Barkley,PHI,0.0,0.0,0.0,0.0,0.0,18.7,87.3,0.6,2.4,16.7,0.1,0.1,0.0,0.0,0.0,0.0,0.0,0.0,0.0,14.6,2026-08-03 11:29:15
197,5,Derrick Henry,BAL,0.0,0.0,0.0,0.0,0.0,17.2,89.0,0.8,1.0,9.2,0.0,0.2,0.0,0.0,0.0,0.0,0.0,0.0,0.0,14.2,2026-08-03 11:29:15
198,5,Cam Skattebo,NYG,0.0,0.0,0.0,0.0,0.0,17.5,72.2,0.6,2.7,22.2,0.1,0.1,0.0,0.0,0.0,0.0,0.0,0.0,0.0,13.6,2026-08-03 11:29:15
199,5,Breece Hall,NYJ,0.0,0.0,0.0,0.0,0.0,16.9,72.4,0.4,3.2,28.1,0.2,0.1,0.0,0.0,0.0,0.0,0.0,0.0,0.0,13.3,2026-08-03 11:29:15
200,5,Puka Nacua,LAR,0.0,0.0,0.0,0.0,0.0,1.3,6.2,0.1,7.8,95.8,0.5,0.0,0.0,0.0,0.0,0.0,0.0,0.0,0.0,13.3,2026-08-03 11:29:16
201,5,Amon-Ra St. Brown,DET,0.0,0.0,0.0,0.0,0.0,0.1,0.6,0.0,6.7,77.5,0.7,0.0,0.0,0.0,0.0,0.0,0.0,0.0,0.0,12.2,2026-08-03 11:29:16
202,5,George Pickens,DAL,0.0,0.0,0.0,0.0,0.0,0.0,0.1,0.0,5.4,79.1,0.6,0.0,0.0,0.0,0.0,0.0,0.0,0.0,0.0,11.2,2026-08-03 11:29:16
203,5,Quentin Johnston,LAC,0.0,0.0,0.0,0.0,0.0,0.2,0.7,0.0,4.8,72.8,0.6,0.0,0.0,0.0,0.0,0.0,0.0,0.0,0.0,10.8,2026-08-03 11:29:16
204,5,Jaxon Smith-Njigba,SEA,0.0,0.0,0.0,0.0,0.0,0.3,1.6,0.0,6.2,79.9,0.4,0.1,0.0,0.0,0.0,0.0,0.0,0.0,0.0,10.6,2026-08-03 11:29:16
205,5,Nico Collins,HOU,0.0,0.0,0.0,0.0,0.0,0.0,0.1,0.0,5.3,76.7,0.5,0.1,0.0,0.0,0.0,0.0,0.0,0.0,0.0,10.5,2026-08-03 11:29:16
206,5,Ja'Marr Chase,CIN,0.0,0.0,0.0,0.0,0.0,0.2,1.8,0.0,5.7,75.5,0.5,0.1,0.0,0.0,0.0,0.0,0.0,0.0,0.0,10.4,2026-08-03 11:29:16
207,5,Justin Jefferson,MIN,0.0,0.0,0.0,0.0,0.0,0.0,0.1,0.0,5.5,74.8,0.4,0.0,0.0,0.0,0.0,0.0,0.0,0.0,0.0,10.0,2026-08-03 11:29:16
208,5,Emeka Egbuka,TB,0.0,0.0,0.0,0.0,0.0,0.1,1.4,0.0,5.2,67.7,0.5,0.1,0.0,0.0,0.0,0.0,0.0,0.0,0.0,9.9,2026-08-03 11:29:16
209,5,Davante Adams,LAR,0.0,0.0,0.0,0.0,0.0,0.0,0.0,0.0,4.8,64.3,0.6,0.0,0.0,0.0,0.0,0.0,0.0,0.0,0.0,9.9,2026-08-03 11:29:16
210,5,Trey McBride,ARI,0.0,0.0,0.0,0.0,0.0,0.0,0.0,0.0,6.7,64.7,0.4,0.0,0.0,0.0,0.0,0.0,0.0,0.0,0.0,8.9,2026-08-03 11:29:16
211,5,Tyler Warren,IND,0.0,0.0,0.0,0.0,0.0,0.0,0.0,0.0,5.0,57.1,0.3,0.1,0.0,0.0,0.0,0.0,0.0,0.0,0.0,7.9,2026-08-03 11:29:16
212,5,Sam LaPorta,DET,0.0,0.0,0.0,0.0,0.0,0.0,0.0,0.0,4.1,45.1,0.4,0.0,0.0,0.0,0.0,0.0,0.0,0.0,0.0,6.7,2026-08-03 11:29:16
213,5,Jake Ferguson,DAL,0.0,0.0,0.0,0.0,0.0,0.0,0.0,0.0,5.9,48.9,0.3,0.1,0.0,0.0,0.0,0.0,0.0,0.0,0.0,6.6,2026-08-03 11:29:16
214,5,Hunter Henry,NE,0.0,0.0,0.0,0.0,0.0,0.0,0.0,0.0,4.1,44.1,0.4,0.0,0.0,0.0,0.0,0.0,0.0,0.0,0.0,6.5,2026-08-03 11:29:16
215,5,Travis Kelce,KC,0.0,0.0,0.0,0.0,0.0,0.0,0.0,0.0,4.5,46.8,0.3,0.0,0.0,0.0,0.0,0.0,0.0,0.0,0.0,6.3,2026-08-03 11:29:16
216,5,Dalton Kincaid,BUF,0.0,0.0,0.0,0.0,0.0,0.0,0.0,0.0,3.6,39.4,0.3,0.0,0.0,0.0,0.0,0.0,0.0,0.0,0.0,5.9,2026-08-03 11:29:16
217,5,Juwan Johnson,NO,0.0,0.0,0.0,0.0,0.0,0.0,0.0,0.0,4.2,40.1,0.3,0.0,0.0,0.0,0.0,0.0,0.0,0.0,0.0,5.5,2026-08-03 11:29:16
218,5,Dallas Goedert,PHI,0.0,0.0,0.0,0.0,0.0,0.0,0.0,0.0,3.4,35.7,0.3,0.0,0.0,0.0,0.0,0.0,0.0,0.0,0.0,5.2,2026-08-03 11:29:16
219,5,Mark Andrews,BAL,0.0,0.0,0.0,0.0,0.0,0.0,0.0,0.0,3.1,34.2,0.3,0.0,0.0,0.0,0.0,0.0,0.0,0.0,0.0,5.2,2026-08-03 11:29:16
220,5,Brandon Aubrey,DAL,0.0,0.0,0.0,0.0,0.0,0.0,0.0,0.0,0.0,0.0,0.0,0.0,0.0,0.0,0.0,0.0,0.0,0.0,0.0,9.0,2026-08-03 11:29:16
221,5,Spencer Shrader,IND,0.0,0.0,0.0,0.0,0.0,0.0,0.0,0.0,0.0,0.0,0.0,0.0,0.0,0.0,0.0,0.0,0.0,0.0,0.0,8.9,2026-08-03 11:29:16
222,5,Jake Bates,DET,0.0,0.0,0.0,0.0,0.0,0.0,0.0,0.0,0.0,0.0,0.0,0.0,0.0,0.0,0.0,0.0,0.0,0.0,0.0,8.8,2026-08-03 11:29:16
223,5,Cameron Dicker,LAC,0.0,0.0,0.0,0.0,0.0,0.0,0.0,0.0,0.0,0.0,0.0,0.0,0.0,0.0,0.0,0.0,0.0,0.0,0.0,8.6,2026-08-03 11:29:16
224,5,Chad Ryland,ARI,0.0,0.0,0.0,0.0,0.0,0.0,0.0,0.0,0.0,0.0,0.0,0.0,0.0,0.0,0.0,0.0,0.0,0.0,0.0,7.8,2026-08-03 11:29:16
225,5,Jake Elliott,PHI,0.0,0.0,0.0,0.0,0.0,0.0,0.0,0.0,0.0,0.0,0.0,0.0,0.0,0.0,0.0,0.0,0.0,0.0,0.0,7.7,2026-08-03 11:29:16
226,5,Ka'imi Fairbairn,HOU,0.0,0.0,0.0,0.0,0.0,0.0,0.0,0.0,0.0,0.0,0.0,0.0,0.0,0.0,0.0,0.0,0.0,0.0,0.0,7.6,2026-08-03 11:29:16
227,5,Harrison Butker,KC,0.0,0.0,0.0,0.0,0.0,0.0,0.0,0.0,0.0,0.0,0.0,0.0,0.0,0.0,0.0,0.0,0.0,0.0,0.0,7.6,2026-08-03 11:29:16
228,5,Matt Gay,LV,0.0,0.0,0.0,0.0,0.0,0.0,0.0,0.0,0.0,0.0,0.0,0.0,0.0,0.0,0.0,0.0,0.0,0.0,0.0,7.4,2026-08-03 11:29:16
229,5,Jason Myers,SEA,0.0,0.0,0.0,0.0,0.0,0.0,0.0,0.0,0.0,0.0,0.0,0.0,0.0,0.0,0.0,0.0,0.0,0.0,0.0,7.4,2026-08-03 11:29:16
230,5,Lions D/ST,Lions D/ST,0.0,0.0,0.0,0.0,0.0,0.0,0.0,0.0,0.0,0.0,0.0,0.0,3.4,1.0,0.6,0.2,0.1,18.7,310.8,9.1,2026-08-03 11:29:16
231,5,Browns D/ST,Browns D/ST,0.0,0.0,0.0,0.0,0.0,0.0,0.0,0.0,0.0,0.0,0.0,0.0,3.7,1.0,0.6,0.2,0.0,19.6,296.8,8.7,2026-08-03 11:29:16
232,5,Vikings D/ST,Vikings D/ST,0.0,0.0,0.0,0.0,0.0,0.0,0.0,0.0,0.0,0.0,0.0,0.0,3.3,0.9,0.7,0.2,0.0,17.2,292.6,8.5,2026-08-03 11:29:16
233,5,Cardinals D/ST,Cardinals D/ST,0.0,0.0,0.0,0.0,0.0,0.0,0.0,0.0,0.0,0.0,0.0,0.0,3.1,0.7,0.6,0.2,0.0,16.1,280.1,7.7,2026-08-03 11:29:16
234,5,Rams D/ST,Rams D/ST,0.0,0.0,0.0,0.0,0.0,0.0,0.0,0.0,0.0,0.0,0.0,0.0,2.6,0.8,0.6,0.2,0.0,18.6,324.6,7.6,2026-08-03 11:29:16
235,5,Bills D/ST,Bills D/ST,0.0,0.0,0.0,0.0,0.0,0.0,0.0,0.0,0.0,0.0,0.0,0.0,3.3,0.7,0.8,0.2,0.0,20.7,318.7,7.3,2026-08-03 11:29:16
236,5,Colts D/ST,Colts D/ST,0.0,0.0,0.0,0.0,0.0,0.0,0.0,0.0,0.0,0.0,0.0,0.0,3.0,1.0,0.5,0.2,0.0,20.0,330.6,7.0,2026-08-03 11:29:16
237,5,Eagles D/ST,Eagles D/ST,0.0,0.0,0.0,0.0,0.0,0.0,0.0,0.0,0.0,0.0,0.0,0.0,1.8,0.8,0.6,0.2,0.0,19.7,326.0,6.7,2026-08-03 11:29:16
238,5,Texans D/ST,Texans D/ST,0.0,0.0,0.0,0.0,0.0,0.0,0.0,0.0,0.0,0.0,0.0,0.0,2.3,0.6,0.5,0.1,0.0,19.8,313.3,6.4,2026-08-03 11:29:16
239,5,Saints D/ST,Saints D/ST,0.0,0.0,0.0,0.0,0.0,0.0,0.0,0.0,0.0,0.0,0.0,0.0,3.1,0.7,0.5,0.1,0.0,20.3,323.4,6.3,2026-08-03 11:29:16
240,6,Josh Allen,BUF,31.5,20.9,236.0,1.8,0.5,7.2,37.5,0.6,0.0,0.0,0.0,0.2,0.0,0.0,0.0,0.0,0.0,0.0,0.0,23.0,2026-08-03 11:29:16
241,6,Jalen Hurts,PHI,27.7,18.7,202.7,1.4,0.4,9.0,41.1,0.8,0.0,0.0,0.0,0.2,0.0,0.0,0.0,0.0,0.0,0.0,0.0,21.3,2026-08-03 11:29:16
242,6,Jayden Daniels,WAS,30.8,20.7,224.3,1.6,0.6,8.2,47.7,0.3,0.0,0.0,0.0,0.1,0.0,0.0,0.0,0.0,0.0,0.0,0.0,21.2,2026-08-03 11:29:16
243,6,Patrick Mahomes,KC,36.5,23.8,251.3,1.7,0.6,4.9,31.4,0.3,0.0,0.0,0.0,0.2,0.0,0.0,0.0,0.0,0.0,0.0,0.0,20.6,2026-08-03 11:29:16
244,6,Dak Prescott,DAL,36.3,24.4,259.1,2.0,0.7,2.3,12.5,0.1,0.0,0.0,0.0,0.2,0.0,0.0,0.0,0.0,0.0,0.0,0.0,19.4,2026-08-03 11:29:16
245,6,Justin Herbert,LAC,32.9,22.3,251.4,1.7,0.5,4.6,25.4,0.1,0.0,0.0,0.0,0.2,0.0,0.0,0.0,0.0,0.0,0.0,0.0,19.4,2026-08-03 11:29:16
246,6,Baker Mayfield,TB,33.0,22.6,241.1,2.0,0.7,4.4,22.9,0.1,0.0,0.0,0.0,0.2,0.0,0.0,0.0,0.0,0.0,0.0,0.0,19.3,2026-08-03 11:29:16
247,6,Jordan Love,GB,30.5,20.3,244.3,2.0,0.6,3.6,14.2,0.1,0.0,0.0,0.0,0.2,0.0,0.0,0.0,0.0,0.0,0.0,0.0,19.0,2026-08-03 11:29:16
248,6,Drake Maye,NE,30.8,21.4,230.2,1.5,0.6,5.8,31.9,0.3,0.0,0.0,0.0,0.2,0.0,0.0,0.0,0.0,0.0,0.0,0.0,18.9,2026-08-03 11:29:16
249,6,Bo Nix,DEN,33.7,21.8,222.3,1.7,0.7,5.4,23.7,0.2,0.0,0.0,0.0,0.2,0.0,0.0,0.0,0.0,0.0,0.0,0.0,18.2,2026-08-03 11:29:16
250,6,Jonathan Taylor,IND,0.0,0.0,0.0,0.0,0.0,21.2,98.6,1.0,2.7,20.2,0.1,0.1,0.0,0.0,0.0,0.0,0.0,0.0,0.0,18.6,2026-08-03 11:29:16
251,6,Christian McCaffrey,SF,0.0,0.0,0.0,0.0,0.0,16.0,66.0,0.4,6.2,53.7,0.4,0.1,0.0,0.0,0.0,0.0,0.0,0.0,0.0,16.6,2026-08-03 11:29:16
252,6,Josh Jacobs,GB,0.0,0.0,0.0,0.0,0.0,20.1,81.4,0.9,2.4,21.3,0.1,0.1,0.0,0.0,0.0,0.0,0.0,0.0,0.0,16.0,2026-08-03 11:29:16
253,6,Bijan Robinson,ATL,0.0,0.0,0.0,0.0,0.0,15.5,77.6,0.5,4.3,38.5,0.2,0.1,0.0,0.0,0.0,0.0,0.0,0.0,0.0,15.7,2026-08-03 11:29:16
254,6,James Cook III,BUF,0.0,0.0,0.0,0.0,0.0,17.4,83.3,0.7,2.4,19.3,0.1,0.1,0.0,0.0,0.0,0.0,0.0,0.0,0.0,15.1,2026-08-03 11:29:16
255,6,Saquon Barkley,PHI,0.0,0.0,0.0,0.0,0.0,16.9,87.2,0.6,2.6,18.7,0.1,0.1,0.0,0.0,0.0,0.0,0.0,0.0,0.0,14.9,2026-08-03 11:29:16
256,6,De'Von Achane,MIA,0.0,0.0,0.0,0.0,0.0,14.1,69.0,0.4,4.9,33.8,0.3,0.1,0.0,0.0,0.0,0.0,0.0,0.0,0.0,14.5,2026-08-03 11:29:16
257,6,Jahmyr Gibbs,DET,0.0,0.0,0.0,0.0,0.0,13.4,69.0,0.7,3.5,26.4,0.2,0.1,0.0,0.0,0.0,0.0,0.0,0.0,0.0,14.3,2026-08-03 11:29:16
258,6,Kyren Williams,LAR,0.0,0.0,0.0,0.0,0.0,17.4,75.6,0.7,2.4,17.0,0.2,0.2,0.0,0.0,0.0,0.0,0.0,0.0,0.0,14.0,2026-08-03 11:29:16
259,6,Javonte Williams,DAL,0.0,0.0,0.0,0.0,0.0,18.1,79.0,0.6,2.7,16.3,0.1,0.1,0.0,0.0,0.0,0.0,0.0,0.0,0.0,13.9,2026-08-03 11:29:16
260,6,Puka Nacua,LAR,0.0,0.0,0.0,0.0,0.0,1.2,5.9,0.0,8.1,100.4,0.5,0.0,0.0,0.0,0.0,0.0,0.0,0.0,0.0,14.1,2026-08-03 11:29:17
261,6,Emeka Egbuka,TB,0.0,0.0,0.0,0.0,0.0,0.1,0.9,0.0,5.7,79.5,0.7,0.1,0.0,0.0,0.0,0.0,0.0,0.0,0.0,12.0,2026-08-03 11:29:17
262,6,Amon-Ra St. Brown,DET,0.0,0.0,0.0,0.0,0.0,0.1,0.5,0.0,6.8,78.1,0.7,0.0,0.0,0.0,0.0,0.0,0.0,0.0,0.0,11.9,2026-08-03 11:29:17
263,6,Jaxon Smith-Njigba,SEA,0.0,0.0,0.0,0.0,0.0,0.3,1.6,0.0,6.5,87.9,0.5,0.1,0.0,0.0,0.0,0.0,0.0,0.0,0.0,11.8,2026-08-03 11:29:17
264,6,George Pickens,DAL,0.0,0.0,0.0,0.0,0.0,0.0,0.4,0.0,5.1,77.1,0.6,0.0,0.0,0.0,0.0,0.0,0.0,0.0,0.0,11.4,2026-08-03 11:29:17
265,6,Deebo Samuel Sr.,SF,0.0,0.0,0.0,0.0,0.0,1.5,9.2,0.1,5.0,62.6,0.5,0.0,0.0,0.0,0.0,0.0,0.0,0.0,0.0,10.6,2026-08-03 11:29:17
266,6,Davante Adams,LAR,0.0,0.0,0.0,0.0,0.0,0.0,0.0,0.0,4.9,69.1,0.6,0.0,0.0,0.0,0.0,0.0,0.0,0.0,0.0,10.6,2026-08-03 11:29:17
267,6,Ja'Marr Chase,CIN,0.0,0.0,0.0,0.0,0.0,0.2,0.7,0.0,6.0,71.0,0.5,0.1,0.0,0.0,0.0,0.0,0.0,0.0,0.0,9.8,2026-08-03 11:29:17
268,6,Rome Odunze,CHI,0.0,0.0,0.0,0.0,0.0,0.0,0.2,0.0,4.6,67.1,0.5,0.0,0.0,0.0,0.0,0.0,0.0,0.0,0.0,9.7,2026-08-03 11:29:17
269,6,Jaylen Waddle,DEN,0.0,0.0,0.0,0.0,0.0,0.1,0.4,0.0,5.6,72.4,0.4,0.0,0.0,0.0,0.0,0.0,0.0,0.0,0.0,9.6,2026-08-03 11:29:17
270,6,Trey McBride,ARI,0.0,0.0,0.0,0.0,0.0,0.0,0.0,0.0,6.2,62.7,0.3,0.0,0.0,0.0,0.0,0.0,0.0,0.0,0.0,8.0,2026-08-03 11:29:17
271,6,Tucker Kraft,GB,0.0,0.0,0.0,0.0,0.0,0.0,0.0,0.0,4.2,53.3,0.4,0.0,0.0,0.0,0.0,0.0,0.0,0.0,0.0,7.7,2026-08-03 11:29:17
272,6,Tyler Warren,IND,0.0,0.0,0.0,0.0,0.0,0.0,0.0,0.0,4.8,53.0,0.3,0.1,0.0,0.0,0.0,0.0,0.0,0.0,0.0,7.4,2026-08-03 11:29:17
273,6,Jake Ferguson,DAL,0.0,0.0,0.0,0.0,0.0,0.0,0.0,0.0,6.0,50.4,0.4,0.0,0.0,0.0,0.0,0.0,0.0,0.0,0.0,7.4,2026-08-03 11:29:17
274,6,Travis Kelce,KC,0.0,0.0,0.0,0.0,0.0,0.0,0.0,0.0,4.7,48.9,0.3,0.0,0.0,0.0,0.0,0.0,0.0,0.0,0.0,6.7,2026-08-03 11:29:17
275,6,Sam LaPorta,DET,0.0,0.0,0.0,0.0,0.0,0.0,0.0,0.0,4.3,46.8,0.3,0.0,0.0,0.0,0.0,0.0,0.0,0.0,0.0,6.7,2026-08-03 11:29:17
276,6,Hunter Henry,NE,0.0,0.0,0.0,0.0,0.0,0.0,0.0,0.0,3.9,44.4,0.4,0.0,0.0,0.0,0.0,0.0,0.0,0.0,0.0,6.5,2026-08-03 11:29:17
277,6,Kyle Pitts Sr.,ATL,0.0,0.0,0.0,0.0,0.0,0.0,0.0,0.0,3.7,47.4,0.2,0.0,0.0,0.0,0.0,0.0,0.0,0.0,0.0,6.1,2026-08-03 11:29:17
278,6,Dallas Goedert,PHI,0.0,0.0,0.0,0.0,0.0,0.0,0.0,0.0,3.8,39.1,0.3,0.0,0.0,0.0,0.0,0.0,0.0,0.0,0.0,5.8,2026-08-03 11:29:17
279,6,David Njoku,LAC,0.0,0.0,0.0,0.0,0.0,0.0,0.0,0.0,4.1,41.6,0.2,0.0,0.0,0.0,0.0,0.0,0.0,0.0,0.0,5.6,2026-08-03 11:29:17
280,6,Brandon Aubrey,DAL,0.0,0.0,0.0,0.0,0.0,0.0,0.0,0.0,0.0,0.0,0.0,0.0,0.0,0.0,0.0,0.0,0.0,0.0,0.0,8.8,2026-08-03 11:29:17
281,6,Cameron Dicker,LAC,0.0,0.0,0.0,0.0,0.0,0.0,0.0,0.0,0.0,0.0,0.0,0.0,0.0,0.0,0.0,0.0,0.0,0.0,0.0,8.4,2026-08-03 11:29:17
282,6,Wil Lutz,DEN,0.0,0.0,0.0,0.0,0.0,0.0,0.0,0.0,0.0,0.0,0.0,0.0,0.0,0.0,0.0,0.0,0.0,0.0,0.0,8.2,2026-08-03 11:29:17
283,6,Chase McLaughlin,TB,0.0,0.0,0.0,0.0,0.0,0.0,0.0,0.0,0.0,0.0,0.0,0.0,0.0,0.0,0.0,0.0,0.0,0.0,0.0,8.2,2026-08-03 11:29:17
284,6,Matt Gay,LV,0.0,0.0,0.0,0.0,0.0,0.0,0.0,0.0,0.0,0.0,0.0,0.0,0.0,0.0,0.0,0.0,0.0,0.0,0.0,8.0,2026-08-03 11:29:17
285,6,Harrison Butker,KC,0.0,0.0,0.0,0.0,0.0,0.0,0.0,0.0,0.0,0.0,0.0,0.0,0.0,0.0,0.0,0.0,0.0,0.0,0.0,8.0,2026-08-03 11:29:17
286,6,Jake Bates,DET,0.0,0.0,0.0,0.0,0.0,0.0,0.0,0.0,0.0,0.0,0.0,0.0,0.0,0.0,0.0,0.0,0.0,0.0,0.0,7.9,2026-08-03 11:29:17
287,6,Daniel Carlson,LV,0.0,0.0,0.0,0.0,0.0,0.0,0.0,0.0,0.0,0.0,0.0,0.0,0.0,0.0,0.0,0.0,0.0,0.0,0.0,7.9,2026-08-03 11:29:17
288,6,Jake Elliott,PHI,0.0,0.0,0.0,0.0,0.0,0.0,0.0,0.0,0.0,0.0,0.0,0.0,0.0,0.0,0.0,0.0,0.0,0.0,0.0,7.7,2026-08-03 11:29:17
289,6,Eddy Pineiro,SF,0.0,0.0,0.0,0.0,0.0,0.0,0.0,0.0,0.0,0.0,0.0,0.0,0.0,0.0,0.0,0.0,0.0,0.0,0.0,7.6,2026-08-03 11:29:17
290,6,Broncos D/ST,Broncos D/ST,0.0,0.0,0.0,0.0,0.0,0.0,0.0,0.0,0.0,0.0,0.0,0.0,3.7,0.7,0.7,0.2,0.0,17.5,302.2,8.6,2026-08-03 11:29:34
291,6,Steelers D/ST,Steelers D/ST,0.0,0.0,0.0,0.0,0.0,0.0,0.0,0.0,0.0,0.0,0.0,0.0,3.2,0.9,0.6,0.2,0.1,17.1,319.2,8.5,2026-08-03 11:29:34
292,6,Packers D/ST,Packers D/ST,0.0,0.0,0.0,0.0,0.0,0.0,0.0,0.0,0.0,0.0,0.0,0.0,2.9,1.0,0.6,0.2,0.0,16.4,270.9,8.2,2026-08-03 11:29:34
293,6,Eagles D/ST,Eagles D/ST,0.0,0.0,0.0,0.0,0.0,0.0,0.0,0.0,0.0,0.0,0.0,0.0,2.7,0.8,0.6,0.2,0.0,16.1,303.7,7.6,2026-08-03 11:29:34
294,6,Raiders D/ST,Raiders D/ST,0.0,0.0,0.0,0.0,0.0,0.0,0.0,0.0,0.0,0.0,0.0,0.0,3.0,0.7,0.6,0.2,0.0,17.9,280.1,7.5,2026-08-03 11:29:34
295,6,Colts D/ST,Colts D/ST,0.0,0.0,0.0,0.0,0.0,0.0,0.0,0.0,0.0,0.0,0.0,0.0,2.9,0.7,0.5,0.1,0.0,18.9,306.9,7.2,2026-08-03 11:29:34
296,6,Rams D/ST,Rams D/ST,0.0,0.0,0.0,0.0,0.0,0.0,0.0,0.0,0.0,0.0,0.0,0.0,2.3,0.8,0.6,0.1,0.0,19.0,310.8,6.8,2026-08-03 11:29:34
297,6,Commanders D/ST,Commanders D/ST,0.0,0.0,0.0,0.0,0.0,0.0,0.0,0.0,0.0,0.0,0.0,0.0,3.3,0.6,0.5,0.2,0.0,22.3,332.6,6.6,2026-08-03 11:29:34
298,6,Patriots D/ST,Patriots D/ST,0.0,0.0,0.0,0.0,0.0,0.0,0.0,0.0,0.0,0.0,0.0,0.0,2.2,0.7,0.5,0.2,0.0,19.6,308.7,6.6,2026-08-03 11:29:34
299,6,Saints D/ST,Saints D/ST,0.0,0.0,0.0,0.0,0.0,0.0,0.0,0.0,0.0,0.0,0.0,0.0,3.0,0.7,0.6,0.1,0.0,22.8,325.9,6.5,2026-08-03 11:29:34
300,7,Jayden Daniels,WAS,31.4,21.2,234.2,1.8,0.5,8.7,47.2,0.3,0.0,0.0,0.0,0.2,0.0,0.0,0.0,0.0,0.0,0.0,0.0,22.2,2026-08-03 11:29:35
301,7,Patrick Mahomes,KC,34.7,23.5,244.4,1.9,0.5,5.3,29.5,0.3,0.0,0.0,0.0,0.2,0.0,0.0,0.0,0.0,0.0,0.0,0.0,21.6,2026-08-03 11:29:35
302,7,Dak Prescott,DAL,37.4,25.8,279.4,2.2,0.6,2.3,9.9,0.1,0.0,0.0,0.0,0.2,0.0,0.0,0.0,0.0,0.0,0.0,0.0,20.6,2026-08-03 11:29:35
303,7,Drake Maye,NE,30.7,21.9,236.9,1.6,0.6,5.9,31.0,0.3,0.0,0.0,0.0,0.2,0.0,0.0,0.0,0.0,0.0,0.0,0.0,19.8,2026-08-03 11:29:35
304,7,Jalen Hurts,PHI,29.3,19.9,209.0,1.2,0.4,8.0,34.4,0.7,0.0,0.0,0.0,0.2,0.0,0.0,0.0,0.0,0.0,0.0,0.0,19.7,2026-08-03 11:29:35
305,7,Baker Mayfield,TB,32.8,22.1,260.2,1.9,0.7,4.3,20.1,0.1,0.0,0.0,0.0,0.2,0.0,0.0,0.0,0.0,0.0,0.0,0.0,19.4,2026-08-03 11:29:35
306,7,Justin Herbert,LAC,34.5,23.4,254.2,1.7,0.6,4.3,21.0,0.1,0.0,0.0,0.0,0.2,0.0,0.0,0.0,0.0,0.0,0.0,0.0,18.9,2026-08-03 11:29:35
307,7,Caleb Williams,CHI,31.3,19.9,226.2,1.6,0.5,5.2,27.2,0.2,0.0,0.0,0.0,0.2,0.0,0.0,0.0,0.0,0.0,0.0,0.0,18.6,2026-08-03 11:29:35
308,7,Jared Goff,DET,32.9,24.3,265.0,2.0,0.5,2.0,4.1,0.0,0.0,0.0,0.0,0.2,0.0,0.0,0.0,0.0,0.0,0.0,0.0,18.5,2026-08-03 11:29:35
309,7,Jordan Love,GB,31.3,20.7,245.4,1.7,0.6,3.9,17.5,0.1,0.0,0.0,0.0,0.2,0.0,0.0,0.0,0.0,0.0,0.0,0.0,17.9,2026-08-03 11:29:35
310,7,Jonathan Taylor,IND,0.0,0.0,0.0,0.0,0.0,19.6,99.6,0.9,2.9,19.9,0.1,0.1,0.0,0.0,0.0,0.0,0.0,0.0,0.0,18.0,2026-08-03 11:29:35
311,7,Christian McCaffrey,SF,0.0,0.0,0.0,0.0,0.0,16.7,70.9,0.5,5.7,48.3,0.3,0.1,0.0,0.0,0.0,0.0,0.0,0.0,0.0,16.7,2026-08-03 11:29:35
312,7,Bijan Robinson,ATL,0.0,0.0,0.0,0.0,0.0,16.1,81.5,0.6,4.3,40.0,0.2,0.1,0.0,0.0,0.0,0.0,0.0,0.0,0.0,16.6,2026-08-03 11:29:35
313,7,Josh Jacobs,GB,0.0,0.0,0.0,0.0,0.0,18.2,74.7,0.8,2.7,24.6,0.1,0.1,0.0,0.0,0.0,0.0,0.0,0.0,0.0,15.1,2026-08-03 11:29:35
314,7,De'Von Achane,MIA,0.0,0.0,0.0,0.0,0.0,16.5,75.0,0.5,4.2,29.3,0.3,0.1,0.0,0.0,0.0,0.0,0.0,0.0,0.0,14.6,2026-08-03 11:29:35
315,7,Jahmyr Gibbs,DET,0.0,0.0,0.0,0.0,0.0,13.8,66.2,0.7,3.5,25.8,0.2,0.1,0.0,0.0,0.0,0.0,0.0,0.0,0.0,14.3,2026-08-03 11:29:35
316,7,Quinshon Judkins,CLE,0.0,0.0,0.0,0.0,0.0,19.4,91.0,0.6,2.0,14.8,0.1,0.1,0.0,0.0,0.0,0.0,0.0,0.0,0.0,14.1,2026-08-03 11:29:35
317,7,Kyren Williams,LAR,0.0,0.0,0.0,0.0,0.0,16.9,74.6,0.6,2.9,20.5,0.2,0.2,0.0,0.0,0.0,0.0,0.0,0.0,0.0,13.8,2026-08-03 11:29:35
318,7,Javonte Williams,DAL,0.0,0.0,0.0,0.0,0.0,17.0,73.2,0.6,2.9,17.4,0.1,0.1,0.0,0.0,0.0,0.0,0.0,0.0,0.0,13.3,2026-08-03 11:29:35
319,7,Saquon Barkley,PHI,0.0,0.0,0.0,0.0,0.0,15.8,76.4,0.5,2.5,17.8,0.1,0.1,0.0,0.0,0.0,0.0,0.0,0.0,0.0,13.1,2026-08-03 11:29:35
320,7,Jaxon Smith-Njigba,SEA,0.0,0.0,0.0,0.0,0.0,0.3,1.4,0.0,6.6,95.9,0.5,0.1,0.0,0.0,0.0,0.0,0.0,0.0,0.0,12.5,2026-08-03 11:29:35
321,7,Amon-Ra St. Brown,DET,0.0,0.0,0.0,0.0,0.0,0.1,0.5,0.0,7.3,82.8,0.7,0.0,0.0,0.0,0.0,0.0,0.0,0.0,0.0,12.5,2026-08-03 11:29:35
322,7,CeeDee Lamb,DAL,0.0,0.0,0.0,0.0,0.0,0.3,1.9,0.0,6.7,86.4,0.6,0.1,0.0,0.0,0.0,0.0,0.0,0.0,0.0,12.3,2026-08-03 11:29:35
323,7,Davante Adams,LAR,0.0,0.0,0.0,0.0,0.0,0.0,0.0,0.0,5.5,82.0,0.6,0.0,0.0,0.0,0.0,0.0,0.0,0.0,0.0,11.7,2026-08-03 11:29:35
324,7,Ja'Marr Chase,CIN,0.0,0.0,0.0,0.0,0.0,0.2,1.1,0.0,6.3,77.2,0.5,0.1,0.0,0.0,0.0,0.0,0.0,0.0,0.0,10.9,2026-08-03 11:29:35
325,7,George Pickens,DAL,0.0,0.0,0.0,0.0,0.0,0.0,0.2,0.0,4.6,72.6,0.6,0.0,0.0,0.0,0.0,0.0,0.0,0.0,0.0,10.9,2026-08-03 11:29:35
326,7,DK Metcalf,PIT,0.0,0.0,0.0,0.0,0.0,0.0,0.0,0.0,4.4,70.8,0.6,0.0,0.0,0.0,0.0,0.0,0.0,0.0,0.0,10.7,2026-08-03 11:29:35
327,7,Justin Jefferson,MIN,0.0,0.0,0.0,0.0,0.0,0.0,0.1,0.0,5.9,80.0,0.4,0.0,0.0,0.0,0.0,0.0,0.0,0.0,0.0,10.5,2026-08-03 11:29:35
328,7,Mike Evans,SF,0.0,0.0,0.0,0.0,0.0,0.0,0.0,0.0,4.7,69.8,0.6,0.0,0.0,0.0,0.0,0.0,0.0,0.0,0.0,10.4,2026-08-03 11:29:35
329,7,Drake London,ATL,0.0,0.0,0.0,0.0,0.0,0.0,0.1,0.0,6.1,77.2,0.4,0.1,0.0,0.0,0.0,0.0,0.0,0.0,0.0,10.3,2026-08-03 11:29:35
330,7,Trey McBride,ARI,0.0,0.0,0.0,0.0,0.0,0.0,0.0,0.0,6.5,61.0,0.4,0.0,0.0,0.0,0.0,0.0,0.0,0.0,0.0,8.4,2026-08-03 11:29:35
331,7,George Kittle,SF,0.0,0.0,0.0,0.0,0.0,0.0,0.0,0.0,4.6,58.3,0.4,0.0,0.0,0.0,0.0,0.0,0.0,0.0,0.0,8.3,2026-08-03 11:29:35
332,7,Tyler Warren,IND,0.0,0.0,0.0,0.0,0.0,0.0,0.0,0.0,5.2,56.7,0.3,0.1,0.0,0.0,0.0,0.0,0.0,0.0,0.0,7.8,2026-08-03 11:29:35
333,7,Sam LaPorta,DET,0.0,0.0,0.0,0.0,0.0,0.0,0.0,0.0,4.5,50.9,0.4,0.0,0.0,0.0,0.0,0.0,0.0,0.0,0.0,7.4,2026-08-03 11:29:35
334,7,Tucker Kraft,GB,0.0,0.0,0.0,0.0,0.0,0.0,0.0,0.0,3.9,51.9,0.4,0.0,0.0,0.0,0.0,0.0,0.0,0.0,0.0,7.4,2026-08-03 11:29:35
335,7,Jake Ferguson,DAL,0.0,0.0,0.0,0.0,0.0,0.0,0.0,0.0,5.6,48.2,0.4,0.0,0.0,0.0,0.0,0.0,0.0,0.0,0.0,7.2,2026-08-03 11:29:35
336,7,Hunter Henry,NE,0.0,0.0,0.0,0.0,0.0,0.0,0.0,0.0,3.9,43.2,0.4,0.0,0.0,0.0,0.0,0.0,0.0,0.0,0.0,6.6,2026-08-03 11:29:35
337,7,Travis Kelce,KC,0.0,0.0,0.0,0.0,0.0,0.0,0.0,0.0,4.4,45.5,0.3,0.0,0.0,0.0,0.0,0.0,0.0,0.0,0.0,6.5,2026-08-03 11:29:35
338,7,Dallas Goedert,PHI,0.0,0.0,0.0,0.0,0.0,0.0,0.0,0.0,4.3,43.1,0.3,0.0,0.0,0.0,0.0,0.0,0.0,0.0,0.0,6.3,2026-08-03 11:29:35
339,7,Harold Fannin Jr.,CLE,0.0,0.0,0.0,0.0,0.0,0.0,0.0,0.0,4.3,41.1,0.3,0.1,0.0,0.0,0.0,0.0,0.0,0.0,0.0,5.8,2026-08-03 11:29:35
340,7,Brandon Aubrey,DAL,0.0,0.0,0.0,0.0,0.0,0.0,0.0,0.0,0.0,0.0,0.0,0.0,0.0,0.0,0.0,0.0,0.0,0.0,0.0,9.4,2026-08-03 11:29:35
341,7,Jake Bates,DET,0.0,0.0,0.0,0.0,0.0,0.0,0.0,0.0,0.0,0.0,0.0,0.0,0.0,0.0,0.0,0.0,0.0,0.0,0.0,9.0,2026-08-03 11:29:35
342,7,Harrison Butker,KC,0.0,0.0,0.0,0.0,0.0,0.0,0.0,0.0,0.0,0.0,0.0,0.0,0.0,0.0,0.0,0.0,0.0,0.0,0.0,8.8,2026-08-03 11:29:35
343,7,Cameron Dicker,LAC,0.0,0.0,0.0,0.0,0.0,0.0,0.0,0.0,0.0,0.0,0.0,0.0,0.0,0.0,0.0,0.0,0.0,0.0,0.0,8.4,2026-08-03 11:29:35
344,7,Wil Lutz,DEN,0.0,0.0,0.0,0.0,0.0,0.0,0.0,0.0,0.0,0.0,0.0,0.0,0.0,0.0,0.0,0.0,0.0,0.0,0.0,8.1,2026-08-03 11:29:35
345,7,Chris Boswell,PIT,0.0,0.0,0.0,0.0,0.0,0.0,0.0,0.0,0.0,0.0,0.0,0.0,0.0,0.0,0.0,0.0,0.0,0.0,0.0,8.1,2026-08-03 11:29:35
346,7,Matt Gay,LV,0.0,0.0,0.0,0.0,0.0,0.0,0.0,0.0,0.0,0.0,0.0,0.0,0.0,0.0,0.0,0.0,0.0,0.0,0.0,7.9,2026-08-03 11:29:35
347,7,Eddy Pineiro,SF,0.0,0.0,0.0,0.0,0.0,0.0,0.0,0.0,0.0,0.0,0.0,0.0,0.0,0.0,0.0,0.0,0.0,0.0,0.0,7.8,2026-08-03 11:29:35
348,7,Chase McLaughlin,TB,0.0,0.0,0.0,0.0,0.0,0.0,0.0,0.0,0.0,0.0,0.0,0.0,0.0,0.0,0.0,0.0,0.0,0.0,0.0,7.7,2026-08-03 11:29:35
349,7,Nick Folk,ATL,0.0,0.0,0.0,0.0,0.0,0.0,0.0,0.0,0.0,0.0,0.0,0.0,0.0,0.0,0.0,0.0,0.0,0.0,0.0,7.5,2026-08-03 11:29:35
350,7,Broncos D/ST,Broncos D/ST,0.0,0.0,0.0,0.0,0.0,0.0,0.0,0.0,0.0,0.0,0.0,0.0,3.8,0.7,0.6,0.2,0.0,16.5,283.6,8.5,2026-08-03 11:29:35
351,7,Chiefs D/ST,Chiefs D/ST,0.0,0.0,0.0,0.0,0.0,0.0,0.0,0.0,0.0,0.0,0.0,0.0,3.2,1.0,0.5,0.2,0.0,16.5,312.2,8.5,2026-08-03 11:29:35
352,7,Steelers D/ST,Steelers D/ST,0.0,0.0,0.0,0.0,0.0,0.0,0.0,0.0,0.0,0.0,0.0,0.0,2.9,0.9,0.7,0.2,0.0,19.3,286.5,8.2,2026-08-03 11:29:35
353,7,Patriots D/ST,Patriots D/ST,0.0,0.0,0.0,0.0,0.0,0.0,0.0,0.0,0.0,0.0,0.0,0.0,3.2,0.7,0.6,0.2,0.0,16.9,286.6,8.0,2026-08-03 11:29:35
354,7,Eagles D/ST,Eagles D/ST,0.0,0.0,0.0,0.0,0.0,0.0,0.0,0.0,0.0,0.0,0.0,0.0,3.4,1.0,0.7,0.2,0.0,21.0,318.7,8.0,2026-08-03 11:29:35
355,7,Dolphins D/ST,Dolphins D/ST,0.0,0.0,0.0,0.0,0.0,0.0,0.0,0.0,0.0,0.0,0.0,0.0,2.7,0.6,0.6,0.2,0.0,19.5,328.1,7.1,2026-08-03 11:29:35
356,7,Browns D/ST,Browns D/ST,0.0,0.0,0.0,0.0,0.0,0.0,0.0,0.0,0.0,0.0,0.0,0.0,2.3,0.8,0.5,0.2,0.0,19.7,298.3,6.9,2026-08-03 11:29:35
357,7,Seahawks D/ST,Seahawks D/ST,0.0,0.0,0.0,0.0,0.0,0.0,0.0,0.0,0.0,0.0,0.0,0.0,3.2,0.7,0.4,0.2,0.1,20.0,315.4,6.6,2026-08-03 11:29:35
358,7,Chicago Bears,Chicago Bears,0.0,0.0,0.0,0.0,0.0,0.0,0.0,0.0,0.0,0.0,0.0,0.0,2.1,0.7,0.5,0.2,0.0,19.1,334.9,6.6,2026-08-03 11:29:35
359,7,Falcons D/ST,Falcons D/ST,0.0,0.0,0.0,0.0,0.0,0.0,0.0,0.0,0.0,0.0,0.0,0.0,2.7,0.9,0.6,0.1,0.0,23.0,338.6,6.6,2026-08-03 11:29:35
360,8,Patrick Mahomes,KC,34.9,23.5,264.1,2.1,0.5,5.4,30.7,0.3,0.0,0.0,0.0,0.2,0.0,0.0,0.0,0.0,0.0,0.0,0.0,22.9,2026-08-03 11:29:35
361,8,Josh Allen,BUF,30.3,20.2,234.1,1.8,0.6,7.4,38.8,0.6,0.0,0.0,0.0,0.2,0.0,0.0,0.0,0.0,0.0,0.0,0.0,22.8,2026-08-03 11:29:35
362,8,Jalen Hurts,PHI,29.6,20.4,223.4,1.5,0.4,7.7,34.1,0.7,0.0,0.0,0.0,0.2,0.0,0.0,0.0,0.0,0.0,0.0,0.0,21.8,2026-08-03 11:29:35
363,8,Bo Nix,DEN,35.1,22.7,240.5,1.9,0.6,5.7,27.2,0.3,0.0,0.0,0.0,0.2,0.0,0.0,0.0,0.0,0.0,0.0,0.0,20.5,2026-08-03 11:29:35
364,8,Justin Herbert,LAC,34.5,23.5,263.4,1.7,0.6,4.9,23.5,0.1,0.0,0.0,0.0,0.2,0.0,0.0,0.0,0.0,0.0,0.0,0.0,19.6,2026-08-03 11:29:35
365,8,Daniel Jones,IND,30.7,21.5,237.2,1.6,0.5,4.7,22.4,0.4,0.0,0.0,0.0,0.2,0.0,0.0,0.0,0.0,0.0,0.0,0.0,19.5,2026-08-03 11:29:35
366,8,Drake Maye,NE,29.4,20.4,224.5,1.6,0.6,6.5,31.9,0.3,0.0,0.0,0.0,0.2,0.0,0.0,0.0,0.0,0.0,0.0,0.0,19.0,2026-08-03 11:29:35
367,8,Baker Mayfield,TB,32.2,21.5,255.2,1.8,0.7,4.0,20.0,0.1,0.0,0.0,0.0,0.2,0.0,0.0,0.0,0.0,0.0,0.0,0.0,19.0,2026-08-03 11:29:35
368,8,Jaxson Dart,NYG,31.9,19.5,201.8,1.2,0.8,8.1,38.6,0.4,0.0,0.0,0.0,0.3,0.0,0.0,0.0,0.0,0.0,0.0,0.0,18.0,2026-08-03 11:29:35
369,8,Dak Prescott,DAL,35.9,24.2,252.8,1.9,0.6,2.3,8.7,0.1,0.0,0.0,0.0,0.2,0.0,0.0,0.0,0.0,0.0,0.0,0.0,18.0,2026-08-03 11:29:35
370,8,Jonathan Taylor,IND,0.0,0.0,0.0,0.0,0.0,21.3,103.0,1.2,2.9,21.2,0.1,0.1,0.0,0.0,0.0,0.0,0.0,0.0,0.0,20.3,2026-08-03 11:29:36
371,8,Bijan Robinson,ATL,0.0,0.0,0.0,0.0,0.0,17.1,91.3,0.6,5.0,46.1,0.3,0.1,0.0,0.0,0.0,0.0,0.0,0.0,0.0,19.3,2026-08-03 11:29:36
372,8,Christian McCaffrey,SF,0.0,0.0,0.0,0.0,0.0,17.5,69.1,0.5,5.8,51.2,0.3,0.1,0.0,0.0,0.0,0.0,0.0,0.0,0.0,16.6,2026-08-03 11:29:36
373,8,Josh Jacobs,GB,0.0,0.0,0.0,0.0,0.0,17.4,72.2,0.9,2.7,23.7,0.1,0.1,0.0,0.0,0.0,0.0,0.0,0.0,0.0,14.9,2026-08-03 11:29:36
374,8,Derrick Henry,BAL,0.0,0.0,0.0,0.0,0.0,17.6,93.1,0.8,1.0,9.3,0.0,0.1,0.0,0.0,0.0,0.0,0.0,0.0,0.0,14.8,2026-08-03 11:29:36
375,8,James Cook III,BUF,0.0,0.0,0.0,0.0,0.0,17.2,81.7,0.7,2.0,18.1,0.1,0.1,0.0,0.0,0.0,0.0,0.0,0.0,0.0,14.7,2026-08-03 11:29:36
376,8,De'Von Achane,MIA,0.0,0.0,0.0,0.0,0.0,14.3,72.5,0.4,4.7,31.6,0.3,0.1,0.0,0.0,0.0,0.0,0.0,0.0,0.0,14.5,2026-08-03 11:29:36
377,8,Saquon Barkley,PHI,0.0,0.0,0.0,0.0,0.0,17.0,81.7,0.6,2.7,19.9,0.1,0.1,0.0,0.0,0.0,0.0,0.0,0.0,0.0,14.2,2026-08-03 11:29:36
378,8,Rachaad White,WAS,0.0,0.0,0.0,0.0,0.0,16.8,69.5,0.6,3.4,22.5,0.2,0.1,0.0,0.0,0.0,0.0,0.0,0.0,0.0,13.4,2026-08-03 11:29:36
379,8,Breece Hall,NYJ,0.0,0.0,0.0,0.0,0.0,16.8,74.1,0.3,3.0,26.0,0.1,0.1,0.0,0.0,0.0,0.0,0.0,0.0,0.0,12.5,2026-08-03 11:29:36
380,8,Ja'Marr Chase,CIN,0.0,0.0,0.0,0.0,0.0,0.2,1.9,0.0,7.0,83.0,0.7,0.1,0.0,0.0,0.0,0.0,0.0,0.0,0.0,12.5,2026-08-03 11:29:36
381,8,Emeka Egbuka,TB,0.0,0.0,0.0,0.0,0.0,0.1,0.6,0.0,5.1,78.1,0.6,0.1,0.0,0.0,0.0,0.0,0.0,0.0,0.0,11.3,2026-08-03 11:29:36
382,8,CeeDee Lamb,DAL,0.0,0.0,0.0,0.0,0.0,0.2,1.7,0.0,6.2,80.6,0.5,0.0,0.0,0.0,0.0,0.0,0.0,0.0,0.0,11.1,2026-08-03 11:29:36
383,8,Justin Jefferson,MIN,0.0,0.0,0.0,0.0,0.0,0.1,0.2,0.0,5.9,83.6,0.5,0.0,0.0,0.0,0.0,0.0,0.0,0.0,0.0,11.0,2026-08-03 11:29:36
384,8,Rashee Rice,KC,0.0,0.0,0.0,0.0,0.0,0.1,0.7,0.0,5.7,69.9,0.7,0.0,0.0,0.0,0.0,0.0,0.0,0.0,0.0,11.0,2026-08-03 11:29:36
385,8,DeVonta Smith,PHI,0.0,0.0,0.0,0.0,0.0,0.0,0.0,0.0,5.8,74.0,0.5,0.0,0.0,0.0,0.0,0.0,0.0,0.0,0.0,10.2,2026-08-03 11:29:36
386,8,Courtland Sutton,DEN,0.0,0.0,0.0,0.0,0.0,0.0,0.0,0.0,4.9,66.8,0.5,0.1,0.0,0.0,0.0,0.0,0.0,0.0,0.0,9.7,2026-08-03 11:29:36
387,8,DK Metcalf,PIT,0.0,0.0,0.0,0.0,0.0,0.0,0.0,0.0,4.4,65.6,0.5,0.0,0.0,0.0,0.0,0.0,0.0,0.0,0.0,9.5,2026-08-03 11:29:36
388,8,George Pickens,DAL,0.0,0.0,0.0,0.0,0.0,0.0,0.1,0.0,4.4,65.4,0.5,0.0,0.0,0.0,0.0,0.0,0.0,0.0,0.0,9.4,2026-08-03 11:29:36
389,8,Rome Odunze,CHI,0.0,0.0,0.0,0.0,0.0,0.0,0.1,0.0,4.5,62.1,0.5,0.0,0.0,0.0,0.0,0.0,0.0,0.0,0.0,8.9,2026-08-03 11:29:36
390,8,Tyler Warren,IND,0.0,0.0,0.0,0.0,0.0,0.0,0.0,0.0,5.2,58.5,0.4,0.1,0.0,0.0,0.0,0.0,0.0,0.0,0.0,8.8,2026-08-03 11:29:36
391,8,George Kittle,SF,0.0,0.0,0.0,0.0,0.0,0.0,0.0,0.0,4.1,54.2,0.4,0.0,0.0,0.0,0.0,0.0,0.0,0.0,0.0,7.6,2026-08-03 11:29:36
392,8,Tucker Kraft,GB,0.0,0.0,0.0,0.0,0.0,0.0,0.0,0.0,4.2,52.4,0.4,0.0,0.0,0.0,0.0,0.0,0.0,0.0,0.0,7.4,2026-08-03 11:29:36
393,8,Dallas Goedert,PHI,0.0,0.0,0.0,0.0,0.0,0.0,0.0,0.0,4.4,46.8,0.4,0.0,0.0,0.0,0.0,0.0,0.0,0.0,0.0,7.0,2026-08-03 11:29:36
394,8,Travis Kelce,KC,0.0,0.0,0.0,0.0,0.0,0.0,0.0,0.0,4.4,47.9,0.3,0.0,0.0,0.0,0.0,0.0,0.0,0.0,0.0,6.8,2026-08-03 11:29:36
395,8,Kyle Pitts Sr.,ATL,0.0,0.0,0.0,0.0,0.0,0.0,0.0,0.0,4.1,47.8,0.3,0.0,0.0,0.0,0.0,0.0,0.0,0.0,0.0,6.4,2026-08-03 11:29:36
396,8,Jake Ferguson,DAL,0.0,0.0,0.0,0.0,0.0,0.0,0.0,0.0,5.1,41.8,0.4,0.0,0.0,0.0,0.0,0.0,0.0,0.0,0.0,6.3,2026-08-03 11:29:36
397,8,Oronde Gadsden II,LAC,0.0,0.0,0.0,0.0,0.0,0.0,0.0,0.0,4.2,45.4,0.3,0.1,0.0,0.0,0.0,0.0,0.0,0.0,0.0,6.1,2026-08-03 11:29:36
398,8,Dalton Kincaid,BUF,0.0,0.0,0.0,0.0,0.0,0.0,0.0,0.0,3.7,43.3,0.3,0.0,0.0,0.0,0.0,0.0,0.0,0.0,0.0,6.0,2026-08-03 11:29:36
399,8,Cade Otton,TB,0.0,0.0,0.0,0.0,0.0,0.0,0.0,0.0,4.0,43.7,0.3,0.0,0.0,0.0,0.0,0.0,0.0,0.0,0.0,5.9,2026-08-03 11:29:36
400,8,Harrison Butker,KC,0.0,0.0,0.0,0.0,0.0,0.0,0.0,0.0,0.0,0.0,0.0,0.0,0.0,0.0,0.0,0.0,0.0,0.0,0.0,8.8,2026-08-03 11:29:36
401,8,Brandon Aubrey,DAL,0.0,0.0,0.0,0.0,0.0,0.0,0.0,0.0,0.0,0.0,0.0,0.0,0.0,0.0,0.0,0.0,0.0,0.0,0.0,8.4,2026-08-03 11:29:36
402,8,Wil Lutz,DEN,0.0,0.0,0.0,0.0,0.0,0.0,0.0,0.0,0.0,0.0,0.0,0.0,0.0,0.0,0.0,0.0,0.0,0.0,0.0,8.3,2026-08-03 11:29:36
403,8,Chase McLaughlin,TB,0.0,0.0,0.0,0.0,0.0,0.0,0.0,0.0,0.0,0.0,0.0,0.0,0.0,0.0,0.0,0.0,0.0,0.0,0.0,8.2,2026-08-03 11:29:36
404,8,Evan McPherson,CIN,0.0,0.0,0.0,0.0,0.0,0.0,0.0,0.0,0.0,0.0,0.0,0.0,0.0,0.0,0.0,0.0,0.0,0.0,0.0,8.1,2026-08-03 11:29:36
405,8,Cameron Dicker,LAC,0.0,0.0,0.0,0.0,0.0,0.0,0.0,0.0,0.0,0.0,0.0,0.0,0.0,0.0,0.0,0.0,0.0,0.0,0.0,8.0,2026-08-03 11:29:36
406,8,Jake Elliott,PHI,0.0,0.0,0.0,0.0,0.0,0.0,0.0,0.0,0.0,0.0,0.0,0.0,0.0,0.0,0.0,0.0,0.0,0.0,0.0,7.9,2026-08-03 11:29:36
407,8,Chris Boswell,PIT,0.0,0.0,0.0,0.0,0.0,0.0,0.0,0.0,0.0,0.0,0.0,0.0,0.0,0.0,0.0,0.0,0.0,0.0,0.0,7.7,2026-08-03 11:29:36
408,8,Cairo Santos,CHI,0.0,0.0,0.0,0.0,0.0,0.0,0.0,0.0,0.0,0.0,0.0,0.0,0.0,0.0,0.0,0.0,0.0,0.0,0.0,7.6,2026-08-03 11:29:36
409,8,Ka'imi Fairbairn,HOU,0.0,0.0,0.0,0.0,0.0,0.0,0.0,0.0,0.0,0.0,0.0,0.0,0.0,0.0,0.0,0.0,0.0,0.0,0.0,7.6,2026-08-03 11:29:36
410,8,Colts D/ST,Colts D/ST,0.0,0.0,0.0,0.0,0.0,0.0,0.0,0.0,0.0,0.0,0.0,0.0,3.4,0.8,0.6,0.2,0.0,15.9,284.8,8.3,2026-08-03 11:29:36
411,8,Falcons D/ST,Falcons D/ST,0.0,0.0,0.0,0.0,0.0,0.0,0.0,0.0,0.0,0.0,0.0,0.0,2.6,1.0,0.6,0.2,0.0,19.2,302.4,7.6,2026-08-03 11:29:36
412,8,Texans D/ST,Texans D/ST,0.0,0.0,0.0,0.0,0.0,0.0,0.0,0.0,0.0,0.0,0.0,0.0,2.6,0.9,0.6,0.2,0.0,19.2,327.4,7.6,2026-08-03 11:29:36
413,8,Chargers D/ST,Chargers D/ST,0.0,0.0,0.0,0.0,0.0,0.0,0.0,0.0,0.0,0.0,0.0,0.0,3.5,0.9,0.6,0.2,0.0,21.6,339.7,7.6,2026-08-03 11:29:36
414,8,Patriots D/ST,Patriots D/ST,0.0,0.0,0.0,0.0,0.0,0.0,0.0,0.0,0.0,0.0,0.0,0.0,3.0,0.7,0.5,0.2,0.0,15.9,305.1,7.3,2026-08-03 11:29:36
415,8,Buccaneers D/ST,Buccaneers D/ST,0.0,0.0,0.0,0.0,0.0,0.0,0.0,0.0,0.0,0.0,0.0,0.0,2.5,0.8,0.6,0.2,0.0,20.0,323.7,7.2,2026-08-03 11:29:36
416,8,Chiefs D/ST,Chiefs D/ST,0.0,0.0,0.0,0.0,0.0,0.0,0.0,0.0,0.0,0.0,0.0,0.0,2.8,0.8,0.6,0.2,0.1,20.2,331.2,6.8,2026-08-03 11:29:36
417,8,Bengals D/ST,Bengals D/ST,0.0,0.0,0.0,0.0,0.0,0.0,0.0,0.0,0.0,0.0,0.0,0.0,3.3,0.6,0.6,0.2,0.0,20.3,319.6,6.7,2026-08-03 11:29:36
418,8,Eagles D/ST,Eagles D/ST,0.0,0.0,0.0,0.0,0.0,0.0,0.0,0.0,0.0,0.0,0.0,0.0,2.8,0.8,0.6,0.2,0.0,20.5,316.6,6.7,2026-08-03 11:29:36
419,8,Browns D/ST,Browns D/ST,0.0,0.0,0.0,0.0,0.0,0.0,0.0,0.0,0.0,0.0,0.0,0.0,3.2,0.6,0.6,0.1,0.0,23.4,318.0,6.6,2026-08-03 11:29:36
420,9,Lamar Jackson,BAL,28.7,19.8,242.0,2.1,0.4,7.1,47.4,0.2,0.0,0.0,0.0,0.3,0.0,0.0,0.0,0.0,0.0,0.0,0.0,23.3,2026-08-03 11:29:36
421,9,Patrick Mahomes,KC,35.7,24.3,258.4,2.0,0.6,5.5,32.3,0.3,0.0,0.0,0.0,0.2,0.0,0.0,0.0,0.0,0.0,0.0,0.0,22.4,2026-08-03 11:29:36
422,9,Josh Allen,BUF,30.4,20.5,229.5,1.6,0.6,7.5,36.8,0.6,0.0,0.0,0.0,0.2,0.0,0.0,0.0,0.0,0.0,0.0,0.0,22.0,2026-08-03 11:29:36
423,9,Drake Maye,NE,30.3,21.4,235.6,1.9,0.5,6.9,36.5,0.3,0.0,0.0,0.0,0.2,0.0,0.0,0.0,0.0,0.0,0.0,0.0,21.3,2026-08-03 11:29:36
424,9,Justin Herbert,LAC,33.7,23.4,260.7,2.1,0.6,4.8,24.3,0.1,0.0,0.0,0.0,0.2,0.0,0.0,0.0,0.0,0.0,0.0,0.0,21.0,2026-08-03 11:29:36
425,9,Caleb Williams,CHI,33.5,21.5,246.2,1.7,0.5,5.1,26.0,0.2,0.0,0.0,0.0,0.2,0.0,0.0,0.0,0.0,0.0,0.0,0.0,19.8,2026-08-03 11:29:36
426,9,Dak Prescott,DAL,36.8,25.2,257.1,2.2,0.6,2.5,11.2,0.1,0.0,0.0,0.0,0.2,0.0,0.0,0.0,0.0,0.0,0.0,0.0,19.7,2026-08-03 11:29:36
427,9,Jaxson Dart,NYG,31.2,19.7,210.6,1.4,0.7,7.6,33.3,0.5,0.0,0.0,0.0,0.2,0.0,0.0,0.0,0.0,0.0,0.0,0.0,19.1,2026-08-03 11:29:36
428,9,Jayden Daniels,WAS,30.7,20.1,210.3,1.5,0.6,8.3,41.1,0.3,0.0,0.0,0.0,0.2,0.0,0.0,0.0,0.0,0.0,0.0,0.0,19.1,2026-08-03 11:29:36
429,9,Daniel Jones,IND,32.7,22.7,257.0,1.5,0.6,4.2,19.8,0.3,0.0,0.0,0.0,0.3,0.0,0.0,0.0,0.0,0.0,0.0,0.0,19.0,2026-08-03 11:29:36
430,9,Jonathan Taylor,IND,0.0,0.0,0.0,0.0,0.0,19.0,93.7,1.1,2.9,22.3,0.2,0.1,0.0,0.0,0.0,0.0,0.0,0.0,0.0,19.0,2026-08-03 11:29:37
431,9,Christian McCaffrey,SF,0.0,0.0,0.0,0.0,0.0,17.3,81.0,0.6,5.7,51.5,0.4,0.1,0.0,0.0,0.0,0.0,0.0,0.0,0.0,18.8,2026-08-03 11:29:37
432,9,Jahmyr Gibbs,DET,0.0,0.0,0.0,0.0,0.0,15.5,76.5,0.8,3.5,27.5,0.2,0.1,0.0,0.0,0.0,0.0,0.0,0.0,0.0,16.2,2026-08-03 11:29:37
433,9,Bijan Robinson,ATL,0.0,0.0,0.0,0.0,0.0,15.4,71.3,0.4,4.6,44.1,0.3,0.1,0.0,0.0,0.0,0.0,0.0,0.0,0.0,15.3,2026-08-03 11:29:37
434,9,Josh Jacobs,GB,0.0,0.0,0.0,0.0,0.0,17.3,71.5,1.0,2.5,20.5,0.1,0.1,0.0,0.0,0.0,0.0,0.0,0.0,0.0,15.3,2026-08-03 11:29:37
435,9,Derrick Henry,BAL,0.0,0.0,0.0,0.0,0.0,16.5,86.4,0.9,1.1,10.0,0.0,0.1,0.0,0.0,0.0,0.0,0.0,0.0,0.0,15.0,2026-08-03 11:29:37
436,9,De'Von Achane,MIA,0.0,0.0,0.0,0.0,0.0,14.0,65.4,0.4,5.2,35.6,0.4,0.1,0.0,0.0,0.0,0.0,0.0,0.0,0.0,14.6,2026-08-03 11:29:37
437,9,James Cook III,BUF,0.0,0.0,0.0,0.0,0.0,17.0,83.5,0.7,2.0,16.1,0.1,0.1,0.0,0.0,0.0,0.0,0.0,0.0,0.0,14.4,2026-08-03 11:29:37
438,9,Javonte Williams,DAL,0.0,0.0,0.0,0.0,0.0,17.1,75.7,0.7,2.7,13.7,0.1,0.1,0.0,0.0,0.0,0.0,0.0,0.0,0.0,14.0,2026-08-03 11:29:37
439,9,Kyren Williams,LAR,0.0,0.0,0.0,0.0,0.0,16.3,73.1,0.6,2.3,17.1,0.2,0.1,0.0,0.0,0.0,0.0,0.0,0.0,0.0,13.4,2026-08-03 11:29:37
440,9,Jaxon Smith-Njigba,SEA,0.0,0.0,0.0,0.0,0.0,0.3,1.4,0.0,7.1,110.0,0.6,0.1,0.0,0.0,0.0,0.0,0.0,0.0,0.0,14.6,2026-08-03 11:29:37
441,9,Ja'Marr Chase,CIN,0.0,0.0,0.0,0.0,0.0,0.2,1.0,0.0,7.6,89.5,0.7,0.1,0.0,0.0,0.0,0.0,0.0,0.0,0.0,13.4,2026-08-03 11:29:37
442,9,Puka Nacua,LAR,0.0,0.0,0.0,0.0,0.0,0.6,3.9,0.0,7.4,94.4,0.5,0.0,0.0,0.0,0.0,0.0,0.0,0.0,0.0,13.2,2026-08-03 11:29:37
443,9,CeeDee Lamb,DAL,0.0,0.0,0.0,0.0,0.0,0.2,1.8,0.0,6.7,84.6,0.6,0.1,0.0,0.0,0.0,0.0,0.0,0.0,0.0,12.3,2026-08-03 11:29:37
444,9,Amon-Ra St. Brown,DET,0.0,0.0,0.0,0.0,0.0,0.1,0.5,0.0,6.9,79.4,0.7,0.0,0.0,0.0,0.0,0.0,0.0,0.0,0.0,12.2,2026-08-03 11:29:37
445,9,Rashee Rice,KC,0.0,0.0,0.0,0.0,0.0,0.2,1.0,0.0,6.3,72.5,0.7,0.0,0.0,0.0,0.0,0.0,0.0,0.0,0.0,11.3,2026-08-03 11:29:37
446,9,Davante Adams,LAR,0.0,0.0,0.0,0.0,0.0,0.0,0.0,0.0,4.9,67.9,0.7,0.0,0.0,0.0,0.0,0.0,0.0,0.0,0.0,11.0,2026-08-03 11:29:37
447,9,Justin Jefferson,MIN,0.0,0.0,0.0,0.0,0.0,0.0,0.1,0.0,5.7,83.0,0.4,0.0,0.0,0.0,0.0,0.0,0.0,0.0,0.0,10.7,2026-08-03 11:29:37
448,9,Zay Flowers,BAL,0.0,0.0,0.0,0.0,0.0,0.3,2.2,0.0,5.6,75.9,0.5,0.1,0.0,0.0,0.0,0.0,0.0,0.0,0.0,10.5,2026-08-03 11:29:37
449,9,DK Metcalf,PIT,0.0,0.0,0.0,0.0,0.0,0.0,0.0,0.0,4.5,67.6,0.6,0.0,0.0,0.0,0.0,0.0,0.0,0.0,0.0,10.2,2026-08-03 11:29:37
450,9,Trey McBride,ARI,0.0,0.0,0.0,0.0,0.0,0.0,0.0,0.0,7.0,72.5,0.5,0.0,0.0,0.0,0.0,0.0,0.0,0.0,0.0,10.4,2026-08-03 11:29:37
451,9,Tucker Kraft,GB,0.0,0.0,0.0,0.0,0.0,0.0,0.0,0.0,4.4,59.3,0.6,0.0,0.0,0.0,0.0,0.0,0.0,0.0,0.0,9.2,2026-08-03 11:29:37
452,9,Tyler Warren,IND,0.0,0.0,0.0,0.0,0.0,0.0,0.0,0.0,5.3,62.1,0.4,0.1,0.0,0.0,0.0,0.0,0.0,0.0,0.0,8.9,2026-08-03 11:29:37
453,9,George Kittle,SF,0.0,0.0,0.0,0.0,0.0,0.0,0.0,0.0,4.5,57.8,0.5,0.0,0.0,0.0,0.0,0.0,0.0,0.0,0.0,8.5,2026-08-03 11:29:37
454,9,Oronde Gadsden II,LAC,0.0,0.0,0.0,0.0,0.0,0.0,0.0,0.0,4.6,52.6,0.4,0.1,0.0,0.0,0.0,0.0,0.0,0.0,0.0,7.6,2026-08-03 11:29:37
455,9,Travis Kelce,KC,0.0,0.0,0.0,0.0,0.0,0.0,0.0,0.0,4.8,51.4,0.4,0.0,0.0,0.0,0.0,0.0,0.0,0.0,0.0,7.4,2026-08-03 11:29:37
456,9,Brock Bowers,LV,0.0,0.0,0.0,0.0,0.0,0.0,0.0,0.0,5.1,55.2,0.3,0.0,0.0,0.0,0.0,0.0,0.0,0.0,0.0,7.3,2026-08-03 11:29:37
457,9,Sam LaPorta,DET,0.0,0.0,0.0,0.0,0.0,0.0,0.0,0.0,4.2,46.7,0.4,0.0,0.0,0.0,0.0,0.0,0.0,0.0,0.0,6.8,2026-08-03 11:29:37
458,9,Jake Ferguson,DAL,0.0,0.0,0.0,0.0,0.0,0.0,0.0,0.0,5.3,40.8,0.4,0.0,0.0,0.0,0.0,0.0,0.0,0.0,0.0,6.5,2026-08-03 11:29:37
459,9,Hunter Henry,NE,0.0,0.0,0.0,0.0,0.0,0.0,0.0,0.0,3.6,39.9,0.4,0.0,0.0,0.0,0.0,0.0,0.0,0.0,0.0,6.4,2026-08-03 11:29:37
460,9,Brandon Aubrey,DAL,0.0,0.0,0.0,0.0,0.0,0.0,0.0,0.0,0.0,0.0,0.0,0.0,0.0,0.0,0.0,0.0,0.0,0.0,0.0,9.3,2026-08-03 11:29:37
461,9,Tyler Loop,BAL,0.0,0.0,0.0,0.0,0.0,0.0,0.0,0.0,0.0,0.0,0.0,0.0,0.0,0.0,0.0,0.0,0.0,0.0,0.0,8.9,2026-08-03 11:29:37
462,9,Cameron Dicker,LAC,0.0,0.0,0.0,0.0,0.0,0.0,0.0,0.0,0.0,0.0,0.0,0.0,0.0,0.0,0.0,0.0,0.0,0.0,0.0,8.7,2026-08-03 11:29:37
463,9,Jake Bates,DET,0.0,0.0,0.0,0.0,0.0,0.0,0.0,0.0,0.0,0.0,0.0,0.0,0.0,0.0,0.0,0.0,0.0,0.0,0.0,8.5,2026-08-03 11:29:37
464,9,Harrison Butker,KC,0.0,0.0,0.0,0.0,0.0,0.0,0.0,0.0,0.0,0.0,0.0,0.0,0.0,0.0,0.0,0.0,0.0,0.0,0.0,8.1,2026-08-03 11:29:37
465,9,Cairo Santos,CHI,0.0,0.0,0.0,0.0,0.0,0.0,0.0,0.0,0.0,0.0,0.0,0.0,0.0,0.0,0.0,0.0,0.0,0.0,0.0,8.0,2026-08-03 11:29:37
466,9,Eddy Pineiro,SF,0.0,0.0,0.0,0.0,0.0,0.0,0.0,0.0,0.0,0.0,0.0,0.0,0.0,0.0,0.0,0.0,0.0,0.0,0.0,8.0,2026-08-03 11:29:37
467,9,Chris Boswell,PIT,0.0,0.0,0.0,0.0,0.0,0.0,0.0,0.0,0.0,0.0,0.0,0.0,0.0,0.0,0.0,0.0,0.0,0.0,0.0,7.9,2026-08-03 11:29:37
468,9,Chad Ryland,ARI,0.0,0.0,0.0,0.0,0.0,0.0,0.0,0.0,0.0,0.0,0.0,0.0,0.0,0.0,0.0,0.0,0.0,0.0,0.0,7.8,2026-08-03 11:29:37
469,9,Riley Patterson,MIA,0.0,0.0,0.0,0.0,0.0,0.0,0.0,0.0,0.0,0.0,0.0,0.0,0.0,0.0,0.0,0.0,0.0,0.0,0.0,7.7,2026-08-03 11:29:37
470,9,Lions D/ST,Lions D/ST,0.0,0.0,0.0,0.0,0.0,0.0,0.0,0.0,0.0,0.0,0.0,0.0,3.7,1.0,0.7,0.2,0.0,19.4,319.8,9.3,2026-08-03 11:29:37
471,9,Chargers D/ST,Chargers D/ST,0.0,0.0,0.0,0.0,0.0,0.0,0.0,0.0,0.0,0.0,0.0,0.0,3.7,0.8,0.6,0.2,0.0,16.4,279.4,8.5,2026-08-03 11:29:37
472,9,Rams D/ST,Rams D/ST,0.0,0.0,0.0,0.0,0.0,0.0,0.0,0.0,0.0,0.0,0.0,0.0,3.1,0.9,0.6,0.2,0.0,15.2,291.5,8.2,2026-08-03 11:29:37
473,9,Packers D/ST,Packers D/ST,0.0,0.0,0.0,0.0,0.0,0.0,0.0,0.0,0.0,0.0,0.0,0.0,2.6,0.8,0.6,0.2,0.0,16.7,281.3,7.6,2026-08-03 11:29:37
474,9,Jaguars D/ST,Jaguars D/ST,0.0,0.0,0.0,0.0,0.0,0.0,0.0,0.0,0.0,0.0,0.0,0.0,2.5,1.0,0.5,0.2,0.0,19.8,307.2,7.4,2026-08-03 11:29:37
475,9,Broncos D/ST,Broncos D/ST,0.0,0.0,0.0,0.0,0.0,0.0,0.0,0.0,0.0,0.0,0.0,0.0,3.5,0.7,0.5,0.1,0.1,20.2,305.7,6.8,2026-08-03 11:29:37
476,9,Falcons D/ST,Falcons D/ST,0.0,0.0,0.0,0.0,0.0,0.0,0.0,0.0,0.0,0.0,0.0,0.0,3.6,0.6,0.6,0.1,0.0,25.3,343.5,6.7,2026-08-03 11:29:37
477,9,Seahawks D/ST,Seahawks D/ST,0.0,0.0,0.0,0.0,0.0,0.0,0.0,0.0,0.0,0.0,0.0,0.0,3.1,0.7,0.5,0.2,0.1,22.6,311.6,6.6,2026-08-03 11:29:37
478,9,Patriots D/ST,Patriots D/ST,0.0,0.0,0.0,0.0,0.0,0.0,0.0,0.0,0.0,0.0,0.0,0.0,2.0,0.7,0.5,0.2,0.1,18.5,345.5,6.5,2026-08-03 11:29:37
479,9,Cowboys D/ST,Cowboys D/ST,0.0,0.0,0.0,0.0,0.0,0.0,0.0,0.0,0.0,0.0,0.0,0.0,3.1,0.6,0.5,0.2,0.0,24.4,341.8,6.3,2026-08-03 11:29:37
480,10,Josh Allen,BUF,29.5,20.8,237.8,1.8,0.5,6.9,36.7,0.7,0.0,0.0,0.0,0.2,0.0,0.0,0.0,0.0,0.0,0.0,0.0,23.8,2026-08-03 11:29:38
481,10,Lamar Jackson,BAL,27.3,19.1,238.6,2.0,0.4,6.9,42.6,0.2,0.0,0.0,0.0,0.2,0.0,0.0,0.0,0.0,0.0,0.0,0.0,22.1,2026-08-03 11:29:38
482,10,Drake Maye,NE,30.5,22.0,254.2,1.7,0.6,6.8,34.3,0.2,0.0,0.0,0.0,0.3,0.0,0.0,0.0,0.0,0.0,0.0,0.0,20.7,2026-08-03 11:29:38
483,10,Justin Herbert,LAC,34.0,22.7,258.0,1.8,0.7,5.7,28.6,0.2,0.0,0.0,0.0,0.2,0.0,0.0,0.0,0.0,0.0,0.0,0.0,20.6,2026-08-03 11:29:38
484,10,Jalen Hurts,PHI,27.3,19.0,203.0,1.5,0.4,7.5,29.4,0.6,0.0,0.0,0.0,0.2,0.0,0.0,0.0,0.0,0.0,0.0,0.0,19.7,2026-08-03 11:29:38
485,10,Bo Nix,DEN,33.4,21.5,221.5,1.9,0.6,5.5,24.9,0.3,0.0,0.0,0.0,0.2,0.0,0.0,0.0,0.0,0.0,0.0,0.0,19.6,2026-08-03 11:29:38
486,10,Jaxson Dart,NYG,31.7,20.2,220.7,1.3,0.6,8.1,38.6,0.4,0.0,0.0,0.0,0.2,0.0,0.0,0.0,0.0,0.0,0.0,0.0,19.1,2026-08-03 11:29:38
487,10,Daniel Jones,IND,32.7,22.4,245.1,1.6,0.7,3.8,19.4,0.4,0.0,0.0,0.0,0.3,0.0,0.0,0.0,0.0,0.0,0.0,0.0,18.9,2026-08-03 11:29:38
488,10,Caleb Williams,CHI,32.1,20.2,228.2,1.6,0.5,5.2,28.2,0.2,0.0,0.0,0.0,0.2,0.0,0.0,0.0,0.0,0.0,0.0,0.0,18.6,2026-08-03 11:29:38
489,10,Jared Goff,DET,31.2,23.1,264.0,2.1,0.5,2.0,4.8,0.0,0.0,0.0,0.0,0.2,0.0,0.0,0.0,0.0,0.0,0.0,0.0,18.6,2026-08-03 11:29:38
490,10,Jonathan Taylor,IND,0.0,0.0,0.0,0.0,0.0,19.0,94.0,1.0,2.9,20.9,0.2,0.1,0.0,0.0,0.0,0.0,0.0,0.0,0.0,18.6,2026-08-03 11:29:38
491,10,Christian McCaffrey,SF,0.0,0.0,0.0,0.0,0.0,17.6,70.0,0.6,5.8,50.4,0.3,0.1,0.0,0.0,0.0,0.0,0.0,0.0,0.0,17.1,2026-08-03 11:29:38
492,10,James Cook III,BUF,0.0,0.0,0.0,0.0,0.0,19.1,98.2,0.8,1.8,15.8,0.1,0.1,0.0,0.0,0.0,0.0,0.0,0.0,0.0,16.3,2026-08-03 11:29:38
493,10,Jahmyr Gibbs,DET,0.0,0.0,0.0,0.0,0.0,14.8,75.9,0.7,3.2,27.0,0.2,0.1,0.0,0.0,0.0,0.0,0.0,0.0,0.0,15.7,2026-08-03 11:29:38
494,10,Bijan Robinson,ATL,0.0,0.0,0.0,0.0,0.0,15.1,71.8,0.4,4.8,45.6,0.2,0.1,0.0,0.0,0.0,0.0,0.0,0.0,0.0,15.3,2026-08-03 11:29:38
495,10,De'Von Achane,MIA,0.0,0.0,0.0,0.0,0.0,14.1,71.5,0.4,5.2,36.5,0.4,0.1,0.0,0.0,0.0,0.0,0.0,0.0,0.0,15.1,2026-08-03 11:29:38
496,10,Josh Jacobs,GB,0.0,0.0,0.0,0.0,0.0,17.2,69.0,0.9,2.7,21.5,0.1,0.1,0.0,0.0,0.0,0.0,0.0,0.0,0.0,14.8,2026-08-03 11:29:38
497,10,Rico Dowdle,PIT,0.0,0.0,0.0,0.0,0.0,18.5,86.6,0.6,2.0,14.5,0.1,0.1,0.0,0.0,0.0,0.0,0.0,0.0,0.0,14.2,2026-08-03 11:29:38
498,10,Derrick Henry,BAL,0.0,0.0,0.0,0.0,0.0,16.4,80.1,0.8,1.0,9.4,0.0,0.1,0.0,0.0,0.0,0.0,0.0,0.0,0.0,13.6,2026-08-03 11:29:38
499,10,Saquon Barkley,PHI,0.0,0.0,0.0,0.0,0.0,16.8,72.6,0.5,2.9,18.8,0.2,0.1,0.0,0.0,0.0,0.0,0.0,0.0,0.0,13.0,2026-08-03 11:29:38
500,10,Jaxon Smith-Njigba,SEA,0.0,0.0,0.0,0.0,0.0,0.3,1.7,0.0,6.9,101.5,0.5,0.1,0.0,0.0,0.0,0.0,0.0,0.0,0.0,13.4,2026-08-03 11:29:38
501,10,Amon-Ra St. Brown,DET,0.0,0.0,0.0,0.0,0.0,0.1,0.5,0.0,7.2,88.6,0.7,0.0,0.0,0.0,0.0,0.0,0.0,0.0,0.0,13.3,2026-08-03 11:29:38
502,10,Puka Nacua,LAR,0.0,0.0,0.0,0.0,0.0,0.6,3.7,0.0,8.0,96.4,0.5,0.0,0.0,0.0,0.0,0.0,0.0,0.0,0.0,13.3,2026-08-03 11:29:38
503,10,Drake London,ATL,0.0,0.0,0.0,0.0,0.0,0.0,0.1,0.0,6.0,80.0,0.5,0.1,0.0,0.0,0.0,0.0,0.0,0.0,0.0,10.9,2026-08-03 11:29:38
504,10,Davante Adams,LAR,0.0,0.0,0.0,0.0,0.0,0.0,0.0,0.0,4.9,66.2,0.7,0.0,0.0,0.0,0.0,0.0,0.0,0.0,0.0,10.9,2026-08-03 11:29:38
505,10,Justin Jefferson,MIN,0.0,0.0,0.0,0.0,0.0,0.0,0.1,0.0,5.9,82.2,0.5,0.0,0.0,0.0,0.0,0.0,0.0,0.0,0.0,10.9,2026-08-03 11:29:38
506,10,Emeka Egbuka,TB,0.0,0.0,0.0,0.0,0.0,0.1,0.7,0.0,5.0,73.1,0.6,0.0,0.0,0.0,0.0,0.0,0.0,0.0,0.0,10.7,2026-08-03 11:29:38
507,10,Zay Flowers,BAL,0.0,0.0,0.0,0.0,0.0,0.5,2.5,0.0,5.1,72.2,0.4,0.1,0.0,0.0,0.0,0.0,0.0,0.0,0.0,9.7,2026-08-03 11:29:38
508,10,A.J. Brown,NE,0.0,0.0,0.0,0.0,0.0,0.0,0.0,0.0,4.8,67.0,0.5,0.0,0.0,0.0,0.0,0.0,0.0,0.0,0.0,9.4,2026-08-03 11:29:38
509,10,Jaylen Waddle,DEN,0.0,0.0,0.0,0.0,0.0,0.1,0.4,0.0,5.3,70.1,0.4,0.0,0.0,0.0,0.0,0.0,0.0,0.0,0.0,9.3,2026-08-03 11:29:38
510,10,Brock Bowers,LV,0.0,0.0,0.0,0.0,0.0,0.0,0.0,0.0,6.0,64.5,0.4,0.0,0.0,0.0,0.0,0.0,0.0,0.0,0.0,8.8,2026-08-03 11:29:38
511,10,Trey McBride,ARI,0.0,0.0,0.0,0.0,0.0,0.0,0.0,0.0,6.7,63.5,0.4,0.0,0.0,0.0,0.0,0.0,0.0,0.0,0.0,8.7,2026-08-03 11:29:38
512,10,Tyler Warren,IND,0.0,0.0,0.0,0.0,0.0,0.0,0.0,0.0,4.7,52.6,0.4,0.0,0.0,0.0,0.0,0.0,0.0,0.0,0.0,7.8,2026-08-03 11:29:38
513,10,Sam LaPorta,DET,0.0,0.0,0.0,0.0,0.0,0.0,0.0,0.0,4.4,53.2,0.4,0.0,0.0,0.0,0.0,0.0,0.0,0.0,0.0,7.7,2026-08-03 11:29:38
514,10,Oronde Gadsden II,LAC,0.0,0.0,0.0,0.0,0.0,0.0,0.0,0.0,4.6,54.8,0.4,0.1,0.0,0.0,0.0,0.0,0.0,0.0,0.0,7.6,2026-08-03 11:29:38
515,10,George Kittle,SF,0.0,0.0,0.0,0.0,0.0,0.0,0.0,0.0,4.3,52.8,0.4,0.0,0.0,0.0,0.0,0.0,0.0,0.0,0.0,7.5,2026-08-03 11:29:38
516,10,Dalton Kincaid,BUF,0.0,0.0,0.0,0.0,0.0,0.0,0.0,0.0,4.1,47.3,0.4,0.0,0.0,0.0,0.0,0.0,0.0,0.0,0.0,6.9,2026-08-03 11:29:38
517,10,Dallas Goedert,PHI,0.0,0.0,0.0,0.0,0.0,0.0,0.0,0.0,4.1,40.2,0.5,0.0,0.0,0.0,0.0,0.0,0.0,0.0,0.0,6.7,2026-08-03 11:29:38
518,10,Hunter Henry,NE,0.0,0.0,0.0,0.0,0.0,0.0,0.0,0.0,3.8,44.1,0.4,0.0,0.0,0.0,0.0,0.0,0.0,0.0,0.0,6.6,2026-08-03 11:29:38
519,10,Kyle Pitts Sr.,ATL,0.0,0.0,0.0,0.0,0.0,0.0,0.0,0.0,4.2,47.6,0.2,0.0,0.0,0.0,0.0,0.0,0.0,0.0,0.0,6.1,2026-08-03 11:29:38
520,10,Jake Bates,DET,0.0,0.0,0.0,0.0,0.0,0.0,0.0,0.0,0.0,0.0,0.0,0.0,0.0,0.0,0.0,0.0,0.0,0.0,0.0,8.3,2026-08-03 11:29:38
521,10,Wil Lutz,DEN,0.0,0.0,0.0,0.0,0.0,0.0,0.0,0.0,0.0,0.0,0.0,0.0,0.0,0.0,0.0,0.0,0.0,0.0,0.0,8.3,2026-08-03 11:29:38
522,10,Cameron Dicker,LAC,0.0,0.0,0.0,0.0,0.0,0.0,0.0,0.0,0.0,0.0,0.0,0.0,0.0,0.0,0.0,0.0,0.0,0.0,0.0,8.2,2026-08-03 11:29:38
523,10,Cairo Santos,CHI,0.0,0.0,0.0,0.0,0.0,0.0,0.0,0.0,0.0,0.0,0.0,0.0,0.0,0.0,0.0,0.0,0.0,0.0,0.0,8.0,2026-08-03 11:29:38
524,10,Jason Myers,SEA,0.0,0.0,0.0,0.0,0.0,0.0,0.0,0.0,0.0,0.0,0.0,0.0,0.0,0.0,0.0,0.0,0.0,0.0,0.0,8.0,2026-08-03 11:29:38
525,10,Chris Boswell,PIT,0.0,0.0,0.0,0.0,0.0,0.0,0.0,0.0,0.0,0.0,0.0,0.0,0.0,0.0,0.0,0.0,0.0,0.0,0.0,7.8,2026-08-03 11:29:38
526,10,Chase McLaughlin,TB,0.0,0.0,0.0,0.0,0.0,0.0,0.0,0.0,0.0,0.0,0.0,0.0,0.0,0.0,0.0,0.0,0.0,0.0,0.0,7.7,2026-08-03 11:29:38
527,10,Tyler Loop,BAL,0.0,0.0,0.0,0.0,0.0,0.0,0.0,0.0,0.0,0.0,0.0,0.0,0.0,0.0,0.0,0.0,0.0,0.0,0.0,7.7,2026-08-03 11:29:38
528,10,Will Reichard,MIN,0.0,0.0,0.0,0.0,0.0,0.0,0.0,0.0,0.0,0.0,0.0,0.0,0.0,0.0,0.0,0.0,0.0,0.0,0.0,7.6,2026-08-03 11:29:38
529,10,Eddy Pineiro,SF,0.0,0.0,0.0,0.0,0.0,0.0,0.0,0.0,0.0,0.0,0.0,0.0,0.0,0.0,0.0,0.0,0.0,0.0,0.0,7.6,2026-08-03 11:29:38
530,10,Broncos D/ST,Broncos D/ST,0.0,0.0,0.0,0.0,0.0,0.0,0.0,0.0,0.0,0.0,0.0,0.0,3.6,1.0,0.5,0.2,0.0,16.0,277.0,8.7,2026-08-03 11:29:38
531,10,Browns D/ST,Browns D/ST,0.0,0.0,0.0,0.0,0.0,0.0,0.0,0.0,0.0,0.0,0.0,0.0,3.6,0.6,0.7,0.1,0.0,18.3,293.9,7.9,2026-08-03 11:29:38
532,10,Seahawks D/ST,Seahawks D/ST,0.0,0.0,0.0,0.0,0.0,0.0,0.0,0.0,0.0,0.0,0.0,0.0,3.5,0.6,0.5,0.2,0.0,18.5,293.6,7.7,2026-08-03 11:29:38
533,10,Texans D/ST,Texans D/ST,0.0,0.0,0.0,0.0,0.0,0.0,0.0,0.0,0.0,0.0,0.0,0.0,2.6,0.9,0.5,0.2,0.0,18.7,296.8,7.4,2026-08-03 11:29:38
534,10,Buccaneers D/ST,Buccaneers D/ST,0.0,0.0,0.0,0.0,0.0,0.0,0.0,0.0,0.0,0.0,0.0,0.0,3.9,0.6,0.7,0.2,0.0,23.3,355.0,7.4,2026-08-03 11:29:38
535,10,Lions D/ST,Lions D/ST,0.0,0.0,0.0,0.0,0.0,0.0,0.0,0.0,0.0,0.0,0.0,0.0,3.1,0.9,0.6,0.2,0.1,21.8,329.8,7.4,2026-08-03 11:29:38
536,10,Ravens D/ST,Ravens D/ST,0.0,0.0,0.0,0.0,0.0,0.0,0.0,0.0,0.0,0.0,0.0,0.0,3.3,1.0,0.6,0.2,0.0,21.8,322.7,7.4,2026-08-03 11:29:38
537,10,Steelers D/ST,Steelers D/ST,0.0,0.0,0.0,0.0,0.0,0.0,0.0,0.0,0.0,0.0,0.0,0.0,3.3,0.7,0.7,0.2,0.0,24.0,351.5,6.9,2026-08-03 11:29:38
538,10,Panthers D/ST,Panthers D/ST,0.0,0.0,0.0,0.0,0.0,0.0,0.0,0.0,0.0,0.0,0.0,0.0,2.1,0.9,0.5,0.2,0.0,17.8,313.8,6.9,2026-08-03 11:29:38
539,10,Bills D/ST,Bills D/ST,0.0,0.0,0.0,0.0,0.0,0.0,0.0,0.0,0.0,0.0,0.0,0.0,2.7,0.9,0.6,0.2,0.0,20.7,330.1,6.8,2026-08-03 11:29:38
540,11,Josh Allen,BUF,30.6,21.0,243.8,1.6,0.6,6.9,34.2,0.6,0.0,0.0,0.0,0.2,0.0,0.0,0.0,0.0,0.0,0.0,0.0,22.5,2026-08-03 11:29:39
541,11,Drake Maye,NE,30.1,20.8,251.9,2.0,0.6,6.9,34.1,0.3,0.0,0.0,0.0,0.2,0.0,0.0,0.0,0.0,0.0,0.0,0.0,22.3,2026-08-03 11:29:39
542,11,Jalen Hurts,PHI,28.8,19.5,221.9,1.7,0.4,7.1,29.3,0.6,0.0,0.0,0.0,0.3,0.0,0.0,0.0,0.0,0.0,0.0,0.0,21.2,2026-08-03 11:29:39
543,11,Lamar Jackson,BAL,27.8,18.5,222.9,1.8,0.4,7.1,41.6,0.2,0.0,0.0,0.0,0.2,0.0,0.0,0.0,0.0,0.0,0.0,0.0,20.4,2026-08-03 11:29:39
544,11,Justin Herbert,LAC,34.9,23.2,257.4,1.9,0.7,4.9,25.3,0.1,0.0,0.0,0.0,0.2,0.0,0.0,0.0,0.0,0.0,0.0,0.0,20.3,2026-08-03 11:29:39
545,11,Patrick Mahomes,KC,33.5,21.9,236.2,1.6,0.6,5.4,27.7,0.3,0.0,0.0,0.0,0.2,0.0,0.0,0.0,0.0,0.0,0.0,0.0,19.3,2026-08-03 11:29:39
546,11,Dak Prescott,DAL,35.7,24.7,251.7,2.0,0.7,2.8,10.9,0.1,0.0,0.0,0.0,0.2,0.0,0.0,0.0,0.0,0.0,0.0,0.0,18.7,2026-08-03 11:29:39
547,11,Brock Purdy,SF,33.2,22.6,267.7,1.7,0.7,3.0,13.3,0.1,0.0,0.0,0.0,0.2,0.0,0.0,0.0,0.0,0.0,0.0,0.0,18.5,2026-08-03 11:29:39
548,11,Marcus Mariota,WAS,30.0,19.9,221.6,1.4,0.6,5.6,31.9,0.2,0.0,0.0,0.0,0.3,0.0,0.0,0.0,0.0,0.0,0.0,0.0,18.1,2026-08-03 11:29:39
549,11,Caleb Williams,CHI,32.6,20.5,231.5,1.4,0.5,5.1,25.7,0.2,0.0,0.0,0.0,0.2,0.0,0.0,0.0,0.0,0.0,0.0,0.0,17.9,2026-08-03 11:29:39
550,11,De'Von Achane,MIA,0.0,0.0,0.0,0.0,0.0,16.8,90.6,0.6,5.3,40.9,0.4,0.1,0.0,0.0,0.0,0.0,0.0,0.0,0.0,18.8,2026-08-03 11:29:39
551,11,Christian McCaffrey,SF,0.0,0.0,0.0,0.0,0.0,18.1,75.2,0.5,5.8,54.6,0.4,0.1,0.0,0.0,0.0,0.0,0.0,0.0,0.0,18.4,2026-08-03 11:29:39
552,11,Josh Jacobs,GB,0.0,0.0,0.0,0.0,0.0,18.7,85.0,1.0,2.9,23.6,0.1,0.1,0.0,0.0,0.0,0.0,0.0,0.0,0.0,17.0,2026-08-03 11:29:39
553,11,Bijan Robinson,ATL,0.0,0.0,0.0,0.0,0.0,16.0,79.4,0.4,4.5,42.6,0.2,0.1,0.0,0.0,0.0,0.0,0.0,0.0,0.0,15.7,2026-08-03 11:29:39
554,11,James Cook III,BUF,0.0,0.0,0.0,0.0,0.0,18.4,91.1,0.7,1.9,15.5,0.1,0.1,0.0,0.0,0.0,0.0,0.0,0.0,0.0,15.2,2026-08-03 11:29:39
555,11,Rico Dowdle,PIT,0.0,0.0,0.0,0.0,0.0,18.3,90.1,0.6,2.3,15.2,0.1,0.1,0.0,0.0,0.0,0.0,0.0,0.0,0.0,14.3,2026-08-03 11:29:39
556,11,Jahmyr Gibbs,DET,0.0,0.0,0.0,0.0,0.0,14.3,71.7,0.6,3.3,25.0,0.2,0.1,0.0,0.0,0.0,0.0,0.0,0.0,0.0,14.2,2026-08-03 11:29:39
557,11,Ashton Jeanty,LV,0.0,0.0,0.0,0.0,0.0,16.8,72.8,0.6,2.8,20.9,0.2,0.1,0.0,0.0,0.0,0.0,0.0,0.0,0.0,13.9,2026-08-03 11:29:39
558,11,Jaylen Warren,PIT,0.0,0.0,0.0,0.0,0.0,16.4,78.8,0.5,2.8,21.7,0.1,0.1,0.0,0.0,0.0,0.0,0.0,0.0,0.0,13.6,2026-08-03 11:29:39
559,11,Javonte Williams,DAL,0.0,0.0,0.0,0.0,0.0,18.4,76.5,0.7,2.6,13.1,0.1,0.1,0.0,0.0,0.0,0.0,0.0,0.0,0.0,13.5,2026-08-03 11:29:39
560,11,Jaxon Smith-Njigba,SEA,0.0,0.0,0.0,0.0,0.0,0.3,1.4,0.0,6.9,102.9,0.5,0.1,0.0,0.0,0.0,0.0,0.0,0.0,0.0,13.1,2026-08-03 11:29:39
561,11,Ja'Marr Chase,CIN,0.0,0.0,0.0,0.0,0.0,0.2,1.4,0.0,7.6,89.4,0.6,0.1,0.0,0.0,0.0,0.0,0.0,0.0,0.0,12.8,2026-08-03 11:29:39
562,11,Puka Nacua,LAR,0.0,0.0,0.0,0.0,0.0,0.6,3.4,0.0,7.5,92.0,0.5,0.0,0.0,0.0,0.0,0.0,0.0,0.0,0.0,12.6,2026-08-03 11:29:39
563,11,Amon-Ra St. Brown,DET,0.0,0.0,0.0,0.0,0.0,0.1,0.5,0.0,7.0,81.3,0.6,0.0,0.0,0.0,0.0,0.0,0.0,0.0,0.0,12.0,2026-08-03 11:29:39
564,11,CeeDee Lamb,DAL,0.0,0.0,0.0,0.0,0.0,0.2,1.6,0.0,7.1,87.8,0.5,0.0,0.0,0.0,0.0,0.0,0.0,0.0,0.0,12.0,2026-08-03 11:29:39
565,11,Drake London,ATL,0.0,0.0,0.0,0.0,0.0,0.0,0.1,0.0,5.8,80.9,0.6,0.1,0.0,0.0,0.0,0.0,0.0,0.0,0.0,11.7,2026-08-03 11:29:39
566,11,Justin Jefferson,MIN,0.0,0.0,0.0,0.0,0.0,0.0,0.1,0.0,5.9,83.1,0.5,0.0,0.0,0.0,0.0,0.0,0.0,0.0,0.0,11.2,2026-08-03 11:29:39
567,11,Emeka Egbuka,TB,0.0,0.0,0.0,0.0,0.0,0.1,0.6,0.0,5.2,78.7,0.5,0.0,0.0,0.0,0.0,0.0,0.0,0.0,0.0,11.1,2026-08-03 11:29:39
568,11,Davante Adams,LAR,0.0,0.0,0.0,0.0,0.0,0.0,0.0,0.0,4.8,65.1,0.7,0.0,0.0,0.0,0.0,0.0,0.0,0.0,0.0,10.6,2026-08-03 11:29:39
569,11,Rashee Rice,KC,0.0,0.0,0.0,0.0,0.0,0.7,3.5,0.0,5.7,67.2,0.5,0.0,0.0,0.0,0.0,0.0,0.0,0.0,0.0,10.5,2026-08-03 11:29:39
570,11,Trey McBride,ARI,0.0,0.0,0.0,0.0,0.0,0.0,0.0,0.0,7.4,75.7,0.6,0.0,0.0,0.0,0.0,0.0,0.0,0.0,0.0,11.1,2026-08-03 11:29:39
571,11,Brock Bowers,LV,0.0,0.0,0.0,0.0,0.0,0.0,0.0,0.0,6.4,74.7,0.5,0.0,0.0,0.0,0.0,0.0,0.0,0.0,0.0,10.6,2026-08-03 11:29:39
572,11,George Kittle,SF,0.0,0.0,0.0,0.0,0.0,0.0,0.0,0.0,4.7,59.8,0.5,0.0,0.0,0.0,0.0,0.0,0.0,0.0,0.0,8.7,2026-08-03 11:29:39
573,11,Dallas Goedert,PHI,0.0,0.0,0.0,0.0,0.0,0.0,0.0,0.0,4.3,43.1,0.5,0.0,0.0,0.0,0.0,0.0,0.0,0.0,0.0,7.0,2026-08-03 11:29:39
574,11,Oronde Gadsden II,LAC,0.0,0.0,0.0,0.0,0.0,0.0,0.0,0.0,4.4,50.6,0.3,0.1,0.0,0.0,0.0,0.0,0.0,0.0,0.0,7.0,2026-08-03 11:29:39
575,11,Hunter Henry,NE,0.0,0.0,0.0,0.0,0.0,0.0,0.0,0.0,3.6,43.4,0.4,0.0,0.0,0.0,0.0,0.0,0.0,0.0,0.0,6.8,2026-08-03 11:29:39
576,11,Travis Kelce,KC,0.0,0.0,0.0,0.0,0.0,0.0,0.0,0.0,4.4,47.4,0.3,0.0,0.0,0.0,0.0,0.0,0.0,0.0,0.0,6.4,2026-08-03 11:29:39
577,11,Cade Otton,TB,0.0,0.0,0.0,0.0,0.0,0.0,0.0,0.0,4.6,47.5,0.3,0.0,0.0,0.0,0.0,0.0,0.0,0.0,0.0,6.3,2026-08-03 11:29:39
578,11,Jake Ferguson,DAL,0.0,0.0,0.0,0.0,0.0,0.0,0.0,0.0,4.9,37.4,0.4,0.1,0.0,0.0,0.0,0.0,0.0,0.0,0.0,6.1,2026-08-03 11:29:39
579,11,Mark Andrews,BAL,0.0,0.0,0.0,0.0,0.0,0.0,0.0,0.0,3.1,34.1,0.4,0.0,0.0,0.0,0.0,0.0,0.0,0.0,0.0,6.1,2026-08-03 11:29:39
580,11,Brandon Aubrey,DAL,0.0,0.0,0.0,0.0,0.0,0.0,0.0,0.0,0.0,0.0,0.0,0.0,0.0,0.0,0.0,0.0,0.0,0.0,0.0,8.8,2026-08-03 11:29:39
581,11,Andy Borregales,NE,0.0,0.0,0.0,0.0,0.0,0.0,0.0,0.0,0.0,0.0,0.0,0.0,0.0,0.0,0.0,0.0,0.0,0.0,0.0,8.6,2026-08-03 11:29:39
582,11,Chris Boswell,PIT,0.0,0.0,0.0,0.0,0.0,0.0,0.0,0.0,0.0,0.0,0.0,0.0,0.0,0.0,0.0,0.0,0.0,0.0,0.0,8.3,2026-08-03 11:29:39
583,11,Eddy Pineiro,SF,0.0,0.0,0.0,0.0,0.0,0.0,0.0,0.0,0.0,0.0,0.0,0.0,0.0,0.0,0.0,0.0,0.0,0.0,0.0,8.1,2026-08-03 11:29:39
584,11,Cameron Dicker,LAC,0.0,0.0,0.0,0.0,0.0,0.0,0.0,0.0,0.0,0.0,0.0,0.0,0.0,0.0,0.0,0.0,0.0,0.0,0.0,8.0,2026-08-03 11:29:39
585,11,Riley Patterson,MIA,0.0,0.0,0.0,0.0,0.0,0.0,0.0,0.0,0.0,0.0,0.0,0.0,0.0,0.0,0.0,0.0,0.0,0.0,0.0,7.9,2026-08-03 11:29:39
586,11,Will Reichard,MIN,0.0,0.0,0.0,0.0,0.0,0.0,0.0,0.0,0.0,0.0,0.0,0.0,0.0,0.0,0.0,0.0,0.0,0.0,0.0,7.8,2026-08-03 11:29:39
587,11,Harrison Butker,KC,0.0,0.0,0.0,0.0,0.0,0.0,0.0,0.0,0.0,0.0,0.0,0.0,0.0,0.0,0.0,0.0,0.0,0.0,0.0,7.7,2026-08-03 11:29:39
588,11,Jake Elliott,PHI,0.0,0.0,0.0,0.0,0.0,0.0,0.0,0.0,0.0,0.0,0.0,0.0,0.0,0.0,0.0,0.0,0.0,0.0,0.0,7.7,2026-08-03 11:29:39
589,11,Tyler Loop,BAL,0.0,0.0,0.0,0.0,0.0,0.0,0.0,0.0,0.0,0.0,0.0,0.0,0.0,0.0,0.0,0.0,0.0,0.0,0.0,7.5,2026-08-03 11:29:39
590,11,Texans D/ST,Texans D/ST,0.0,0.0,0.0,0.0,0.0,0.0,0.0,0.0,0.0,0.0,0.0,0.0,3.7,0.8,0.6,0.2,0.0,16.3,258.1,8.7,2026-08-03 11:29:39
591,11,Packers D/ST,Packers D/ST,0.0,0.0,0.0,0.0,0.0,0.0,0.0,0.0,0.0,0.0,0.0,0.0,3.1,0.9,0.6,0.2,0.0,18.7,300.7,8.3,2026-08-03 11:29:39
592,11,Chicago Bears,Chicago Bears,0.0,0.0,0.0,0.0,0.0,0.0,0.0,0.0,0.0,0.0,0.0,0.0,3.3,1.1,0.6,0.2,0.0,23.2,344.1,7.8,2026-08-03 11:29:39
593,11,Patriots D/ST,Patriots D/ST,0.0,0.0,0.0,0.0,0.0,0.0,0.0,0.0,0.0,0.0,0.0,0.0,3.1,0.7,0.5,0.2,0.0,17.2,278.9,7.6,2026-08-03 11:29:39
594,11,Falcons D/ST,Falcons D/ST,0.0,0.0,0.0,0.0,0.0,0.0,0.0,0.0,0.0,0.0,0.0,0.0,2.5,0.8,0.6,0.2,0.0,19.8,300.9,7.2,2026-08-03 11:29:39
595,11,Ravens D/ST,Ravens D/ST,0.0,0.0,0.0,0.0,0.0,0.0,0.0,0.0,0.0,0.0,0.0,0.0,2.6,0.7,0.5,0.2,0.0,16.4,292.9,7.1,2026-08-03 11:29:39
596,11,Cowboys D/ST,Cowboys D/ST,0.0,0.0,0.0,0.0,0.0,0.0,0.0,0.0,0.0,0.0,0.0,0.0,3.2,0.9,0.5,0.2,0.0,22.0,327.3,7.1,2026-08-03 11:29:39
597,11,Steelers D/ST,Steelers D/ST,0.0,0.0,0.0,0.0,0.0,0.0,0.0,0.0,0.0,0.0,0.0,0.0,2.7,0.9,0.7,0.2,0.0,22.1,309.3,6.8,2026-08-03 11:29:39
598,11,Chargers D/ST,Chargers D/ST,0.0,0.0,0.0,0.0,0.0,0.0,0.0,0.0,0.0,0.0,0.0,0.0,3.1,0.8,0.5,0.2,0.0,20.6,310.7,6.6,2026-08-03 11:29:39
599,11,Dolphins D/ST,Dolphins D/ST,0.0,0.0,0.0,0.0,0.0,0.0,0.0,0.0,0.0,0.0,0.0,0.0,2.6,0.8,0.6,0.2,0.1,22.9,345.6,6.5,2026-08-03 11:29:39
600,12,Drake Maye,NE,31.0,22.3,273.8,2.0,0.6,6.3,33.3,0.3,0.0,0.0,0.0,0.2,0.0,0.0,0.0,0.0,0.0,0.0,0.0,23.1,2026-08-03 11:29:40
601,12,Lamar Jackson,BAL,27.4,18.4,227.6,2.1,0.4,6.7,41.0,0.2,0.0,0.0,0.0,0.2,0.0,0.0,0.0,0.0,0.0,0.0,0.0,22.1,2026-08-03 11:29:40
602,12,Jalen Hurts,PHI,28.4,19.3,225.4,1.7,0.4,6.8,30.3,0.6,0.0,0.0,0.0,0.2,0.0,0.0,0.0,0.0,0.0,0.0,0.0,21.5,2026-08-03 11:29:40
603,12,Patrick Mahomes,KC,35.4,23.4,255.8,1.9,0.6,5.2,27.6,0.3,0.0,0.0,0.0,0.2,0.0,0.0,0.0,0.0,0.0,0.0,0.0,21.4,2026-08-03 11:29:40
604,12,Josh Allen,BUF,30.8,20.1,237.0,1.5,0.7,6.7,33.5,0.6,0.0,0.0,0.0,0.2,0.0,0.0,0.0,0.0,0.0,0.0,0.0,21.4,2026-08-03 11:29:40
605,12,Brock Purdy,SF,33.5,22.6,275.3,2.0,0.7,2.7,12.3,0.1,0.0,0.0,0.0,0.2,0.0,0.0,0.0,0.0,0.0,0.0,0.0,20.0,2026-08-03 11:29:40
606,12,Matthew Stafford,LAR,34.7,23.0,261.6,2.2,0.5,1.6,3.8,0.0,0.0,0.0,0.0,0.2,0.0,0.0,0.0,0.0,0.0,0.0,0.0,19.0,2026-08-03 11:29:40
607,12,Jared Goff,DET,32.8,22.9,262.9,2.1,0.5,1.6,4.7,0.0,0.0,0.0,0.0,0.2,0.0,0.0,0.0,0.0,0.0,0.0,0.0,18.5,2026-08-03 11:29:40
608,12,Daniel Jones,IND,33.0,23.2,254.8,1.3,0.7,4.3,20.7,0.3,0.0,0.0,0.0,0.3,0.0,0.0,0.0,0.0,0.0,0.0,0.0,18.0,2026-08-03 11:29:40
609,12,Caleb Williams,CHI,31.9,19.5,224.6,1.4,0.5,5.0,26.0,0.2,0.0,0.0,0.0,0.2,0.0,0.0,0.0,0.0,0.0,0.0,0.0,17.7,2026-08-03 11:29:40
610,12,Christian McCaffrey,SF,0.0,0.0,0.0,0.0,0.0,18.3,75.0,0.7,5.8,58.3,0.5,0.1,0.0,0.0,0.0,0.0,0.0,0.0,0.0,20.0,2026-08-03 11:29:40
611,12,Jonathan Taylor,IND,0.0,0.0,0.0,0.0,0.0,19.0,93.9,1.0,2.8,20.0,0.1,0.1,0.0,0.0,0.0,0.0,0.0,0.0,0.0,18.0,2026-08-03 11:29:40
612,12,Jahmyr Gibbs,DET,0.0,0.0,0.0,0.0,0.0,14.7,84.3,0.8,3.6,30.5,0.2,0.1,0.0,0.0,0.0,0.0,0.0,0.0,0.0,17.3,2026-08-03 11:29:40
613,12,Bijan Robinson,ATL,0.0,0.0,0.0,0.0,0.0,17.8,83.5,0.5,4.9,43.9,0.3,0.1,0.0,0.0,0.0,0.0,0.0,0.0,0.0,16.8,2026-08-03 11:29:40
614,12,James Cook III,BUF,0.0,0.0,0.0,0.0,0.0,17.7,84.5,0.6,2.4,20.7,0.1,0.1,0.0,0.0,0.0,0.0,0.0,0.0,0.0,14.9,2026-08-03 11:29:40
615,12,Derrick Henry,BAL,0.0,0.0,0.0,0.0,0.0,17.0,83.7,0.9,1.2,10.1,0.0,0.1,0.0,0.0,0.0,0.0,0.0,0.0,0.0,14.6,2026-08-03 11:29:40
616,12,Saquon Barkley,PHI,0.0,0.0,0.0,0.0,0.0,16.4,75.5,0.5,2.8,21.0,0.2,0.1,0.0,0.0,0.0,0.0,0.0,0.0,0.0,13.5,2026-08-03 11:29:40
617,12,Rico Dowdle,PIT,0.0,0.0,0.0,0.0,0.0,17.3,77.8,0.5,2.7,18.7,0.1,0.1,0.0,0.0,0.0,0.0,0.0,0.0,0.0,13.3,2026-08-03 11:29:40
618,12,Javonte Williams,DAL,0.0,0.0,0.0,0.0,0.0,17.3,74.0,0.6,2.4,11.6,0.1,0.1,0.0,0.0,0.0,0.0,0.0,0.0,0.0,12.5,2026-08-03 11:29:40
619,12,Kyren Williams,LAR,0.0,0.0,0.0,0.0,0.0,15.6,66.2,0.6,2.0,14.8,0.1,0.1,0.0,0.0,0.0,0.0,0.0,0.0,0.0,12.3,2026-08-03 11:29:40
620,12,Jaxon Smith-Njigba,SEA,0.0,0.0,0.0,0.0,0.0,0.2,1.7,0.0,7.2,105.0,0.6,0.1,0.0,0.0,0.0,0.0,0.0,0.0,0.0,14.0,2026-08-03 11:29:40
621,12,Amon-Ra St. Brown,DET,0.0,0.0,0.0,0.0,0.0,0.1,0.6,0.0,6.9,82.6,0.7,0.0,0.0,0.0,0.0,0.0,0.0,0.0,0.0,12.7,2026-08-03 11:29:40
622,12,Puka Nacua,LAR,0.0,0.0,0.0,0.0,0.0,0.4,3.3,0.0,7.3,91.0,0.5,0.1,0.0,0.0,0.0,0.0,0.0,0.0,0.0,12.5,2026-08-03 11:29:40
623,12,Davante Adams,LAR,0.0,0.0,0.0,0.0,0.0,0.0,0.0,0.0,4.9,68.9,0.7,0.0,0.0,0.0,0.0,0.0,0.0,0.0,0.0,11.3,2026-08-03 11:29:40
624,12,Tee Higgins,CIN,0.0,0.0,0.0,0.0,0.0,0.0,0.1,0.0,5.3,72.3,0.7,0.0,0.0,0.0,0.0,0.0,0.0,0.0,0.0,11.2,2026-08-03 11:29:40
625,12,Rashee Rice,KC,0.0,0.0,0.0,0.0,0.0,0.7,2.9,0.0,6.0,70.7,0.6,0.0,0.0,0.0,0.0,0.0,0.0,0.0,0.0,11.2,2026-08-03 11:29:40
626,12,CeeDee Lamb,DAL,0.0,0.0,0.0,0.0,0.0,0.3,1.9,0.0,6.4,82.2,0.5,0.0,0.0,0.0,0.0,0.0,0.0,0.0,0.0,11.2,2026-08-03 11:29:40
627,12,George Pickens,DAL,0.0,0.0,0.0,0.0,0.0,0.0,0.2,0.0,5.1,74.7,0.5,0.0,0.0,0.0,0.0,0.0,0.0,0.0,0.0,10.4,2026-08-03 11:29:40
628,12,Emeka Egbuka,TB,0.0,0.0,0.0,0.0,0.0,0.1,0.4,0.0,5.1,74.1,0.5,0.0,0.0,0.0,0.0,0.0,0.0,0.0,0.0,10.3,2026-08-03 11:29:40
629,12,Chris Olave,NO,0.0,0.0,0.0,0.0,0.0,0.1,0.4,0.0,6.1,75.1,0.5,0.0,0.0,0.0,0.0,0.0,0.0,0.0,0.0,10.2,2026-08-03 11:29:40
630,12,Trey McBride,ARI,0.0,0.0,0.0,0.0,0.0,0.0,0.0,0.0,7.0,73.7,0.6,0.0,0.0,0.0,0.0,0.0,0.0,0.0,0.0,10.9,2026-08-03 11:29:40
631,12,George Kittle,SF,0.0,0.0,0.0,0.0,0.0,0.0,0.0,0.0,4.9,64.6,0.6,0.0,0.0,0.0,0.0,0.0,0.0,0.0,0.0,10.0,2026-08-03 11:29:40
632,12,Brock Bowers,LV,0.0,0.0,0.0,0.0,0.0,0.0,0.0,0.0,5.8,65.8,0.4,0.0,0.0,0.0,0.0,0.0,0.0,0.0,0.0,9.1,2026-08-03 11:29:40
633,12,Tyler Warren,IND,0.0,0.0,0.0,0.0,0.0,0.0,0.0,0.0,5.2,57.5,0.3,0.0,0.0,0.0,0.0,0.0,0.0,0.0,0.0,7.7,2026-08-03 11:29:40
634,12,Travis Kelce,KC,0.0,0.0,0.0,0.0,0.0,0.0,0.0,0.0,4.9,54.8,0.4,0.0,0.0,0.0,0.0,0.0,0.0,0.0,0.0,7.6,2026-08-03 11:29:40
635,12,Dallas Goedert,PHI,0.0,0.0,0.0,0.0,0.0,0.0,0.0,0.0,4.2,43.6,0.4,0.0,0.0,0.0,0.0,0.0,0.0,0.0,0.0,7.0,2026-08-03 11:29:40
636,12,Hunter Henry,NE,0.0,0.0,0.0,0.0,0.0,0.0,0.0,0.0,3.7,44.6,0.4,0.0,0.0,0.0,0.0,0.0,0.0,0.0,0.0,6.9,2026-08-03 11:29:40
637,12,Mark Andrews,BAL,0.0,0.0,0.0,0.0,0.0,0.0,0.0,0.0,3.2,36.1,0.5,0.0,0.0,0.0,0.0,0.0,0.0,0.0,0.0,6.9,2026-08-03 11:29:40
638,12,Kyle Pitts Sr.,ATL,0.0,0.0,0.0,0.0,0.0,0.0,0.0,0.0,4.8,51.6,0.2,0.0,0.0,0.0,0.0,0.0,0.0,0.0,0.0,6.6,2026-08-03 11:29:40
639,12,Juwan Johnson,NO,0.0,0.0,0.0,0.0,0.0,0.0,0.0,0.0,3.9,44.6,0.3,0.1,0.0,0.0,0.0,0.0,0.0,0.0,0.0,6.4,2026-08-03 11:29:40
640,12,Jake Bates,DET,0.0,0.0,0.0,0.0,0.0,0.0,0.0,0.0,0.0,0.0,0.0,0.0,0.0,0.0,0.0,0.0,0.0,0.0,0.0,8.9,2026-08-03 11:29:40
641,12,Tyler Loop,BAL,0.0,0.0,0.0,0.0,0.0,0.0,0.0,0.0,0.0,0.0,0.0,0.0,0.0,0.0,0.0,0.0,0.0,0.0,0.0,8.9,2026-08-03 11:29:40
642,12,Jason Myers,SEA,0.0,0.0,0.0,0.0,0.0,0.0,0.0,0.0,0.0,0.0,0.0,0.0,0.0,0.0,0.0,0.0,0.0,0.0,0.0,8.5,2026-08-03 11:29:40
643,12,Matt Gay,LV,0.0,0.0,0.0,0.0,0.0,0.0,0.0,0.0,0.0,0.0,0.0,0.0,0.0,0.0,0.0,0.0,0.0,0.0,0.0,8.4,2026-08-03 11:29:40
644,12,Harrison Butker,KC,0.0,0.0,0.0,0.0,0.0,0.0,0.0,0.0,0.0,0.0,0.0,0.0,0.0,0.0,0.0,0.0,0.0,0.0,0.0,8.3,2026-08-03 11:29:40
645,12,Andy Borregales,NE,0.0,0.0,0.0,0.0,0.0,0.0,0.0,0.0,0.0,0.0,0.0,0.0,0.0,0.0,0.0,0.0,0.0,0.0,0.0,8.3,2026-08-03 11:29:40
646,12,Brandon Aubrey,DAL,0.0,0.0,0.0,0.0,0.0,0.0,0.0,0.0,0.0,0.0,0.0,0.0,0.0,0.0,0.0,0.0,0.0,0.0,0.0,8.3,2026-08-03 11:29:40
647,12,Cam Little,JAC,0.0,0.0,0.0,0.0,0.0,0.0,0.0,0.0,0.0,0.0,0.0,0.0,0.0,0.0,0.0,0.0,0.0,0.0,0.0,7.8,2026-08-03 11:29:40
648,12,Jake Elliott,PHI,0.0,0.0,0.0,0.0,0.0,0.0,0.0,0.0,0.0,0.0,0.0,0.0,0.0,0.0,0.0,0.0,0.0,0.0,0.0,7.8,2026-08-03 11:29:40
649,12,Cairo Santos,CHI,0.0,0.0,0.0,0.0,0.0,0.0,0.0,0.0,0.0,0.0,0.0,0.0,0.0,0.0,0.0,0.0,0.0,0.0,0.0,7.7,2026-08-03 11:29:40
650,12,Packers D/ST,Packers D/ST,0.0,0.0,0.0,0.0,0.0,0.0,0.0,0.0,0.0,0.0,0.0,0.0,3.1,1.1,0.6,0.2,0.0,17.0,291.8,8.7,2026-08-03 11:29:40
651,12,Seahawks D/ST,Seahawks D/ST,0.0,0.0,0.0,0.0,0.0,0.0,0.0,0.0,0.0,0.0,0.0,0.0,3.7,0.8,0.6,0.2,0.0,13.9,255.9,8.4,2026-08-03 11:29:40
652,12,Browns D/ST,Browns D/ST,0.0,0.0,0.0,0.0,0.0,0.0,0.0,0.0,0.0,0.0,0.0,0.0,3.4,1.0,0.5,0.2,0.0,18.4,292.0,8.4,2026-08-03 11:29:40
653,12,Lions D/ST,Lions D/ST,0.0,0.0,0.0,0.0,0.0,0.0,0.0,0.0,0.0,0.0,0.0,0.0,3.3,1.0,0.6,0.2,0.0,20.3,313.5,7.6,2026-08-03 11:29:40
654,12,Ravens D/ST,Ravens D/ST,0.0,0.0,0.0,0.0,0.0,0.0,0.0,0.0,0.0,0.0,0.0,0.0,2.7,0.8,0.6,0.2,0.0,17.1,299.4,7.5,2026-08-03 11:29:40
655,12,Raiders D/ST,Raiders D/ST,0.0,0.0,0.0,0.0,0.0,0.0,0.0,0.0,0.0,0.0,0.0,0.0,2.7,0.8,0.5,0.2,0.0,18.5,284.5,7.2,2026-08-03 11:29:40
656,12,Bills D/ST,Bills D/ST,0.0,0.0,0.0,0.0,0.0,0.0,0.0,0.0,0.0,0.0,0.0,0.0,2.8,0.7,0.6,0.2,0.1,20.2,313.8,6.6,2026-08-03 11:29:40
657,12,Saints D/ST,Saints D/ST,0.0,0.0,0.0,0.0,0.0,0.0,0.0,0.0,0.0,0.0,0.0,0.0,2.0,0.7,0.5,0.1,0.1,19.9,343.5,6.5,2026-08-03 11:29:40
658,12,Eagles D/ST,Eagles D/ST,0.0,0.0,0.0,0.0,0.0,0.0,0.0,0.0,0.0,0.0,0.0,0.0,2.1,0.8,0.7,0.2,0.1,22.9,337.3,6.2,2026-08-03 11:29:40
659,12,Falcons D/ST,Falcons D/ST,0.0,0.0,0.0,0.0,0.0,0.0,0.0,0.0,0.0,0.0,0.0,0.0,2.6,0.8,0.6,0.1,0.0,20.8,333.4,6.2,2026-08-03 11:29:40
660,13,Patrick Mahomes,KC,35.6,23.7,271.8,2.0,0.6,4.9,28.7,0.3,0.0,0.0,0.0,0.2,0.0,0.0,0.0,0.0,0.0,0.0,0.0,22.4,2026-08-03 11:29:40
661,13,Josh Allen,BUF,30.9,20.7,247.7,1.5,0.7,6.5,33.0,0.6,0.0,0.0,0.0,0.2,0.0,0.0,0.0,0.0,0.0,0.0,0.0,21.8,2026-08-03 11:29:40
662,13,Jalen Hurts,PHI,29.1,19.9,225.4,1.6,0.4,7.3,32.5,0.6,0.0,0.0,0.0,0.2,0.0,0.0,0.0,0.0,0.0,0.0,0.0,21.7,2026-08-03 11:29:40
663,13,Drake Maye,NE,30.5,21.5,256.8,1.9,0.6,5.9,33.4,0.3,0.0,0.0,0.0,0.3,0.0,0.0,0.0,0.0,0.0,0.0,0.0,21.6,2026-08-03 11:29:40
664,13,Lamar Jackson,BAL,27.9,18.6,235.5,2.0,0.5,6.0,36.1,0.2,0.0,0.0,0.0,0.2,0.0,0.0,0.0,0.0,0.0,0.0,0.0,21.1,2026-08-03 11:29:40
665,13,Justin Herbert,LAC,33.1,22.2,250.0,1.8,0.6,4.9,24.7,0.2,0.0,0.0,0.0,0.2,0.0,0.0,0.0,0.0,0.0,0.0,0.0,19.7,2026-08-03 11:29:40
666,13,Dak Prescott,DAL,36.4,25.1,262.3,1.9,0.7,3.4,14.1,0.1,0.0,0.0,0.0,0.2,0.0,0.0,0.0,0.0,0.0,0.0,0.0,19.2,2026-08-03 11:29:40
667,13,Bo Nix,DEN,33.7,21.7,237.7,1.7,0.6,4.2,21.5,0.2,0.0,0.0,0.0,0.2,0.0,0.0,0.0,0.0,0.0,0.0,0.0,18.8,2026-08-03 11:29:40
668,13,Matthew Stafford,LAR,34.8,22.9,259.7,2.1,0.5,1.2,3.1,0.0,0.0,0.0,0.0,0.2,0.0,0.0,0.0,0.0,0.0,0.0,0.0,18.7,2026-08-03 11:29:40
669,13,Jaxson Dart,NYG,32.3,20.3,215.2,1.3,0.6,6.1,31.3,0.4,0.0,0.0,0.0,0.2,0.0,0.0,0.0,0.0,0.0,0.0,0.0,18.2,2026-08-03 11:29:40
670,13,Jonathan Taylor,IND,0.0,0.0,0.0,0.0,0.0,19.1,94.0,0.9,2.6,19.6,0.1,0.1,0.0,0.0,0.0,0.0,0.0,0.0,0.0,17.6,2026-08-03 11:29:41
671,13,De'Von Achane,MIA,0.0,0.0,0.0,0.0,0.0,17.1,85.0,0.5,5.2,36.6,0.3,0.1,0.0,0.0,0.0,0.0,0.0,0.0,0.0,17.2,2026-08-03 11:29:41
672,13,Jahmyr Gibbs,DET,0.0,0.0,0.0,0.0,0.0,14.6,78.7,0.7,4.2,31.5,0.2,0.1,0.0,0.0,0.0,0.0,0.0,0.0,0.0,16.6,2026-08-03 11:29:41
673,13,Christian McCaffrey,SF,0.0,0.0,0.0,0.0,0.0,18.7,69.4,0.5,5.2,47.7,0.3,0.1,0.0,0.0,0.0,0.0,0.0,0.0,0.0,16.6,2026-08-03 11:29:41
674,13,Derrick Henry,BAL,0.0,0.0,0.0,0.0,0.0,18.4,94.0,0.9,1.2,11.7,0.1,0.1,0.0,0.0,0.0,0.0,0.0,0.0,0.0,16.3,2026-08-03 11:29:41
675,13,Bijan Robinson,ATL,0.0,0.0,0.0,0.0,0.0,17.7,82.8,0.5,4.2,38.9,0.2,0.1,0.0,0.0,0.0,0.0,0.0,0.0,0.0,16.3,2026-08-03 11:29:41
676,13,James Cook III,BUF,0.0,0.0,0.0,0.0,0.0,17.2,86.0,0.6,2.4,21.6,0.1,0.1,0.0,0.0,0.0,0.0,0.0,0.0,0.0,14.8,2026-08-03 11:29:41
677,13,Saquon Barkley,PHI,0.0,0.0,0.0,0.0,0.0,17.4,80.3,0.5,2.9,22.1,0.2,0.1,0.0,0.0,0.0,0.0,0.0,0.0,0.0,14.0,2026-08-03 11:29:41
678,13,Josh Jacobs,GB,0.0,0.0,0.0,0.0,0.0,16.6,64.1,0.8,2.9,24.4,0.1,0.1,0.0,0.0,0.0,0.0,0.0,0.0,0.0,14.0,2026-08-03 11:29:41
679,13,Breece Hall,NYJ,0.0,0.0,0.0,0.0,0.0,16.7,75.3,0.3,3.1,26.1,0.2,0.1,0.0,0.0,0.0,0.0,0.0,0.0,0.0,12.7,2026-08-03 11:29:41
680,13,Jaxon Smith-Njigba,SEA,0.0,0.0,0.0,0.0,0.0,0.3,1.5,0.0,7.1,107.3,0.6,0.1,0.0,0.0,0.0,0.0,0.0,0.0,0.0,14.4,2026-08-03 11:29:41
681,13,Ja'Marr Chase,CIN,0.0,0.0,0.0,0.0,0.0,0.1,0.7,0.0,7.7,90.2,0.6,0.1,0.0,0.0,0.0,0.0,0.0,0.0,0.0,12.7,2026-08-03 11:29:41
682,13,Amon-Ra St. Brown,DET,0.0,0.0,0.0,0.0,0.0,0.1,0.6,0.0,7.7,85.7,0.7,0.0,0.0,0.0,0.0,0.0,0.0,0.0,0.0,12.6,2026-08-03 11:29:41
683,13,Puka Nacua,LAR,0.0,0.0,0.0,0.0,0.0,0.4,3.4,0.0,7.3,90.8,0.5,0.1,0.0,0.0,0.0,0.0,0.0,0.0,0.0,12.4,2026-08-03 11:29:41
684,13,Rashee Rice,KC,0.0,0.0,0.0,0.0,0.0,0.7,3.2,0.0,6.2,76.2,0.6,0.0,0.0,0.0,0.0,0.0,0.0,0.0,0.0,12.0,2026-08-03 11:29:41
685,13,Davante Adams,LAR,0.0,0.0,0.0,0.0,0.0,0.0,0.0,0.0,4.8,68.3,0.8,0.0,0.0,0.0,0.0,0.0,0.0,0.0,0.0,11.6,2026-08-03 11:29:41
686,13,CeeDee Lamb,DAL,0.0,0.0,0.0,0.0,0.0,0.2,1.1,0.0,6.6,84.6,0.5,0.0,0.0,0.0,0.0,0.0,0.0,0.0,0.0,11.5,2026-08-03 11:29:41
687,13,George Pickens,DAL,0.0,0.0,0.0,0.0,0.0,0.0,0.2,0.0,5.6,81.5,0.6,0.0,0.0,0.0,0.0,0.0,0.0,0.0,0.0,11.4,2026-08-03 11:29:41
688,13,A.J. Brown,NE,0.0,0.0,0.0,0.0,0.0,0.0,0.0,0.0,5.1,70.8,0.5,0.0,0.0,0.0,0.0,0.0,0.0,0.0,0.0,10.2,2026-08-03 11:29:41
689,13,Emeka Egbuka,TB,0.0,0.0,0.0,0.0,0.0,0.1,0.4,0.0,4.7,69.1,0.5,0.0,0.0,0.0,0.0,0.0,0.0,0.0,0.0,10.0,2026-08-03 11:29:41
690,13,Trey McBride,ARI,0.0,0.0,0.0,0.0,0.0,0.0,0.0,0.0,7.1,72.4,0.5,0.0,0.0,0.0,0.0,0.0,0.0,0.0,0.0,10.2,2026-08-03 11:29:41
691,13,Brock Bowers,LV,0.0,0.0,0.0,0.0,0.0,0.0,0.0,0.0,6.1,66.9,0.4,0.0,0.0,0.0,0.0,0.0,0.0,0.0,0.0,8.9,2026-08-03 11:29:41
692,13,George Kittle,SF,0.0,0.0,0.0,0.0,0.0,0.0,0.0,0.0,4.3,54.4,0.4,0.0,0.0,0.0,0.0,0.0,0.0,0.0,0.0,8.0,2026-08-03 11:29:41
693,13,Travis Kelce,KC,0.0,0.0,0.0,0.0,0.0,0.0,0.0,0.0,4.9,56.7,0.4,0.0,0.0,0.0,0.0,0.0,0.0,0.0,0.0,7.8,2026-08-03 11:29:41
694,13,Tyler Warren,IND,0.0,0.0,0.0,0.0,0.0,0.0,0.0,0.0,4.8,55.0,0.3,0.0,0.0,0.0,0.0,0.0,0.0,0.0,0.0,7.5,2026-08-03 11:29:41
695,13,Mark Andrews,BAL,0.0,0.0,0.0,0.0,0.0,0.0,0.0,0.0,3.3,39.4,0.6,0.0,0.0,0.0,0.0,0.0,0.0,0.0,0.0,7.3,2026-08-03 11:29:41
696,13,Oronde Gadsden II,LAC,0.0,0.0,0.0,0.0,0.0,0.0,0.0,0.0,4.3,51.0,0.3,0.1,0.0,0.0,0.0,0.0,0.0,0.0,0.0,7.0,2026-08-03 11:29:41
697,13,Dallas Goedert,PHI,0.0,0.0,0.0,0.0,0.0,0.0,0.0,0.0,4.3,44.2,0.4,0.0,0.0,0.0,0.0,0.0,0.0,0.0,0.0,6.9,2026-08-03 11:29:41
698,13,Hunter Henry,NE,0.0,0.0,0.0,0.0,0.0,0.0,0.0,0.0,3.6,43.6,0.4,0.0,0.0,0.0,0.0,0.0,0.0,0.0,0.0,6.7,2026-08-03 11:29:41
699,13,Kyle Pitts Sr.,ATL,0.0,0.0,0.0,0.0,0.0,0.0,0.0,0.0,3.9,46.7,0.3,0.0,0.0,0.0,0.0,0.0,0.0,0.0,0.0,6.2,2026-08-03 11:29:41
700,13,Cameron Dicker,LAC,0.0,0.0,0.0,0.0,0.0,0.0,0.0,0.0,0.0,0.0,0.0,0.0,0.0,0.0,0.0,0.0,0.0,0.0,0.0,8.7,2026-08-03 11:29:41
701,13,Harrison Butker,KC,0.0,0.0,0.0,0.0,0.0,0.0,0.0,0.0,0.0,0.0,0.0,0.0,0.0,0.0,0.0,0.0,0.0,0.0,0.0,8.5,2026-08-03 11:29:41
702,13,Tyler Loop,BAL,0.0,0.0,0.0,0.0,0.0,0.0,0.0,0.0,0.0,0.0,0.0,0.0,0.0,0.0,0.0,0.0,0.0,0.0,0.0,8.4,2026-08-03 11:29:41
703,13,Jason Myers,SEA,0.0,0.0,0.0,0.0,0.0,0.0,0.0,0.0,0.0,0.0,0.0,0.0,0.0,0.0,0.0,0.0,0.0,0.0,0.0,8.4,2026-08-03 11:29:41
704,13,Brandon Aubrey,DAL,0.0,0.0,0.0,0.0,0.0,0.0,0.0,0.0,0.0,0.0,0.0,0.0,0.0,0.0,0.0,0.0,0.0,0.0,0.0,8.2,2026-08-03 11:29:41
705,13,Chase McLaughlin,TB,0.0,0.0,0.0,0.0,0.0,0.0,0.0,0.0,0.0,0.0,0.0,0.0,0.0,0.0,0.0,0.0,0.0,0.0,0.0,8.1,2026-08-03 11:29:41
706,13,Jake Bates,DET,0.0,0.0,0.0,0.0,0.0,0.0,0.0,0.0,0.0,0.0,0.0,0.0,0.0,0.0,0.0,0.0,0.0,0.0,0.0,8.0,2026-08-03 11:29:41
707,13,Andy Borregales,NE,0.0,0.0,0.0,0.0,0.0,0.0,0.0,0.0,0.0,0.0,0.0,0.0,0.0,0.0,0.0,0.0,0.0,0.0,0.0,7.9,2026-08-03 11:29:41
708,13,Jake Elliott,PHI,0.0,0.0,0.0,0.0,0.0,0.0,0.0,0.0,0.0,0.0,0.0,0.0,0.0,0.0,0.0,0.0,0.0,0.0,0.0,7.9,2026-08-03 11:29:41
709,13,Riley Patterson,MIA,0.0,0.0,0.0,0.0,0.0,0.0,0.0,0.0,0.0,0.0,0.0,0.0,0.0,0.0,0.0,0.0,0.0,0.0,0.0,7.8,2026-08-03 11:29:41
710,13,Seahawks D/ST,Seahawks D/ST,0.0,0.0,0.0,0.0,0.0,0.0,0.0,0.0,0.0,0.0,0.0,0.0,3.3,1.1,0.5,0.2,0.0,15.5,268.7,8.9,2026-08-03 11:29:41
711,13,Chargers D/ST,Chargers D/ST,0.0,0.0,0.0,0.0,0.0,0.0,0.0,0.0,0.0,0.0,0.0,0.0,3.7,1.0,0.5,0.2,0.0,15.6,290.0,8.7,2026-08-03 11:29:41
712,13,Broncos D/ST,Broncos D/ST,0.0,0.0,0.0,0.0,0.0,0.0,0.0,0.0,0.0,0.0,0.0,0.0,3.3,0.8,0.5,0.2,0.1,18.9,308.5,8.3,2026-08-03 11:29:41
713,13,Falcons D/ST,Falcons D/ST,0.0,0.0,0.0,0.0,0.0,0.0,0.0,0.0,0.0,0.0,0.0,0.0,3.4,0.8,0.6,0.2,0.0,19.6,295.3,8.0,2026-08-03 11:29:41
714,13,Jaguars D/ST,Jaguars D/ST,0.0,0.0,0.0,0.0,0.0,0.0,0.0,0.0,0.0,0.0,0.0,0.0,3.1,0.7,0.6,0.2,0.0,19.5,272.5,7.6,2026-08-03 11:29:41
715,13,Patriots D/ST,Patriots D/ST,0.0,0.0,0.0,0.0,0.0,0.0,0.0,0.0,0.0,0.0,0.0,0.0,2.9,0.7,0.5,0.2,0.0,19.7,320.2,7.4,2026-08-03 11:29:41
716,13,Dolphins D/ST,Dolphins D/ST,0.0,0.0,0.0,0.0,0.0,0.0,0.0,0.0,0.0,0.0,0.0,0.0,2.6,0.7,0.6,0.2,0.0,19.2,327.6,7.2,2026-08-03 11:29:41
717,13,Rams D/ST,Rams D/ST,0.0,0.0,0.0,0.0,0.0,0.0,0.0,0.0,0.0,0.0,0.0,0.0,2.4,0.8,0.6,0.2,0.0,16.7,279.2,7.2,2026-08-03 11:29:41
718,13,49ers D/ST,49ers D/ST,0.0,0.0,0.0,0.0,0.0,0.0,0.0,0.0,0.0,0.0,0.0,0.0,2.1,0.8,0.5,0.2,0.0,18.0,279.4,6.7,2026-08-03 11:29:41
719,13,Buccaneers D/ST,Buccaneers D/ST,0.0,0.0,0.0,0.0,0.0,0.0,0.0,0.0,0.0,0.0,0.0,0.0,3.3,0.6,0.6,0.2,0.0,20.0,334.9,6.6,2026-08-03 11:29:41
720,14,Josh Allen,BUF,30.0,20.2,243.0,1.9,0.7,7.1,37.9,0.8,0.0,0.0,0.0,0.2,0.0,0.0,0.0,0.0,0.0,0.0,0.0,24.3,2026-08-03 11:29:41
721,14,Dak Prescott,DAL,37.2,24.4,278.0,2.1,0.7,3.6,12.9,0.1,0.0,0.0,0.0,0.2,0.0,0.0,0.0,0.0,0.0,0.0,0.0,20.4,2026-08-03 11:29:41
722,14,Jalen Hurts,PHI,29.7,19.4,212.9,1.4,0.4,7.7,33.1,0.6,0.0,0.0,0.0,0.3,0.0,0.0,0.0,0.0,0.0,0.0,0.0,19.8,2026-08-03 11:29:41
723,14,Patrick Mahomes,KC,34.0,21.5,238.1,1.6,0.7,4.9,27.3,0.2,0.0,0.0,0.0,0.1,0.0,0.0,0.0,0.0,0.0,0.0,0.0,19.3,2026-08-03 11:29:41
724,14,Matthew Stafford,LAR,34.6,23.2,261.9,2.2,0.5,1.3,3.6,0.0,0.0,0.0,0.0,0.2,0.0,0.0,0.0,0.0,0.0,0.0,0.0,18.9,2026-08-03 11:29:41
725,14,Jared Goff,DET,33.2,23.2,269.2,2.1,0.6,1.5,4.8,0.0,0.0,0.0,0.0,0.2,0.0,0.0,0.0,0.0,0.0,0.0,0.0,18.8,2026-08-03 11:29:41
726,14,Joe Burrow,CIN,36.8,23.7,248.8,1.9,0.6,2.5,10.3,0.1,0.0,0.0,0.0,0.2,0.0,0.0,0.0,0.0,0.0,0.0,0.0,18.1,2026-08-03 11:29:41
727,14,Lamar Jackson,BAL,27.3,17.8,219.1,1.6,0.5,5.6,31.6,0.1,0.0,0.0,0.0,0.3,0.0,0.0,0.0,0.0,0.0,0.0,0.0,18.1,2026-08-03 11:29:41
728,14,Bo Nix,DEN,34.1,22.4,226.8,1.7,0.7,4.4,20.1,0.2,0.0,0.0,0.0,0.2,0.0,0.0,0.0,0.0,0.0,0.0,0.0,18.1,2026-08-03 11:29:41
729,14,Justin Herbert,LAC,32.5,20.5,259.5,1.5,0.7,3.9,20.9,0.1,0.0,0.0,0.0,0.1,0.0,0.0,0.0,0.0,0.0,0.0,0.0,18.0,2026-08-03 11:29:41
730,14,Jonathan Taylor,IND,0.0,0.0,0.0,0.0,0.0,20.7,99.7,0.9,2.9,21.5,0.1,0.1,0.0,0.0,0.0,0.0,0.0,0.0,0.0,18.3,2026-08-03 11:29:42
731,14,Jahmyr Gibbs,DET,0.0,0.0,0.0,0.0,0.0,15.2,85.8,0.8,4.1,35.2,0.2,0.1,0.0,0.0,0.0,0.0,0.0,0.0,0.0,18.0,2026-08-03 11:29:42
732,14,De'Von Achane,MIA,0.0,0.0,0.0,0.0,0.0,17.3,84.6,0.5,4.7,33.1,0.3,0.1,0.0,0.0,0.0,0.0,0.0,0.0,0.0,16.7,2026-08-03 11:29:42
733,14,James Cook III,BUF,0.0,0.0,0.0,0.0,0.0,18.8,99.7,0.7,2.2,18.1,0.1,0.1,0.0,0.0,0.0,0.0,0.0,0.0,0.0,16.4,2026-08-03 11:29:42
734,14,Josh Jacobs,GB,0.0,0.0,0.0,0.0,0.0,18.1,79.7,0.9,2.9,23.4,0.1,0.1,0.0,0.0,0.0,0.0,0.0,0.0,0.0,16.3,2026-08-03 11:29:42
735,14,Bijan Robinson,ATL,0.0,0.0,0.0,0.0,0.0,16.6,74.2,0.4,4.4,38.0,0.2,0.1,0.0,0.0,0.0,0.0,0.0,0.0,0.0,14.8,2026-08-03 11:29:42
736,14,Derrick Henry,BAL,0.0,0.0,0.0,0.0,0.0,17.7,83.5,0.8,1.1,10.8,0.0,0.1,0.0,0.0,0.0,0.0,0.0,0.0,0.0,14.3,2026-08-03 11:29:42
737,14,Breece Hall,NYJ,0.0,0.0,0.0,0.0,0.0,17.5,75.9,0.3,3.1,25.5,0.2,0.1,0.0,0.0,0.0,0.0,0.0,0.0,0.0,13.1,2026-08-03 11:29:42
738,14,Quinshon Judkins,CLE,0.0,0.0,0.0,0.0,0.0,19.4,80.2,0.6,1.4,10.9,0.0,0.1,0.0,0.0,0.0,0.0,0.0,0.0,0.0,13.0,2026-08-03 11:29:42
739,14,Bucky Irving,TB,0.0,0.0,0.0,0.0,0.0,16.7,70.8,0.5,2.9,23.9,0.2,0.1,0.0,0.0,0.0,0.0,0.0,0.0,0.0,12.9,2026-08-03 11:29:42
740,14,Jaxon Smith-Njigba,SEA,0.0,0.0,0.0,0.0,0.0,0.4,2.3,0.0,6.7,99.3,0.6,0.1,0.0,0.0,0.0,0.0,0.0,0.0,0.0,13.5,2026-08-03 11:29:42
741,14,George Pickens,DAL,0.0,0.0,0.0,0.0,0.0,0.0,0.2,0.0,5.8,88.0,0.6,0.0,0.0,0.0,0.0,0.0,0.0,0.0,0.0,12.4,2026-08-03 11:29:42
742,14,Ja'Marr Chase,CIN,0.0,0.0,0.0,0.0,0.0,0.2,1.0,0.0,7.0,86.0,0.6,0.1,0.0,0.0,0.0,0.0,0.0,0.0,0.0,12.3,2026-08-03 11:29:42
743,14,Puka Nacua,LAR,0.0,0.0,0.0,0.0,0.0,0.4,3.3,0.0,7.3,90.3,0.5,0.1,0.0,0.0,0.0,0.0,0.0,0.0,0.0,12.3,2026-08-03 11:29:42
744,14,CeeDee Lamb,DAL,0.0,0.0,0.0,0.0,0.0,0.1,1.1,0.0,6.4,87.9,0.5,0.0,0.0,0.0,0.0,0.0,0.0,0.0,0.0,12.1,2026-08-03 11:29:42
745,14,Davante Adams,LAR,0.0,0.0,0.0,0.0,0.0,0.0,0.0,0.0,4.8,66.6,0.8,0.0,0.0,0.0,0.0,0.0,0.0,0.0,0.0,11.6,2026-08-03 11:29:42
746,14,Amon-Ra St. Brown,DET,0.0,0.0,0.0,0.0,0.0,0.1,0.2,0.0,6.0,74.9,0.6,0.0,0.0,0.0,0.0,0.0,0.0,0.0,0.0,11.1,2026-08-03 11:29:42
747,14,Rashee Rice,KC,0.0,0.0,0.0,0.0,0.0,0.7,3.0,0.0,5.6,68.4,0.6,0.0,0.0,0.0,0.0,0.0,0.0,0.0,0.0,10.7,2026-08-03 11:29:42
748,14,Jameson Williams,DET,0.0,0.0,0.0,0.0,0.0,0.2,2.4,0.0,4.3,70.4,0.5,0.0,0.0,0.0,0.0,0.0,0.0,0.0,0.0,10.4,2026-08-03 11:29:42
749,14,Nico Collins,HOU,0.0,0.0,0.0,0.0,0.0,0.1,0.4,0.0,5.7,74.7,0.4,0.1,0.0,0.0,0.0,0.0,0.0,0.0,0.0,9.9,2026-08-03 11:29:42
750,14,Trey McBride,ARI,0.0,0.0,0.0,0.0,0.0,0.0,0.0,0.0,7.0,68.9,0.5,0.0,0.0,0.0,0.0,0.0,0.0,0.0,0.0,9.7,2026-08-03 11:29:42
751,14,Brock Bowers,LV,0.0,0.0,0.0,0.0,0.0,0.0,0.0,0.0,5.4,60.1,0.4,0.0,0.0,0.0,0.0,0.0,0.0,0.0,0.0,8.2,2026-08-03 11:29:42
752,14,Tyler Warren,IND,0.0,0.0,0.0,0.0,0.0,0.0,0.0,0.0,4.8,54.0,0.3,0.0,0.0,0.0,0.0,0.0,0.0,0.0,0.0,7.7,2026-08-03 11:29:42
753,14,Travis Kelce,KC,0.0,0.0,0.0,0.0,0.0,0.0,0.0,0.0,4.5,50.5,0.3,0.0,0.0,0.0,0.0,0.0,0.0,0.0,0.0,6.9,2026-08-03 11:29:42
754,14,Oronde Gadsden II,LAC,0.0,0.0,0.0,0.0,0.0,0.0,0.0,0.0,3.7,49.7,0.3,0.0,0.0,0.0,0.0,0.0,0.0,0.0,0.0,6.6,2026-08-03 11:29:42
755,14,Jake Ferguson,DAL,0.0,0.0,0.0,0.0,0.0,0.0,0.0,0.0,4.7,40.8,0.4,0.1,0.0,0.0,0.0,0.0,0.0,0.0,0.0,6.4,2026-08-03 11:29:42
756,14,Kyle Pitts Sr.,ATL,0.0,0.0,0.0,0.0,0.0,0.0,0.0,0.0,4.6,48.3,0.2,0.0,0.0,0.0,0.0,0.0,0.0,0.0,0.0,6.2,2026-08-03 11:29:42
757,14,Mark Andrews,BAL,0.0,0.0,0.0,0.0,0.0,0.0,0.0,0.0,3.2,34.9,0.4,0.0,0.0,0.0,0.0,0.0,0.0,0.0,0.0,6.1,2026-08-03 11:29:42
758,14,Brenton Strange,JAC,0.0,0.0,0.0,0.0,0.0,0.0,0.0,0.0,3.9,46.9,0.2,0.0,0.0,0.0,0.0,0.0,0.0,0.0,0.0,6.0,2026-08-03 11:29:42
759,14,Harold Fannin Jr.,CLE,0.0,0.0,0.0,0.0,0.0,0.0,0.0,0.0,4.3,43.6,0.3,0.1,0.0,0.0,0.0,0.0,0.0,0.0,0.0,5.9,2026-08-03 11:29:42
760,14,Jake Bates,DET,0.0,0.0,0.0,0.0,0.0,0.0,0.0,0.0,0.0,0.0,0.0,0.0,0.0,0.0,0.0,0.0,0.0,0.0,0.0,8.4,2026-08-03 11:29:42
761,14,Brandon Aubrey,DAL,0.0,0.0,0.0,0.0,0.0,0.0,0.0,0.0,0.0,0.0,0.0,0.0,0.0,0.0,0.0,0.0,0.0,0.0,0.0,8.4,2026-08-03 11:29:42
762,14,Jason Myers,SEA,0.0,0.0,0.0,0.0,0.0,0.0,0.0,0.0,0.0,0.0,0.0,0.0,0.0,0.0,0.0,0.0,0.0,0.0,0.0,8.2,2026-08-03 11:29:42
763,14,Chase McLaughlin,TB,0.0,0.0,0.0,0.0,0.0,0.0,0.0,0.0,0.0,0.0,0.0,0.0,0.0,0.0,0.0,0.0,0.0,0.0,0.0,8.2,2026-08-03 11:29:42
764,14,Wil Lutz,DEN,0.0,0.0,0.0,0.0,0.0,0.0,0.0,0.0,0.0,0.0,0.0,0.0,0.0,0.0,0.0,0.0,0.0,0.0,0.0,8.0,2026-08-03 11:29:42
765,14,Harrison Mevis,LAR,0.0,0.0,0.0,0.0,0.0,0.0,0.0,0.0,0.0,0.0,0.0,0.0,0.0,0.0,0.0,0.0,0.0,0.0,0.0,8.0,2026-08-03 11:29:42
766,14,Tyler Loop,BAL,0.0,0.0,0.0,0.0,0.0,0.0,0.0,0.0,0.0,0.0,0.0,0.0,0.0,0.0,0.0,0.0,0.0,0.0,0.0,7.8,2026-08-03 11:29:42
767,14,Cameron Dicker,LAC,0.0,0.0,0.0,0.0,0.0,0.0,0.0,0.0,0.0,0.0,0.0,0.0,0.0,0.0,0.0,0.0,0.0,0.0,0.0,7.7,2026-08-03 11:29:42
768,14,Evan McPherson,CIN,0.0,0.0,0.0,0.0,0.0,0.0,0.0,0.0,0.0,0.0,0.0,0.0,0.0,0.0,0.0,0.0,0.0,0.0,0.0,7.6,2026-08-03 11:29:42
769,14,Harrison Butker,KC,0.0,0.0,0.0,0.0,0.0,0.0,0.0,0.0,0.0,0.0,0.0,0.0,0.0,0.0,0.0,0.0,0.0,0.0,0.0,7.5,2026-08-03 11:29:42
770,14,Broncos D/ST,Broncos D/ST,0.0,0.0,0.0,0.0,0.0,0.0,0.0,0.0,0.0,0.0,0.0,0.0,4.2,1.0,0.5,0.2,0.0,16.3,257.9,9.2,2026-08-03 11:29:42
771,14,Commanders D/ST,Commanders D/ST,0.0,0.0,0.0,0.0,0.0,0.0,0.0,0.0,0.0,0.0,0.0,0.0,3.2,1.1,0.6,0.2,0.0,19.8,319.1,8.7,2026-08-03 11:29:42
772,14,Browns D/ST,Browns D/ST,0.0,0.0,0.0,0.0,0.0,0.0,0.0,0.0,0.0,0.0,0.0,0.0,3.8,0.7,0.7,0.2,0.0,13.8,257.4,8.5,2026-08-03 11:29:42
773,14,Rams D/ST,Rams D/ST,0.0,0.0,0.0,0.0,0.0,0.0,0.0,0.0,0.0,0.0,0.0,0.0,3.3,0.6,0.6,0.2,0.0,18.8,307.0,7.7,2026-08-03 11:29:42
774,14,Buccaneers D/ST,Buccaneers D/ST,0.0,0.0,0.0,0.0,0.0,0.0,0.0,0.0,0.0,0.0,0.0,0.0,2.7,0.8,0.6,0.2,0.0,16.9,320.8,7.5,2026-08-03 11:29:42
775,14,Titans D/ST,Titans D/ST,0.0,0.0,0.0,0.0,0.0,0.0,0.0,0.0,0.0,0.0,0.0,0.0,2.7,0.8,0.5,0.2,0.0,19.7,292.9,7.3,2026-08-03 11:29:42
776,14,Seahawks D/ST,Seahawks D/ST,0.0,0.0,0.0,0.0,0.0,0.0,0.0,0.0,0.0,0.0,0.0,0.0,2.4,0.8,0.5,0.2,0.0,18.2,306.8,7.0,2026-08-03 11:29:42
777,14,Eagles D/ST,Eagles D/ST,0.0,0.0,0.0,0.0,0.0,0.0,0.0,0.0,0.0,0.0,0.0,0.0,3.1,0.8,0.5,0.2,0.1,21.4,382.2,6.9,2026-08-03 11:29:42
778,14,Chiefs D/ST,Chiefs D/ST,0.0,0.0,0.0,0.0,0.0,0.0,0.0,0.0,0.0,0.0,0.0,0.0,2.7,0.7,0.5,0.2,0.0,18.6,331.2,6.8,2026-08-03 11:29:42
779,14,Vikings D/ST,Vikings D/ST,0.0,0.0,0.0,0.0,0.0,0.0,0.0,0.0,0.0,0.0,0.0,0.0,3.3,0.6,0.6,0.2,0.1,21.8,309.4,6.8,2026-08-03 11:29:42
780,15,Josh Allen,BUF,30.6,21.0,234.1,1.6,0.7,6.4,34.2,0.7,0.0,0.0,0.0,0.2,0.0,0.0,0.0,0.0,0.0,0.0,0.0,22.0,2026-08-03 11:29:43
781,15,Lamar Jackson,BAL,28.3,18.7,236.8,1.7,0.5,6.3,37.8,0.2,0.0,0.0,0.0,0.3,0.0,0.0,0.0,0.0,0.0,0.0,0.0,20.4,2026-08-03 11:29:43
782,15,Drake Maye,NE,31.6,21.8,256.5,1.7,0.6,5.9,29.8,0.2,0.0,0.0,0.0,0.3,0.0,0.0,0.0,0.0,0.0,0.0,0.0,20.3,2026-08-03 11:29:43
783,15,Jalen Hurts,PHI,29.1,19.7,214.1,1.5,0.4,7.7,30.6,0.6,0.0,0.0,0.0,0.3,0.0,0.0,0.0,0.0,0.0,0.0,0.0,20.1,2026-08-03 11:29:43
784,15,Jaxson Dart,NYG,29.8,19.4,226.9,1.5,0.5,5.6,30.3,0.4,0.0,0.0,0.0,0.2,0.0,0.0,0.0,0.0,0.0,0.0,0.0,19.9,2026-08-03 11:29:43
785,15,Matthew Stafford,LAR,35.7,23.3,271.7,2.3,0.6,1.2,3.6,0.0,0.0,0.0,0.0,0.2,0.0,0.0,0.0,0.0,0.0,0.0,0.0,19.9,2026-08-03 11:29:43
786,15,Brock Purdy,SF,32.0,21.8,263.8,2.0,0.8,3.0,13.1,0.2,0.0,0.0,0.0,0.2,0.0,0.0,0.0,0.0,0.0,0.0,0.0,19.5,2026-08-03 11:29:43
787,15,Patrick Mahomes,KC,33.4,21.4,233.0,1.6,0.8,5.3,30.5,0.2,0.0,0.0,0.0,0.1,0.0,0.0,0.0,0.0,0.0,0.0,0.0,19.1,2026-08-03 11:29:43
788,15,Dak Prescott,DAL,36.3,24.0,262.5,2.0,0.8,3.4,11.9,0.1,0.0,0.0,0.0,0.2,0.0,0.0,0.0,0.0,0.0,0.0,0.0,19.0,2026-08-03 11:29:43
789,15,Joe Burrow,CIN,36.4,23.7,252.1,2.0,0.6,2.4,9.2,0.1,0.0,0.0,0.0,0.2,0.0,0.0,0.0,0.0,0.0,0.0,0.0,18.6,2026-08-03 11:29:43
790,15,Christian McCaffrey,SF,0.0,0.0,0.0,0.0,0.0,18.9,74.2,0.7,5.7,55.3,0.4,0.1,0.0,0.0,0.0,0.0,0.0,0.0,0.0,19.7,2026-08-03 11:29:43
791,15,Jahmyr Gibbs,DET,0.0,0.0,0.0,0.0,0.0,14.7,77.3,0.7,4.4,35.5,0.2,0.1,0.0,0.0,0.0,0.0,0.0,0.0,0.0,16.7,2026-08-03 11:29:43
792,15,De'Von Achane,MIA,0.0,0.0,0.0,0.0,0.0,16.5,84.4,0.5,4.7,32.9,0.3,0.1,0.0,0.0,0.0,0.0,0.0,0.0,0.0,16.4,2026-08-03 11:29:43
793,15,Bijan Robinson,ATL,0.0,0.0,0.0,0.0,0.0,17.0,81.8,0.5,4.4,41.6,0.2,0.1,0.0,0.0,0.0,0.0,0.0,0.0,0.0,16.2,2026-08-03 11:29:43
794,15,Derrick Henry,BAL,0.0,0.0,0.0,0.0,0.0,17.5,90.7,0.8,1.2,12.5,0.0,0.1,0.0,0.0,0.0,0.0,0.0,0.0,0.0,15.3,2026-08-03 11:29:43
795,15,Jonathan Taylor,IND,0.0,0.0,0.0,0.0,0.0,18.8,87.1,0.6,2.5,17.7,0.1,0.1,0.0,0.0,0.0,0.0,0.0,0.0,0.0,14.8,2026-08-03 11:29:43
796,15,James Cook III,BUF,0.0,0.0,0.0,0.0,0.0,17.4,85.9,0.6,2.1,18.0,0.1,0.1,0.0,0.0,0.0,0.0,0.0,0.0,0.0,14.2,2026-08-03 11:29:43
797,15,Saquon Barkley,PHI,0.0,0.0,0.0,0.0,0.0,18.7,78.5,0.5,2.7,19.1,0.2,0.1,0.0,0.0,0.0,0.0,0.0,0.0,0.0,13.4,2026-08-03 11:29:43
798,15,Josh Jacobs,GB,0.0,0.0,0.0,0.0,0.0,17.2,66.7,0.8,2.2,16.9,0.1,0.1,0.0,0.0,0.0,0.0,0.0,0.0,0.0,13.2,2026-08-03 11:29:43
799,15,Woody Marks,HOU,0.0,0.0,0.0,0.0,0.0,17.5,73.1,0.5,2.0,16.7,0.2,0.1,0.0,0.0,0.0,0.0,0.0,0.0,0.0,12.9,2026-08-03 11:29:43
800,15,Jaxon Smith-Njigba,SEA,0.0,0.0,0.0,0.0,0.0,0.4,1.9,0.0,6.8,104.6,0.7,0.1,0.0,0.0,0.0,0.0,0.0,0.0,0.0,14.5,2026-08-03 11:29:43
801,15,Puka Nacua,LAR,0.0,0.0,0.0,0.0,0.0,0.4,2.9,0.0,7.4,100.1,0.6,0.1,0.0,0.0,0.0,0.0,0.0,0.0,0.0,13.8,2026-08-03 11:29:43
802,15,Ja'Marr Chase,CIN,0.0,0.0,0.0,0.0,0.0,0.1,0.8,0.0,7.2,88.8,0.6,0.0,0.0,0.0,0.0,0.0,0.0,0.0,0.0,12.8,2026-08-03 11:29:43
803,15,Amon-Ra St. Brown,DET,0.0,0.0,0.0,0.0,0.0,0.1,0.5,0.0,6.9,82.0,0.6,0.0,0.0,0.0,0.0,0.0,0.0,0.0,0.0,11.7,2026-08-03 11:29:43
804,15,Davante Adams,LAR,0.0,0.0,0.0,0.0,0.0,0.0,0.0,0.0,4.6,66.9,0.8,0.0,0.0,0.0,0.0,0.0,0.0,0.0,0.0,11.5,2026-08-03 11:29:43
805,15,CeeDee Lamb,DAL,0.0,0.0,0.0,0.0,0.0,0.1,1.0,0.0,6.2,85.0,0.5,0.0,0.0,0.0,0.0,0.0,0.0,0.0,0.0,11.4,2026-08-03 11:29:43
806,15,George Pickens,DAL,0.0,0.0,0.0,0.0,0.0,0.0,0.1,0.0,5.3,79.4,0.6,0.0,0.0,0.0,0.0,0.0,0.0,0.0,0.0,11.2,2026-08-03 11:29:43
807,15,Nico Collins,HOU,0.0,0.0,0.0,0.0,0.0,0.2,1.1,0.0,5.4,77.3,0.5,0.1,0.0,0.0,0.0,0.0,0.0,0.0,0.0,10.9,2026-08-03 11:29:43
808,15,Rashee Rice,KC,0.0,0.0,0.0,0.0,0.0,0.8,3.0,0.0,5.8,70.6,0.6,0.0,0.0,0.0,0.0,0.0,0.0,0.0,0.0,10.9,2026-08-03 11:29:43
809,15,A.J. Brown,NE,0.0,0.0,0.0,0.0,0.0,0.0,0.0,0.0,5.4,70.6,0.5,0.0,0.0,0.0,0.0,0.0,0.0,0.0,0.0,10.1,2026-08-03 11:29:43
810,15,George Kittle,SF,0.0,0.0,0.0,0.0,0.0,0.0,0.0,0.0,4.8,63.2,0.5,0.0,0.0,0.0,0.0,0.0,0.0,0.0,0.0,9.4,2026-08-03 11:29:43
811,15,Trey McBride,ARI,0.0,0.0,0.0,0.0,0.0,0.0,0.0,0.0,6.7,67.5,0.4,0.0,0.0,0.0,0.0,0.0,0.0,0.0,0.0,9.2,2026-08-03 11:29:43
812,15,Brock Bowers,LV,0.0,0.0,0.0,0.0,0.0,0.0,0.0,0.0,5.1,57.1,0.4,0.0,0.0,0.0,0.0,0.0,0.0,0.0,0.0,7.9,2026-08-03 11:29:43
813,15,Kyle Pitts Sr.,ATL,0.0,0.0,0.0,0.0,0.0,0.0,0.0,0.0,5.0,58.4,0.2,0.0,0.0,0.0,0.0,0.0,0.0,0.0,0.0,7.3,2026-08-03 11:29:43
814,15,Mark Andrews,BAL,0.0,0.0,0.0,0.0,0.0,0.0,0.0,0.0,3.7,41.4,0.5,0.0,0.0,0.0,0.0,0.0,0.0,0.0,0.0,7.3,2026-08-03 11:29:43
815,15,Harold Fannin Jr.,CLE,0.0,0.0,0.0,0.0,0.0,0.0,0.0,0.0,5.2,54.0,0.3,0.1,0.0,0.0,0.0,0.0,0.0,0.0,0.0,7.0,2026-08-03 11:29:43
816,15,Travis Kelce,KC,0.0,0.0,0.0,0.0,0.0,0.0,0.0,0.0,4.5,48.1,0.3,0.0,0.0,0.0,0.0,0.0,0.0,0.0,0.0,6.6,2026-08-03 11:29:43
817,15,Hunter Henry,NE,0.0,0.0,0.0,0.0,0.0,0.0,0.0,0.0,3.5,43.8,0.4,0.0,0.0,0.0,0.0,0.0,0.0,0.0,0.0,6.5,2026-08-03 11:29:43
818,15,Dalton Kincaid,BUF,0.0,0.0,0.0,0.0,0.0,0.0,0.0,0.0,3.9,43.6,0.3,0.0,0.0,0.0,0.0,0.0,0.0,0.0,0.0,6.2,2026-08-03 11:29:43
819,15,Theo Johnson,NYG,0.0,0.0,0.0,0.0,0.0,0.0,0.0,0.0,3.5,40.3,0.4,0.0,0.0,0.0,0.0,0.0,0.0,0.0,0.0,6.1,2026-08-03 11:29:43
820,15,Brandon Aubrey,DAL,0.0,0.0,0.0,0.0,0.0,0.0,0.0,0.0,0.0,0.0,0.0,0.0,0.0,0.0,0.0,0.0,0.0,0.0,0.0,9.1,2026-08-03 11:29:43
821,15,Eddy Pineiro,SF,0.0,0.0,0.0,0.0,0.0,0.0,0.0,0.0,0.0,0.0,0.0,0.0,0.0,0.0,0.0,0.0,0.0,0.0,0.0,8.7,2026-08-03 11:29:43
822,15,Cam Little,JAC,0.0,0.0,0.0,0.0,0.0,0.0,0.0,0.0,0.0,0.0,0.0,0.0,0.0,0.0,0.0,0.0,0.0,0.0,0.0,8.5,2026-08-03 11:29:43
823,15,Ka'imi Fairbairn,HOU,0.0,0.0,0.0,0.0,0.0,0.0,0.0,0.0,0.0,0.0,0.0,0.0,0.0,0.0,0.0,0.0,0.0,0.0,0.0,8.4,2026-08-03 11:29:43
824,15,Jason Myers,SEA,0.0,0.0,0.0,0.0,0.0,0.0,0.0,0.0,0.0,0.0,0.0,0.0,0.0,0.0,0.0,0.0,0.0,0.0,0.0,8.4,2026-08-03 11:29:43
825,15,Chase McLaughlin,TB,0.0,0.0,0.0,0.0,0.0,0.0,0.0,0.0,0.0,0.0,0.0,0.0,0.0,0.0,0.0,0.0,0.0,0.0,0.0,8.0,2026-08-03 11:29:43
826,15,Harrison Mevis,LAR,0.0,0.0,0.0,0.0,0.0,0.0,0.0,0.0,0.0,0.0,0.0,0.0,0.0,0.0,0.0,0.0,0.0,0.0,0.0,7.8,2026-08-03 11:29:43
827,15,Harrison Butker,KC,0.0,0.0,0.0,0.0,0.0,0.0,0.0,0.0,0.0,0.0,0.0,0.0,0.0,0.0,0.0,0.0,0.0,0.0,0.0,7.8,2026-08-03 11:29:43
828,15,Chris Boswell,PIT,0.0,0.0,0.0,0.0,0.0,0.0,0.0,0.0,0.0,0.0,0.0,0.0,0.0,0.0,0.0,0.0,0.0,0.0,0.0,7.8,2026-08-03 11:29:43
829,15,Tyler Loop,BAL,0.0,0.0,0.0,0.0,0.0,0.0,0.0,0.0,0.0,0.0,0.0,0.0,0.0,0.0,0.0,0.0,0.0,0.0,0.0,7.8,2026-08-03 11:29:43
830,15,Cowboys D/ST,Cowboys D/ST,0.0,0.0,0.0,0.0,0.0,0.0,0.0,0.0,0.0,0.0,0.0,0.0,3.6,1.1,0.6,0.2,0.0,20.4,316.7,8.2,2026-08-03 11:29:43
831,15,Texans D/ST,Texans D/ST,0.0,0.0,0.0,0.0,0.0,0.0,0.0,0.0,0.0,0.0,0.0,0.0,3.5,0.7,0.6,0.2,0.0,17.8,297.7,8.2,2026-08-03 11:29:43
832,15,Jaguars D/ST,Jaguars D/ST,0.0,0.0,0.0,0.0,0.0,0.0,0.0,0.0,0.0,0.0,0.0,0.0,2.9,0.9,0.6,0.2,0.0,14.0,265.3,8.0,2026-08-03 11:29:43
833,15,Eagles D/ST,Eagles D/ST,0.0,0.0,0.0,0.0,0.0,0.0,0.0,0.0,0.0,0.0,0.0,0.0,2.8,0.9,0.5,0.2,0.0,15.2,273.2,7.9,2026-08-03 11:29:43
834,15,Chicago Bears,Chicago Bears,0.0,0.0,0.0,0.0,0.0,0.0,0.0,0.0,0.0,0.0,0.0,0.0,2.6,0.9,0.6,0.2,0.0,16.6,297.2,7.6,2026-08-03 11:29:43
835,15,Chiefs D/ST,Chiefs D/ST,0.0,0.0,0.0,0.0,0.0,0.0,0.0,0.0,0.0,0.0,0.0,0.0,3.2,0.7,0.5,0.2,0.0,19.3,314.1,7.5,2026-08-03 11:29:43
836,15,49ers D/ST,49ers D/ST,0.0,0.0,0.0,0.0,0.0,0.0,0.0,0.0,0.0,0.0,0.0,0.0,2.7,0.7,0.6,0.2,0.0,16.7,281.4,7.4,2026-08-03 11:29:43
837,15,Seahawks D/ST,Seahawks D/ST,0.0,0.0,0.0,0.0,0.0,0.0,0.0,0.0,0.0,0.0,0.0,0.0,2.3,0.9,0.5,0.2,0.0,14.8,275.8,7.4,2026-08-03 11:29:43
838,15,Buccaneers D/ST,Buccaneers D/ST,0.0,0.0,0.0,0.0,0.0,0.0,0.0,0.0,0.0,0.0,0.0,0.0,2.2,0.7,0.6,0.2,0.1,19.5,343.7,7.1,2026-08-03 11:29:43
839,15,Bills D/ST,Bills D/ST,0.0,0.0,0.0,0.0,0.0,0.0,0.0,0.0,0.0,0.0,0.0,0.0,3.1,0.6,0.7,0.2,0.0,24.8,363.7,6.7,2026-08-03 11:29:43
840,16,Josh Allen,BUF,28.9,19.3,219.0,1.7,0.7,7.2,36.8,0.7,0.0,0.0,0.0,0.2,0.0,0.0,0.0,0.0,0.0,0.0,0.0,22.0,2026-08-03 11:29:43
841,16,Jalen Hurts,PHI,29.5,19.7,234.1,1.7,0.4,7.5,32.8,0.6,0.0,0.0,0.0,0.3,0.0,0.0,0.0,0.0,0.0,0.0,0.0,21.7,2026-08-03 11:29:43
842,16,Justin Herbert,LAC,32.3,21.5,248.1,1.8,0.7,4.6,24.9,0.1,0.0,0.0,0.0,0.2,0.0,0.0,0.0,0.0,0.0,0.0,0.0,19.3,2026-08-03 11:29:43
843,16,Brock Purdy,SF,33.2,22.6,262.2,1.8,0.8,3.4,15.0,0.2,0.0,0.0,0.0,0.2,0.0,0.0,0.0,0.0,0.0,0.0,0.0,19.1,2026-08-03 11:29:43
844,16,Drake Maye,NE,30.8,21.3,249.1,1.5,0.6,5.7,27.4,0.2,0.0,0.0,0.0,0.2,0.0,0.0,0.0,0.0,0.0,0.0,0.0,19.0,2026-08-03 11:29:43
845,16,Lamar Jackson,BAL,27.8,18.4,216.1,1.7,0.5,5.9,32.9,0.2,0.0,0.0,0.0,0.3,0.0,0.0,0.0,0.0,0.0,0.0,0.0,18.7,2026-08-03 11:29:43
846,16,Jared Goff,DET,33.6,23.3,268.4,2.0,0.5,1.7,4.5,0.0,0.0,0.0,0.0,0.2,0.0,0.0,0.0,0.0,0.0,0.0,0.0,18.5,2026-08-03 11:29:43
847,16,Dak Prescott,DAL,36.5,24.0,261.7,1.9,0.9,2.7,10.9,0.1,0.0,0.0,0.0,0.2,0.0,0.0,0.0,0.0,0.0,0.0,0.0,18.4,2026-08-03 11:29:43
848,16,Joe Burrow,CIN,35.6,24.5,253.3,2.0,0.7,2.2,8.7,0.1,0.0,0.0,0.0,0.2,0.0,0.0,0.0,0.0,0.0,0.0,0.0,18.4,2026-08-03 11:29:43
849,16,Jacoby Brissett,ARI,35.9,23.5,248.9,1.8,0.7,3.6,15.3,0.1,0.0,0.0,0.0,0.3,0.0,0.0,0.0,0.0,0.0,0.0,0.0,18.2,2026-08-03 11:29:43
850,16,Jonathan Taylor,IND,0.0,0.0,0.0,0.0,0.0,21.0,105.7,0.9,2.8,18.7,0.1,0.1,0.0,0.0,0.0,0.0,0.0,0.0,0.0,18.2,2026-08-03 11:29:44
851,16,Jahmyr Gibbs,DET,0.0,0.0,0.0,0.0,0.0,15.1,80.4,0.8,4.6,37.0,0.3,0.1,0.0,0.0,0.0,0.0,0.0,0.0,0.0,17.9,2026-08-03 11:29:44
852,16,Bijan Robinson,ATL,0.0,0.0,0.0,0.0,0.0,17.6,92.8,0.6,4.4,41.7,0.2,0.1,0.0,0.0,0.0,0.0,0.0,0.0,0.0,17.8,2026-08-03 11:29:44
853,16,De'Von Achane,MIA,0.0,0.0,0.0,0.0,0.0,16.8,90.9,0.6,4.5,34.4,0.3,0.1,0.0,0.0,0.0,0.0,0.0,0.0,0.0,17.8,2026-08-03 11:29:44
854,16,Christian McCaffrey,SF,0.0,0.0,0.0,0.0,0.0,17.3,64.8,0.7,5.0,47.4,0.3,0.1,0.0,0.0,0.0,0.0,0.0,0.0,0.0,17.1,2026-08-03 11:29:44
855,16,James Cook III,BUF,0.0,0.0,0.0,0.0,0.0,18.4,90.7,0.7,2.2,18.4,0.1,0.1,0.0,0.0,0.0,0.0,0.0,0.0,0.0,15.3,2026-08-03 11:29:44
856,16,Josh Jacobs,GB,0.0,0.0,0.0,0.0,0.0,17.3,76.0,0.8,2.3,18.8,0.1,0.1,0.0,0.0,0.0,0.0,0.0,0.0,0.0,14.9,2026-08-03 11:29:44
857,16,Saquon Barkley,PHI,0.0,0.0,0.0,0.0,0.0,18.6,85.9,0.5,2.8,21.8,0.2,0.1,0.0,0.0,0.0,0.0,0.0,0.0,0.0,14.9,2026-08-03 11:29:44
858,16,Derrick Henry,BAL,0.0,0.0,0.0,0.0,0.0,16.1,78.4,0.8,1.3,12.8,0.1,0.1,0.0,0.0,0.0,0.0,0.0,0.0,0.0,13.7,2026-08-03 11:29:44
859,16,Bucky Irving,TB,0.0,0.0,0.0,0.0,0.0,15.0,67.1,0.4,2.9,23.1,0.2,0.1,0.0,0.0,0.0,0.0,0.0,0.0,0.0,12.1,2026-08-03 11:29:44
860,16,Amon-Ra St. Brown,DET,0.0,0.0,0.0,0.0,0.0,0.2,0.9,0.0,7.6,91.6,0.7,0.0,0.0,0.0,0.0,0.0,0.0,0.0,0.0,13.5,2026-08-03 11:29:44
861,16,Jaxon Smith-Njigba,SEA,0.0,0.0,0.0,0.0,0.0,0.5,2.0,0.0,6.8,98.5,0.5,0.1,0.0,0.0,0.0,0.0,0.0,0.0,0.0,13.1,2026-08-03 11:29:44
862,16,Puka Nacua,LAR,0.0,0.0,0.0,0.0,0.0,0.6,3.4,0.0,7.6,96.0,0.5,0.0,0.0,0.0,0.0,0.0,0.0,0.0,0.0,13.0,2026-08-03 11:29:44
863,16,Ja'Marr Chase,CIN,0.0,0.0,0.0,0.0,0.0,0.1,0.8,0.0,7.5,87.1,0.6,0.0,0.0,0.0,0.0,0.0,0.0,0.0,0.0,12.5,2026-08-03 11:29:44
864,16,CeeDee Lamb,DAL,0.0,0.0,0.0,0.0,0.0,0.3,1.6,0.0,5.9,84.5,0.5,0.0,0.0,0.0,0.0,0.0,0.0,0.0,0.0,11.5,2026-08-03 11:29:44
865,16,Nico Collins,HOU,0.0,0.0,0.0,0.0,0.0,0.3,1.4,0.0,5.4,76.2,0.6,0.0,0.0,0.0,0.0,0.0,0.0,0.0,0.0,11.1,2026-08-03 11:29:44
866,16,Jameson Williams,DET,0.0,0.0,0.0,0.0,0.0,0.4,2.0,0.0,4.8,75.1,0.5,0.0,0.0,0.0,0.0,0.0,0.0,0.0,0.0,10.7,2026-08-03 11:29:44
867,16,A.J. Brown,NE,0.0,0.0,0.0,0.0,0.0,0.0,0.0,0.0,5.4,74.1,0.5,0.0,0.0,0.0,0.0,0.0,0.0,0.0,0.0,10.6,2026-08-03 11:29:44
868,16,George Pickens,DAL,0.0,0.0,0.0,0.0,0.0,0.3,1.0,0.0,4.9,72.6,0.5,0.0,0.0,0.0,0.0,0.0,0.0,0.0,0.0,10.1,2026-08-03 11:29:44
869,16,Drake London,ATL,0.0,0.0,0.0,0.0,0.0,0.0,0.1,0.0,5.4,71.1,0.5,0.0,0.0,0.0,0.0,0.0,0.0,0.0,0.0,10.0,2026-08-03 11:29:44
870,16,Trey McBride,ARI,0.0,0.0,0.0,0.0,0.0,0.0,0.0,0.0,6.7,71.2,0.6,0.0,0.0,0.0,0.0,0.0,0.0,0.0,0.0,10.4,2026-08-03 11:29:44
871,16,George Kittle,SF,0.0,0.0,0.0,0.0,0.0,0.0,0.0,0.0,5.4,68.3,0.5,0.0,0.0,0.0,0.0,0.0,0.0,0.0,0.0,9.8,2026-08-03 11:29:44
872,16,Brock Bowers,LV,0.0,0.0,0.0,0.0,0.0,0.0,0.0,0.0,5.4,57.5,0.3,0.0,0.0,0.0,0.0,0.0,0.0,0.0,0.0,7.9,2026-08-03 11:29:44
873,16,Kyle Pitts Sr.,ATL,0.0,0.0,0.0,0.0,0.0,0.0,0.0,0.0,4.9,55.8,0.4,0.0,0.0,0.0,0.0,0.0,0.0,0.0,0.0,7.7,2026-08-03 11:29:44
874,16,Harold Fannin Jr.,CLE,0.0,0.0,0.0,0.0,0.0,0.0,0.0,0.0,5.2,55.9,0.3,0.0,0.0,0.0,0.0,0.0,0.0,0.0,0.0,7.4,2026-08-03 11:29:44
875,16,Travis Kelce,KC,0.0,0.0,0.0,0.0,0.0,0.0,0.0,0.0,4.9,54.9,0.3,0.0,0.0,0.0,0.0,0.0,0.0,0.0,0.0,7.3,2026-08-03 11:29:44
876,16,Dallas Goedert,PHI,0.0,0.0,0.0,0.0,0.0,0.0,0.0,0.0,4.4,46.9,0.4,0.0,0.0,0.0,0.0,0.0,0.0,0.0,0.0,6.9,2026-08-03 11:29:44
877,16,Juwan Johnson,NO,0.0,0.0,0.0,0.0,0.0,0.0,0.0,0.0,4.5,46.9,0.3,0.0,0.0,0.0,0.0,0.0,0.0,0.0,0.0,6.5,2026-08-03 11:29:44
878,16,Hunter Henry,NE,0.0,0.0,0.0,0.0,0.0,0.0,0.0,0.0,3.8,45.4,0.3,0.0,0.0,0.0,0.0,0.0,0.0,0.0,0.0,6.5,2026-08-03 11:29:44
879,16,Tyler Warren,IND,0.0,0.0,0.0,0.0,0.0,0.0,0.0,0.0,4.3,43.6,0.3,0.0,0.0,0.0,0.0,0.0,0.0,0.0,0.0,6.5,2026-08-03 11:29:44
880,16,Jake Bates,DET,0.0,0.0,0.0,0.0,0.0,0.0,0.0,0.0,0.0,0.0,0.0,0.0,0.0,0.0,0.0,0.0,0.0,0.0,0.0,8.7,2026-08-03 11:29:44
881,16,Ka'imi Fairbairn,HOU,0.0,0.0,0.0,0.0,0.0,0.0,0.0,0.0,0.0,0.0,0.0,0.0,0.0,0.0,0.0,0.0,0.0,0.0,0.0,8.5,2026-08-03 11:29:44
882,16,Brandon Aubrey,DAL,0.0,0.0,0.0,0.0,0.0,0.0,0.0,0.0,0.0,0.0,0.0,0.0,0.0,0.0,0.0,0.0,0.0,0.0,0.0,8.4,2026-08-03 11:29:44
883,16,Eddy Pineiro,SF,0.0,0.0,0.0,0.0,0.0,0.0,0.0,0.0,0.0,0.0,0.0,0.0,0.0,0.0,0.0,0.0,0.0,0.0,0.0,8.3,2026-08-03 11:29:44
884,16,Cameron Dicker,LAC,0.0,0.0,0.0,0.0,0.0,0.0,0.0,0.0,0.0,0.0,0.0,0.0,0.0,0.0,0.0,0.0,0.0,0.0,0.0,8.0,2026-08-03 11:29:44
885,16,Evan McPherson,CIN,0.0,0.0,0.0,0.0,0.0,0.0,0.0,0.0,0.0,0.0,0.0,0.0,0.0,0.0,0.0,0.0,0.0,0.0,0.0,8.0,2026-08-03 11:29:44
886,16,Zane Gonzalez,MIA,0.0,0.0,0.0,0.0,0.0,0.0,0.0,0.0,0.0,0.0,0.0,0.0,0.0,0.0,0.0,0.0,0.0,0.0,0.0,7.9,2026-08-03 11:29:44
887,16,Chris Boswell,PIT,0.0,0.0,0.0,0.0,0.0,0.0,0.0,0.0,0.0,0.0,0.0,0.0,0.0,0.0,0.0,0.0,0.0,0.0,0.0,7.9,2026-08-03 11:29:44
888,16,Wil Lutz,DEN,0.0,0.0,0.0,0.0,0.0,0.0,0.0,0.0,0.0,0.0,0.0,0.0,0.0,0.0,0.0,0.0,0.0,0.0,0.0,7.9,2026-08-03 11:29:44
889,16,Chase McLaughlin,TB,0.0,0.0,0.0,0.0,0.0,0.0,0.0,0.0,0.0,0.0,0.0,0.0,0.0,0.0,0.0,0.0,0.0,0.0,0.0,7.9,2026-08-03 11:29:44
890,16,Texans D/ST,Texans D/ST,0.0,0.0,0.0,0.0,0.0,0.0,0.0,0.0,0.0,0.0,0.0,0.0,4.1,1.0,0.5,0.2,0.0,12.5,258.6,12.4,2026-08-03 11:29:44
891,16,Bills D/ST,Bills D/ST,0.0,0.0,0.0,0.0,0.0,0.0,0.0,0.0,0.0,0.0,0.0,0.0,2.9,0.9,0.6,0.2,0.0,15.8,291.7,8.0,2026-08-03 11:29:44
892,16,Eagles D/ST,Eagles D/ST,0.0,0.0,0.0,0.0,0.0,0.0,0.0,0.0,0.0,0.0,0.0,0.0,2.7,0.9,0.7,0.2,0.0,18.8,321.6,7.9,2026-08-03 11:29:44
893,16,Saints D/ST,Saints D/ST,0.0,0.0,0.0,0.0,0.0,0.0,0.0,0.0,0.0,0.0,0.0,0.0,3.0,0.9,0.6,0.2,0.0,17.6,284.1,7.9,2026-08-03 11:29:44
894,16,Giants D/ST,Giants D/ST,0.0,0.0,0.0,0.0,0.0,0.0,0.0,0.0,0.0,0.0,0.0,0.0,3.2,1.1,0.6,0.2,0.0,22.0,323.5,7.7,2026-08-03 11:29:44
895,16,Chiefs D/ST,Chiefs D/ST,0.0,0.0,0.0,0.0,0.0,0.0,0.0,0.0,0.0,0.0,0.0,0.0,3.1,0.6,0.6,0.2,0.0,16.6,268.7,7.7,2026-08-03 11:29:44
896,16,Broncos D/ST,Broncos D/ST,0.0,0.0,0.0,0.0,0.0,0.0,0.0,0.0,0.0,0.0,0.0,0.0,3.2,0.8,0.5,0.2,0.0,21.2,301.1,6.9,2026-08-03 11:29:44
897,16,Falcons D/ST,Falcons D/ST,0.0,0.0,0.0,0.0,0.0,0.0,0.0,0.0,0.0,0.0,0.0,0.0,3.5,0.7,0.6,0.1,0.0,22.9,325.6,6.8,2026-08-03 11:29:44
898,16,Cowboys D/ST,Cowboys D/ST,0.0,0.0,0.0,0.0,0.0,0.0,0.0,0.0,0.0,0.0,0.0,0.0,3.4,0.7,0.5,0.2,0.0,24.7,346.3,6.6,2026-08-03 11:29:44
899,16,Vikings D/ST,Vikings D/ST,0.0,0.0,0.0,0.0,0.0,0.0,0.0,0.0,0.0,0.0,0.0,0.0,3.1,0.7,0.6,0.1,0.0,21.5,306.0,6.4,2026-08-03 11:29:44
900,17,Drake Maye,NE,31.3,21.9,262.6,1.8,0.6,6.4,29.5,0.3,0.0,0.0,0.0,0.3,0.0,0.0,0.0,0.0,0.0,0.0,0.0,21.2,2026-08-03 11:29:44
901,17,Dak Prescott,DAL,35.0,23.9,277.5,2.2,0.8,3.3,14.1,0.2,0.0,0.0,0.0,0.2,0.0,0.0,0.0,0.0,0.0,0.0,0.0,20.9,2026-08-03 11:29:44
902,17,Josh Allen,BUF,28.4,18.8,204.8,1.5,0.6,7.0,36.1,0.6,0.0,0.0,0.0,0.2,0.0,0.0,0.0,0.0,0.0,0.0,0.0,20.4,2026-08-03 11:29:44
903,17,Brock Purdy,SF,34.6,23.5,270.5,1.9,0.9,3.5,15.4,0.2,0.0,0.0,0.0,0.2,0.0,0.0,0.0,0.0,0.0,0.0,0.0,19.9,2026-08-03 11:29:44
904,17,Trevor Lawrence,JAC,33.0,20.4,239.8,1.7,0.8,5.2,23.0,0.4,0.0,0.0,0.0,0.3,0.0,0.0,0.0,0.0,0.0,0.0,0.0,19.6,2026-08-03 11:29:44
905,17,Joe Burrow,CIN,35.4,24.2,263.4,2.3,0.7,1.4,6.7,0.0,0.0,0.0,0.0,0.2,0.0,0.0,0.0,0.0,0.0,0.0,0.0,19.5,2026-08-03 11:29:44
906,17,Matthew Stafford,LAR,35.0,22.9,270.0,2.2,0.5,1.2,4.1,0.0,0.0,0.0,0.0,0.2,0.0,0.0,0.0,0.0,0.0,0.0,0.0,19.3,2026-08-03 11:29:44
907,17,Jalen Hurts,PHI,29.8,19.7,201.8,1.3,0.5,7.3,33.8,0.5,0.0,0.0,0.0,0.2,0.0,0.0,0.0,0.0,0.0,0.0,0.0,19.0,2026-08-03 11:29:44
908,17,Jacoby Brissett,ARI,37.0,24.2,269.7,1.8,0.7,3.2,14.4,0.1,0.0,0.0,0.0,0.3,0.0,0.0,0.0,0.0,0.0,0.0,0.0,18.9,2026-08-03 11:29:44
909,17,Caleb Williams,CHI,33.3,20.2,224.0,1.6,0.5,4.5,23.8,0.2,0.0,0.0,0.0,0.2,0.0,0.0,0.0,0.0,0.0,0.0,0.0,17.9,2026-08-03 11:29:44
910,17,Christian McCaffrey,SF,0.0,0.0,0.0,0.0,0.0,17.6,73.9,0.7,5.4,51.4,0.4,0.1,0.0,0.0,0.0,0.0,0.0,0.0,0.0,18.8,2026-08-03 11:29:45
911,17,Jahmyr Gibbs,DET,0.0,0.0,0.0,0.0,0.0,15.1,77.7,0.7,4.2,34.6,0.2,0.1,0.0,0.0,0.0,0.0,0.0,0.0,0.0,16.7,2026-08-03 11:29:45
912,17,Jonathan Taylor,IND,0.0,0.0,0.0,0.0,0.0,19.4,91.2,0.8,2.7,19.7,0.1,0.1,0.0,0.0,0.0,0.0,0.0,0.0,0.0,16.6,2026-08-03 11:29:45
913,17,De'Von Achane,MIA,0.0,0.0,0.0,0.0,0.0,16.7,85.9,0.6,4.3,31.6,0.2,0.1,0.0,0.0,0.0,0.0,0.0,0.0,0.0,16.5,2026-08-03 11:29:45
914,17,Bijan Robinson,ATL,0.0,0.0,0.0,0.0,0.0,16.1,79.5,0.5,4.8,43.5,0.2,0.1,0.0,0.0,0.0,0.0,0.0,0.0,0.0,16.3,2026-08-03 11:29:45
915,17,James Cook III,BUF,0.0,0.0,0.0,0.0,0.0,18.6,93.0,0.7,2.5,20.5,0.1,0.1,0.0,0.0,0.0,0.0,0.0,0.0,0.0,16.2,2026-08-03 11:29:45
916,17,Saquon Barkley,PHI,0.0,0.0,0.0,0.0,0.0,18.8,86.6,0.5,2.4,17.9,0.1,0.1,0.0,0.0,0.0,0.0,0.0,0.0,0.0,14.3,2026-08-03 11:29:45
917,17,Ashton Jeanty,LV,0.0,0.0,0.0,0.0,0.0,17.6,77.0,0.4,3.9,28.7,0.2,0.1,0.0,0.0,0.0,0.0,0.0,0.0,0.0,13.9,2026-08-03 11:29:45
918,17,Derrick Henry,BAL,0.0,0.0,0.0,0.0,0.0,16.6,79.4,0.7,1.1,8.6,0.0,0.1,0.0,0.0,0.0,0.0,0.0,0.0,0.0,13.2,2026-08-03 11:29:45
919,17,Travis Etienne Jr.,NO,0.0,0.0,0.0,0.0,0.0,16.9,65.2,0.6,2.7,21.4,0.2,0.1,0.0,0.0,0.0,0.0,0.0,0.0,0.0,12.9,2026-08-03 11:29:45
920,17,Puka Nacua,LAR,0.0,0.0,0.0,0.0,0.0,0.4,2.6,0.0,7.9,111.5,0.7,0.1,0.0,0.0,0.0,0.0,0.0,0.0,0.0,15.5,2026-08-03 11:29:45
921,17,Jaxon Smith-Njigba,SEA,0.0,0.0,0.0,0.0,0.0,0.5,2.1,0.0,6.9,100.2,0.6,0.1,0.0,0.0,0.0,0.0,0.0,0.0,0.0,13.7,2026-08-03 11:29:45
922,17,Ja'Marr Chase,CIN,0.0,0.0,0.0,0.0,0.0,0.3,1.4,0.0,7.6,90.0,0.7,0.0,0.0,0.0,0.0,0.0,0.0,0.0,0.0,13.5,2026-08-03 11:29:45
923,17,Amon-Ra St. Brown,DET,0.0,0.0,0.0,0.0,0.0,0.2,0.8,0.0,6.9,84.4,0.6,0.0,0.0,0.0,0.0,0.0,0.0,0.0,0.0,12.3,2026-08-03 11:29:45
924,17,CeeDee Lamb,DAL,0.0,0.0,0.0,0.0,0.0,0.0,0.7,0.0,5.9,85.7,0.5,0.0,0.0,0.0,0.0,0.0,0.0,0.0,0.0,11.9,2026-08-03 11:29:45
925,17,George Pickens,DAL,0.0,0.0,0.0,0.0,0.0,0.0,0.2,0.0,5.2,80.3,0.6,0.0,0.0,0.0,0.0,0.0,0.0,0.0,0.0,11.3,2026-08-03 11:29:45
926,17,Nico Collins,HOU,0.0,0.0,0.0,0.0,0.0,0.2,1.0,0.0,5.2,73.0,0.5,0.0,0.0,0.0,0.0,0.0,0.0,0.0,0.0,10.1,2026-08-03 11:29:45
927,17,Chris Olave,NO,0.0,0.0,0.0,0.0,0.0,0.1,0.4,0.0,6.6,76.6,0.4,0.0,0.0,0.0,0.0,0.0,0.0,0.0,0.0,10.1,2026-08-03 11:29:45
928,17,Drake London,ATL,0.0,0.0,0.0,0.0,0.0,0.0,0.1,0.0,5.7,72.6,0.5,0.0,0.0,0.0,0.0,0.0,0.0,0.0,0.0,10.0,2026-08-03 11:29:45
929,17,Mike Evans,SF,0.0,0.0,0.0,0.0,0.0,0.0,0.0,0.0,4.9,64.2,0.6,0.0,0.0,0.0,0.0,0.0,0.0,0.0,0.0,9.7,2026-08-03 11:29:45
930,17,Trey McBride,ARI,0.0,0.0,0.0,0.0,0.0,0.0,0.0,0.0,7.3,78.2,0.6,0.0,0.0,0.0,0.0,0.0,0.0,0.0,0.0,11.3,2026-08-03 11:29:45
931,17,Hunter Henry,NE,0.0,0.0,0.0,0.0,0.0,0.0,0.0,0.0,3.9,49.5,0.4,0.0,0.0,0.0,0.0,0.0,0.0,0.0,0.0,7.5,2026-08-03 11:29:45
932,17,Harold Fannin Jr.,CLE,0.0,0.0,0.0,0.0,0.0,0.0,0.0,0.0,5.2,52.9,0.3,0.0,0.0,0.0,0.0,0.0,0.0,0.0,0.0,6.9,2026-08-03 11:29:45
933,17,Juwan Johnson,NO,0.0,0.0,0.0,0.0,0.0,0.0,0.0,0.0,5.0,51.3,0.3,0.0,0.0,0.0,0.0,0.0,0.0,0.0,0.0,6.8,2026-08-03 11:29:45
934,17,Kyle Pitts Sr.,ATL,0.0,0.0,0.0,0.0,0.0,0.0,0.0,0.0,4.5,49.7,0.3,0.0,0.0,0.0,0.0,0.0,0.0,0.0,0.0,6.7,2026-08-03 11:29:45
935,17,Tyler Warren,IND,0.0,0.0,0.0,0.0,0.0,0.0,0.0,0.0,4.3,46.1,0.3,0.1,0.0,0.0,0.0,0.0,0.0,0.0,0.0,6.6,2026-08-03 11:29:45
936,17,Jake Ferguson,DAL,0.0,0.0,0.0,0.0,0.0,0.0,0.0,0.0,4.5,39.3,0.4,0.0,0.0,0.0,0.0,0.0,0.0,0.0,0.0,6.1,2026-08-03 11:29:45
937,17,Dallas Goedert,PHI,0.0,0.0,0.0,0.0,0.0,0.0,0.0,0.0,4.3,41.3,0.3,0.0,0.0,0.0,0.0,0.0,0.0,0.0,0.0,6.1,2026-08-03 11:29:45
938,17,AJ Barner,SEA,0.0,0.0,0.0,0.0,0.0,0.0,0.0,0.0,3.9,36.8,0.3,0.0,0.0,0.0,0.0,0.0,0.0,0.0,0.0,6.0,2026-08-03 11:29:45
939,17,Brenton Strange,JAC,0.0,0.0,0.0,0.0,0.0,0.0,0.0,0.0,3.9,42.5,0.3,0.0,0.0,0.0,0.0,0.0,0.0,0.0,0.0,6.0,2026-08-03 11:29:45
940,17,Brandon Aubrey,DAL,0.0,0.0,0.0,0.0,0.0,0.0,0.0,0.0,0.0,0.0,0.0,0.0,0.0,0.0,0.0,0.0,0.0,0.0,0.0,9.0,2026-08-03 11:29:45
941,17,Eddy Pineiro,SF,0.0,0.0,0.0,0.0,0.0,0.0,0.0,0.0,0.0,0.0,0.0,0.0,0.0,0.0,0.0,0.0,0.0,0.0,0.0,8.5,2026-08-03 11:29:45
942,17,Evan McPherson,CIN,0.0,0.0,0.0,0.0,0.0,0.0,0.0,0.0,0.0,0.0,0.0,0.0,0.0,0.0,0.0,0.0,0.0,0.0,0.0,8.5,2026-08-03 11:29:45
943,17,Jake Bates,DET,0.0,0.0,0.0,0.0,0.0,0.0,0.0,0.0,0.0,0.0,0.0,0.0,0.0,0.0,0.0,0.0,0.0,0.0,0.0,8.3,2026-08-03 11:29:45
944,17,Andy Borregales,NE,0.0,0.0,0.0,0.0,0.0,0.0,0.0,0.0,0.0,0.0,0.0,0.0,0.0,0.0,0.0,0.0,0.0,0.0,0.0,8.3,2026-08-03 11:29:45
945,17,Cam Little,JAC,0.0,0.0,0.0,0.0,0.0,0.0,0.0,0.0,0.0,0.0,0.0,0.0,0.0,0.0,0.0,0.0,0.0,0.0,0.0,8.3,2026-08-03 11:29:45
946,17,Jason Myers,SEA,0.0,0.0,0.0,0.0,0.0,0.0,0.0,0.0,0.0,0.0,0.0,0.0,0.0,0.0,0.0,0.0,0.0,0.0,0.0,8.2,2026-08-03 11:29:45
947,17,Chase McLaughlin,TB,0.0,0.0,0.0,0.0,0.0,0.0,0.0,0.0,0.0,0.0,0.0,0.0,0.0,0.0,0.0,0.0,0.0,0.0,0.0,7.9,2026-08-03 11:29:45
948,17,Harrison Mevis,LAR,0.0,0.0,0.0,0.0,0.0,0.0,0.0,0.0,0.0,0.0,0.0,0.0,0.0,0.0,0.0,0.0,0.0,0.0,0.0,7.9,2026-08-03 11:29:45
949,17,Wil Lutz,DEN,0.0,0.0,0.0,0.0,0.0,0.0,0.0,0.0,0.0,0.0,0.0,0.0,0.0,0.0,0.0,0.0,0.0,0.0,0.0,7.7,2026-08-03 11:29:45
950,17,Broncos D/ST,Broncos D/ST,0.0,0.0,0.0,0.0,0.0,0.0,0.0,0.0,0.0,0.0,0.0,0.0,3.5,0.9,0.4,0.2,0.0,17.3,258.0,8.2,2026-08-03 11:29:45
951,17,Giants D/ST,Giants D/ST,0.0,0.0,0.0,0.0,0.0,0.0,0.0,0.0,0.0,0.0,0.0,0.0,3.4,0.8,0.5,0.2,0.0,19.0,315.1,7.9,2026-08-03 11:29:45
952,17,Lions D/ST,Lions D/ST,0.0,0.0,0.0,0.0,0.0,0.0,0.0,0.0,0.0,0.0,0.0,0.0,2.8,1.0,0.5,0.2,0.0,19.2,307.2,7.8,2026-08-03 11:29:45
953,17,Patriots D/ST,Patriots D/ST,0.0,0.0,0.0,0.0,0.0,0.0,0.0,0.0,0.0,0.0,0.0,0.0,3.0,0.9,0.5,0.2,0.0,15.3,285.9,7.8,2026-08-03 11:29:45
954,17,Steelers D/ST,Steelers D/ST,0.0,0.0,0.0,0.0,0.0,0.0,0.0,0.0,0.0,0.0,0.0,0.0,2.6,0.8,0.5,0.2,0.0,16.1,295.7,7.1,2026-08-03 11:29:45
955,17,Buccaneers D/ST,Buccaneers D/ST,0.0,0.0,0.0,0.0,0.0,0.0,0.0,0.0,0.0,0.0,0.0,0.0,2.4,0.9,0.4,0.2,0.0,20.0,331.5,7.0,2026-08-03 11:29:45
956,17,Packers D/ST,Packers D/ST,0.0,0.0,0.0,0.0,0.0,0.0,0.0,0.0,0.0,0.0,0.0,0.0,2.6,0.7,0.5,0.2,0.0,19.7,294.8,6.8,2026-08-03 11:29:45
957,17,Seahawks D/ST,Seahawks D/ST,0.0,0.0,0.0,0.0,0.0,0.0,0.0,0.0,0.0,0.0,0.0,0.0,2.2,0.8,0.4,0.2,0.0,18.5,292.3,6.7,2026-08-03 11:29:45
958,17,Texans D/ST,Texans D/ST,0.0,0.0,0.0,0.0,0.0,0.0,0.0,0.0,0.0,0.0,0.0,0.0,3.2,0.7,0.5,0.2,0.0,20.8,318.2,6.3,2026-08-03 11:29:45
959,17,Ravens D/ST,Ravens D/ST,0.0,0.0,0.0,0.0,0.0,0.0,0.0,0.0,0.0,0.0,0.0,0.0,3.1,0.7,0.5,0.1,0.0,21.5,311.8,6.2,2026-08-03 11:29:45
